# Blender 5.0.1
# www.blender.org
mtllib P5-1.mtl
o Mandibula_inferior
v -0.316328 0.279068 0.611541
v -0.391536 0.252854 0.611541
v -0.439746 0.316261 0.611541
v -0.394281 0.381752 0.611541
v -0.318079 0.358739 0.611541
v -0.316328 0.279068 0.821041
v -0.318079 0.358739 0.821041
v -0.394281 0.381752 0.821041
v -0.439746 0.316261 0.821041
v -0.391536 0.252854 0.821041
v -0.344747 -0.194621 -0.288059
v -0.392726 -0.205925 -0.326859
v -0.345119 -0.187607 -0.344159
v -0.286161 -0.171494 -0.302459
v -0.303413 -0.167387 -0.364959
v -0.236601 -0.146768 -0.320559
v -0.267696 -0.145550 -0.388059
v -0.195550 -0.120807 -0.341359
v -0.238622 -0.122526 -0.412659
v -0.162809 -0.093986 -0.364359
v -0.217275 -0.099133 -0.438659
v -0.138958 -0.067175 -0.389759
v -0.204302 -0.076115 -0.466259
v -0.124602 -0.041337 -0.417759
v -0.200537 -0.054159 -0.495559
v -0.120447 -0.017409 -0.448559
v -0.302591 -0.183214 -0.242359
v -0.236150 -0.155582 -0.254459
v -0.180258 -0.126199 -0.269959
v -0.134234 -0.095586 -0.288359
v -0.097757 -0.064049 -0.309459
v -0.071204 -0.032834 -0.333759
v -0.055205 -0.003316 -0.361959
v -0.050673 0.023215 -0.394659
v -0.194504 -0.140361 -0.201059
v -0.266346 -0.171993 -0.191059
v -0.133668 -0.106422 -0.214059
v -0.083322 -0.070539 -0.229659
v -0.042912 -0.033302 -0.248259
v -0.013308 0.003465 -0.270959
v 0.004590 0.037841 -0.299059
v 0.009825 0.067712 -0.333959
v -0.236656 -0.161700 -0.135459
v -0.161112 -0.126493 -0.143359
v -0.096531 -0.088154 -0.153659
v -0.214541 -0.153281 -0.076659
v -0.136446 -0.115192 -0.082459
v -0.121174 -0.107616 -0.019159
v -0.200676 -0.147576 -0.015659
v -0.405972 0.052145 -0.691359
v -0.358872 0.081489 -0.679159
v -0.298787 0.074887 -0.652059
v -0.356923 0.042947 -0.670259
v -0.317893 0.115103 -0.666159
v -0.249792 0.110449 -0.633159
v -0.209386 0.149047 -0.614459
v -0.282886 0.152105 -0.652859
v -0.247479 0.065210 -0.621759
v -0.313623 0.031006 -0.645859
v -0.192020 0.102774 -0.596659
v -0.146509 0.143371 -0.571559
v -0.177331 0.190084 -0.596959
v -0.110615 0.186375 -0.547759
v -0.204429 0.053136 -0.588759
v -0.275964 0.017021 -0.618459
v -0.143894 0.092604 -0.557059
v -0.093816 0.135153 -0.524659
v -0.053869 0.180477 -0.493059
v -0.169549 0.038952 -0.553659
v -0.245007 0.001628 -0.588659
v -0.105100 0.079945 -0.515359
v -0.050990 0.124402 -0.474759
v -0.006895 0.172017 -0.433759
v -0.143471 0.022642 -0.517759
v -0.221633 -0.015322 -0.557659
v -0.076135 0.064532 -0.473059
v -0.018801 0.110307 -0.424359
v 0.029104 0.159791 -0.373259
v -0.126915 0.003901 -0.482259
v -0.206474 -0.033846 -0.526259
v -0.057807 0.045775 -0.432159
v 0.001865 0.091673 -0.376559
v 0.052820 0.141901 -0.315859
v -0.357831 0.060891 0.757441
v -0.404873 0.031738 0.770341
v -0.355923 0.023929 0.749641
v -0.297817 0.055774 0.730541
v -0.312694 0.013474 0.725641
v -0.246521 0.047774 0.700641
v -0.275171 0.001098 0.698741
v -0.203578 0.037405 0.667941
v -0.244351 -0.012685 0.669741
v -0.168872 0.025051 0.633441
v -0.220893 -0.027988 0.639441
v -0.142902 0.010446 0.598241
v -0.205900 -0.044997 0.609041
v -0.126357 -0.006618 0.563741
v -0.200063 -0.063921 0.579441
v -0.119959 -0.026444 0.531141
v -0.248784 0.091116 0.710641
v -0.316874 0.094093 0.743541
v -0.191061 0.085338 0.674341
v -0.143081 0.077093 0.635041
v -0.104431 0.066360 0.593741
v -0.075611 0.052873 0.552141
v -0.057266 0.035887 0.512141
v -0.050173 0.014909 0.475741
v -0.281762 0.130750 0.729241
v -0.208341 0.129492 0.690841
v -0.145551 0.125934 0.647941
v -0.093040 0.119863 0.601241
v -0.050300 0.111229 0.551641
v -0.018198 0.099250 0.501841
v 0.002352 0.082639 0.454741
v 0.010272 0.060258 0.413341
v -0.253672 0.169756 0.715541
v -0.176373 0.170244 0.672141
v -0.109714 0.168747 0.622941
v -0.053093 0.165187 0.568241
v -0.006280 0.159284 0.509041
v 0.029691 0.149367 0.448841
v 0.053157 0.133748 0.392141
v 0.066955 0.203036 0.397641
v -0.344871 -0.192283 0.437141
v -0.392554 -0.210160 0.421141
v -0.344524 -0.198347 0.382041
v -0.285930 -0.175537 0.394841
v -0.302414 -0.186405 0.336041
v -0.235964 -0.159089 0.346341
v -0.266213 -0.174647 0.284541
v -0.194335 -0.143235 0.292541
v -0.236540 -0.163722 0.228641
v -0.161054 -0.128706 0.234441
v -0.214413 -0.154575 0.169641
v -0.136376 -0.116677 0.173141
v -0.200659 -0.148208 0.108541
v -0.121091 -0.108372 0.109641
v -0.195821 -0.145709 0.046341
v -0.115895 -0.105043 0.045241
v -0.303215 -0.172570 0.456441
v -0.236419 -0.151318 0.411241
v -0.180093 -0.130118 0.359941
v -0.133491 -0.109612 0.303441
v -0.096340 -0.090616 0.242341
v -0.195227 -0.125923 0.430341
v -0.267357 -0.151299 0.477941
v -0.134024 -0.100041 0.376441
v -0.083070 -0.074171 0.316941
v -0.042044 -0.049666 0.252541
v -0.162499 -0.099831 0.451641
v -0.238325 -0.129098 0.500941
v -0.097530 -0.069137 0.395641
v -0.042643 -0.037566 0.333241
v -0.138594 -0.073872 0.475341
v -0.216924 -0.106558 0.525441
v -0.070924 -0.038774 0.418041
v -0.013081 -0.001622 0.353841
v -0.203860 -0.084613 0.551641
v -0.124147 -0.049108 0.501741
v -0.054928 -0.010300 0.444541
v 0.004908 0.031680 0.380041
v -0.446148 -0.222053 -0.313959
v -0.474538 -0.226364 -0.341059
v -0.446441 -0.216841 -0.358159
v -0.414921 -0.203970 -0.378659
v -0.381593 -0.187573 -0.402559
v -0.351264 -0.169008 -0.427759
v -0.326063 -0.149090 -0.453759
v -0.307113 -0.128416 -0.480259
v -0.295509 -0.107490 -0.507459
v -0.292116 -0.087093 -0.535359
v -0.414351 -0.216166 -0.278559
v -0.380536 -0.208803 -0.234059
v -0.349612 -0.200979 -0.183959
v -0.323833 -0.193572 -0.129659
v -0.304161 -0.187336 -0.072359
v -0.291585 -0.183118 -0.012959
v -0.287163 -0.181643 0.047441
v -0.488130 0.037770 -0.712559
v -0.460438 0.057975 -0.708759
v -0.458922 0.027615 -0.702159
v -0.429702 0.084048 -0.702859
v -0.397205 0.116588 -0.694859
v -0.314851 0.394031 -0.683459
v -0.426208 0.015241 -0.687459
v -0.391253 0.000616 -0.667859
v -0.359148 -0.015127 -0.644859
v -0.332113 -0.031728 -0.619359
v -0.311194 -0.049185 -0.592059
v -0.297491 -0.067683 -0.563759
v -0.457890 0.007333 0.781841
v -0.459372 0.036429 0.787541
v -0.487073 0.016540 0.791941
v -0.425238 -0.003872 0.767541
v -0.390287 -0.017137 0.748441
v -0.358348 -0.031365 0.726141
v -0.331354 -0.046387 0.701441
v -0.310504 -0.062358 0.674941
v -0.296938 -0.079247 0.647741
v -0.291596 -0.097392 0.620541
v -0.428562 0.062061 0.781041
v -0.396049 0.093969 0.772241
v -0.366537 0.129405 0.762541
v -0.315025 0.395861 0.752741
v -0.445887 -0.226000 0.409441
v -0.446164 -0.221421 0.452741
v -0.474394 -0.230694 0.436441
v -0.414165 -0.219673 0.374041
v -0.380396 -0.211774 0.329341
v -0.349517 -0.203412 0.279241
v -0.323659 -0.195401 0.224841
v -0.304003 -0.188533 0.167441
v -0.291540 -0.183655 0.107941
v -0.414694 -0.209058 0.472241
v -0.381321 -0.193197 0.494841
v -0.351004 -0.175360 0.518641
v -0.325720 -0.156199 0.543041
v -0.306717 -0.136377 0.568141
v -0.295022 -0.116524 0.593941
v -2.083066 -0.000868 -0.605459
v -2.171878 0.001002 -0.578859
v -2.195760 0.024171 -0.574959
v -2.100243 0.024752 -0.604659
v -2.223711 0.050461 -0.568959
v -2.121787 0.052853 -0.601659
v -2.250941 0.079458 -0.562259
v -2.141522 0.228222 -0.597459
v -1.993599 0.024451 -0.633659
v -1.981076 -0.003409 -0.632459
v -2.010097 0.054359 -0.632759
v -2.027688 0.086169 -0.630659
v -1.877338 0.024146 -0.661259
v -1.867928 -0.005693 -0.658759
v -1.889863 0.055771 -0.661959
v -1.910817 0.219595 -0.661359
v -1.746202 -0.006931 -0.683259
v -1.753183 0.024363 -0.686759
v -1.762396 0.057592 -0.688559
v -1.772628 0.092282 -0.689159
v -1.623141 0.025713 -0.709459
v -1.618120 -0.006865 -0.705359
v -1.629630 0.059994 -0.712059
v -1.634650 0.299771 -0.713459
v -1.489235 0.028081 -0.728859
v -1.485837 -0.005361 -0.724459
v -1.493219 0.063376 -0.731959
v -1.497782 0.100205 -0.733859
v -1.351572 -0.002162 -0.739759
v -1.353311 0.031925 -0.744359
v -1.355099 0.067909 -0.747559
v -1.335834 0.222717 -0.749659
v -1.217428 0.037349 -0.755359
v -1.217357 0.002934 -0.750759
v -1.217011 0.073708 -0.758559
v -1.216445 0.111587 -0.760659
v -1.083762 0.044077 -0.761759
v -1.085301 0.009525 -0.757459
v -1.080845 0.080404 -0.764659
v -1.077404 0.118454 -0.766459
v -0.957615 0.017552 -0.759559
v -0.954009 0.051683 -0.763459
v -0.948306 0.087893 -0.765859
v -0.935952 0.201841 -0.767059
v -0.830316 0.059986 -0.760359
v -0.836438 0.026517 -0.757059
v -0.821243 0.095587 -0.761859
v -0.811206 0.132986 -0.762159
v -0.714439 0.068371 -0.752359
v -0.723881 0.036018 -0.750159
v -0.701357 0.103064 -0.752659
v -0.679339 0.226089 -0.751659
v -0.622453 0.045356 -0.739259
v -0.608191 0.076031 -0.739859
v -0.589895 0.109658 -0.738359
v -0.571030 0.145830 -0.735459
v -0.512967 0.081824 -0.723259
v -0.534174 0.053056 -0.725259
v -0.488065 0.114483 -0.719059
v -0.429545 0.413198 -0.708259
v -2.155164 -0.018936 -0.579659
v -2.216310 -0.014101 -0.560359
v -2.245495 0.001274 -0.553559
v -2.278855 0.021476 -0.545159
v -2.314397 0.046526 -0.535359
v -2.339976 0.142343 -0.521859
v -0.548657 0.028513 -0.724259
v -0.627562 0.017955 -0.735559
v -0.726719 0.006462 -0.745459
v -0.837943 -0.004491 -0.751759
v -0.958117 -0.014285 -0.753759
v -1.084971 -0.022669 -0.751359
v -1.216330 -0.029368 -0.744559
v -1.349920 -0.034132 -0.733459
v -1.483597 -0.036779 -0.718259
v -1.615273 -0.037317 -0.699359
v -1.742565 -0.036161 -0.677659
v -1.863413 -0.033413 -0.653659
v -1.975375 -0.029296 -0.628159
v -2.075408 -0.024110 -0.602459
v -0.621280 0.022104 0.818241
v -0.533084 0.030562 0.804141
v -0.511765 0.058668 0.801441
v -0.606994 0.051831 0.818141
v -0.486876 0.090599 0.796441
v -0.588548 0.084576 0.815741
v -0.462825 0.125609 0.790141
v -0.569726 0.119924 0.812141
v -0.429769 0.414521 0.783541
v -0.553137 0.157208 0.807841
v -0.713188 0.043318 0.830641
v -0.722691 0.012133 0.829241
v -0.699986 0.077034 0.830141
v -0.685731 0.112833 0.828341
v -0.666813 0.287086 0.825841
v -0.828953 0.034271 0.838741
v -0.835233 0.002000 0.836341
v -0.819819 0.068704 0.839441
v -0.809785 0.105058 0.839041
v -0.800454 0.142881 0.837741
v -0.952696 0.025461 0.841941
v -0.956335 -0.007406 0.838841
v -0.946960 0.060407 0.843541
v -0.940383 0.097082 0.843941
v -0.919854 0.353118 0.843641
v -1.082373 0.017414 0.840341
v -1.084012 -0.015749 0.836741
v -1.079395 0.052572 0.842441
v -1.075921 0.089358 0.843541
v -1.072671 0.127466 0.843741
v -1.216098 0.010495 0.833941
v -1.216031 -0.022559 0.830141
v -1.215649 0.045589 0.836341
v -1.214953 0.082175 0.837741
v -1.214997 0.259385 0.838241
v -1.351886 0.005042 0.822941
v -1.350247 -0.027656 0.819141
v -1.353670 0.039666 0.825341
v -1.355562 0.075995 0.826741
v -1.357516 0.113493 0.827241
v -1.487780 0.001294 0.807441
v -1.484511 -0.030856 0.803841
v -1.491857 0.035257 0.809741
v -1.496261 0.070889 0.810841
v -1.507365 0.224497 0.811141
v -1.621753 -0.000949 0.788041
v -1.616832 -0.032139 0.784741
v -1.628180 0.032163 0.789841
v -1.635376 0.066868 0.790441
v -1.642479 0.102903 0.790341
v -1.751841 -0.001763 0.765241
v -1.744921 -0.031888 0.762541
v -1.761050 0.030106 0.766241
v -1.771191 0.063722 0.766141
v -1.761759 0.290210 0.765241
v -1.875974 -0.001568 0.739741
v -1.866597 -0.030143 0.737941
v -1.888409 0.028984 0.739541
v -1.902024 0.061150 0.738241
v -1.915017 0.095008 0.736341
v -1.992318 -0.000507 0.712041
v -1.979821 -0.027419 0.711541
v -2.008726 0.028329 0.710341
v -2.026321 0.059094 0.707441
v -2.040287 0.191308 0.698841
v -2.099046 0.000552 0.682941
v -2.081893 -0.024120 0.684441
v -2.120440 0.027771 0.679041
v -2.142649 0.057119 0.674141
v -2.162695 0.088423 0.669041
v -2.194588 0.000919 0.653141
v -2.170692 -0.021521 0.657741
v -2.222427 0.026548 0.646341
v -2.249698 0.054721 0.638841
v -2.210363 0.144347 0.634341
v -0.547526 0.006841 0.803841
v -2.354062 0.136600 0.601341
v -2.313336 0.023934 0.612741
v -2.277869 -0.000673 0.623341
v -2.244747 -0.020280 0.632441
v -2.215282 -0.035427 0.639641
v -2.154061 -0.040703 0.659141
v -2.074231 -0.046318 0.682141
v -1.974248 -0.052011 0.707941
v -1.862210 -0.056569 0.733641
v -1.741413 -0.059824 0.757741
v -1.613989 -0.061231 0.779641
v -1.482437 -0.060759 0.798541
v -1.348694 -0.058237 0.813741
v -1.215074 -0.053377 0.824841
v -1.083782 -0.046554 0.831541
v -0.956936 -0.037853 0.833841
v -0.836741 -0.027648 0.831741
v -0.725592 -0.016253 0.825341
v -0.626480 -0.004223 0.815241
v -0.607581 -0.246139 -0.393059
v -0.592204 -0.236504 -0.425359
v -0.497434 -0.220537 -0.405359
v -0.519674 -0.231426 -0.377659
v -0.708790 -0.260249 -0.404559
v -0.698109 -0.251272 -0.440059
v -0.821112 -0.272749 -0.412659
v -0.813709 -0.264237 -0.450059
v -0.942256 -0.282978 -0.417359
v -0.937315 -0.274657 -0.455759
v -1.069921 -0.290594 -0.418559
v -1.067030 -0.282484 -0.457259
v -1.201989 -0.295508 -0.416359
v -1.200834 -0.287601 -0.454759
v -1.336440 -0.297606 -0.410559
v -1.336836 -0.289644 -0.448259
v -1.470906 -0.296666 -0.401359
v -1.472979 -0.288717 -0.437959
v -1.603483 -0.292958 -0.389159
v -1.607261 -0.285116 -0.424259
v -1.731854 -0.286767 -0.374259
v -1.737691 -0.278820 -0.407559
v -1.853894 -0.278325 -0.357259
v -1.862230 -0.270348 -0.388159
v -1.967563 -0.268147 -0.338559
v -1.979069 -0.259936 -0.366459
v -2.069973 -0.256696 -0.318559
v -2.086296 -0.248167 -0.342759
v -2.159260 -0.245063 -0.297459
v -2.182533 -0.235670 -0.316659
v -0.572717 -0.224356 -0.456059
v -0.471694 -0.206741 -0.432759
v -0.683751 -0.240176 -0.473059
v -0.803319 -0.253813 -0.484559
v -0.930299 -0.264669 -0.491059
v -1.062755 -0.272914 -0.492759
v -1.198992 -0.278127 -0.489959
v -1.337265 -0.280418 -0.482759
v -1.475716 -0.279519 -0.471459
v -1.612469 -0.275792 -0.456359
v -1.745715 -0.269475 -0.437859
v -1.873644 -0.260806 -0.416259
v -1.994447 -0.250023 -0.391959
v -2.106911 -0.237599 -0.364959
v -2.209473 -0.223906 -0.335159
v -0.552809 -0.210143 -0.485359
v -0.446644 -0.190749 -0.460159
v -0.668302 -0.227217 -0.504059
v -0.792059 -0.241564 -0.516659
v -0.922404 -0.253171 -0.523659
v -1.058014 -0.261815 -0.525459
v -1.196962 -0.267350 -0.522259
v -1.337890 -0.269774 -0.514359
v -1.478869 -0.268941 -0.502059
v -1.618343 -0.265221 -0.485659
v -1.754662 -0.258699 -0.465559
v -1.886173 -0.249775 -0.442059
v -2.011102 -0.238466 -0.415459
v -2.128236 -0.225246 -0.385959
v -2.235353 -0.210375 -0.353559
v -0.535125 -0.194310 -0.513659
v -0.425274 -0.173112 -0.487359
v -0.654350 -0.212651 -0.533259
v -0.781435 -0.227970 -0.546459
v -0.915020 -0.240263 -0.553759
v -1.053371 -0.249326 -0.555459
v -1.195032 -0.255185 -0.551859
v -1.338421 -0.257799 -0.543259
v -1.482085 -0.257193 -0.530059
v -1.624249 -0.253385 -0.512659
v -1.763356 -0.246746 -0.491159
v -1.897977 -0.237397 -0.466159
v -2.026429 -0.225641 -0.437859
v -2.147189 -0.211630 -0.406459
v -2.257155 -0.195472 -0.372059
v -0.521364 -0.177282 -0.541159
v -0.408929 -0.154467 -0.514359
v -0.643276 -0.196895 -0.561059
v -0.772837 -0.213132 -0.574359
v -0.908809 -0.226056 -0.581659
v -1.049519 -0.235655 -0.583059
v -1.193480 -0.241858 -0.578959
v -1.339112 -0.244625 -0.569759
v -1.484987 -0.244077 -0.555859
v -1.629365 -0.240327 -0.537459
v -1.770941 -0.233562 -0.514959
v -1.908101 -0.223962 -0.488859
v -2.039127 -0.211735 -0.459259
v -2.162278 -0.196996 -0.426559
v -2.273446 -0.179635 -0.390959
v -0.512684 -0.159437 -0.567759
v -0.398578 -0.135250 -0.541259
v -0.636057 -0.180068 -0.587359
v -0.767240 -0.197170 -0.600459
v -0.904748 -0.210672 -0.607359
v -1.047059 -0.220723 -0.608459
v -1.192659 -0.227159 -0.603859
v -1.339834 -0.230187 -0.594159
v -1.487224 -0.229806 -0.579559
v -1.633307 -0.226163 -0.560459
v -1.776531 -0.219314 -0.537259
v -1.915212 -0.209564 -0.510359
v -2.047894 -0.196937 -0.480059
v -2.172297 -0.181502 -0.446659
v -2.283518 -0.163289 -0.410659
v -0.510087 -0.141307 -0.593559
v -0.395659 -0.116067 -0.567959
v -0.633979 -0.162616 -0.612459
v -0.765750 -0.180271 -0.624859
v -0.903844 -0.194325 -0.631259
v -1.046750 -0.204614 -0.631759
v -1.192878 -0.211411 -0.626859
v -1.340648 -0.214676 -0.616659
v -1.488699 -0.214406 -0.601559
v -1.635319 -0.210809 -0.581959
v -1.779108 -0.204102 -0.558359
v -1.918392 -0.194272 -0.531059
v -2.051649 -0.181470 -0.500559
v -2.176252 -0.165661 -0.467059
v -2.286857 -0.146799 -0.431159
v -0.514547 -0.123012 -0.618559
v -0.400606 -0.097310 -0.594459
v -0.637858 -0.144813 -0.636259
v -0.769083 -0.162738 -0.647759
v -0.906508 -0.176996 -0.653359
v -1.048744 -0.187489 -0.653359
v -1.194298 -0.194461 -0.647959
v -1.341465 -0.197806 -0.637359
v -1.488876 -0.197835 -0.622059
v -1.634951 -0.194509 -0.602259
v -1.778137 -0.187880 -0.578459
v -1.916848 -0.178226 -0.551159
v -2.049501 -0.165504 -0.520859
v -2.173567 -0.149648 -0.487759
v -2.283673 -0.130520 -0.452459
v -0.525147 -0.104623 -0.642359
v -0.412787 -0.078963 -0.620259
v -0.646877 -0.126383 -0.658559
v -0.776426 -0.144296 -0.668959
v -0.912270 -0.158514 -0.673659
v -1.052860 -0.169090 -0.673059
v -1.196862 -0.176117 -0.667259
v -1.342440 -0.179737 -0.656459
v -1.488233 -0.179946 -0.640959
v -1.632624 -0.176923 -0.621159
v -1.774155 -0.170695 -0.597559
v -1.911276 -0.161316 -0.570559
v -2.042369 -0.148964 -0.540759
v -2.165192 -0.133487 -0.508559
v -2.274313 -0.114556 -0.474359
v -0.431032 -0.060963 -0.644659
v -0.540718 -0.086079 -0.664559
v -0.659802 -0.107390 -0.679059
v -0.786734 -0.124951 -0.688259
v -0.920183 -0.138853 -0.692159
v -1.058434 -0.149306 -0.690959
v -1.200063 -0.156429 -0.684759
v -1.343486 -0.160183 -0.673859
v -1.486962 -0.160679 -0.658259
v -1.629064 -0.158040 -0.638559
v -1.768213 -0.152225 -0.615259
v -1.902788 -0.143412 -0.588859
v -2.031270 -0.131752 -0.559959
v -2.151797 -0.116975 -0.528859
v -2.259475 -0.098796 -0.496159
v -0.454239 -0.043122 -0.667059
v -0.560061 -0.067221 -0.684659
v -0.675501 -0.087552 -0.697459
v -0.799039 -0.104266 -0.705559
v -0.929334 -0.117770 -0.708659
v -1.064807 -0.128024 -0.706959
v -1.203781 -0.135015 -0.700459
v -1.344543 -0.138952 -0.689459
v -1.485482 -0.139700 -0.673959
v -1.624914 -0.137561 -0.654459
v -1.761134 -0.132429 -0.631559
v -1.892524 -0.124482 -0.605859
v -2.017504 -0.113680 -0.577859
v -2.134520 -0.100078 -0.548259
v -2.239923 -0.083011 -0.517359
v -0.480887 -0.025593 -0.686759
v -0.581757 -0.047856 -0.702159
v -0.692651 -0.066645 -0.713559
v -0.812104 -0.082304 -0.720659
v -0.938910 -0.094989 -0.723159
v -1.071325 -0.104815 -0.720959
v -1.207579 -0.111799 -0.714359
v -1.345774 -0.115892 -0.703259
v -1.484014 -0.117044 -0.687759
v -1.620680 -0.115434 -0.668559
v -1.753810 -0.111139 -0.646159
v -1.881631 -0.104175 -0.621159
v -2.002431 -0.094752 -0.594259
v -2.114856 -0.082549 -0.566059
v -2.216445 -0.067376 -0.537359
v -0.508358 -0.008022 -0.703159
v -0.602905 -0.027715 -0.716659
v -0.708665 -0.044411 -0.726959
v -0.824203 -0.058544 -0.733459
v -0.947710 -0.070354 -0.735459
v -1.077385 -0.079761 -0.733059
v -1.211176 -0.086555 -0.726359
v -1.347025 -0.090839 -0.715159
v -1.483006 -0.092470 -0.699859
v -1.617156 -0.091523 -0.680859
v -1.747417 -0.088102 -0.658959
v -1.871882 -0.082475 -0.634559
v -1.988531 -0.074525 -0.608459
v -2.095717 -0.064337 -0.581759
v -2.191646 -0.051516 -0.555159
v -0.531977 0.009839 -0.715859
v -0.619822 -0.006043 -0.727959
v -0.721031 -0.020152 -0.737759
v -0.833382 -0.032748 -0.743859
v -0.954576 -0.043485 -0.745759
v -1.082112 -0.052394 -0.743259
v -1.214131 -0.059205 -0.736359
v -1.348363 -0.063669 -0.725259
v -1.482785 -0.065671 -0.710059
v -1.615080 -0.065498 -0.691259
v -1.743286 -0.063225 -0.669459
v -1.865124 -0.058922 -0.645459
v -1.978495 -0.052912 -0.620059
v -2.080873 -0.045130 -0.594259
v -2.169919 -0.035452 -0.569459
v -0.535013 -0.238879 -0.349259
v -0.613681 -0.252434 -0.357759
v -0.712802 -0.266553 -0.365859
v -0.823888 -0.279116 -0.372059
v -0.944017 -0.289446 -0.375659
v -1.070954 -0.297074 -0.376559
v -1.202295 -0.302001 -0.374559
v -1.336114 -0.304081 -0.369459
v -1.470043 -0.303097 -0.361359
v -1.601863 -0.299306 -0.350559
v -1.729477 -0.293032 -0.337659
v -1.850568 -0.284565 -0.322959
v -1.962819 -0.274192 -0.307159
v -2.063208 -0.262626 -0.291159
v -2.143207 -0.251732 -0.276959
v -2.233798 -0.233743 -0.275259
v -2.204801 -0.241848 -0.264859
v -2.266404 -0.223075 -0.287759
v -2.300664 -0.209602 -0.302559
v -2.331210 -0.194230 -0.318359
v -2.355553 -0.177716 -0.335259
v -2.372892 -0.160515 -0.353359
v -2.382835 -0.143059 -0.372859
v -2.385844 -0.125833 -0.393859
v -2.382132 -0.109192 -0.416159
v -2.371948 -0.093270 -0.439359
v -2.355550 -0.077882 -0.463059
v -2.333188 -0.063161 -0.486459
v -2.305655 -0.048971 -0.509059
v -2.274497 -0.035571 -0.529859
v -2.243737 -0.023828 -0.547159
v -2.337201 -0.221780 0.307541
v -2.288205 -0.230125 0.341041
v -2.337578 -0.215811 0.348341
v -2.397640 -0.203989 0.312041
v -2.381005 -0.200172 0.358641
v -2.445995 -0.184967 0.319741
v -2.417568 -0.183280 0.370841
v -2.481244 -0.165130 0.330041
v -2.444981 -0.165518 0.384741
v -2.507199 -0.144989 0.343041
v -2.463102 -0.147451 0.400641
v -2.524898 -0.124855 0.358641
v -2.534928 -0.105281 0.377341
v -2.473589 -0.129723 0.418741
v -2.477252 -0.112926 0.439141
v -2.537493 -0.086937 0.399141
v -2.445203 -0.192317 0.272741
v -2.380153 -0.213499 0.270041
v -2.495250 -0.170270 0.278541
v -2.531645 -0.147679 0.287441
v -2.558307 -0.124710 0.299441
v -2.576867 -0.101909 0.314841
v -2.587499 -0.079852 0.334241
v -2.589326 -0.059432 0.357841
v -2.415510 -0.205338 0.229041
v -2.483163 -0.181376 0.230641
v -2.534482 -0.156642 0.235141
v -2.571678 -0.131194 0.242741
v -2.599562 -0.105028 0.253641
v -2.619572 -0.078754 0.268541
v -2.631213 -0.053149 0.288541
v -2.632989 -0.029817 0.314641
v -2.513244 -0.171686 0.186341
v -2.442497 -0.197846 0.185541
v -2.564342 -0.144510 0.189641
v -2.601392 -0.116179 0.195741
v -2.629586 -0.086575 0.205141
v -2.650285 -0.055700 0.219041
v -2.662756 -0.024928 0.239341
v -2.664875 0.003108 0.268341
v -2.536035 -0.163800 0.140341
v -2.463820 -0.191662 0.140141
v -2.585506 -0.134715 0.142241
v -2.620916 -0.103747 0.146441
v -2.648452 -0.070267 0.153441
v -2.669203 -0.033731 0.164941
v -2.682262 0.005061 0.183941
v -2.670411 0.111530 0.228341
v -2.552056 -0.158395 0.093041
v -2.478132 -0.187509 0.093541
v -2.598494 -0.127935 0.093441
v -2.631644 -0.095042 0.094941
v -2.657852 -0.057889 0.098241
v -2.678267 -0.014765 0.104741
v -2.682487 0.151485 0.126441
v -2.298671 -0.026741 0.610041
v -2.348386 -0.005318 0.593941
v -2.407640 -0.012455 0.564541
v -2.346783 -0.035392 0.586441
v -2.392339 0.019575 0.578641
v -2.451184 0.013778 0.545041
v -2.426785 0.047531 0.564441
v -2.472452 0.103160 0.528141
v -2.451796 -0.021161 0.535541
v -2.388964 -0.045850 0.561741
v -2.491014 0.006576 0.512841
v -2.518967 0.036630 0.493041
v -2.481656 -0.030983 0.506941
v -2.424503 -0.057496 0.536241
v -2.521942 -0.002293 0.480641
v -2.552766 0.028635 0.456741
v -2.575934 0.062040 0.435641
v -2.531234 0.160694 0.461741
v -2.504799 -0.042434 0.478541
v -2.449335 -0.069686 0.510641
v -2.547631 -0.013177 0.448241
v -2.582081 0.018543 0.419641
v -2.596166 0.140756 0.383641
v -2.521828 -0.055435 0.450541
v -2.465128 -0.082750 0.485641
v -2.568079 -0.026077 0.416141
v -2.606647 0.005853 0.382341
v -2.635966 0.041028 0.349641
v -2.532832 -0.070271 0.423741
v -2.474214 -0.097126 0.461641
v -2.582485 -0.041445 0.385641
v -2.624263 -0.010105 0.346641
v -2.646286 0.110764 0.300641
v -2.348104 0.015504 -0.515759
v -2.298668 -0.006147 -0.530959
v -2.344534 -0.016005 -0.507159
v -2.405104 0.006844 -0.486359
v -2.383646 -0.027712 -0.482159
v -2.450513 -0.003571 -0.456959
v -2.415799 -0.040599 -0.456359
v -2.484529 -0.015368 -0.427559
v -2.440140 -0.054612 -0.430159
v -2.508416 -0.028578 -0.398459
v -2.457025 -0.069538 -0.404359
v -2.523978 -0.043280 -0.370059
v -2.466952 -0.085644 -0.379359
v -2.532882 -0.059802 -0.342659
v -2.470427 -0.102880 -0.355659
v -2.535700 -0.077970 -0.317059
v -2.455478 0.032962 -0.467259
v -2.392601 0.040668 -0.501259
v -2.501514 0.023575 -0.434059
v -2.534070 0.012797 -0.401459
v -2.556740 0.000157 -0.369159
v -2.572302 -0.014545 -0.337159
v -2.581600 -0.031679 -0.306359
v -2.584319 -0.051236 -0.277859
v -2.487109 0.118185 -0.446959
v -2.430025 0.068800 -0.487959
v -2.535569 0.053502 -0.414659
v -2.566819 0.043581 -0.378659
v -2.589123 0.130247 -0.345259
v -2.607978 0.016922 -0.305559
v -2.618966 -0.000952 -0.269759
v -2.622172 -0.022450 -0.237059
v -2.635767 0.051629 -0.274859
v -2.614815 0.065839 -0.317859
v -2.638149 0.147069 -0.232859
v -2.652829 0.009368 -0.192859
v -2.337329 -0.218082 -0.213559
v -2.397210 -0.199834 -0.219659
v -2.337634 -0.211194 -0.255459
v -2.288503 -0.225957 -0.246759
v -2.379698 -0.210293 -0.176259
v -2.446844 -0.188785 -0.180759
v -2.415987 -0.202789 -0.135559
v -2.489089 -0.178525 -0.139059
v -2.445678 -0.195936 -0.092359
v -2.522985 -0.169345 -0.095159
v -2.467618 -0.190400 -0.047159
v -2.546238 -0.161945 -0.049459
v -2.480523 -0.186780 -0.000759
v -2.558410 -0.157294 -0.002559
v -2.483871 -0.185760 0.046341
v -2.559804 -0.156034 0.045141
v -2.380254 -0.194965 -0.267159
v -2.446683 -0.180366 -0.228959
v -2.501430 -0.166192 -0.188359
v -2.543019 -0.153099 -0.145559
v -2.570488 -0.141696 -0.100859
v -2.589003 -0.132813 -0.054159
v -2.600098 -0.127028 -0.005759
v -2.603213 -0.125242 0.043741
v -2.484191 -0.160050 -0.240959
v -2.415225 -0.177304 -0.280859
v -2.536002 -0.143111 -0.199259
v -2.572820 -0.127395 -0.155759
v -2.599091 -0.113431 -0.109859
v -2.617766 -0.101990 -0.061359
v -2.629485 -0.094133 -0.010459
v -2.634205 -0.091440 0.042141
v -2.508744 -0.139082 -0.255759
v -2.441264 -0.158810 -0.296459
v -2.557710 -0.119664 -0.213559
v -2.593625 -0.100984 -0.169459
v -2.620493 -0.083492 -0.122359
v -2.640215 -0.068282 -0.071659
v -2.653068 -0.056942 -0.017059
v -2.659036 -0.052511 0.040441
v -2.524218 -0.118162 -0.273359
v -2.458270 -0.139828 -0.314059
v -2.572368 -0.096067 -0.231359
v -2.608623 -0.074042 -0.187059
v -2.636649 -0.052119 -0.139259
v -2.657755 -0.031156 -0.086359
v -2.672103 -0.013403 -0.026959
v -2.679104 -0.004474 0.038641
v -2.532787 -0.097570 -0.293859
v -2.467489 -0.121024 -0.333859
v -2.581033 -0.073041 -0.252759
v -2.618267 -0.047371 -0.209459
v -2.647756 -0.020299 -0.162159
v -2.670742 0.008554 -0.108259
v -2.677137 0.144001 -0.041659
v -2.695480 0.062195 0.036541
v -2.672418 0.103570 -0.141659
v -2.233368 -0.242969 0.337141
v -2.204531 -0.246112 0.360341
v -2.233549 -0.238418 0.369941
v -2.266177 -0.228161 0.381341
v -2.301119 -0.215213 0.394841
v -2.333097 -0.200764 0.409441
v -2.360165 -0.185302 0.424941
v -2.380765 -0.169197 0.441441
v -2.394027 -0.153029 0.459341
v -2.399246 -0.137221 0.478841
v -2.265743 -0.238748 0.307441
v -2.300174 -0.233377 0.270741
v -2.331729 -0.227838 0.230141
v -2.357999 -0.222446 0.186841
v -2.376848 -0.217747 0.141441
v -2.388797 -0.214420 0.094741
v -2.393167 -0.212983 0.047441
v -2.243491 -0.044289 0.626641
v -2.275069 -0.054947 0.610141
v -2.308628 -0.067300 0.589841
v -2.339258 -0.080337 0.567941
v -2.364786 -0.093780 0.545141
v -2.384069 -0.107661 0.522341
v -2.395875 -0.122044 0.499941
v -2.233533 -0.239050 -0.241659
v -2.265834 -0.235270 -0.211959
v -2.300219 -0.230437 -0.175359
v -2.331478 -0.225302 -0.134859
v -2.357291 -0.220467 -0.091659
v -2.376660 -0.216446 -0.046359
v -2.388813 -0.213788 0.000141
v -2.182173 -0.241007 0.410941
v -2.159042 -0.249833 0.392741
v -2.069813 -0.261659 0.414641
v -2.085994 -0.253696 0.437741
v -1.967307 -0.273139 0.435341
v -1.978731 -0.265685 0.462241
v -1.853666 -0.283412 0.454741
v -1.861920 -0.276193 0.484541
v -1.731627 -0.291855 0.472341
v -1.737410 -0.284761 0.504541
v -1.603256 -0.298045 0.487641
v -1.606951 -0.290960 0.521641
v -1.470679 -0.301753 0.500241
v -1.472602 -0.294686 0.535641
v -1.336117 -0.302722 0.509441
v -1.336459 -0.295613 0.546041
v -1.201762 -0.300595 0.515141
v -1.200553 -0.293541 0.552441
v -1.066654 -0.288453 0.554641
v -1.069693 -0.295681 0.517141
v -0.937005 -0.280501 0.552741
v -0.942029 -0.288066 0.515441
v -0.813370 -0.269986 0.546441
v -0.820856 -0.277741 0.510141
v -0.697770 -0.257021 0.535841
v -0.708534 -0.265240 0.501341
v -0.591932 -0.242127 0.520441
v -0.607296 -0.251035 0.489041
v -0.519455 -0.236198 0.472941
v -0.497169 -0.225844 0.499641
v -2.209318 -0.229913 0.428241
v -2.106621 -0.243855 0.458741
v -1.994121 -0.256499 0.486541
v -1.873251 -0.267408 0.511541
v -1.745352 -0.276173 0.533641
v -1.612039 -0.282614 0.552541
v -1.475315 -0.286437 0.567941
v -1.336931 -0.287211 0.579341
v -1.198686 -0.285015 0.586441
v -1.062421 -0.279707 0.588941
v -0.929964 -0.271462 0.586841
v -0.803022 -0.260385 0.579841
v -0.683425 -0.246652 0.567641
v -0.572428 -0.230613 0.549841
v -0.471318 -0.212710 0.525841
v -2.235775 -0.217250 0.445341
v -2.127894 -0.232355 0.478541
v -2.010722 -0.245795 0.508841
v -1.885727 -0.257229 0.536041
v -1.754304 -0.266440 0.560141
v -1.617917 -0.273086 0.580641
v -1.478444 -0.276806 0.597241
v -1.337464 -0.277639 0.609641
v -1.196633 -0.275187 0.617441
v -1.057559 -0.269585 0.620341
v -0.922045 -0.260912 0.618141
v -0.791642 -0.249113 0.610541
v -0.668017 -0.234517 0.597341
v -0.552466 -0.217251 0.577941
v -0.446280 -0.197445 0.551841
v -2.258817 -0.203329 0.462541
v -2.146919 -0.219657 0.497641
v -2.026024 -0.233918 0.529741
v -1.897535 -0.245895 0.558741
v -1.762972 -0.255435 0.584341
v -1.623799 -0.262199 0.606241
v -1.481539 -0.266036 0.623941
v -1.338001 -0.266708 0.637141
v -1.194611 -0.264095 0.645641
v -1.052921 -0.258140 0.649041
v -0.914541 -0.248981 0.646941
v -0.781023 -0.236564 0.639141
v -0.653946 -0.220929 0.625241
v -0.534729 -0.202272 0.604841
v -0.424857 -0.180662 0.577641
v -2.276819 -0.188643 0.480141
v -2.162299 -0.205980 0.516441
v -2.038727 -0.221057 0.549841
v -1.907567 -0.233533 0.580041
v -1.770467 -0.243324 0.606741
v -1.628948 -0.250281 0.629641
v -1.484475 -0.254060 0.648241
v -1.338628 -0.254704 0.662341
v -1.192968 -0.251841 0.671441
v -1.048977 -0.245542 0.675241
v -0.908335 -0.235819 0.673441
v -0.772399 -0.222674 0.665641
v -0.642751 -0.206150 0.651641
v -0.520943 -0.186192 0.630941
v -0.408488 -0.162965 0.603241
v -2.288851 -0.173581 0.498441
v -2.172601 -0.191759 0.535241
v -2.047403 -0.207332 0.569241
v -1.914617 -0.220303 0.600241
v -1.775899 -0.230274 0.627641
v -1.632733 -0.237314 0.651241
v -1.486680 -0.241053 0.670641
v -1.339289 -0.241435 0.685241
v -1.192018 -0.238435 0.694941
v -1.046552 -0.231750 0.699241
v -0.904212 -0.221603 0.697741
v -0.766741 -0.207881 0.690341
v -0.635566 -0.190463 0.676641
v -0.512201 -0.169515 0.656141
v -0.398170 -0.144887 0.628741
v -2.293641 -0.158427 0.517641
v -2.176837 -0.177191 0.554241
v -2.051124 -0.193130 0.588441
v -1.917736 -0.206181 0.619641
v -1.778414 -0.216231 0.647441
v -1.634712 -0.223226 0.671441
v -1.488026 -0.226948 0.691241
v -1.340070 -0.227189 0.706341
v -1.192175 -0.223857 0.716441
v -1.046047 -0.217059 0.721241
v -0.903275 -0.206521 0.720341
v -0.765121 -0.192275 0.713441
v -0.633456 -0.174276 0.700341
v -0.509542 -0.152554 0.680641
v -0.395094 -0.126903 0.654141
v -2.290387 -0.143633 0.537841
v -2.174121 -0.162442 0.573841
v -2.048848 -0.178456 0.607541
v -1.916062 -0.191428 0.638441
v -1.777344 -0.201399 0.666241
v -1.634215 -0.208218 0.690341
v -1.488170 -0.211641 0.710341
v -1.340788 -0.211707 0.725741
v -1.193592 -0.208266 0.736241
v -1.048105 -0.201169 0.741441
v -0.905810 -0.190486 0.741141
v -0.768327 -0.176036 0.735041
v -0.637206 -0.157765 0.722841
v -0.513874 -0.135553 0.704441
v -0.399912 -0.109440 0.679541
v -2.279883 -0.129062 0.558641
v -2.165205 -0.147597 0.593441
v -2.041618 -0.163306 0.626241
v -1.910516 -0.175973 0.656641
v -1.773453 -0.185545 0.684041
v -1.631884 -0.191993 0.707941
v -1.487457 -0.195236 0.727941
v -1.341664 -0.195027 0.743541
v -1.196086 -0.191407 0.754241
v -1.052150 -0.184256 0.759841
v -0.911502 -0.173488 0.760141
v -0.775666 -0.158955 0.754941
v -0.646126 -0.140725 0.744041
v -0.524404 -0.118649 0.727141
v -0.412022 -0.092577 0.704241
v -2.263335 -0.114556 0.579441
v -2.151395 -0.132465 0.612641
v -2.030419 -0.147483 0.644241
v -1.901959 -0.159555 0.673741
v -1.767440 -0.168560 0.700541
v -1.628255 -0.174596 0.724141
v -1.486086 -0.177359 0.743941
v -1.342610 -0.176863 0.759641
v -1.199187 -0.173108 0.770541
v -1.057625 -0.165861 0.776541
v -0.919316 -0.155217 0.777441
v -0.785875 -0.140999 0.773141
v -0.658951 -0.123121 0.763441
v -0.539875 -0.101494 0.748341
v -0.430264 -0.075937 0.727641
v -2.241789 -0.100109 0.599741
v -2.133799 -0.116919 0.631041
v -2.016583 -0.130896 0.661241
v -1.891595 -0.142014 0.689641
v -1.760197 -0.150277 0.715741
v -1.623939 -0.155630 0.738841
v -1.484536 -0.157865 0.758441
v -1.343597 -0.157117 0.773941
v -1.202836 -0.153179 0.785041
v -1.063898 -0.145968 0.791341
v -0.928492 -0.135589 0.792741
v -0.798138 -0.121894 0.789341
v -0.674580 -0.104769 0.780841
v -0.559243 -0.084093 0.767441
v -0.453335 -0.059706 0.749141
v -2.216669 -0.085602 0.618841
v -2.113873 -0.100934 0.648041
v -2.001440 -0.113453 0.676641
v -1.880632 -0.123193 0.703941
v -1.752802 -0.130472 0.729241
v -1.619635 -0.134988 0.751841
v -1.482997 -0.136694 0.771141
v -1.344662 -0.135571 0.786641
v -1.206563 -0.131449 0.797641
v -1.070375 -0.124340 0.804241
v -0.937997 -0.114293 0.806141
v -0.811104 -0.101321 0.803441
v -0.691660 -0.085346 0.795941
v -0.580870 -0.066211 0.784041
v -0.479978 -0.043537 0.768141
v -2.190916 -0.071078 0.635841
v -2.094729 -0.084082 0.662841
v -1.987470 -0.094711 0.690041
v -1.870783 -0.102882 0.716341
v -1.746339 -0.108920 0.740941
v -1.616108 -0.112437 0.763041
v -1.481921 -0.113604 0.782141
v -1.345939 -0.111974 0.797441
v -1.210089 -0.107689 0.808541
v -1.076336 -0.100675 0.815241
v -0.946728 -0.091143 0.817541
v -0.823134 -0.079046 0.815241
v -0.707670 -0.064473 0.808541
v -0.601889 -0.047366 0.797841
v -0.507379 -0.027451 0.783841
v -2.168907 -0.056146 0.649541
v -2.079757 -0.066169 0.674641
v -1.977401 -0.074363 0.700641
v -1.864049 -0.080785 0.726341
v -1.742204 -0.085404 0.750541
v -1.613990 -0.087992 0.772341
v -1.481628 -0.088291 0.791241
v -1.347207 -0.086289 0.806541
v -1.212946 -0.081729 0.817641
v -1.081023 -0.074889 0.824341
v -0.953399 -0.065693 0.826741
v -0.832309 -0.054611 0.824741
v -0.719937 -0.041603 0.818341
v -0.618707 -0.027082 0.808441
v -0.530936 -0.010759 0.795941
v -2.142967 -0.256092 0.373141
v -2.062968 -0.266985 0.388041
v -1.962580 -0.278552 0.404941
v -1.850329 -0.288924 0.421441
v -1.729237 -0.297392 0.436641
v -1.601623 -0.303665 0.450041
v -1.469803 -0.307457 0.461141
v -1.335874 -0.308441 0.469341
v -1.202055 -0.306360 0.474341
v -1.070714 -0.301433 0.476041
v -0.943778 -0.293805 0.474741
v -0.823649 -0.283475 0.470441
v -0.712562 -0.270912 0.463541
v -0.613537 -0.256765 0.454641
v -0.534744 -0.243142 0.445441
v -0.496492 -0.239745 0.371841
v -0.519033 -0.242703 0.411541
v -0.606870 -0.258901 0.416241
v -0.591072 -0.258174 0.373541
v -0.696870 -0.274649 0.376941
v -0.708025 -0.273863 0.422041
v -0.820427 -0.286966 0.427141
v -0.812379 -0.288687 0.380341
v -0.941495 -0.297637 0.430341
v -0.936027 -0.299930 0.382641
v -1.069152 -0.305568 0.431341
v -1.065726 -0.308390 0.383341
v -1.201278 -0.310674 0.429841
v -1.199491 -0.313727 0.382041
v -1.335634 -0.312800 0.425541
v -1.335428 -0.315894 0.378441
v -1.470167 -0.311736 0.418441
v -1.471666 -0.314938 0.372341
v -1.602715 -0.307932 0.408841
v -1.605927 -0.310926 0.364141
v -1.731094 -0.301426 0.397241
v -1.736403 -0.304094 0.354241
v -1.860995 -0.294769 0.343341
v -1.853237 -0.292638 0.384141
v -1.966799 -0.281761 0.370341
v -1.977801 -0.283217 0.332041
v -2.069387 -0.269524 0.356941
v -2.085231 -0.269714 0.321241
v -2.158619 -0.256340 0.345441
v -2.181562 -0.254784 0.312441
v -0.470169 -0.235013 0.326641
v -0.571177 -0.255665 0.326741
v -0.681962 -0.273756 0.328441
v -0.801585 -0.288944 0.330541
v -0.928407 -0.300998 0.332041
v -1.060876 -0.309972 0.332441
v -1.197163 -0.315691 0.331341
v -1.335341 -0.318012 0.328441
v -1.473763 -0.317018 0.323341
v -1.610590 -0.312850 0.316441
v -1.743890 -0.305680 0.308341
v -1.871852 -0.295747 0.299441
v -1.992763 -0.283257 0.290341
v -2.105350 -0.268496 0.281841
v -2.208148 -0.251805 0.274941
v -0.444695 -0.229291 0.276641
v -0.550673 -0.252192 0.276141
v -0.666101 -0.271795 0.276841
v -0.789647 -0.288192 0.278041
v -0.919988 -0.301159 0.278941
v -1.055478 -0.310781 0.279141
v -1.194476 -0.316824 0.278341
v -1.335337 -0.319372 0.275941
v -1.476354 -0.318318 0.271941
v -1.615844 -0.313967 0.266441
v -1.752255 -0.306372 0.259941
v -1.883777 -0.295771 0.252941
v -2.008822 -0.282440 0.245741
v -2.126087 -0.266567 0.239141
v -2.234148 -0.248272 0.233741
v -0.422697 -0.223658 0.222841
v -0.532458 -0.248334 0.222241
v -0.651484 -0.269454 0.222541
v -0.778483 -0.286890 0.223241
v -0.911902 -0.300696 0.223841
v -1.050162 -0.310832 0.223941
v -1.191902 -0.317295 0.223341
v -1.335321 -0.320004 0.221541
v -1.478867 -0.319017 0.218541
v -1.621114 -0.314451 0.214441
v -1.760349 -0.306519 0.209541
v -1.895049 -0.295368 0.204241
v -2.023596 -0.281179 0.198841
v -2.144688 -0.264139 0.193941
v -2.256641 -0.244553 0.189741
v -0.405588 -0.218627 0.166241
v -0.517998 -0.244795 0.165941
v -0.639683 -0.267092 0.166241
v -0.769157 -0.285446 0.166641
v -0.904993 -0.299979 0.167141
v -1.045678 -0.310526 0.167241
v -1.189593 -0.317266 0.166841
v -1.335254 -0.320129 0.165741
v -1.481109 -0.319169 0.163741
v -1.625607 -0.314441 0.160941
v -1.767254 -0.306192 0.157541
v -1.904432 -0.294599 0.153941
v -2.035621 -0.279814 0.150241
v -2.159391 -0.261959 0.146741
v -2.274126 -0.241211 0.143741
v -0.508418 -0.242174 0.108041
v -0.394547 -0.214988 0.107841
v -0.631696 -0.265239 0.108441
v -0.762829 -0.284238 0.108941
v -0.900267 -0.299224 0.109341
v -1.042524 -0.310128 0.109541
v -1.187984 -0.317130 0.109441
v -1.335225 -0.320033 0.108941
v -1.482727 -0.318990 0.107841
v -1.628776 -0.314207 0.106341
v -1.772041 -0.305778 0.104541
v -1.910904 -0.293881 0.102541
v -2.043718 -0.278601 0.100441
v -2.169086 -0.260154 0.098341
v -2.285513 -0.238786 0.096441
v -0.505003 -0.240915 0.049241
v -0.390604 -0.213367 0.048441
v -0.628809 -0.264342 0.049941
v -0.760538 -0.283577 0.050541
v -0.898541 -0.298705 0.051041
v -1.041364 -0.309750 0.051341
v -1.187455 -0.316768 0.051541
v -1.335262 -0.319813 0.051641
v -1.483301 -0.318815 0.051541
v -1.630049 -0.313924 0.051341
v -1.773821 -0.305445 0.051041
v -1.913258 -0.293373 0.050541
v -2.046771 -0.277985 0.049941
v -2.172713 -0.259363 0.049241
v -2.289465 -0.237686 0.048441
v -0.508434 -0.241542 -0.009559
v -0.394564 -0.214355 -0.010959
v -0.631742 -0.264702 -0.008559
v -0.762875 -0.283701 -0.007859
v -0.900313 -0.298687 -0.007359
v -1.042504 -0.309716 -0.006959
v -1.188029 -0.316593 -0.006459
v -1.335300 -0.319592 -0.005759
v -1.482706 -0.318578 -0.004859
v -1.628851 -0.313766 -0.003759
v -1.772115 -0.305337 -0.002559
v -1.910854 -0.293374 -0.001459
v -2.043764 -0.278064 -0.000459
v -2.169132 -0.259617 0.000241
v -2.285434 -0.238183 0.000441
v -0.517994 -0.243751 -0.067459
v -0.405650 -0.217459 -0.069359
v -0.639678 -0.266047 -0.066359
v -0.769181 -0.284498 -0.065659
v -0.905017 -0.299031 -0.065259
v -1.045731 -0.309674 -0.064759
v -1.189647 -0.316414 -0.063959
v -1.335308 -0.319276 -0.062759
v -1.481134 -0.318221 -0.060759
v -1.625631 -0.313493 -0.058359
v -1.767278 -0.305243 -0.055659
v -1.904457 -0.293651 -0.052959
v -2.035712 -0.278741 -0.050359
v -2.159482 -0.260885 -0.048259
v -2.274092 -0.240071 -0.046859
v -0.532499 -0.246753 -0.123859
v -0.422776 -0.221857 -0.125959
v -0.651525 -0.267873 -0.122859
v -0.778553 -0.285405 -0.122359
v -0.912001 -0.299307 -0.122159
v -1.050261 -0.309444 -0.121659
v -1.191906 -0.315934 -0.120659
v -1.335324 -0.318644 -0.118759
v -1.478966 -0.317627 -0.115859
v -1.621184 -0.312966 -0.112059
v -1.760419 -0.305033 -0.107859
v -1.895119 -0.293883 -0.103359
v -2.023761 -0.279665 -0.099159
v -2.144729 -0.262559 -0.095459
v -2.256748 -0.242848 -0.092759
v -0.550731 -0.249979 -0.177759
v -0.444752 -0.227078 -0.179759
v -0.666217 -0.269773 -0.177259
v -0.789763 -0.286170 -0.177459
v -0.920038 -0.299263 -0.177559
v -1.055623 -0.308854 -0.177159
v -1.194525 -0.314927 -0.175959
v -1.335387 -0.317475 -0.173459
v -1.476404 -0.316421 -0.169559
v -1.615989 -0.312041 -0.164459
v -1.752304 -0.304475 -0.158559
v -1.883797 -0.293779 -0.152359
v -2.008937 -0.280419 -0.146159
v -2.126241 -0.264325 -0.140759
v -2.234272 -0.245934 -0.136759
v -0.571309 -0.253012 -0.228559
v -0.470339 -0.232139 -0.229759
v -0.682123 -0.271198 -0.229159
v -0.801651 -0.286416 -0.230259
v -0.928501 -0.298565 -0.231059
v -1.060971 -0.307538 -0.230859
v -1.197258 -0.313258 -0.229459
v -1.335465 -0.315674 -0.226359
v -1.473858 -0.314584 -0.221459
v -1.610685 -0.310417 -0.214959
v -1.743956 -0.303151 -0.207359
v -1.871917 -0.293218 -0.199159
v -1.992924 -0.280699 -0.190959
v -2.105481 -0.265843 -0.183659
v -2.208347 -0.249026 -0.178059
v -0.591250 -0.254984 -0.275659
v -0.496640 -0.236459 -0.275059
v -0.697048 -0.271459 -0.278059
v -0.812586 -0.285592 -0.280559
v -0.936138 -0.296865 -0.282159
v -1.065837 -0.305324 -0.282359
v -1.199632 -0.310757 -0.280659
v -1.335663 -0.312896 -0.276959
v -1.471777 -0.311873 -0.270959
v -1.606038 -0.307860 -0.263059
v -1.736514 -0.301028 -0.253759
v -1.861202 -0.291674 -0.243559
v -1.977978 -0.280027 -0.233059
v -2.085408 -0.266524 -0.223359
v -2.181682 -0.251402 -0.215759
v -0.607094 -0.255174 -0.318759
v -0.519227 -0.238880 -0.315059
v -0.708249 -0.270136 -0.323659
v -0.820554 -0.283268 -0.327959
v -0.941748 -0.294005 -0.330459
v -1.069405 -0.301937 -0.331059
v -1.201435 -0.307071 -0.329259
v -1.335857 -0.309073 -0.324859
v -1.470324 -0.308134 -0.317759
v -1.602843 -0.304234 -0.308459
v -1.731317 -0.297699 -0.297359
v -1.853364 -0.288940 -0.284959
v -1.967022 -0.278034 -0.271959
v -2.069582 -0.265702 -0.259359
v -2.158813 -0.252517 -0.248859
v -0.414098 -0.149128 -0.315759
v -0.368198 -0.138131 -0.280159
v -0.313643 -0.116913 -0.291159
v -0.369610 -0.132473 -0.329159
v -0.268069 -0.094630 -0.305159
v -0.330921 -0.114261 -0.345859
v -0.298021 -0.094806 -0.364459
v -0.230708 -0.071517 -0.321659
v -0.201326 -0.048169 -0.340159
v -0.271622 -0.074730 -0.384459
v -0.180192 -0.025128 -0.360759
v -0.252310 -0.054585 -0.405759
v -0.240827 -0.035085 -0.428459
v -0.167722 -0.003421 -0.383659
v -0.164408 0.016373 -0.409359
v -0.237693 -0.016910 -0.452659
v -0.327960 -0.127186 -0.237059
v -0.266241 -0.101669 -0.246359
v -0.215207 -0.075196 -0.258359
v -0.173874 -0.047962 -0.272759
v -0.141465 -0.020518 -0.289459
v -0.118180 0.006153 -0.309159
v -0.104557 0.030959 -0.332259
v -0.100888 0.052944 -0.359659
v -0.226850 -0.087329 -0.195659
v -0.293220 -0.116446 -0.187759
v -0.171622 -0.056698 -0.205759
v -0.126610 -0.024940 -0.218059
v -0.090980 0.007586 -0.232759
v -0.065164 0.039130 -0.250959
v -0.049817 0.068221 -0.274159
v -0.045619 0.092972 -0.303559
v -0.264970 -0.106760 -0.133659
v -0.195396 -0.074334 -0.140059
v -0.136980 -0.039761 -0.148159
v -0.244016 -0.098719 -0.075759
v -0.172199 -0.063735 -0.080559
v -0.230774 -0.093346 -0.015259
v -0.157925 -0.056690 -0.018259
v -0.381173 0.087553 -0.608059
v -0.425863 0.061656 -0.620059
v -0.380677 0.056249 -0.601359
v -0.325920 0.084305 -0.583759
v -0.279746 0.116441 -0.565659
v -0.342416 0.119022 -0.595659
v -0.243063 0.153455 -0.548859
v -0.308333 0.155051 -0.582759
v -0.279203 0.078432 -0.556959
v -0.340865 0.048298 -0.580059
v -0.227534 0.112134 -0.533159
v -0.185285 0.149229 -0.509659
v -0.214099 0.192926 -0.533259
v -0.151982 0.190932 -0.487859
v -0.240340 0.070457 -0.528259
v -0.306541 0.038466 -0.556359
v -0.184440 0.105692 -0.498559
v -0.138432 0.144150 -0.468459
v -0.101259 0.187915 -0.439459
v -0.278315 0.027146 -0.531059
v -0.208919 0.060358 -0.498059
v -0.149891 0.096940 -0.462459
v -0.100379 0.136945 -0.424859
v -0.059088 0.182904 -0.386859
v -0.185476 0.048092 -0.467459
v -0.256973 0.014160 -0.504659
v -0.124099 0.085526 -0.426159
v -0.071641 0.126619 -0.381159
v -0.026290 0.174581 -0.333259
v -0.243244 -0.000477 -0.478259
v -0.170454 0.033583 -0.437559
v -0.107591 0.071086 -0.391359
v -0.053111 0.112295 -0.339959
v -0.380006 0.036496 0.680641
v -0.425026 0.040388 0.698941
v -0.380262 0.065845 0.686241
v -0.325211 0.064332 0.662141
v -0.278765 0.060318 0.635841
v -0.340427 0.030184 0.659841
v -0.240075 0.054172 0.607641
v -0.306276 0.022181 0.636841
v -0.278224 0.012691 0.612341
v -0.208865 0.046125 0.578241
v -0.185568 0.035784 0.548541
v -0.256961 0.001507 0.587041
v -0.170557 0.022951 0.519741
v -0.243273 -0.011550 0.561741
v -0.164553 0.007322 0.492741
v -0.237792 -0.026497 0.537341
v -0.279030 0.096151 0.643141
v -0.341289 0.096307 0.672941
v -0.227029 0.093894 0.610941
v -0.184147 0.089503 0.576741
v -0.149780 0.082898 0.541241
v -0.124074 0.073600 0.505741
v -0.107615 0.061058 0.472041
v -0.101049 0.044526 0.441641
v -0.308396 0.131863 0.659541
v -0.241012 0.131713 0.624441
v -0.184648 0.130740 0.586241
v -0.138013 0.128028 0.545241
v -0.100209 0.123093 0.502141
v -0.071596 0.115105 0.459141
v -0.053153 0.102899 0.418841
v -0.045738 0.085376 0.383741
v -0.281082 0.170373 0.646241
v -0.211424 0.171516 0.607241
v -0.151440 0.172472 0.563241
v -0.101003 0.171947 0.514941
v -0.058964 0.169589 0.462641
v -0.027501 0.162719 0.411041
v -0.413896 -0.153267 0.411241
v -0.369400 -0.136928 0.423241
v -0.313508 -0.120926 0.384641
v -0.368042 -0.141733 0.375241
v -0.266151 -0.105146 0.339441
v -0.327753 -0.130280 0.331841
v -0.293088 -0.119099 0.282241
v -0.226776 -0.090174 0.288241
v -0.195213 -0.076480 0.232141
v -0.264825 -0.108687 0.227841
v -0.172128 -0.065220 0.172241
v -0.243888 -0.100013 0.169741
v -0.230787 -0.094074 0.109041
v -0.226265 -0.091584 0.046841
v -0.330856 -0.119194 0.438441
v -0.267954 -0.099056 0.397041
v -0.215109 -0.078989 0.349541
v -0.171540 -0.059859 0.296241
v -0.136856 -0.042099 0.237941
v -0.111362 -0.027392 0.175741
v -0.297940 -0.100372 0.455441
v -0.230673 -0.076546 0.411741
v -0.173758 -0.052388 0.361941
v -0.126548 -0.028513 0.306341
v -0.088481 -0.005825 0.245341
v -0.271678 -0.081090 0.473741
v -0.201399 -0.053896 0.428441
v -0.141459 -0.025642 0.376741
v -0.091027 0.003315 0.318741
v -0.252438 -0.061863 0.493441
v -0.180335 -0.031776 0.447341
v -0.118311 0.000234 0.394441
v -0.065224 0.034131 0.334841
v -0.167899 -0.011207 0.468641
v -0.240864 -0.043437 0.514641
v -0.104626 0.023871 0.415741
v -0.049940 0.061985 0.356041
v -0.465225 -0.159787 -0.343659
v -0.491354 -0.168341 -0.330059
v -0.464353 -0.164130 -0.305959
v -0.435789 -0.148268 -0.360159
v -0.404537 -0.133538 -0.380059
v -0.376335 -0.117148 -0.400759
v -0.353061 -0.099778 -0.422059
v -0.335684 -0.081865 -0.443959
v -0.325138 -0.064066 -0.466459
v -0.322132 -0.047002 -0.489659
v -0.433725 -0.158305 -0.273259
v -0.401138 -0.151196 -0.230659
v -0.371470 -0.143720 -0.182059
v -0.346698 -0.136529 -0.128959
v -0.327841 -0.130567 -0.072159
v -0.315955 -0.126557 -0.012859
v -0.311687 -0.125245 0.047941
v -0.502581 0.047296 -0.639659
v -0.475963 0.040648 -0.630759
v -0.476483 0.064328 -0.635759
v -0.447005 0.087648 -0.629859
v -0.415701 0.118670 -0.622159
v -0.330985 0.395288 -0.609959
v -0.445818 0.032194 -0.618259
v -0.413528 0.021517 -0.601359
v -0.383963 0.009789 -0.581759
v -0.359027 -0.002723 -0.560159
v -0.339786 -0.016427 -0.537059
v -0.327226 -0.031127 -0.513359
v -0.501690 0.025176 0.718841
v -0.475518 0.041767 0.714441
v -0.475164 0.019601 0.710341
v -0.445214 0.012565 0.698241
v -0.413089 0.003402 0.681941
v -0.383632 -0.006620 0.663141
v -0.358833 -0.017523 0.642541
v -0.339766 -0.029396 0.620541
v -0.327180 -0.042641 0.597941
v -0.322186 -0.057125 0.575541
v -0.445994 0.064550 0.708041
v -0.414849 0.094366 0.699541
v -0.386948 0.129666 0.690341
v -0.333451 0.396459 0.679941
v -0.465015 -0.164242 0.439441
v -0.464159 -0.167953 0.402541
v -0.491152 -0.172480 0.426641
v -0.433510 -0.161716 0.369841
v -0.400968 -0.154071 0.327141
v -0.371346 -0.146058 0.278441
v -0.346523 -0.138359 0.225041
v -0.327712 -0.131861 0.168141
v -0.315814 -0.127123 0.108741
v -0.435695 -0.153105 0.454841
v -0.404523 -0.138979 0.473341
v -0.376304 -0.123220 0.492641
v -0.353138 -0.106549 0.512441
v -0.335737 -0.089585 0.532741
v -0.325128 -0.072955 0.553741
v -2.152661 0.010200 -0.507159
v -2.066062 0.008272 -0.533159
v -2.082859 0.031372 -0.531959
v -2.176143 0.031260 -0.503059
v -2.203370 0.054089 -0.496859
v -2.103622 0.056203 -0.528859
v -2.229012 0.080406 -0.490659
v -2.123270 0.229455 -0.524559
v -1.965875 0.005653 -0.559559
v -1.978236 0.030955 -0.560459
v -1.994373 0.057931 -0.559359
v -2.011246 0.087640 -0.557259
v -1.863901 0.030505 -0.587559
v -1.854527 0.003291 -0.585359
v -1.876036 0.059293 -0.588059
v -1.896912 0.221316 -0.587359
v -1.734698 0.002004 -0.609559
v -1.741613 0.030769 -0.612659
v -1.750745 0.060837 -0.614159
v -1.760707 0.093667 -0.614759
v -1.608475 0.001800 -0.631359
v -1.613431 0.031849 -0.635059
v -1.619712 0.063035 -0.637359
v -1.624646 0.300696 -0.638659
v -1.478021 0.003129 -0.650059
v -1.481355 0.034043 -0.654159
v -1.485324 0.066301 -0.656859
v -1.489579 0.101051 -0.658759
v -1.345712 0.006088 -0.665059
v -1.347481 0.037676 -0.669359
v -1.349283 0.070528 -0.672359
v -1.329998 0.223343 -0.674359
v -1.213578 0.010877 -0.675959
v -1.213708 0.042697 -0.680159
v -1.213100 0.076592 -0.683159
v -1.212051 0.112966 -0.685259
v -1.082150 0.049021 -0.686459
v -1.083697 0.017190 -0.682459
v -1.079463 0.083224 -0.689159
v -1.076430 0.119934 -0.690959
v -0.958245 0.024748 -0.684459
v -0.954660 0.056063 -0.688059
v -0.949245 0.089957 -0.690259
v -0.936954 0.202669 -0.691459
v -0.839618 0.033236 -0.682059
v -0.833422 0.063859 -0.684959
v -0.824637 0.097144 -0.686359
v -0.814987 0.133615 -0.686659
v -0.720440 0.071663 -0.677159
v -0.729676 0.042384 -0.675259
v -0.707875 0.104318 -0.677359
v -0.686310 0.226540 -0.676359
v -0.631144 0.051141 -0.664659
v -0.617374 0.078830 -0.665059
v -0.599631 0.110639 -0.663459
v -0.581633 0.146029 -0.660759
v -0.546239 0.058406 -0.651159
v -0.525752 0.084466 -0.649059
v -0.501662 0.115490 -0.644959
v -0.443479 0.413785 -0.634259
v -2.195862 -0.001202 -0.489859
v -2.136450 -0.006240 -0.508659
v -2.224070 0.011890 -0.482959
v -2.256520 0.029933 -0.474359
v -2.290624 0.050780 -0.464559
v -2.316067 0.142584 -0.450959
v -0.560301 0.038333 -0.650859
v -0.636398 0.028070 -0.661659
v -0.732747 0.016871 -0.671259
v -0.841192 0.006117 -0.677359
v -0.958875 -0.003391 -0.679359
v -1.083458 -0.011527 -0.676959
v -1.212640 -0.017948 -0.670359
v -1.344180 -0.022500 -0.659459
v -1.475903 -0.024906 -0.644559
v -1.605652 -0.025300 -0.626059
v -1.731113 -0.023969 -0.604659
v -1.850132 -0.021048 -0.581059
v -1.960263 -0.016757 -0.555959
v -2.058495 -0.011492 -0.530859
v -0.545154 0.034867 0.729841
v -0.629976 0.026845 0.743541
v -0.616086 0.053556 0.743241
v -0.524584 0.060170 0.727141
v -0.598318 0.084417 0.740941
v -0.500689 0.090209 0.722341
v -0.580208 0.119146 0.737441
v -0.477521 0.125069 0.716341
v -0.564105 0.156891 0.733141
v -0.445658 0.414867 0.709941
v -0.728492 0.017456 0.754241
v -0.719164 0.045662 0.755441
v -0.706384 0.077311 0.754941
v -0.692774 0.112366 0.753141
v -0.674362 0.286669 0.750741
v -0.832159 0.037130 0.763241
v -0.838263 0.007838 0.761141
v -0.823321 0.069563 0.763941
v -0.813579 0.104960 0.763541
v -0.804498 0.142650 0.762241
v -0.957035 -0.001129 0.763641
v -0.953323 0.028893 0.766441
v -0.947757 0.061904 0.767941
v -0.941531 0.097432 0.768341
v -0.921214 0.353114 0.768041
v -1.080738 0.021411 0.764841
v -1.082383 -0.009032 0.761641
v -1.077931 0.054636 0.766941
v -1.074578 0.089994 0.767941
v -1.071407 0.127498 0.768141
v -1.212353 0.014895 0.758641
v -1.212227 -0.015565 0.755141
v -1.211855 0.048092 0.760941
v -1.211309 0.083155 0.762241
v -1.211366 0.259637 0.762741
v -1.344362 -0.020354 0.744341
v -1.346031 0.009844 0.747841
v -1.347862 0.042600 0.750141
v -1.349647 0.077225 0.751441
v -1.351613 0.113995 0.751941
v -1.476671 -0.023314 0.729241
v -1.479971 0.006336 0.732641
v -1.483874 0.038470 0.734741
v -1.488266 0.072425 0.735741
v -1.499412 0.225210 0.736041
v -1.607037 -0.024355 0.710541
v -1.611989 0.004334 0.713441
v -1.618367 0.035549 0.715141
v -1.625322 0.068299 0.715741
v -1.632047 0.103174 0.715541
v -1.733297 -0.023931 0.688641
v -1.740179 0.003570 0.691041
v -1.749216 0.033608 0.691941
v -1.759108 0.064954 0.691641
v -1.749671 0.290080 0.690741
v -1.853172 -0.022107 0.664441
v -1.862513 0.003843 0.665841
v -1.874706 0.032439 0.665641
v -1.888072 0.062334 0.664241
v -1.900577 0.094370 0.662441
v -1.976768 0.004895 0.638641
v -1.964499 -0.019334 0.638441
v -1.993002 0.031901 0.636841
v -2.010024 0.060087 0.633941
v -2.023939 0.190403 0.625441
v -2.081474 0.006069 0.610141
v -2.064703 -0.016083 0.611941
v -2.102474 0.031495 0.606241
v -2.123894 0.057258 0.601441
v -2.141928 0.084184 0.597141
v -2.174812 0.006810 0.581141
v -2.151452 -0.013272 0.585941
v -2.201969 0.030558 0.574341
v -2.227444 0.055361 0.567341
v -2.187201 0.138020 0.563641
v -0.559211 0.015839 0.730141
v -2.289763 0.028564 0.541941
v -2.329741 0.139224 0.530741
v -2.255530 0.006423 0.552341
v -2.223260 -0.010833 0.561541
v -2.135168 -0.028792 0.587941
v -2.194810 -0.023476 0.569041
v -2.057169 -0.034582 0.610341
v -1.958891 -0.040383 0.635641
v -1.848808 -0.045181 0.660841
v -1.729812 -0.048515 0.684541
v -1.604343 -0.050161 0.706041
v -1.474622 -0.049863 0.724541
v -1.342929 -0.047554 0.739541
v -1.211389 -0.043001 0.750441
v -1.082243 -0.036360 0.757041
v -0.957669 -0.027907 0.759241
v -0.840061 -0.017959 0.757241
v -0.731595 -0.006793 0.750941
v -0.635262 0.005039 0.741241
v -0.514363 -0.164257 -0.384859
v -0.605606 -0.179626 -0.404259
v -0.619972 -0.188003 -0.376759
v -0.535151 -0.173812 -0.361559
v -0.708424 -0.193873 -0.418759
v -0.718439 -0.201693 -0.388259
v -0.821158 -0.206352 -0.428759
v -0.828365 -0.213878 -0.396259
v -0.947238 -0.223858 -0.400959
v -0.942302 -0.216581 -0.434459
v -1.069776 -0.224255 -0.435959
v -1.072785 -0.231387 -0.402059
v -1.201366 -0.229314 -0.433259
v -1.202766 -0.236311 -0.399659
v -1.335214 -0.231491 -0.426659
v -1.335100 -0.238321 -0.393759
v -1.467727 -0.237524 -0.384259
v -1.469297 -0.230669 -0.416159
v -1.598341 -0.233891 -0.371759
v -1.601616 -0.227143 -0.402059
v -1.730046 -0.221144 -0.384959
v -1.724807 -0.227968 -0.356559
v -1.845037 -0.219764 -0.339159
v -1.852584 -0.212968 -0.365259
v -1.956611 -0.209910 -0.320159
v -1.967261 -0.203006 -0.343359
v -2.072200 -0.191621 -0.319359
v -2.057145 -0.198822 -0.299959
v -2.144144 -0.187572 -0.278859
v -2.165958 -0.179566 -0.293659
v -0.490134 -0.151987 -0.407859
v -0.587188 -0.168931 -0.430059
v -0.694724 -0.184248 -0.446759
v -0.811301 -0.197333 -0.458159
v -0.935502 -0.207990 -0.464659
v -1.065496 -0.216046 -0.466359
v -1.199424 -0.221229 -0.463459
v -1.335419 -0.223588 -0.456059
v -1.471620 -0.222852 -0.444559
v -1.606247 -0.219355 -0.429159
v -1.737272 -0.213297 -0.410259
v -1.863105 -0.204953 -0.388359
v -1.981649 -0.194649 -0.363859
v -2.091634 -0.182666 -0.336959
v -2.191431 -0.169503 -0.307659
v -0.568371 -0.156580 -0.454659
v -0.466711 -0.137904 -0.430659
v -0.680116 -0.173019 -0.472659
v -0.800404 -0.186959 -0.485059
v -0.927845 -0.198301 -0.492059
v -1.060677 -0.206747 -0.493759
v -1.197192 -0.212188 -0.490459
v -1.335649 -0.214737 -0.482459
v -1.474282 -0.214096 -0.469959
v -1.611535 -0.210635 -0.453359
v -1.745537 -0.204401 -0.433059
v -1.874636 -0.195794 -0.409259
v -1.997211 -0.184993 -0.382659
v -2.111607 -0.172398 -0.353259
v -2.215576 -0.158173 -0.321159
v -0.551673 -0.142956 -0.478159
v -0.446674 -0.122579 -0.453159
v -0.666739 -0.160683 -0.497059
v -0.790230 -0.175529 -0.509859
v -0.920566 -0.187452 -0.517059
v -1.056043 -0.196346 -0.518559
v -1.195013 -0.202293 -0.514759
v -1.335807 -0.204966 -0.506059
v -1.477000 -0.204486 -0.492759
v -1.616751 -0.200996 -0.475159
v -1.753541 -0.194644 -0.453659
v -1.885684 -0.185736 -0.428559
v -2.011561 -0.174452 -0.400259
v -2.129298 -0.161153 -0.369059
v -2.235667 -0.145882 -0.334759
v -0.431431 -0.106525 -0.475659
v -0.538766 -0.128385 -0.500959
v -0.656077 -0.147310 -0.519959
v -0.781823 -0.163037 -0.532859
v -0.914386 -0.175746 -0.539859
v -1.052029 -0.185233 -0.541059
v -1.193175 -0.191458 -0.536759
v -1.336115 -0.194314 -0.527459
v -1.479454 -0.194016 -0.513459
v -1.621389 -0.190487 -0.495059
v -1.760459 -0.184068 -0.472659
v -1.895013 -0.174844 -0.446559
v -2.023370 -0.163117 -0.417159
v -2.143181 -0.149081 -0.384759
v -2.250427 -0.132916 -0.349259
v -0.421859 -0.090207 -0.497959
v -0.530491 -0.113240 -0.523059
v -0.649167 -0.133212 -0.541759
v -0.776345 -0.149862 -0.554259
v -0.910347 -0.163177 -0.560859
v -1.049467 -0.173051 -0.561559
v -1.192059 -0.179567 -0.556859
v -1.336572 -0.182779 -0.547059
v -1.481300 -0.182581 -0.532459
v -1.624817 -0.179093 -0.513459
v -1.765408 -0.172524 -0.490359
v -1.901581 -0.163120 -0.463659
v -2.031402 -0.151051 -0.433659
v -2.152207 -0.136504 -0.400759
v -2.259411 -0.119515 -0.364959
v -0.527973 -0.098117 -0.544459
v -0.419145 -0.074098 -0.520259
v -0.647170 -0.118767 -0.562459
v -0.774742 -0.136028 -0.574359
v -0.909273 -0.149705 -0.580259
v -1.048855 -0.160065 -0.580559
v -1.191947 -0.166847 -0.575459
v -1.337025 -0.170201 -0.565159
v -1.482319 -0.170144 -0.550159
v -1.626401 -0.166797 -0.530759
v -1.767654 -0.160340 -0.507259
v -1.904305 -0.150791 -0.480259
v -2.034700 -0.138547 -0.450159
v -2.155485 -0.123588 -0.417259
v -2.262264 -0.105892 -0.382059
v -0.423752 -0.058686 -0.542359
v -0.532065 -0.083071 -0.565259
v -0.650650 -0.104116 -0.582059
v -0.777678 -0.121648 -0.592959
v -0.911597 -0.135720 -0.598259
v -1.050576 -0.146160 -0.597959
v -1.193123 -0.153213 -0.592459
v -1.337503 -0.156675 -0.581859
v -1.482252 -0.156888 -0.566559
v -1.625760 -0.153716 -0.546959
v -1.766315 -0.147367 -0.523459
v -1.902487 -0.137963 -0.496559
v -2.032344 -0.125675 -0.466759
v -2.152689 -0.110640 -0.434459
v -2.258882 -0.092391 -0.400159
v -0.434990 -0.043762 -0.563959
v -0.541942 -0.068143 -0.585059
v -0.658976 -0.089243 -0.600359
v -0.784452 -0.106829 -0.610159
v -0.916820 -0.120956 -0.614559
v -1.054277 -0.131546 -0.613659
v -1.195272 -0.138653 -0.607759
v -1.338159 -0.142361 -0.597059
v -1.481290 -0.142754 -0.581659
v -1.623210 -0.139858 -0.562059
v -1.762270 -0.133755 -0.538759
v -1.896854 -0.124626 -0.512259
v -2.025219 -0.112583 -0.483059
v -2.144423 -0.097582 -0.451759
v -2.249763 -0.079280 -0.418759
v -0.451872 -0.029522 -0.584359
v -0.556370 -0.053396 -0.603359
v -0.670979 -0.074086 -0.617159
v -0.794088 -0.091452 -0.625759
v -0.924089 -0.105360 -0.629259
v -1.059363 -0.115988 -0.627859
v -1.198174 -0.123133 -0.621559
v -1.338782 -0.126909 -0.610659
v -1.479787 -0.127532 -0.595359
v -1.619515 -0.124989 -0.575959
v -1.756288 -0.119270 -0.553059
v -1.888393 -0.110583 -0.527159
v -2.014279 -0.098982 -0.498859
v -2.131570 -0.084564 -0.468759
v -2.235600 -0.066765 -0.437259
v -0.574438 -0.038586 -0.619959
v -0.473421 -0.015846 -0.603059
v -0.685652 -0.058428 -0.632159
v -0.805521 -0.075110 -0.639659
v -0.932589 -0.088657 -0.642459
v -1.065180 -0.099057 -0.640459
v -1.201367 -0.106165 -0.633959
v -1.339628 -0.110133 -0.623059
v -1.478097 -0.111006 -0.607759
v -1.615191 -0.108744 -0.588659
v -1.749228 -0.103649 -0.566259
v -1.878280 -0.095579 -0.541059
v -2.000885 -0.084874 -0.513759
v -2.114894 -0.071351 -0.485059
v -2.216965 -0.054672 -0.455359
v -0.498160 -0.002348 -0.619659
v -0.594630 -0.023547 -0.634359
v -0.701548 -0.041980 -0.645159
v -0.817648 -0.057615 -0.651859
v -0.941475 -0.070477 -0.654059
v -1.071104 -0.080421 -0.651759
v -1.204792 -0.087559 -0.645059
v -1.340553 -0.091557 -0.634159
v -1.476514 -0.092776 -0.618959
v -1.610938 -0.091014 -0.600159
v -1.741951 -0.086632 -0.578159
v -1.867626 -0.079486 -0.553759
v -1.986184 -0.069909 -0.527459
v -2.096013 -0.057765 -0.500159
v -2.194625 -0.042768 -0.472359
v -0.614083 -0.007792 -0.646359
v -0.523628 0.011163 -0.633559
v -0.716365 -0.024397 -0.656159
v -0.828800 -0.038639 -0.662259
v -0.949491 -0.050471 -0.664059
v -1.076666 -0.059908 -0.661659
v -1.207987 -0.066828 -0.654859
v -1.341623 -0.071054 -0.643959
v -1.475363 -0.072533 -0.628859
v -1.607491 -0.071469 -0.610259
v -1.735796 -0.067808 -0.588759
v -1.858211 -0.061969 -0.564959
v -1.972714 -0.053838 -0.539459
v -2.077657 -0.043497 -0.513459
v -2.170990 -0.030735 -0.487759
v -0.545332 0.024677 -0.644059
v -0.629641 0.009076 -0.655559
v -0.727718 -0.005047 -0.664859
v -0.837224 -0.017569 -0.670759
v -0.955698 -0.028299 -0.672559
v -1.080992 -0.037055 -0.670059
v -1.210769 -0.043712 -0.663359
v -1.342787 -0.048119 -0.652459
v -1.475092 -0.050034 -0.637459
v -1.605433 -0.049620 -0.618959
v -1.731779 -0.047079 -0.597659
v -1.851690 -0.042631 -0.574159
v -1.963203 -0.036351 -0.549159
v -2.063501 -0.028261 -0.524059
v -2.150335 -0.018526 -0.500159
v -0.549249 -0.180283 -0.338159
v -0.625618 -0.193495 -0.346459
v -0.722218 -0.207232 -0.354359
v -0.830938 -0.219575 -0.360359
v -0.948891 -0.229627 -0.363759
v -1.073739 -0.237264 -0.364459
v -1.203280 -0.242112 -0.362159
v -1.335010 -0.244202 -0.356959
v -1.467072 -0.243265 -0.348559
v -1.597054 -0.239615 -0.337559
v -1.722925 -0.233455 -0.324359
v -1.842178 -0.225130 -0.309559
v -1.952620 -0.214995 -0.293559
v -2.051132 -0.203791 -0.277459
v -2.129418 -0.193106 -0.263159
v -2.216556 -0.176482 -0.257959
v -2.189135 -0.183584 -0.251059
v -2.247387 -0.167191 -0.266359
v -2.279576 -0.155500 -0.276359
v -2.307903 -0.142790 -0.286959
v -2.330142 -0.129322 -0.298559
v -2.345655 -0.115395 -0.312159
v -2.354385 -0.100817 -0.327959
v -2.356851 -0.086266 -0.345959
v -2.353235 -0.072001 -0.365259
v -2.343647 -0.058718 -0.385359
v -2.328087 -0.046421 -0.405559
v -2.306927 -0.035306 -0.425659
v -2.280715 -0.025104 -0.445059
v -2.251067 -0.015636 -0.463159
v -2.221790 -0.007727 -0.478259
v -2.373698 -0.147724 0.299041
v -2.316232 -0.159487 0.331641
v -2.269487 -0.172478 0.328241
v -2.317190 -0.164004 0.298141
v -2.416951 -0.131512 0.302241
v -2.356602 -0.145826 0.337341
v -2.446976 -0.115462 0.307341
v -2.389328 -0.131776 0.344741
v -2.468583 -0.099573 0.315241
v -2.412886 -0.117487 0.354041
v -2.483227 -0.083821 0.326241
v -2.427901 -0.103294 0.365441
v -2.491378 -0.068373 0.340641
v -2.436364 -0.089216 0.379541
v -2.492762 -0.054047 0.358541
v -2.438892 -0.075900 0.396141
v -2.418334 -0.136735 0.263341
v -2.358523 -0.155904 0.263641
v -2.461997 -0.118098 0.264241
v -2.492549 -0.100006 0.267741
v -2.514692 -0.081759 0.275041
v -2.530063 -0.063588 0.286041
v -2.538513 -0.046378 0.300741
v -2.539356 -0.030962 0.319741
v -2.392224 -0.148142 0.225141
v -2.453872 -0.126428 0.223941
v -2.497747 -0.105739 0.223941
v -2.528165 -0.085493 0.227341
v -2.550786 -0.064695 0.234741
v -2.566854 -0.044014 0.245941
v -2.575678 -0.024597 0.261241
v -2.575619 -0.011025 0.279941
v -2.481879 -0.117474 0.181541
v -2.418036 -0.140903 0.183341
v -2.524243 -0.095261 0.181441
v -2.553447 -0.073084 0.185441
v -2.575530 -0.049837 0.193341
v -2.591489 -0.026052 0.205041
v -2.599667 -0.005892 0.220841
v -2.601316 0.011337 0.241541
v -2.502748 -0.110488 0.136541
v -2.438498 -0.134981 0.138641
v -2.542064 -0.087530 0.136641
v -2.569095 -0.063716 0.140941
v -2.590170 -0.037848 0.148441
v -2.604811 -0.012478 0.160541
v -2.614534 0.013588 0.177041
v -2.603579 0.114372 0.211741
v -2.516914 -0.105857 0.090341
v -2.452427 -0.130946 0.092641
v -2.551957 -0.082947 0.090341
v -2.576706 -0.058155 0.093541
v -2.597002 -0.029389 0.098441
v -2.611549 -0.000285 0.103241
v -2.614495 0.157110 0.120741
v -2.378228 0.000013 0.498041
v -2.323135 0.004131 0.524541
v -2.275046 -0.014392 0.540641
v -2.321034 -0.019508 0.519041
v -2.414970 0.020096 0.481241
v -2.364297 0.025143 0.509941
v -2.434093 0.104851 0.465541
v -2.394091 0.050531 0.498141
v -2.416386 -0.005817 0.473441
v -2.360468 -0.026099 0.497441
v -2.450078 0.015009 0.453041
v -2.475449 0.039467 0.434641
v -2.441290 -0.012759 0.450041
v -2.392341 -0.033948 0.476041
v -2.476608 0.010967 0.426241
v -2.503320 0.033430 0.404541
v -2.521845 0.062178 0.389141
v -2.486596 0.156918 0.404741
v -2.461459 -0.020621 0.426241
v -2.413720 -0.042696 0.455241
v -2.499849 0.003309 0.397741
v -2.528900 0.025649 0.372641
v -2.542052 0.139947 0.337341
v -2.477035 -0.029883 0.402541
v -2.427420 -0.052320 0.434841
v -2.518999 -0.006013 0.369541
v -2.550711 0.016510 0.340541
v -2.573513 0.048026 0.319441
v -2.487753 -0.041043 0.379441
v -2.435611 -0.063415 0.414841
v -2.532497 -0.017371 0.342941
v -2.565264 0.004427 0.312241
v -2.584270 0.116328 0.269141
v -2.274987 0.007753 -0.462059
v -2.322998 0.026879 -0.446759
v -2.376810 0.022161 -0.420059
v -2.318681 0.001938 -0.440759
v -2.418436 0.015925 -0.394459
v -2.355723 -0.005382 -0.418859
v -2.448508 0.008154 -0.370059
v -2.385675 -0.014131 -0.396759
v -2.468942 -0.001614 -0.346259
v -2.407931 -0.024388 -0.374759
v -2.482203 -0.013567 -0.322559
v -2.423088 -0.036391 -0.352759
v -2.489840 -0.027653 -0.298959
v -2.431904 -0.050222 -0.331159
v -2.492305 -0.043628 -0.276459
v -2.435121 -0.065237 -0.310359
v -2.422020 0.041898 -0.402159
v -2.365708 0.046586 -0.432059
v -2.464117 0.035491 -0.372359
v -2.487411 0.031091 -0.350659
v -2.505015 0.018265 -0.324659
v -2.522098 0.006117 -0.292259
v -2.530745 -0.004420 -0.268159
v -2.533184 -0.021343 -0.243359
v -2.398414 0.072025 -0.420959
v -2.451753 0.121001 -0.382259
v -2.494949 0.061927 -0.354559
v -2.508286 0.058987 -0.344159
v -2.536657 0.140498 -0.298059
v -2.550476 0.033060 -0.269259
v -2.557446 0.016367 -0.243759
v -2.563558 -0.001633 -0.206959
v -2.573240 0.080141 -0.260359
v -2.570873 0.069383 -0.263159
v -2.573067 0.155148 -0.211159
v -2.589301 0.021266 -0.168359
v -2.317156 -0.160460 -0.202759
v -2.269624 -0.168464 -0.232559
v -2.316280 -0.155187 -0.236959
v -2.373643 -0.143769 -0.204959
v -2.358290 -0.152734 -0.168359
v -2.421152 -0.132950 -0.169359
v -2.461042 -0.123198 -0.130359
v -2.393562 -0.145330 -0.129959
v -2.422365 -0.138643 -0.088759
v -2.491649 -0.115229 -0.088559
v -2.443319 -0.133303 -0.045459
v -2.511765 -0.109203 -0.045159
v -2.522112 -0.105423 -0.001159
v -2.455392 -0.130042 -0.000259
v -2.458261 -0.129168 0.046141
v -2.523506 -0.104162 0.044141
v -2.418712 -0.127002 -0.208859
v -2.355902 -0.141126 -0.243559
v -2.468867 -0.114227 -0.171059
v -2.504634 -0.103641 -0.131059
v -2.526963 -0.095268 -0.089859
v -2.541972 -0.088603 -0.046759
v -2.551301 -0.083879 -0.002359
v -2.554644 -0.081814 0.043541
v -2.387687 -0.126735 -0.251459
v -2.450789 -0.111164 -0.214259
v -2.495335 -0.097484 -0.175859
v -2.525409 -0.085706 -0.136859
v -2.547105 -0.074912 -0.095959
v -2.562840 -0.065831 -0.052059
v -2.573004 -0.059389 -0.005259
v -2.577695 -0.056599 0.044041
v -2.410401 -0.112077 -0.261359
v -2.470432 -0.095351 -0.223959
v -2.511676 -0.079750 -0.186659
v -2.541381 -0.065053 -0.148059
v -2.563821 -0.051209 -0.106559
v -2.580558 -0.038896 -0.060959
v -2.591707 -0.029853 -0.010759
v -2.597216 -0.025979 0.043741
v -2.424904 -0.096889 -0.274659
v -2.482763 -0.078526 -0.238059
v -2.523278 -0.060534 -0.201759
v -2.553573 -0.042624 -0.163659
v -2.577193 -0.024763 -0.121859
v -2.593626 -0.010764 -0.076059
v -2.605796 0.001098 -0.018359
v -2.612302 0.009249 0.042341
v -2.432621 -0.081052 -0.291259
v -2.489861 -0.060995 -0.255859
v -2.530471 -0.040570 -0.220859
v -2.561613 -0.019266 -0.183959
v -2.585539 0.000675 -0.142959
v -2.604038 0.019902 -0.097259
v -2.609830 0.150461 -0.029259
v -2.627445 0.068643 0.040441
v -2.606383 0.112717 -0.124459
v -2.216317 -0.180841 0.354041
v -2.189000 -0.187598 0.347841
v -2.217049 -0.184277 0.327541
v -2.247139 -0.171866 0.361441
v -2.280174 -0.160545 0.370741
v -2.310071 -0.148193 0.380541
v -2.334824 -0.135422 0.391241
v -2.353225 -0.122392 0.403441
v -2.364729 -0.109373 0.417341
v -2.368946 -0.096798 0.432841
v -2.248764 -0.179943 0.300641
v -2.282495 -0.174682 0.266141
v -2.313132 -0.169214 0.227541
v -2.338319 -0.164047 0.185641
v -2.356595 -0.159523 0.141141
v -2.368161 -0.156312 0.094841
v -2.372437 -0.154904 0.047841
v -2.221605 -0.029423 0.557341
v -2.251885 -0.036503 0.542641
v -2.284116 -0.045185 0.524741
v -2.313273 -0.054071 0.505841
v -2.337296 -0.063268 0.486941
v -2.354996 -0.073659 0.468141
v -2.365648 -0.084945 0.449841
v -2.217177 -0.180579 -0.230659
v -2.248883 -0.176561 -0.203759
v -2.282444 -0.171770 -0.169459
v -2.312815 -0.166801 -0.130859
v -2.337929 -0.162075 -0.089159
v -2.356694 -0.158133 -0.044959
v -2.368464 -0.155592 0.000941
v -2.071906 -0.196833 0.415741
v -2.056897 -0.203497 0.397441
v -2.143838 -0.192056 0.375441
v -2.165702 -0.184557 0.389241
v -1.966901 -0.208343 0.440441
v -1.956363 -0.214586 0.418441
v -1.852283 -0.218496 0.463041
v -1.844819 -0.224534 0.438141
v -1.729744 -0.226672 0.483441
v -1.724589 -0.232739 0.456041
v -1.601344 -0.232767 0.500941
v -1.598152 -0.238758 0.471641
v -1.469024 -0.236293 0.515241
v -1.467442 -0.242420 0.484441
v -1.335037 -0.237086 0.525841
v -1.334910 -0.243188 0.494041
v -1.201189 -0.234909 0.532441
v -1.202576 -0.241177 0.499841
v -1.069503 -0.229879 0.534741
v -1.072500 -0.236283 0.501941
v -0.942125 -0.222176 0.532741
v -0.946953 -0.228754 0.500341
v -0.820981 -0.211946 0.526441
v -0.828147 -0.218648 0.495141
v -0.708190 -0.199276 0.515741
v -0.718316 -0.206435 0.486341
v -0.605438 -0.184905 0.500441
v -0.619723 -0.192678 0.473941
v -0.514231 -0.169315 0.480241
v -0.534999 -0.178458 0.457941
v -2.091228 -0.188540 0.432041
v -2.191224 -0.175002 0.402241
v -1.981207 -0.200742 0.459741
v -1.862720 -0.211238 0.484941
v -1.737012 -0.219649 0.507441
v -1.605892 -0.225736 0.526741
v -1.471293 -0.229329 0.542441
v -1.335093 -0.230064 0.554041
v -1.199194 -0.227677 0.561341
v -1.065266 -0.222493 0.563941
v -0.935272 -0.214437 0.561741
v -0.811137 -0.203656 0.554641
v -0.694597 -0.190351 0.542541
v -0.587128 -0.174908 0.525041
v -0.489986 -0.157678 0.502041
v -2.111186 -0.178904 0.447041
v -2.216177 -0.164262 0.414841
v -1.996714 -0.191939 0.477141
v -1.874197 -0.202932 0.504441
v -1.745129 -0.211635 0.528741
v -1.611126 -0.217869 0.549541
v -1.473903 -0.221425 0.566441
v -1.335268 -0.222066 0.578941
v -1.196937 -0.219583 0.586941
v -1.060392 -0.214047 0.589941
v -0.927628 -0.205476 0.587741
v -0.800186 -0.194134 0.580241
v -0.679935 -0.179974 0.567041
v -0.568227 -0.163314 0.548241
v -0.466672 -0.144293 0.523441
v -2.129043 -0.168548 0.461441
v -2.237736 -0.152674 0.427341
v -2.011010 -0.182251 0.493241
v -1.885220 -0.193822 0.522141
v -1.753011 -0.202856 0.547841
v -1.616251 -0.209302 0.569841
v -1.476528 -0.212889 0.587741
v -1.335461 -0.213435 0.601141
v -1.194637 -0.210666 0.609741
v -1.055668 -0.204718 0.613241
v -0.920258 -0.195700 0.611241
v -0.789988 -0.183652 0.603541
v -0.666629 -0.168557 0.589941
v -0.551601 -0.150609 0.570241
v -0.446676 -0.129792 0.544441
v -2.143409 -0.157375 0.475741
v -2.254657 -0.140618 0.440441
v -2.022699 -0.171894 0.508641
v -1.894335 -0.183937 0.538641
v -1.759838 -0.193353 0.565241
v -1.620827 -0.199963 0.588141
v -1.478892 -0.203492 0.606841
v -1.335706 -0.203951 0.620941
v -1.192832 -0.200971 0.630141
v -1.051754 -0.194621 0.634141
v -0.914081 -0.185038 0.632541
v -0.781681 -0.172175 0.625041
v -0.655943 -0.156132 0.611441
v -0.538669 -0.136987 0.591541
v -0.431439 -0.114782 0.565341
v -2.152881 -0.145917 0.490241
v -2.265695 -0.128472 0.454441
v -2.030765 -0.160968 0.523641
v -1.900773 -0.173507 0.554241
v -1.764755 -0.183073 0.581441
v -1.624193 -0.189737 0.604941
v -1.480705 -0.193321 0.624241
v -1.336007 -0.193615 0.638941
v -1.191589 -0.190374 0.648641
v -1.049063 -0.183732 0.653141
v -0.910076 -0.173609 0.651941
v -0.776141 -0.160169 0.644941
v -0.649001 -0.143298 0.631741
v -0.530332 -0.123011 0.612141
v -0.421870 -0.099508 0.586241
v -2.269866 -0.116433 0.469441
v -2.156595 -0.134435 0.505141
v -2.033934 -0.149758 0.538641
v -1.903465 -0.162441 0.569341
v -1.766776 -0.172212 0.596841
v -1.625678 -0.178831 0.620641
v -1.481720 -0.182244 0.640341
v -1.336426 -0.182301 0.655441
v -1.191444 -0.178918 0.665641
v -1.048419 -0.172011 0.670541
v -0.908807 -0.161555 0.669841
v -0.774476 -0.147504 0.663441
v -0.646941 -0.130022 0.650941
v -0.527944 -0.108998 0.632241
v -0.419124 -0.084663 0.607141
v -2.153729 -0.122973 0.520741
v -2.266436 -0.104829 0.485641
v -2.031509 -0.138370 0.553841
v -1.901548 -0.151003 0.584241
v -1.765462 -0.160695 0.611541
v -1.624938 -0.167139 0.635341
v -1.481553 -0.170377 0.655241
v -1.336834 -0.170259 0.670541
v -1.192550 -0.166768 0.681041
v -1.050069 -0.159591 0.686341
v -0.911127 -0.148931 0.686341
v -0.777342 -0.134609 0.680641
v -0.650418 -0.116732 0.669141
v -0.531936 -0.095341 0.651641
v -0.423698 -0.070515 0.627941
v -2.144916 -0.111545 0.536641
v -2.256187 -0.093840 0.502541
v -2.024217 -0.126793 0.568741
v -1.895845 -0.139151 0.598541
v -1.761348 -0.148567 0.625441
v -1.622346 -0.154861 0.648941
v -1.480455 -0.157854 0.668741
v -1.337353 -0.157557 0.684141
v -1.194562 -0.153819 0.694841
v -1.053633 -0.146587 0.700641
v -0.916310 -0.135747 0.701241
v -0.784046 -0.121275 0.696441
v -0.658578 -0.103372 0.686141
v -0.541648 -0.081927 0.670141
v -0.434895 -0.057172 0.648341
v -2.240144 -0.083047 0.519841
v -2.131322 -0.100216 0.552341
v -2.013236 -0.114771 0.583341
v -1.887343 -0.126688 0.612141
v -1.755230 -0.135692 0.638341
v -1.618515 -0.141602 0.661441
v -1.478940 -0.144307 0.680941
v -1.337964 -0.143780 0.696441
v -1.197327 -0.139909 0.707241
v -1.058553 -0.132543 0.713341
v -0.923442 -0.121761 0.714541
v -0.793546 -0.107508 0.710741
v -0.670540 -0.089796 0.701641
v -0.556035 -0.068762 0.687341
v -0.451640 -0.044542 0.667641
v -2.219285 -0.072573 0.536941
v -2.114193 -0.088605 0.567541
v -1.999705 -0.102273 0.597041
v -1.877218 -0.113361 0.624841
v -1.748157 -0.121748 0.650241
v -1.614208 -0.127129 0.672841
v -1.477143 -0.129487 0.692041
v -1.338674 -0.128614 0.707341
v -1.200508 -0.124618 0.718341
v -1.064263 -0.117317 0.724641
v -0.931805 -0.106667 0.726441
v -0.804841 -0.092775 0.723341
v -0.685076 -0.075749 0.715541
v -0.573966 -0.055561 0.702741
v -0.473053 -0.032476 0.685341
v -2.195140 -0.061950 0.553241
v -2.094956 -0.076591 0.581841
v -1.984993 -0.088985 0.609741
v -1.866456 -0.098973 0.636341
v -1.740869 -0.106406 0.661041
v -1.609847 -0.111105 0.683041
v -1.475452 -0.112962 0.702041
v -1.339521 -0.111839 0.717241
v -1.203825 -0.107717 0.728141
v -1.070205 -0.100452 0.734741
v -0.940584 -0.090193 0.736841
v -0.816860 -0.076986 0.734441
v -0.700768 -0.061035 0.727441
v -0.593926 -0.042161 0.716241
v -0.497656 -0.020587 0.700941
v -2.170303 -0.051120 0.568041
v -2.076433 -0.063837 0.594341
v -1.971511 -0.074590 0.620841
v -1.857000 -0.083037 0.646441
v -1.734606 -0.089288 0.670541
v -1.606359 -0.093141 0.692141
v -1.474289 -0.094395 0.710841
v -1.340454 -0.092946 0.725941
v -1.206914 -0.088690 0.736841
v -1.075534 -0.081579 0.743441
v -0.948493 -0.071892 0.745841
v -0.827877 -0.059620 0.743741
v -0.715545 -0.045032 0.737441
v -0.613337 -0.027987 0.727341
v -0.522891 -0.008716 0.714141
v -2.149240 -0.039977 0.579941
v -2.062207 -0.050086 0.604241
v -1.961901 -0.058492 0.629641
v -1.850438 -0.065279 0.654741
v -1.730548 -0.070139 0.678441
v -1.604289 -0.072968 0.699841
v -1.473882 -0.073507 0.718441
v -1.341577 -0.071591 0.733441
v -1.209559 -0.067184 0.744241
v -1.079848 -0.060402 0.750941
v -0.954658 -0.051301 0.753341
v -0.836164 -0.040159 0.751441
v -0.726732 -0.027197 0.745341
v -0.628634 -0.012662 0.735841
v -0.544495 0.003409 0.723941
v -2.129216 -0.197244 0.360641
v -2.050931 -0.207929 0.375741
v -1.952417 -0.219134 0.392641
v -1.841976 -0.229268 0.409341
v -1.722723 -0.237594 0.424741
v -1.596947 -0.243724 0.438441
v -1.466870 -0.247403 0.449741
v -1.334903 -0.248313 0.458141
v -1.203077 -0.246251 0.463241
v -1.073537 -0.241403 0.465241
v -0.948718 -0.233862 0.464041
v -0.830736 -0.223714 0.460041
v -0.722045 -0.211466 0.453341
v -0.625415 -0.197634 0.444541
v -0.549076 -0.184518 0.435441
v -0.603562 -0.198648 0.370441
v -0.618853 -0.199424 0.410341
v -0.533911 -0.183808 0.405841
v -0.512097 -0.180838 0.368641
v -0.706714 -0.214674 0.373541
v -0.717516 -0.214101 0.415741
v -0.819827 -0.228397 0.376541
v -0.827617 -0.226859 0.420441
v -0.941167 -0.239612 0.378441
v -0.946540 -0.237348 0.423341
v -1.068815 -0.247860 0.378741
v -1.072204 -0.245259 0.424041
v -1.200779 -0.253120 0.377141
v -1.202405 -0.250220 0.422241
v -1.334848 -0.255334 0.373341
v -1.334863 -0.252297 0.417841
v -1.469094 -0.254357 0.367041
v -1.467558 -0.251375 0.410441
v -1.601583 -0.250361 0.358741
v -1.598238 -0.247618 0.400741
v -1.730316 -0.243643 0.348941
v -1.724874 -0.241224 0.389041
v -1.853100 -0.234556 0.338041
v -1.845179 -0.232578 0.375941
v -1.968066 -0.223146 0.326741
v -1.956932 -0.221939 0.362141
v -2.073276 -0.209901 0.316041
v -2.057586 -0.209874 0.348741
v -2.167319 -0.195355 0.306941
v -2.144751 -0.197110 0.337141
v -0.584328 -0.196251 0.325441
v -0.486752 -0.176226 0.325241
v -0.692248 -0.213856 0.326941
v -0.809254 -0.228692 0.328741
v -0.933833 -0.240593 0.329841
v -1.064253 -0.249355 0.329841
v -1.198547 -0.255054 0.328441
v -1.334828 -0.257325 0.325241
v -1.471382 -0.256377 0.320041
v -1.606342 -0.252256 0.313141
v -1.737774 -0.245133 0.305041
v -1.863898 -0.235342 0.296241
v -1.982808 -0.223149 0.287141
v -2.093174 -0.208646 0.278641
v -2.193493 -0.192396 0.271341
v -0.564457 -0.192794 0.276141
v -0.462093 -0.170777 0.276541
v -0.676827 -0.211970 0.276641
v -0.797728 -0.227918 0.277541
v -0.925731 -0.240762 0.278041
v -1.059045 -0.250105 0.277941
v -1.195955 -0.256158 0.276841
v -1.334794 -0.258590 0.274241
v -1.473945 -0.257583 0.270141
v -1.611567 -0.253278 0.264541
v -1.746043 -0.245854 0.258141
v -1.875632 -0.235425 0.251241
v -1.998646 -0.222295 0.244141
v -2.113595 -0.206709 0.237441
v -2.218957 -0.188818 0.231741
v -0.546807 -0.189077 0.223041
v -0.440882 -0.165324 0.223641
v -0.662622 -0.209608 0.223141
v -0.786813 -0.226750 0.223541
v -0.917836 -0.240241 0.223841
v -1.053950 -0.250194 0.223641
v -1.193477 -0.256600 0.222841
v -1.334874 -0.259194 0.220941
v -1.476457 -0.258281 0.217741
v -1.616837 -0.253762 0.213641
v -1.754109 -0.245905 0.208741
v -1.886779 -0.234955 0.203541
v -2.013201 -0.220995 0.198241
v -2.131813 -0.204398 0.193241
v -2.240972 -0.185245 0.188941
v -0.532818 -0.185709 0.167041
v -0.424434 -0.160405 0.167341
v -0.651166 -0.207350 0.167141
v -0.777803 -0.225313 0.167341
v -0.911148 -0.239561 0.167541
v -1.049495 -0.249984 0.167541
v -1.191293 -0.256638 0.166941
v -1.334933 -0.259385 0.165741
v -1.478699 -0.258434 0.163641
v -1.621233 -0.253782 0.160741
v -1.760917 -0.245608 0.157441
v -1.895971 -0.234244 0.153841
v -2.025034 -0.219689 0.150241
v -2.146200 -0.202209 0.146841
v -2.257978 -0.182049 0.143841
v -0.523649 -0.183067 0.108941
v -0.413834 -0.156840 0.108741
v -0.643495 -0.205505 0.109241
v -0.771696 -0.224143 0.109641
v -0.906518 -0.238777 0.109841
v -1.046438 -0.249557 0.110041
v -1.189750 -0.256376 0.109841
v -1.334903 -0.259289 0.109241
v -1.480346 -0.258351 0.108141
v -1.624403 -0.253547 0.106641
v -1.765610 -0.245223 0.104841
v -1.902318 -0.233460 0.102841
v -2.032940 -0.218534 0.100741
v -2.155704 -0.200462 0.098741
v -2.268955 -0.179645 0.096841
v -0.520359 -0.181874 0.049641
v -0.410140 -0.155352 0.048841
v -0.640704 -0.204579 0.050341
v -0.769500 -0.223453 0.050941
v -0.904916 -0.238324 0.051441
v -1.045277 -0.249179 0.051741
v -1.189250 -0.256110 0.051941
v -1.334941 -0.259068 0.051941
v -1.480891 -0.258079 0.051941
v -1.625580 -0.253293 0.051741
v -1.767390 -0.244889 0.051441
v -1.904701 -0.233048 0.051041
v -2.035772 -0.217880 0.050441
v -2.159206 -0.199604 0.049741
v -2.272714 -0.178603 0.048941
v -0.523695 -0.182530 -0.009559
v -0.413880 -0.156303 -0.010959
v -0.643541 -0.204968 -0.008459
v -0.771742 -0.223606 -0.007759
v -0.906593 -0.238336 -0.007159
v -1.046512 -0.249116 -0.006559
v -1.189825 -0.255935 -0.006059
v -1.334978 -0.258848 -0.005359
v -1.480296 -0.257843 -0.004359
v -1.624478 -0.253107 -0.003159
v -1.765685 -0.244782 -0.001959
v -1.902393 -0.233019 -0.000859
v -2.032890 -0.218027 0.000141
v -2.155749 -0.199926 0.000841
v -2.268779 -0.179071 0.001141
v -0.532909 -0.184636 -0.067659
v -0.424525 -0.159332 -0.069559
v -0.651257 -0.206276 -0.066359
v -0.777923 -0.224336 -0.065559
v -0.911268 -0.238583 -0.064859
v -1.049615 -0.249007 -0.064159
v -1.191318 -0.255689 -0.063259
v -1.334986 -0.258532 -0.061959
v -1.478724 -0.257485 -0.059959
v -1.621258 -0.252834 -0.057459
v -1.760972 -0.244754 -0.054759
v -1.895996 -0.233296 -0.051959
v -2.025029 -0.218645 -0.049459
v -2.146291 -0.201135 -0.047259
v -2.257820 -0.180843 -0.045759
v -0.546944 -0.187467 -0.123659
v -0.440990 -0.163618 -0.125759
v -0.662788 -0.208094 -0.122459
v -0.786979 -0.225235 -0.121859
v -0.917935 -0.238852 -0.121259
v -1.053953 -0.248835 -0.120559
v -1.193576 -0.255210 -0.119259
v -1.334907 -0.257929 -0.117259
v -1.476557 -0.256892 -0.114259
v -1.616841 -0.252402 -0.110459
v -1.754112 -0.244545 -0.106159
v -1.886753 -0.233499 -0.101759
v -2.013175 -0.219540 -0.097459
v -2.131825 -0.202722 -0.093759
v -2.240887 -0.183598 -0.090859
v -0.564543 -0.190676 -0.176759
v -0.462246 -0.168535 -0.178559
v -0.676943 -0.209948 -0.176159
v -0.797873 -0.225993 -0.175959
v -0.925751 -0.238769 -0.175759
v -1.059094 -0.248209 -0.175059
v -1.196101 -0.254231 -0.173559
v -1.334969 -0.256760 -0.170859
v -1.474023 -0.255782 -0.166859
v -1.611616 -0.251381 -0.161659
v -1.746093 -0.243957 -0.155759
v -1.875652 -0.233433 -0.149559
v -1.998667 -0.220302 -0.143459
v -2.113683 -0.204591 -0.137959
v -2.219014 -0.186605 -0.133559
v -0.584460 -0.193597 -0.226259
v -0.486951 -0.173447 -0.227259
v -0.692380 -0.211203 -0.226659
v -0.809415 -0.226134 -0.227459
v -0.934024 -0.238130 -0.227859
v -1.064376 -0.247017 -0.227259
v -1.198641 -0.252621 -0.225559
v -1.334952 -0.254988 -0.222259
v -1.471477 -0.253944 -0.217159
v -1.606341 -0.249852 -0.210559
v -1.737869 -0.242700 -0.202959
v -1.863897 -0.232937 -0.194859
v -1.982844 -0.220525 -0.186659
v -2.093211 -0.206021 -0.179159
v -2.193597 -0.189646 -0.173159
v -0.603740 -0.195458 -0.271459
v -0.512342 -0.177523 -0.270859
v -0.706921 -0.211580 -0.273459
v -0.819968 -0.225427 -0.275659
v -0.941373 -0.236518 -0.276859
v -1.069051 -0.244861 -0.276659
v -1.200920 -0.250149 -0.274759
v -1.334989 -0.252363 -0.270759
v -1.469234 -0.251387 -0.264559
v -1.601723 -0.247391 -0.256559
v -1.730360 -0.240702 -0.247259
v -1.853211 -0.231490 -0.237059
v -1.968083 -0.220109 -0.226559
v -2.073386 -0.206836 -0.216859
v -2.167401 -0.192193 -0.208859
v -0.619076 -0.195698 -0.311659
v -0.534134 -0.180081 -0.308159
v -0.717739 -0.210374 -0.316159
v -0.827774 -0.223257 -0.320059
v -0.946726 -0.233841 -0.322359
v -1.072361 -0.241657 -0.322559
v -1.202495 -0.246742 -0.320459
v -1.334953 -0.248820 -0.315859
v -1.467647 -0.247898 -0.308659
v -1.598394 -0.244015 -0.299159
v -1.725060 -0.237717 -0.287859
v -1.845336 -0.228976 -0.275459
v -1.957088 -0.218337 -0.262359
v -2.057742 -0.206272 -0.249859
v -2.144878 -0.193412 -0.239259
v -0.331442 0.283675 -0.746959
v -0.406650 0.257460 -0.746959
v -0.454860 0.320867 -0.746959
v -0.409519 0.386292 -0.746959
v -0.333193 0.363345 -0.746959
v -0.331442 0.283675 -0.537459
v -0.333193 0.363345 -0.537459
v -0.409519 0.386292 -0.537459
v -0.454860 0.320867 -0.537459
v -0.406650 0.257460 -0.537459
vn -0.0000 -0.0000 -1.0000
vn -0.0000 -0.0000 1.0000
vn -0.7960 -0.6052 -0.0000
vn 0.2885 0.9575 -0.0000
vn 0.2886 0.9575 -0.0000
vn 0.3296 -0.9441 -0.0000
vn -0.8215 0.5703 -0.0000
vn 0.9998 0.0220 -0.0000
vn 0.3299 -0.9366 -0.1181
vn 0.3299 -0.9366 -0.1182
vn 0.3787 -0.9110 -0.1636
vn 0.3787 -0.9109 -0.1636
vn 0.4264 -0.8793 -0.2121
vn 0.4730 -0.8402 -0.2653
vn 0.5148 -0.7946 -0.3220
vn 0.5148 -0.7945 -0.3220
vn 0.5497 -0.7425 -0.3828
vn 0.5496 -0.7426 -0.3828
vn 0.5744 -0.6852 -0.4479
vn 0.3596 -0.9294 -0.0826
vn 0.3597 -0.9294 -0.0826
vn 0.4214 -0.8986 -0.1223
vn 0.4215 -0.8986 -0.1223
vn 0.4831 -0.8592 -0.1686
vn 0.5425 -0.8107 -0.2201
vn 0.5426 -0.8107 -0.2201
vn 0.5957 -0.7544 -0.2756
vn 0.6396 -0.6911 -0.3365
vn 0.6702 -0.6234 -0.4027
vn 0.6703 -0.6234 -0.4027
vn 0.3860 -0.9208 -0.0553
vn 0.4585 -0.8845 -0.0865
vn 0.5328 -0.8367 -0.1263
vn 0.5328 -0.8368 -0.1263
vn 0.5329 -0.8367 -0.1263
vn 0.6051 -0.7771 -0.1731
vn 0.6050 -0.7771 -0.1731
vn 0.6687 -0.7085 -0.2253
vn 0.7200 -0.6327 -0.2850
vn 0.7200 -0.6328 -0.2850
vn 0.7201 -0.6327 -0.2850
vn 0.7547 -0.5539 -0.3517
vn 0.7547 -0.5538 -0.3517
vn 0.4096 -0.9116 -0.0338
vn 0.4095 -0.9117 -0.0338
vn 0.4096 -0.9117 -0.0338
vn 0.4097 -0.9116 -0.0338
vn 0.4907 -0.8695 -0.0569
vn 0.4907 -0.8695 -0.0570
vn 0.4906 -0.8695 -0.0570
vn 0.5569 -0.8253 -0.0939
vn 0.5758 -0.8128 -0.0881
vn 0.5593 -0.8239 -0.0918
vn 0.4291 -0.9031 -0.0185
vn 0.4290 -0.9031 -0.0185
vn 0.5061 -0.8613 -0.0446
vn 0.5173 -0.8551 -0.0346
vn 0.5038 -0.8626 -0.0452
vn 0.4435 -0.8962 -0.0086
vn 0.4435 -0.8963 -0.0086
vn 0.4459 -0.8950 -0.0093
vn 0.4483 -0.8939 -0.0047
vn 0.3729 -0.1896 -0.9083
vn 0.3728 -0.1895 -0.9083
vn 0.3729 -0.1895 -0.9083
vn 0.4121 -0.1192 -0.9033
vn 0.4120 -0.1192 -0.9033
vn 0.4457 -0.0661 -0.8928
vn 0.4457 -0.0661 -0.8927
vn 0.4352 -0.2686 -0.8593
vn 0.4352 -0.2687 -0.8593
vn 0.4910 -0.1892 -0.8504
vn 0.4910 -0.1891 -0.8504
vn 0.5369 -0.1199 -0.8350
vn 0.5370 -0.1200 -0.8350
vn 0.5370 -0.1199 -0.8350
vn 0.5369 -0.1199 -0.8351
vn 0.5749 -0.0642 -0.8157
vn 0.5749 -0.0641 -0.8157
vn 0.4889 -0.3457 -0.8009
vn 0.4889 -0.3458 -0.8009
vn 0.5604 -0.2647 -0.7848
vn 0.5604 -0.2646 -0.7848
vn 0.6202 -0.1849 -0.7624
vn 0.6202 -0.1850 -0.7623
vn 0.6202 -0.1849 -0.7623
vn 0.6682 -0.1137 -0.7353
vn 0.5331 -0.4214 -0.7336
vn 0.5331 -0.4215 -0.7336
vn 0.6169 -0.3405 -0.7095
vn 0.6169 -0.3405 -0.7096
vn 0.6888 -0.2553 -0.6785
vn 0.6889 -0.2553 -0.6785
vn 0.7458 -0.1724 -0.6435
vn 0.7457 -0.1725 -0.6435
vn 0.5647 -0.4927 -0.6621
vn 0.5647 -0.4927 -0.6620
vn 0.5647 -0.4928 -0.6620
vn 0.6571 -0.4135 -0.6302
vn 0.7372 -0.3266 -0.5914
vn 0.7373 -0.3266 -0.5914
vn 0.8008 -0.2371 -0.5500
vn 0.8008 -0.2372 -0.5500
vn 0.5826 -0.5604 -0.5887
vn 0.6797 -0.4853 -0.5500
vn 0.7643 -0.4012 -0.5048
vn 0.7643 -0.4013 -0.5048
vn 0.8326 -0.3120 -0.4577
vn 0.8326 -0.3121 -0.4576
vn 0.3769 -0.1724 0.9101
vn 0.3769 -0.1723 0.9101
vn 0.4415 -0.2554 0.8602
vn 0.4414 -0.2554 0.8602
vn 0.4968 -0.3362 0.8001
vn 0.5421 -0.4154 0.7305
vn 0.5740 -0.4896 0.6564
vn 0.5915 -0.5592 0.5808
vn 0.5940 -0.6248 0.5068
vn 0.4152 -0.0992 0.9043
vn 0.4151 -0.0992 0.9043
vn 0.4964 -0.1724 0.8508
vn 0.5678 -0.2517 0.7838
vn 0.5677 -0.2517 0.7838
vn 0.5678 -0.2517 0.7837
vn 0.6256 -0.3314 0.7063
vn 0.6662 -0.4075 0.6246
vn 0.6885 -0.4819 0.5420
vn 0.6919 -0.5539 0.4631
vn 0.6919 -0.5540 0.4631
vn 0.4480 -0.0444 0.8929
vn 0.5413 -0.1007 0.8348
vn 0.5413 -0.1006 0.8348
vn 0.6264 -0.1690 0.7610
vn 0.6264 -0.1691 0.7609
vn 0.6265 -0.1690 0.7609
vn 0.6264 -0.1690 0.7609
vn 0.6965 -0.2432 0.6751
vn 0.7455 -0.3179 0.5858
vn 0.7724 -0.3955 0.4970
vn 0.7723 -0.3955 0.4970
vn 0.7769 -0.4744 0.4140
vn 0.7769 -0.4743 0.4140
vn 0.4768 -0.0030 0.8790
vn 0.4767 -0.0030 0.8790
vn 0.5782 -0.0434 0.8147
vn 0.5783 -0.0434 0.8147
vn 0.6730 -0.0956 0.7334
vn 0.6730 -0.0957 0.7335
vn 0.7519 -0.1578 0.6401
vn 0.7520 -0.1577 0.6401
vn 0.7520 -0.1576 0.6401
vn 0.8076 -0.2259 0.5447
vn 0.8394 -0.3043 0.4504
vn 0.8444 -0.3845 0.3731
vn 0.8464 -0.3899 0.3628
vn 0.8462 -0.3866 0.3666
vn 0.3303 -0.9379 0.1057
vn 0.3595 -0.9305 0.0702
vn 0.3596 -0.9305 0.0702
vn 0.3596 -0.9305 0.0701
vn 0.3856 -0.9216 0.0433
vn 0.3856 -0.9217 0.0433
vn 0.4089 -0.9123 0.0223
vn 0.4284 -0.9035 0.0075
vn 0.4429 -0.8966 -0.0020
vn 0.4469 -0.8945 -0.0053
vn 0.4473 -0.8944 -0.0024
vn 0.4510 -0.8925 -0.0053
vn 0.4510 -0.8925 -0.0049
vn 0.3801 -0.9125 0.1512
vn 0.4222 -0.8998 0.1099
vn 0.4223 -0.8998 0.1099
vn 0.4587 -0.8855 0.0743
vn 0.4586 -0.8855 0.0743
vn 0.4905 -0.8703 0.0453
vn 0.4905 -0.8702 0.0453
vn 0.5036 -0.8633 0.0342
vn 0.5169 -0.8557 0.0234
vn 0.5056 -0.8621 0.0340
vn 0.4288 -0.8810 0.1998
vn 0.4849 -0.8605 0.1563
vn 0.5341 -0.8377 0.1141
vn 0.5763 -0.8136 0.0763
vn 0.4766 -0.8418 0.2533
vn 0.5456 -0.8118 0.2080
vn 0.5456 -0.8118 0.2081
vn 0.6074 -0.7779 0.1612
vn 0.6074 -0.7778 0.1612
vn 0.6437 -0.7568 0.1136
vn 0.6601 -0.7423 0.1155
vn 0.6359 -0.7629 0.1169
vn 0.5198 -0.7959 0.3104
vn 0.6002 -0.7551 0.2639
vn 0.6002 -0.7550 0.2639
vn 0.6725 -0.7086 0.2137
vn 0.6724 -0.7086 0.2137
vn 0.5557 -0.7436 0.3718
vn 0.5558 -0.7436 0.3718
vn 0.6454 -0.6911 0.3254
vn 0.6454 -0.6910 0.3254
vn 0.7251 -0.6317 0.2740
vn 0.5858 -0.6247 -0.5164
vn 0.5858 -0.6247 -0.5163
vn 0.6839 -0.5556 -0.4728
vn 0.7697 -0.4778 -0.4234
vn 0.8396 -0.3921 -0.3761
vn 0.8402 -0.3948 -0.3717
vn 0.8388 -0.3904 -0.3795
vn 0.5817 -0.6857 0.4376
vn 0.5817 -0.6856 0.4376
vn 0.6772 -0.6226 0.3922
vn 0.6772 -0.6225 0.3922
vn 0.7610 -0.5516 0.3414
vn 0.2600 -0.9586 -0.1161
vn 0.2601 -0.9586 -0.1161
vn 0.2939 -0.9422 -0.1611
vn 0.3277 -0.9222 -0.2054
vn 0.3631 -0.8967 -0.2532
vn 0.3632 -0.8966 -0.2532
vn 0.3632 -0.8967 -0.2532
vn 0.3982 -0.8644 -0.3070
vn 0.4297 -0.8265 -0.3636
vn 0.4555 -0.7833 -0.4230
vn 0.4738 -0.7346 -0.4856
vn 0.4738 -0.7346 -0.4857
vn 0.4737 -0.7347 -0.4856
vn 0.2798 -0.9568 -0.0788
vn 0.2798 -0.9568 -0.0787
vn 0.2989 -0.9528 -0.0530
vn 0.3180 -0.9475 -0.0332
vn 0.3351 -0.9420 -0.0173
vn 0.3527 -0.9357 -0.0073
vn 0.3559 -0.9345 -0.0021
vn 0.3492 -0.9370 -0.0070
vn 0.3611 -0.9325 -0.0035
vn 0.3629 -0.9318 -0.0017
vn 0.3643 -0.9313 -0.0030
vn 0.3641 -0.9313 -0.0073
vn 0.2768 -0.1910 -0.9418
vn 0.2767 -0.1910 -0.9418
vn 0.2768 -0.1909 -0.9418
vn 0.3029 -0.1165 -0.9459
vn 0.3280 -0.0653 -0.9424
vn 0.3280 -0.0654 -0.9424
vn 0.3617 -0.0617 -0.9302
vn 0.3242 -0.2734 -0.9056
vn 0.3672 -0.3477 -0.8627
vn 0.4075 -0.4202 -0.8108
vn 0.4413 -0.4934 -0.7495
vn 0.4413 -0.4933 -0.7496
vn 0.4414 -0.4934 -0.7495
vn 0.4656 -0.5611 -0.6844
vn 0.4792 -0.6235 -0.6178
vn 0.4792 -0.6234 -0.6178
vn 0.4820 -0.6814 -0.5508
vn 0.2795 -0.1733 0.9444
vn 0.2795 -0.1734 0.9444
vn 0.3288 -0.2600 0.9079
vn 0.3288 -0.2599 0.9079
vn 0.3735 -0.3380 0.8639
vn 0.3735 -0.3379 0.8639
vn 0.4151 -0.4138 0.8102
vn 0.4498 -0.4902 0.7465
vn 0.4499 -0.4903 0.7465
vn 0.4744 -0.5604 0.6789
vn 0.4878 -0.6244 0.6100
vn 0.4900 -0.6830 0.5416
vn 0.4901 -0.6830 0.5416
vn 0.4900 -0.6831 0.5416
vn 0.3046 -0.0957 0.9477
vn 0.3046 -0.0958 0.9476
vn 0.3046 -0.0957 0.9476
vn 0.3292 -0.0431 0.9433
vn 0.3292 -0.0432 0.9433
vn 0.3539 -0.0044 0.9353
vn 0.3935 -0.0322 0.9188
vn 0.3935 -0.0322 0.9187
vn 0.2603 -0.9600 0.1034
vn 0.2602 -0.9600 0.1034
vn 0.2795 -0.9579 0.0661
vn 0.2795 -0.9579 0.0662
vn 0.2983 -0.9536 0.0407
vn 0.3172 -0.9481 0.0215
vn 0.3171 -0.9481 0.0215
vn 0.3342 -0.9425 0.0061
vn 0.3484 -0.9374 -0.0037
vn 0.3534 -0.9354 -0.0076
vn 0.3541 -0.9352 -0.0047
vn 0.3612 -0.9324 -0.0094
vn 0.3623 -0.9320 -0.0068
vn 0.2950 -0.9439 0.1487
vn 0.3296 -0.9241 0.1931
vn 0.3296 -0.9242 0.1931
vn 0.3661 -0.8988 0.2410
vn 0.4023 -0.8666 0.2953
vn 0.4022 -0.8666 0.2953
vn 0.4348 -0.8287 0.3524
vn 0.4617 -0.7853 0.4124
vn 0.4809 -0.7365 0.4757
vn -0.2897 -0.1522 -0.9449
vn -0.2898 -0.1521 -0.9449
vn -0.2897 -0.1521 -0.9449
vn -0.2977 -0.1122 -0.9480
vn -0.2946 -0.0171 -0.9555
vn -0.2899 -0.0224 -0.9568
vn -0.2928 -0.0194 -0.9560
vn -0.2580 -0.1507 -0.9543
vn -0.2580 -0.1506 -0.9543
vn -0.2636 -0.1072 -0.9587
vn -0.2876 -0.0230 -0.9575
vn -0.2276 -0.1501 -0.9621
vn -0.2277 -0.1501 -0.9621
vn -0.2276 -0.1500 -0.9621
vn -0.2316 -0.1055 -0.9671
vn -0.2316 -0.1054 -0.9671
vn -0.2278 -0.0317 -0.9732
vn -0.2193 -0.0359 -0.9750
vn -0.2251 -0.0333 -0.9738
vn -0.1977 -0.1490 -0.9689
vn -0.2009 -0.1044 -0.9740
vn -0.2159 -0.0341 -0.9758
vn -0.1686 -0.1475 -0.9746
vn -0.1686 -0.1474 -0.9746
vn -0.1709 -0.1031 -0.9799
vn -0.1709 -0.1032 -0.9799
vn -0.1605 -0.0165 -0.9869
vn -0.1617 -0.0161 -0.9867
vn -0.1617 -0.0160 -0.9867
vn -0.1589 -0.0172 -0.9871
vn -0.1394 -0.1446 -0.9796
vn -0.1392 -0.1445 -0.9797
vn -0.1393 -0.1446 -0.9796
vn -0.1395 -0.1448 -0.9796
vn -0.1408 -0.1005 -0.9849
vn -0.1408 -0.1004 -0.9849
vn -0.1575 -0.0171 -0.9874
vn -0.1086 -0.1404 -0.9841
vn -0.1088 -0.1405 -0.9841
vn -0.1085 -0.1404 -0.9841
vn -0.1084 -0.1401 -0.9842
vn -0.1095 -0.0959 -0.9894
vn -0.1095 -0.0958 -0.9894
vn -0.0991 -0.0131 -0.9950
vn -0.0933 -0.0140 -0.9955
vn -0.0969 -0.0135 -0.9952
vn -0.0755 -0.1346 -0.9880
vn -0.0762 -0.0897 -0.9930
vn -0.0762 -0.0897 -0.9931
vn -0.0900 -0.0124 -0.9959
vn -0.0420 -0.1277 -0.9909
vn -0.0421 -0.1277 -0.9909
vn -0.0421 -0.0820 -0.9957
vn -0.0410 -0.0489 -0.9980
vn -0.0410 -0.0488 -0.9980
vn -0.0074 -0.1191 -0.9929
vn -0.0065 -0.0722 -0.9974
vn -0.0064 -0.0722 -0.9974
vn 0.0005 -0.0199 -0.9998
vn 0.0302 -0.1091 -0.9936
vn 0.0302 -0.1092 -0.9936
vn 0.0323 -0.0608 -0.9976
vn 0.0323 -0.0609 -0.9976
vn 0.0317 -0.0148 -0.9994
vn 0.0318 -0.0147 -0.9994
vn 0.0319 -0.0145 -0.9994
vn 0.0725 -0.0987 -0.9925
vn 0.0758 -0.0496 -0.9959
vn 0.0759 -0.0496 -0.9959
vn 0.0758 -0.0495 -0.9959
vn 0.0829 -0.0121 -0.9965
vn 0.0828 -0.0121 -0.9965
vn 0.1185 -0.0880 -0.9890
vn 0.1185 -0.0879 -0.9891
vn 0.1185 -0.0880 -0.9891
vn 0.1246 -0.0392 -0.9914
vn 0.1340 -0.0102 -0.9909
vn 0.1341 -0.0102 -0.9909
vn 0.1700 -0.0782 -0.9823
vn 0.1809 -0.0326 -0.9830
vn 0.1810 -0.0326 -0.9830
vn 0.1809 -0.0327 -0.9830
vn 0.1926 -0.0046 -0.9813
vn 0.1926 -0.0045 -0.9813
vn 0.1926 -0.0047 -0.9813
vn -0.3146 -0.2126 -0.9251
vn -0.3145 -0.2126 -0.9251
vn -0.3251 -0.1635 -0.9314
vn -0.3251 -0.1636 -0.9314
vn -0.3358 -0.1271 -0.9333
vn -0.3359 -0.1271 -0.9333
vn -0.3359 -0.1272 -0.9333
vn -0.3845 -0.0135 -0.9230
vn 0.2301 -0.0187 -0.9730
vn 0.2300 -0.0187 -0.9730
vn 0.2482 -0.0375 -0.9680
vn 0.2483 -0.0375 -0.9680
vn 0.2312 -0.0799 -0.9696
vn 0.2312 -0.0798 -0.9696
vn 0.2179 -0.1433 -0.9654
vn 0.2179 -0.1432 -0.9654
vn 0.1642 -0.1488 -0.9751
vn 0.1179 -0.1610 -0.9799
vn 0.1179 -0.1611 -0.9799
vn 0.0736 -0.1689 -0.9829
vn 0.0317 -0.1761 -0.9839
vn 0.0318 -0.1761 -0.9839
vn -0.0058 -0.1828 -0.9831
vn -0.0057 -0.1829 -0.9831
vn -0.0058 -0.1829 -0.9831
vn -0.0401 -0.1888 -0.9812
vn -0.0402 -0.1889 -0.9812
vn -0.0402 -0.1888 -0.9812
vn -0.0737 -0.1941 -0.9782
vn -0.0737 -0.1942 -0.9782
vn -0.1067 -0.1988 -0.9742
vn -0.1068 -0.1987 -0.9742
vn -0.1067 -0.1989 -0.9742
vn -0.1066 -0.1990 -0.9742
vn -0.1375 -0.2028 -0.9695
vn -0.1375 -0.2027 -0.9695
vn -0.1666 -0.2058 -0.9643
vn -0.1665 -0.2057 -0.9643
vn -0.1666 -0.2059 -0.9643
vn -0.1950 -0.2081 -0.9585
vn -0.1952 -0.2084 -0.9584
vn -0.1952 -0.2082 -0.9584
vn -0.2248 -0.2103 -0.9514
vn -0.2248 -0.2105 -0.9514
vn -0.2540 -0.2116 -0.9438
vn -0.2537 -0.2117 -0.9438
vn -0.2540 -0.2117 -0.9438
vn -0.2828 -0.2096 -0.9360
vn 0.1700 -0.0561 0.9838
vn 0.1807 -0.0100 0.9835
vn 0.1932 0.0208 0.9809
vn 0.1931 0.0036 0.9812
vn 0.1930 0.0036 0.9812
vn 0.1184 -0.0668 0.9907
vn 0.1242 -0.0174 0.9921
vn 0.1327 0.0144 0.9911
vn 0.1327 0.0145 0.9911
vn 0.1511 0.0065 0.9885
vn 0.1511 0.0066 0.9885
vn 0.0724 -0.0782 0.9943
vn 0.0723 -0.0782 0.9943
vn 0.0755 -0.0285 0.9967
vn 0.0810 0.0042 0.9967
vn 0.0824 0.0056 0.9966
vn 0.0818 0.0053 0.9966
vn 0.0831 0.0066 0.9965
vn 0.0832 0.0067 0.9965
vn 0.0299 -0.0891 0.9956
vn 0.0317 -0.0407 0.9987
vn 0.0357 -0.0078 0.9993
vn 0.0400 -0.0037 0.9992
vn 0.0402 -0.0028 0.9992
vn 0.0357 -0.0079 0.9993
vn 0.0443 0.0008 0.9990
vn -0.0080 -0.0995 0.9950
vn -0.0079 -0.0995 0.9950
vn -0.0070 -0.0526 0.9986
vn -0.0071 -0.0527 0.9986
vn -0.0047 -0.0198 0.9998
vn -0.0018 0.0007 1.0000
vn -0.0017 0.0007 1.0000
vn -0.0018 0.0006 1.0000
vn -0.0018 0.0005 1.0000
vn -0.0427 -0.1085 0.9932
vn -0.0427 -0.1086 0.9932
vn -0.0428 -0.0629 0.9971
vn -0.0428 -0.0628 0.9971
vn -0.0416 -0.0300 0.9987
vn -0.0416 -0.0299 0.9987
vn -0.0415 -0.0026 0.9991
vn -0.0417 -0.0027 0.9991
vn -0.0416 -0.0028 0.9991
vn -0.0415 -0.0028 0.9991
vn -0.0763 -0.1155 0.9904
vn -0.0763 -0.1156 0.9904
vn -0.0763 -0.1157 0.9904
vn -0.0769 -0.0709 0.9945
vn -0.0769 -0.0708 0.9945
vn -0.0767 -0.0378 0.9963
vn -0.0768 -0.0379 0.9963
vn -0.0768 -0.0380 0.9963
vn -0.0742 -0.0054 0.9972
vn -0.0741 -0.0054 0.9972
vn -0.0741 -0.0055 0.9972
vn -0.1093 -0.1213 0.9866
vn -0.1093 -0.1214 0.9866
vn -0.1095 -0.1214 0.9866
vn -0.1095 -0.1216 0.9865
vn -0.1103 -0.0771 0.9909
vn -0.1103 -0.0772 0.9909
vn -0.1107 -0.0441 0.9929
vn -0.1110 -0.0442 0.9928
vn -0.1106 -0.0443 0.9929
vn -0.1107 -0.0440 0.9929
vn -0.1138 -0.0122 0.9934
vn -0.1138 -0.0123 0.9934
vn -0.1137 -0.0121 0.9934
vn -0.1405 -0.1259 0.9820
vn -0.1404 -0.1256 0.9821
vn -0.1405 -0.1258 0.9821
vn -0.1405 -0.1261 0.9820
vn -0.1419 -0.0815 0.9865
vn -0.1433 -0.0485 0.9885
vn -0.1434 -0.0485 0.9885
vn -0.1432 -0.0486 0.9885
vn -0.1425 -0.0142 0.9897
vn -0.1421 -0.0145 0.9897
vn -0.1699 -0.1281 0.9771
vn -0.1722 -0.0838 0.9815
vn -0.1722 -0.0837 0.9815
vn -0.1745 -0.0511 0.9833
vn -0.1745 -0.0512 0.9833
vn -0.1745 -0.0510 0.9833
vn -0.1865 0.0055 0.9824
vn -0.1993 -0.1291 0.9714
vn -0.2023 -0.0843 0.9757
vn -0.2055 -0.0518 0.9773
vn -0.2055 -0.0519 0.9773
vn -0.2012 0.0077 0.9795
vn -0.2011 0.0079 0.9795
vn -0.2012 0.0079 0.9795
vn -0.2295 -0.1295 0.9646
vn -0.2295 -0.1295 0.9647
vn -0.2333 -0.0846 0.9687
vn -0.2377 -0.0523 0.9699
vn -0.2570 0.0196 0.9662
vn -0.2601 0.0201 0.9654
vn -0.2636 0.0229 0.9644
vn -0.2601 -0.1294 0.9569
vn -0.2656 -0.0853 0.9603
vn -0.2715 -0.0539 0.9609
vn -0.2659 0.0254 0.9637
vn -0.2922 -0.1301 0.9475
vn -0.2922 -0.1300 0.9475
vn -0.3001 -0.0892 0.9497
vn -0.3081 -0.0587 0.9496
vn -0.3081 -0.0586 0.9495
vn -0.3081 -0.0586 0.9496
vn -0.3704 0.1321 0.9194
vn -0.3703 0.1321 0.9195
vn 0.2192 -0.1230 0.9679
vn 0.2193 -0.1230 0.9679
vn 0.2192 -0.1231 0.9679
vn 0.2317 -0.0577 0.9711
vn 0.2317 -0.0578 0.9711
vn 0.2483 -0.0145 0.9686
vn 0.2662 0.0171 0.9638
vn 0.2659 -0.0120 0.9639
vn 0.2660 -0.0121 0.9639
vn -0.3590 -0.0485 0.9321
vn -0.3591 -0.0486 0.9320
vn -0.3590 -0.0486 0.9321
vn -0.3383 -0.1019 0.9355
vn -0.3274 -0.1398 0.9345
vn -0.3174 -0.1921 0.9286
vn -0.2858 -0.1894 0.9394
vn -0.2565 -0.1921 0.9473
vn -0.2565 -0.1920 0.9473
vn -0.2271 -0.1910 0.9550
vn -0.2272 -0.1909 0.9550
vn -0.2270 -0.1910 0.9550
vn -0.1970 -0.1894 0.9619
vn -0.1973 -0.1893 0.9619
vn -0.1973 -0.1894 0.9619
vn -0.1972 -0.1892 0.9619
vn -0.1680 -0.1871 0.9679
vn -0.1680 -0.1870 0.9679
vn -0.1684 -0.1872 0.9678
vn -0.1681 -0.1872 0.9678
vn -0.1391 -0.1839 0.9731
vn -0.1387 -0.1840 0.9731
vn -0.1387 -0.1839 0.9731
vn -0.1388 -0.1839 0.9731
vn -0.1076 -0.1804 0.9777
vn -0.1077 -0.1801 0.9777
vn -0.1076 -0.1800 0.9778
vn -0.1077 -0.1800 0.9778
vn -0.0745 -0.1755 0.9817
vn -0.0410 -0.1702 0.9846
vn -0.0411 -0.1704 0.9845
vn -0.0409 -0.1702 0.9846
vn -0.0062 -0.1640 0.9864
vn -0.0061 -0.1639 0.9865
vn -0.0062 -0.1639 0.9865
vn 0.0317 -0.1571 0.9871
vn 0.0317 -0.1570 0.9871
vn 0.0739 -0.1496 0.9860
vn 0.0739 -0.1495 0.9860
vn 0.1185 -0.1415 0.9828
vn 0.1652 -0.1287 0.9778
vn 0.1651 -0.1288 0.9778
vn 0.2005 -0.9589 -0.2009
vn 0.1602 -0.9663 -0.2016
vn 0.1240 -0.9716 -0.2014
vn 0.1241 -0.9716 -0.2014
vn 0.0910 -0.9753 -0.2014
vn 0.0909 -0.9753 -0.2014
vn 0.0610 -0.9776 -0.2016
vn 0.0610 -0.9776 -0.2015
vn 0.0609 -0.9776 -0.2015
vn 0.0332 -0.9787 -0.2024
vn 0.0331 -0.9787 -0.2024
vn 0.0333 -0.9787 -0.2024
vn 0.0059 -0.9789 -0.2042
vn 0.0059 -0.9789 -0.2043
vn -0.0215 -0.9781 -0.2069
vn -0.0214 -0.9781 -0.2069
vn -0.0213 -0.9781 -0.2069
vn -0.0474 -0.9765 -0.2100
vn -0.0476 -0.9765 -0.2100
vn -0.0476 -0.9767 -0.2094
vn -0.0729 -0.9741 -0.2139
vn -0.0729 -0.9741 -0.2138
vn -0.0730 -0.9741 -0.2139
vn -0.0987 -0.9709 -0.2183
vn -0.1255 -0.9668 -0.2225
vn -0.1533 -0.9620 -0.2262
vn -0.1533 -0.9619 -0.2262
vn -0.1829 -0.9563 -0.2283
vn -0.1829 -0.9562 -0.2284
vn 0.2180 -0.9429 -0.2520
vn 0.1716 -0.9511 -0.2568
vn 0.1310 -0.9573 -0.2576
vn 0.0947 -0.9617 -0.2573
vn 0.0621 -0.9645 -0.2567
vn 0.0621 -0.9645 -0.2568
vn 0.0318 -0.9658 -0.2572
vn 0.0024 -0.9659 -0.2590
vn 0.0023 -0.9660 -0.2586
vn 0.0022 -0.9660 -0.2586
vn 0.0024 -0.9658 -0.2592
vn -0.0266 -0.9648 -0.2615
vn -0.0266 -0.9648 -0.2616
vn -0.0266 -0.9647 -0.2619
vn -0.0545 -0.9628 -0.2647
vn -0.0817 -0.9597 -0.2689
vn -0.0817 -0.9597 -0.2690
vn -0.1094 -0.9556 -0.2736
vn -0.1384 -0.9506 -0.2778
vn -0.1689 -0.9449 -0.2803
vn -0.2019 -0.9388 -0.2792
vn 0.2367 -0.9226 -0.3046
vn 0.1844 -0.9317 -0.3128
vn 0.1391 -0.9386 -0.3156
vn 0.0992 -0.9436 -0.3159
vn 0.0991 -0.9436 -0.3159
vn 0.0634 -0.9468 -0.3156
vn 0.0633 -0.9468 -0.3156
vn 0.0303 -0.9483 -0.3160
vn 0.0303 -0.9482 -0.3161
vn 0.0303 -0.9482 -0.3162
vn -0.0013 -0.9482 -0.3178
vn -0.0014 -0.9481 -0.3180
vn -0.0325 -0.9467 -0.3204
vn -0.0624 -0.9443 -0.3232
vn -0.0624 -0.9442 -0.3233
vn -0.0623 -0.9443 -0.3231
vn -0.0918 -0.9406 -0.3270
vn -0.1214 -0.9357 -0.3312
vn -0.1525 -0.9300 -0.3345
vn -0.1855 -0.9238 -0.3350
vn -0.1856 -0.9238 -0.3350
vn -0.2235 -0.9160 -0.3331
vn 0.2552 -0.8970 -0.3610
vn 0.1971 -0.9076 -0.3708
vn 0.1971 -0.9075 -0.3708
vn 0.1472 -0.9153 -0.3749
vn 0.1035 -0.9207 -0.3763
vn 0.0644 -0.9240 -0.3770
vn 0.0644 -0.9240 -0.3768
vn 0.0644 -0.9240 -0.3769
vn 0.0285 -0.9253 -0.3782
vn 0.0284 -0.9254 -0.3780
vn 0.0284 -0.9253 -0.3781
vn -0.0055 -0.9248 -0.3803
vn -0.0057 -0.9249 -0.3802
vn -0.0054 -0.9248 -0.3804
vn -0.0389 -0.9232 -0.3823
vn -0.0389 -0.9232 -0.3824
vn -0.0389 -0.9231 -0.3827
vn -0.0389 -0.9231 -0.3825
vn -0.0708 -0.9203 -0.3847
vn -0.0707 -0.9203 -0.3848
vn -0.1021 -0.9162 -0.3874
vn -0.1021 -0.9163 -0.3874
vn -0.1340 -0.9109 -0.3902
vn -0.1672 -0.9046 -0.3921
vn -0.2029 -0.8973 -0.3920
vn -0.2475 -0.8866 -0.3907
vn 0.2715 -0.8671 -0.4177
vn 0.2084 -0.8790 -0.4289
vn 0.2085 -0.8790 -0.4289
vn 0.1543 -0.8872 -0.4347
vn 0.1543 -0.8873 -0.4347
vn 0.1543 -0.8872 -0.4348
vn 0.1070 -0.8927 -0.4377
vn 0.0647 -0.8957 -0.4399
vn 0.0648 -0.8956 -0.4401
vn 0.0261 -0.8966 -0.4420
vn -0.0104 -0.8959 -0.4442
vn -0.0103 -0.8959 -0.4442
vn -0.0456 -0.8939 -0.4460
vn -0.0457 -0.8939 -0.4460
vn -0.0456 -0.8938 -0.4460
vn -0.0793 -0.8908 -0.4475
vn -0.1125 -0.8865 -0.4488
vn -0.1462 -0.8811 -0.4498
vn -0.1812 -0.8745 -0.4498
vn -0.1812 -0.8746 -0.4498
vn -0.2200 -0.8660 -0.4491
vn -0.2713 -0.8520 -0.4478
vn -0.2712 -0.8520 -0.4478
vn 0.2845 -0.8327 -0.4750
vn 0.2171 -0.8459 -0.4872
vn 0.2171 -0.8459 -0.4871
vn 0.2172 -0.8459 -0.4872
vn 0.1594 -0.8544 -0.4946
vn 0.1593 -0.8544 -0.4946
vn 0.1090 -0.8595 -0.4993
vn 0.1090 -0.8595 -0.4994
vn 0.0640 -0.8620 -0.5028
vn 0.0640 -0.8621 -0.5027
vn 0.0640 -0.8621 -0.5028
vn 0.0230 -0.8625 -0.5055
vn 0.0230 -0.8624 -0.5056
vn 0.0231 -0.8625 -0.5056
vn 0.0230 -0.8625 -0.5056
vn -0.0156 -0.8613 -0.5078
vn -0.0156 -0.8614 -0.5078
vn -0.0524 -0.8591 -0.5092
vn -0.0524 -0.8591 -0.5091
vn -0.0524 -0.8591 -0.5090
vn -0.0876 -0.8558 -0.5098
vn -0.0876 -0.8559 -0.5097
vn -0.1224 -0.8517 -0.5096
vn -0.1224 -0.8516 -0.5097
vn -0.1224 -0.8517 -0.5095
vn -0.1575 -0.8463 -0.5089
vn -0.1576 -0.8463 -0.5089
vn -0.1940 -0.8398 -0.5070
vn -0.2359 -0.8303 -0.5050
vn -0.2359 -0.8302 -0.5050
vn -0.2925 -0.8135 -0.5027
vn -0.2924 -0.8135 -0.5027
vn -0.2925 -0.8136 -0.5026
vn 0.2930 -0.7935 -0.5334
vn 0.2222 -0.8079 -0.5459
vn 0.2223 -0.8079 -0.5458
vn 0.2222 -0.8079 -0.5458
vn 0.2223 -0.8078 -0.5460
vn 0.1617 -0.8164 -0.5543
vn 0.1617 -0.8165 -0.5542
vn 0.1618 -0.8164 -0.5544
vn 0.1618 -0.8165 -0.5543
vn 0.1089 -0.8215 -0.5598
vn 0.1089 -0.8214 -0.5598
vn 0.0618 -0.8236 -0.5639
vn 0.0618 -0.8235 -0.5639
vn 0.0618 -0.8236 -0.5638
vn 0.0191 -0.8237 -0.5667
vn 0.0191 -0.8237 -0.5666
vn -0.0208 -0.8224 -0.5686
vn -0.0208 -0.8223 -0.5686
vn -0.0590 -0.8199 -0.5695
vn -0.0589 -0.8199 -0.5695
vn -0.0586 -0.8200 -0.5693
vn -0.0955 -0.8165 -0.5694
vn -0.1313 -0.8123 -0.5683
vn -0.1313 -0.8122 -0.5684
vn -0.1312 -0.8122 -0.5684
vn -0.1674 -0.8070 -0.5664
vn -0.1674 -0.8069 -0.5664
vn -0.2051 -0.8005 -0.5632
vn -0.2492 -0.7906 -0.5594
vn -0.2492 -0.7905 -0.5594
vn -0.3092 -0.7725 -0.5546
vn 0.2956 -0.7494 -0.5925
vn 0.2230 -0.7650 -0.6042
vn 0.1608 -0.7740 -0.6125
vn 0.1607 -0.7740 -0.6125
vn 0.1607 -0.7740 -0.6124
vn 0.1064 -0.7786 -0.6184
vn 0.1064 -0.7787 -0.6184
vn 0.0583 -0.7805 -0.6224
vn 0.0583 -0.7804 -0.6225
vn 0.0144 -0.7805 -0.6250
vn -0.0264 -0.7791 -0.6263
vn -0.0264 -0.7792 -0.6263
vn -0.0653 -0.7766 -0.6267
vn -0.0653 -0.7765 -0.6267
vn -0.0652 -0.7766 -0.6266
vn -0.1025 -0.7730 -0.6260
vn -0.1025 -0.7730 -0.6261
vn -0.1390 -0.7685 -0.6246
vn -0.1757 -0.7630 -0.6221
vn -0.1757 -0.7630 -0.6220
vn -0.2138 -0.7565 -0.6180
vn -0.2137 -0.7567 -0.6178
vn -0.2137 -0.7566 -0.6179
vn -0.2137 -0.7565 -0.6180
vn -0.2588 -0.7471 -0.6123
vn -0.2588 -0.7471 -0.6122
vn -0.2586 -0.7470 -0.6125
vn -0.3204 -0.7293 -0.6045
vn -0.3205 -0.7293 -0.6045
vn -0.3205 -0.7292 -0.6046
vn 0.2919 -0.6999 -0.6519
vn 0.2187 -0.7159 -0.6630
vn 0.2187 -0.7160 -0.6630
vn 0.1561 -0.7243 -0.6716
vn 0.1561 -0.7243 -0.6715
vn 0.1015 -0.7281 -0.6779
vn 0.1015 -0.7281 -0.6780
vn 0.0528 -0.7292 -0.6823
vn 0.0529 -0.7292 -0.6823
vn 0.0086 -0.7288 -0.6847
vn 0.0087 -0.7289 -0.6846
vn 0.0087 -0.7288 -0.6846
vn 0.0087 -0.7288 -0.6847
vn -0.0327 -0.7272 -0.6857
vn -0.0325 -0.7273 -0.6855
vn -0.0326 -0.7273 -0.6856
vn -0.0717 -0.7248 -0.6853
vn -0.0717 -0.7248 -0.6852
vn -0.1091 -0.7211 -0.6842
vn -0.1091 -0.7212 -0.6841
vn -0.1091 -0.7213 -0.6840
vn -0.1092 -0.7213 -0.6840
vn -0.1457 -0.7172 -0.6815
vn -0.1824 -0.7123 -0.6777
vn -0.1823 -0.7125 -0.6776
vn -0.1823 -0.7124 -0.6777
vn -0.1824 -0.7124 -0.6777
vn -0.2204 -0.7064 -0.6727
vn -0.2204 -0.7063 -0.6727
vn -0.2646 -0.6988 -0.6646
vn -0.3257 -0.6835 -0.6533
vn -0.3257 -0.6834 -0.6533
vn 0.2819 -0.6443 -0.7109
vn 0.2097 -0.6600 -0.7214
vn 0.1478 -0.6668 -0.7304
vn 0.1478 -0.6669 -0.7304
vn 0.0938 -0.6688 -0.7375
vn 0.0456 -0.6684 -0.7424
vn 0.0018 -0.6671 -0.7449
vn 0.0018 -0.6672 -0.7449
vn -0.0392 -0.6655 -0.7454
vn -0.0392 -0.6656 -0.7452
vn -0.0392 -0.6654 -0.7454
vn -0.0784 -0.6632 -0.7443
vn -0.0783 -0.6633 -0.7443
vn -0.0786 -0.6634 -0.7441
vn -0.1154 -0.6604 -0.7420
vn -0.1154 -0.6603 -0.7420
vn -0.1515 -0.6574 -0.7382
vn -0.1516 -0.6573 -0.7382
vn -0.1515 -0.6574 -0.7381
vn -0.1876 -0.6540 -0.7329
vn -0.2247 -0.6497 -0.7262
vn -0.2665 -0.6447 -0.7165
vn -0.3252 -0.6328 -0.7027
vn 0.2662 -0.5810 -0.7691
vn 0.1965 -0.5958 -0.7788
vn 0.1965 -0.5958 -0.7787
vn 0.1365 -0.6009 -0.7876
vn 0.0838 -0.6008 -0.7950
vn 0.0838 -0.6007 -0.7950
vn 0.0368 -0.5986 -0.8002
vn -0.0061 -0.5963 -0.8027
vn -0.0061 -0.5964 -0.8027
vn -0.0462 -0.5945 -0.8027
vn -0.0462 -0.5946 -0.8027
vn -0.0462 -0.5945 -0.8028
vn -0.0850 -0.5928 -0.8009
vn -0.0850 -0.5927 -0.8009
vn -0.0849 -0.5931 -0.8006
vn -0.1211 -0.5910 -0.7975
vn -0.1212 -0.5910 -0.7975
vn -0.1562 -0.5896 -0.7924
vn -0.1910 -0.5886 -0.7855
vn -0.2268 -0.5867 -0.7774
vn -0.2659 -0.5836 -0.7673
vn -0.3197 -0.5755 -0.7527
vn -0.3198 -0.5755 -0.7527
vn 0.2456 -0.5092 -0.8249
vn 0.1797 -0.5224 -0.8336
vn 0.1797 -0.5223 -0.8336
vn 0.1225 -0.5258 -0.8417
vn 0.1225 -0.5259 -0.8417
vn 0.0719 -0.5243 -0.8485
vn 0.0268 -0.5209 -0.8532
vn 0.0268 -0.5208 -0.8532
vn -0.0144 -0.5179 -0.8553
vn -0.0532 -0.5164 -0.8547
vn -0.0533 -0.5163 -0.8547
vn -0.0533 -0.5164 -0.8547
vn -0.0907 -0.5153 -0.8522
vn -0.1260 -0.5149 -0.8479
vn -0.1259 -0.5149 -0.8479
vn -0.1259 -0.5150 -0.8479
vn -0.1596 -0.5157 -0.8418
vn -0.1928 -0.5170 -0.8340
vn -0.2270 -0.5174 -0.8251
vn -0.2635 -0.5155 -0.8154
vn -0.3104 -0.5110 -0.8016
vn 0.2220 -0.4334 -0.8734
vn 0.2220 -0.4335 -0.8734
vn 0.1610 -0.4419 -0.8825
vn 0.1074 -0.4427 -0.8902
vn 0.1074 -0.4428 -0.8902
vn 0.0593 -0.4406 -0.8957
vn 0.0593 -0.4407 -0.8957
vn 0.0166 -0.4371 -0.8992
vn 0.0166 -0.4371 -0.8993
vn -0.0226 -0.4346 -0.9003
vn -0.0598 -0.4339 -0.8990
vn -0.0598 -0.4338 -0.8990
vn -0.0960 -0.4340 -0.8958
vn -0.1298 -0.4350 -0.8910
vn -0.1298 -0.4349 -0.8911
vn -0.1618 -0.4374 -0.8846
vn -0.1618 -0.4373 -0.8846
vn -0.1935 -0.4406 -0.8766
vn -0.1934 -0.4406 -0.8766
vn -0.1935 -0.4407 -0.8766
vn -0.2259 -0.4433 -0.8674
vn -0.2260 -0.4433 -0.8674
vn -0.2599 -0.4438 -0.8576
vn -0.2997 -0.4430 -0.8450
vn -0.2997 -0.4430 -0.8449
vn -0.2996 -0.4430 -0.8450
vn 0.1972 -0.3515 -0.9152
vn 0.1972 -0.3514 -0.9152
vn 0.1420 -0.3535 -0.9246
vn 0.1420 -0.3534 -0.9246
vn 0.0927 -0.3530 -0.9310
vn 0.0475 -0.3518 -0.9349
vn 0.0070 -0.3503 -0.9366
vn 0.0070 -0.3502 -0.9366
vn -0.0300 -0.3496 -0.9364
vn -0.0300 -0.3497 -0.9364
vn -0.0657 -0.3502 -0.9344
vn -0.0657 -0.3501 -0.9344
vn -0.0657 -0.3503 -0.9343
vn -0.0656 -0.3505 -0.9343
vn -0.1004 -0.3518 -0.9307
vn -0.1005 -0.3515 -0.9308
vn -0.1004 -0.3516 -0.9307
vn -0.1004 -0.3517 -0.9307
vn -0.1328 -0.3541 -0.9258
vn -0.1328 -0.3541 -0.9257
vn -0.1328 -0.3540 -0.9258
vn -0.1634 -0.3574 -0.9195
vn -0.1634 -0.3574 -0.9196
vn -0.1936 -0.3616 -0.9120
vn -0.1936 -0.3615 -0.9120
vn -0.2246 -0.3654 -0.9034
vn -0.2559 -0.3686 -0.8937
vn -0.2559 -0.3687 -0.8937
vn -0.2897 -0.3718 -0.8820
vn 0.2254 -0.9633 -0.1458
vn 0.2253 -0.9633 -0.1458
vn 0.1863 -0.9713 -0.1480
vn 0.1862 -0.9713 -0.1480
vn 0.1519 -0.9774 -0.1468
vn 0.1520 -0.9774 -0.1468
vn 0.1520 -0.9774 -0.1466
vn 0.1520 -0.9774 -0.1467
vn 0.1197 -0.9818 -0.1477
vn 0.1196 -0.9818 -0.1477
vn 0.1198 -0.9818 -0.1476
vn 0.1199 -0.9818 -0.1475
vn 0.0889 -0.9848 -0.1489
vn 0.0890 -0.9849 -0.1487
vn 0.0890 -0.9848 -0.1489
vn 0.0889 -0.9848 -0.1490
vn 0.0608 -0.9867 -0.1505
vn 0.0609 -0.9867 -0.1505
vn 0.0606 -0.9867 -0.1506
vn 0.0346 -0.9877 -0.1524
vn 0.0345 -0.9877 -0.1526
vn 0.0346 -0.9877 -0.1526
vn 0.0088 -0.9879 -0.1546
vn 0.0087 -0.9879 -0.1547
vn -0.0172 -0.9874 -0.1572
vn -0.0172 -0.9874 -0.1571
vn -0.0420 -0.9862 -0.1600
vn -0.0419 -0.9862 -0.1600
vn -0.0421 -0.9862 -0.1599
vn -0.0421 -0.9862 -0.1602
vn -0.0658 -0.9844 -0.1631
vn -0.0656 -0.9844 -0.1630
vn -0.0898 -0.9820 -0.1662
vn -0.0897 -0.9820 -0.1662
vn -0.1150 -0.9789 -0.1691
vn -0.1150 -0.9789 -0.1690
vn -0.1150 -0.9788 -0.1692
vn -0.1150 -0.9788 -0.1693
vn -0.1405 -0.9750 -0.1722
vn -0.1665 -0.9701 -0.1765
vn -0.1944 -0.9650 -0.1762
vn -0.2146 -0.9510 -0.2227
vn -0.2384 -0.9328 -0.2704
vn -0.2384 -0.9328 -0.2703
vn -0.2663 -0.9068 -0.3267
vn -0.2961 -0.8723 -0.3892
vn -0.2961 -0.8722 -0.3892
vn -0.3241 -0.8324 -0.4496
vn -0.3241 -0.8323 -0.4496
vn -0.3476 -0.7906 -0.5041
vn -0.3646 -0.7503 -0.5515
vn -0.3645 -0.7503 -0.5515
vn -0.3744 -0.7106 -0.5957
vn -0.3744 -0.7107 -0.5956
vn -0.3744 -0.7106 -0.5956
vn -0.3782 -0.6695 -0.6393
vn -0.3782 -0.6694 -0.6394
vn -0.3782 -0.6695 -0.6394
vn -0.3766 -0.6230 -0.6856
vn -0.3707 -0.5678 -0.7350
vn -0.3603 -0.5037 -0.7852
vn -0.3457 -0.4356 -0.8311
vn -0.3296 -0.3678 -0.8695
vn -0.3152 -0.2965 -0.9015
vn -0.3152 -0.2966 -0.9015
vn -0.2825 -0.2947 -0.9129
vn -0.2825 -0.2948 -0.9129
vn -0.2532 -0.2888 -0.9233
vn -0.2239 -0.2857 -0.9318
vn -0.2239 -0.2856 -0.9318
vn -0.1941 -0.2824 -0.9395
vn -0.1940 -0.2824 -0.9395
vn -0.1648 -0.2788 -0.9461
vn -0.1353 -0.2753 -0.9518
vn -0.1353 -0.2754 -0.9518
vn -0.1353 -0.2752 -0.9518
vn -0.1040 -0.2716 -0.9568
vn -0.1040 -0.2720 -0.9567
vn -0.1040 -0.2719 -0.9567
vn -0.0704 -0.2690 -0.9606
vn -0.0703 -0.2689 -0.9606
vn -0.0363 -0.2661 -0.9633
vn -0.0363 -0.2660 -0.9633
vn -0.0363 -0.2662 -0.9632
vn -0.0009 -0.2631 -0.9648
vn -0.0008 -0.2635 -0.9647
vn -0.0008 -0.2632 -0.9647
vn -0.0009 -0.2630 -0.9648
vn 0.0377 -0.2614 -0.9645
vn 0.0378 -0.2614 -0.9645
vn 0.0808 -0.2588 -0.9626
vn 0.0808 -0.2589 -0.9625
vn 0.1263 -0.2562 -0.9583
vn 0.1263 -0.2563 -0.9583
vn 0.1747 -0.2578 -0.9503
vn 0.1747 -0.2579 -0.9503
vn 0.2295 -0.2512 -0.9403
vn 0.2601 -0.3336 -0.9061
vn 0.2917 -0.4061 -0.8660
vn 0.3221 -0.4779 -0.8172
vn 0.3221 -0.4780 -0.8172
vn 0.3481 -0.5492 -0.7597
vn 0.3481 -0.5493 -0.7597
vn 0.3672 -0.6135 -0.6992
vn 0.3672 -0.6134 -0.6992
vn 0.3787 -0.6709 -0.6376
vn 0.3819 -0.7231 -0.5756
vn 0.3767 -0.7704 -0.5143
vn 0.3767 -0.7704 -0.5144
vn 0.3641 -0.8128 -0.4547
vn 0.3641 -0.8129 -0.4547
vn 0.3456 -0.8502 -0.3972
vn 0.3226 -0.8830 -0.3409
vn 0.2969 -0.9110 -0.2861
vn 0.2711 -0.9329 -0.2370
vn 0.2467 -0.9498 -0.1922
vn -0.2649 -0.9544 0.1375
vn -0.2649 -0.9544 0.1376
vn -0.2650 -0.9544 0.1376
vn -0.3142 -0.9307 0.1874
vn -0.3143 -0.9307 0.1874
vn -0.3806 -0.8927 0.2414
vn -0.3805 -0.8927 0.2414
vn -0.4515 -0.8422 0.2947
vn -0.5138 -0.7792 0.3589
vn -0.5138 -0.7793 0.3589
vn -0.5138 -0.7793 0.3588
vn -0.5571 -0.7185 0.4164
vn -0.5866 -0.6620 0.4665
vn -0.5866 -0.6620 0.4664
vn -0.2908 -0.9519 0.0963
vn -0.3649 -0.9207 0.1380
vn -0.3649 -0.9208 0.1380
vn -0.3650 -0.9207 0.1380
vn -0.4555 -0.8652 0.2095
vn -0.5299 -0.8029 0.2730
vn -0.5889 -0.7372 0.3313
vn -0.6329 -0.6695 0.3889
vn -0.6645 -0.5996 0.4460
vn -0.3195 -0.9453 0.0650
vn -0.3196 -0.9453 0.0650
vn -0.4083 -0.9065 0.1080
vn -0.4083 -0.9064 0.1080
vn -0.4082 -0.9065 0.1080
vn -0.5111 -0.8423 0.1711
vn -0.5968 -0.7693 0.2282
vn -0.6626 -0.6944 0.2807
vn -0.7140 -0.6126 0.3390
vn -0.7501 -0.5223 0.4057
vn -0.7500 -0.5223 0.4057
vn -0.3397 -0.9398 0.0363
vn -0.4461 -0.8913 0.0815
vn -0.4461 -0.8913 0.0816
vn -0.5664 -0.8143 0.1268
vn -0.6666 -0.7278 0.1611
vn -0.7486 -0.6337 0.1950
vn -0.8169 -0.5228 0.2438
vn -0.8602 -0.4012 0.3148
vn -0.8602 -0.4013 0.3148
vn -0.3532 -0.9351 0.0271
vn -0.3580 -0.9334 0.0264
vn -0.3604 -0.9325 0.0220
vn -0.4849 -0.8723 0.0628
vn -0.4850 -0.8723 0.0628
vn -0.6241 -0.7769 0.0837
vn -0.6240 -0.7769 0.0837
vn -0.7358 -0.6713 0.0893
vn -0.8303 -0.5487 0.0976
vn -0.9064 -0.4032 0.1257
vn -0.9789 -0.0388 0.2005
vn -0.3632 -0.9315 0.0215
vn -0.3646 -0.9311 0.0137
vn -0.5261 -0.8489 0.0510
vn -0.6789 -0.7327 0.0468
vn -0.7934 -0.6080 0.0292
vn -0.7934 -0.6081 0.0292
vn -0.7933 -0.6081 0.0292
vn -0.8872 -0.4611 0.0170
vn -0.9965 -0.0783 -0.0306
vn -0.9965 -0.0783 -0.0307
vn -0.9965 -0.0783 -0.0305
vn -0.4001 -0.2412 0.8842
vn -0.4000 -0.2411 0.8842
vn -0.4000 -0.2412 0.8842
vn -0.4484 -0.1691 0.8777
vn -0.4484 -0.1692 0.8777
vn -0.5734 -0.0561 0.8174
vn -0.5734 -0.0561 0.8173
vn -0.4482 -0.3218 0.8340
vn -0.5502 -0.2117 0.8077
vn -0.5502 -0.2117 0.8078
vn -0.6107 -0.0081 0.7919
vn -0.6107 -0.0081 0.7918
vn -0.6107 -0.0082 0.7918
vn -0.5159 -0.3713 0.7720
vn -0.6369 -0.2712 0.7217
vn -0.6952 -0.1688 0.6988
vn -0.6952 -0.1687 0.6988
vn -0.6882 0.0846 0.7206
vn -0.5809 -0.4178 0.6986
vn -0.6764 -0.3249 0.6610
vn -0.7311 -0.2211 0.6455
vn -0.7311 -0.2210 0.6455
vn -0.8865 -0.0432 0.4606
vn -0.8866 -0.0432 0.4606
vn -0.8865 -0.0433 0.4606
vn -0.6116 -0.4903 0.6209
vn -0.6947 -0.3906 0.6040
vn -0.6948 -0.3905 0.6040
vn -0.7534 -0.2820 0.5940
vn -0.7832 0.0547 0.6193
vn -0.7832 0.0546 0.6193
vn -0.6154 -0.5532 0.5615
vn -0.6154 -0.5533 0.5615
vn -0.6959 -0.4611 0.5506
vn -0.6958 -0.4611 0.5506
vn -0.7658 -0.3548 0.5363
vn -0.9582 -0.2286 0.1720
vn -0.3998 -0.2817 -0.8723
vn -0.3998 -0.2817 -0.8722
vn -0.4335 -0.3676 -0.8228
vn -0.4335 -0.3676 -0.8227
vn -0.4673 -0.4498 -0.7611
vn -0.5000 -0.5200 -0.6926
vn -0.5000 -0.5199 -0.6926
vn -0.5273 -0.5726 -0.6277
vn -0.5273 -0.5727 -0.6277
vn -0.5457 -0.6100 -0.5745
vn -0.5459 -0.6098 -0.5745
vn -0.5532 -0.6411 -0.5319
vn -0.5532 -0.6412 -0.5319
vn -0.4307 -0.2260 -0.8737
vn -0.4307 -0.2261 -0.8737
vn -0.4944 -0.2995 -0.8160
vn -0.4944 -0.2996 -0.8160
vn -0.5629 -0.3688 -0.7397
vn -0.6216 -0.4327 -0.6530
vn -0.6213 -0.4331 -0.6530
vn -0.6587 -0.4846 -0.5756
vn -0.6586 -0.4845 -0.5757
vn -0.6587 -0.4845 -0.5757
vn -0.6758 -0.5278 -0.5145
vn -0.6799 -0.5659 -0.4663
vn -0.5498 -0.0879 -0.8306
vn -0.5498 -0.0880 -0.8306
vn -0.5540 -0.0285 -0.8320
vn -0.5541 -0.0285 -0.8320
vn -0.6693 -0.2507 -0.6994
vn -0.9100 -0.2797 -0.3059
vn -0.9101 -0.2797 -0.3058
vn -0.9101 -0.2797 -0.3059
vn -0.7884 -0.1247 -0.6024
vn -0.7841 -0.4191 -0.4578
vn -0.7840 -0.4191 -0.4578
vn -0.7840 -0.4192 -0.4578
vn -0.7848 -0.4757 -0.3973
vn -0.7848 -0.4756 -0.3973
vn -0.6345 -0.2713 -0.7237
vn -0.6346 -0.2713 -0.7237
vn -0.6345 -0.2714 -0.7237
vn -0.9481 -0.2908 0.1283
vn -0.9482 -0.2908 0.1282
vn -0.9163 -0.0764 -0.3932
vn -0.9162 -0.0764 -0.3933
vn -0.9162 -0.0763 -0.3933
vn -0.2667 -0.9515 -0.1533
vn -0.2877 -0.9509 -0.1137
vn -0.3046 -0.9487 -0.0846
vn -0.3180 -0.9463 -0.0581
vn -0.3319 -0.9428 -0.0316
vn -0.3318 -0.9428 -0.0316
vn -0.3465 -0.9380 -0.0103
vn -0.3617 -0.9322 0.0105
vn -0.3625 -0.9320 0.0075
vn -0.3592 -0.9333 0.0045
vn -0.3123 -0.9273 -0.2063
vn -0.3469 -0.9236 -0.1631
vn -0.3468 -0.9236 -0.1631
vn -0.3468 -0.9237 -0.1631
vn -0.3872 -0.9127 -0.1305
vn -0.3872 -0.9127 -0.1304
vn -0.4501 -0.8866 -0.1065
vn -0.4500 -0.8867 -0.1064
vn -0.5226 -0.8480 -0.0875
vn -0.5225 -0.8481 -0.0874
vn -0.5723 -0.8185 -0.0497
vn -0.5722 -0.8186 -0.0497
vn -0.5837 -0.8120 -0.0016
vn -0.5836 -0.8120 -0.0016
vn -0.5835 -0.8121 -0.0015
vn -0.3679 -0.8884 -0.2747
vn -0.3678 -0.8884 -0.2747
vn -0.4419 -0.8625 -0.2464
vn -0.4419 -0.8626 -0.2464
vn -0.4420 -0.8625 -0.2464
vn -0.5420 -0.8107 -0.2214
vn -0.6383 -0.7508 -0.1696
vn -0.6383 -0.7509 -0.1696
vn -0.6963 -0.7076 -0.1202
vn -0.7300 -0.6794 -0.0739
vn -0.7299 -0.6795 -0.0740
vn -0.7394 -0.6727 -0.0277
vn -0.4337 -0.8285 -0.3542
vn -0.4337 -0.8286 -0.3542
vn -0.4336 -0.8286 -0.3542
vn -0.5439 -0.7771 -0.3166
vn -0.5439 -0.7772 -0.3166
vn -0.6546 -0.7081 -0.2647
vn -0.6546 -0.7082 -0.2647
vn -0.7361 -0.6458 -0.2028
vn -0.7901 -0.5956 -0.1447
vn -0.8253 -0.5572 -0.0915
vn -0.8253 -0.5573 -0.0915
vn -0.8403 -0.5401 -0.0471
vn -0.8403 -0.5401 -0.0470
vn -0.4905 -0.7661 -0.4153
vn -0.6138 -0.7014 -0.3623
vn -0.7190 -0.6286 -0.2966
vn -0.7189 -0.6286 -0.2966
vn -0.7962 -0.5603 -0.2281
vn -0.8531 -0.4957 -0.1627
vn -0.8936 -0.4371 -0.1021
vn -0.9158 -0.3980 -0.0541
vn -0.5293 -0.7110 -0.4630
vn -0.5293 -0.7109 -0.4630
vn -0.6547 -0.6416 -0.3996
vn -0.7571 -0.5659 -0.3266
vn -0.7570 -0.5659 -0.3266
vn -0.8343 -0.4902 -0.2522
vn -0.8939 -0.4116 -0.1775
vn -0.9942 -0.0988 -0.0433
vn -0.9942 -0.0988 -0.0434
vn -0.9677 -0.1095 -0.2272
vn -0.9677 -0.1095 -0.2273
vn -0.6063 -0.6057 0.5152
vn -0.6063 -0.6058 0.5152
vn -0.6855 -0.5283 0.5010
vn -0.7662 -0.4338 0.4740
vn -0.7663 -0.4338 0.4739
vn -0.8896 -0.0394 0.4550
vn -0.5478 -0.6745 -0.4949
vn -0.6733 -0.6024 -0.4287
vn -0.7759 -0.5220 -0.3543
vn -0.7759 -0.5220 -0.3542
vn -0.8543 -0.4390 -0.2783
vn -0.8542 -0.4392 -0.2783
vn -0.9657 -0.1584 -0.2059
vn -0.9657 -0.1583 -0.2059
vn -0.9657 -0.1585 -0.2059
vn -0.5634 -0.8257 0.0293
vn -0.5633 -0.8257 0.0292
vn -0.7208 -0.6931 0.0091
vn -0.7208 -0.6930 0.0091
vn -0.8299 -0.5576 -0.0166
vn -0.9142 -0.4037 -0.0352
vn -0.9142 -0.4038 -0.0352
vn -0.9854 -0.0992 0.1381
vn -0.9854 -0.0991 0.1381
vn -0.2152 -0.9674 0.1338
vn -0.2153 -0.9673 0.1338
vn -0.2439 -0.9530 0.1796
vn -0.2727 -0.9353 0.2256
vn -0.2727 -0.9353 0.2255
vn -0.3073 -0.9097 0.2793
vn -0.3502 -0.8729 0.3398
vn -0.3501 -0.8729 0.3398
vn -0.3971 -0.8281 0.3956
vn -0.3972 -0.8281 0.3956
vn -0.4401 -0.7802 0.4445
vn -0.4721 -0.7299 0.4943
vn -0.2249 -0.9696 0.0965
vn -0.2355 -0.9695 0.0683
vn -0.2356 -0.9695 0.0683
vn -0.2502 -0.9673 0.0421
vn -0.2503 -0.9673 0.0421
vn -0.2690 -0.9629 0.0216
vn -0.2859 -0.9583 0.0052
vn -0.2829 -0.9591 0.0108
vn -0.2844 -0.9587 0.0088
vn -0.2873 -0.9578 0.0036
vn -0.2863 -0.9581 0.0003
vn -0.2867 -0.9580 -0.0018
vn -0.2860 -0.9582 -0.0046
vn -0.3472 -0.2347 0.9079
vn -0.3472 -0.2348 0.9079
vn -0.3650 -0.1761 0.9142
vn -0.3650 -0.1760 0.9142
vn -0.3810 -0.1316 0.9152
vn -0.3810 -0.1317 0.9152
vn -0.3993 -0.0475 0.9156
vn -0.3993 -0.0476 0.9156
vn -0.3685 -0.3052 0.8781
vn -0.3685 -0.3053 0.8781
vn -0.3877 -0.3726 0.8431
vn -0.3876 -0.3726 0.8432
vn -0.4070 -0.4447 0.7979
vn -0.4310 -0.5296 0.7306
vn -0.4597 -0.5862 0.6671
vn -0.4597 -0.5863 0.6671
vn -0.4828 -0.6297 0.6086
vn -0.4879 -0.6776 0.5503
vn -0.3465 -0.2583 -0.9018
vn -0.3691 -0.3360 -0.8665
vn -0.3890 -0.4127 -0.8236
vn -0.3890 -0.4128 -0.8236
vn -0.4069 -0.4867 -0.7730
vn -0.4069 -0.4868 -0.7730
vn -0.4221 -0.5536 -0.7179
vn -0.4221 -0.5536 -0.7178
vn -0.4221 -0.5535 -0.7179
vn -0.4343 -0.6084 -0.6642
vn -0.4423 -0.6508 -0.6171
vn -0.4440 -0.6866 -0.5758
vn -0.4440 -0.6865 -0.5758
vn -0.3640 -0.2061 -0.9083
vn -0.3640 -0.2062 -0.9083
vn -0.3791 -0.1643 -0.9107
vn -0.3790 -0.1643 -0.9107
vn -0.3781 0.0083 -0.9257
vn -0.3781 0.0082 -0.9257
vn -0.2158 -0.9650 -0.1492
vn -0.2158 -0.9650 -0.1491
vn -0.2261 -0.9676 -0.1120
vn -0.2378 -0.9678 -0.0827
vn -0.2379 -0.9678 -0.0827
vn -0.2511 -0.9662 -0.0587
vn -0.2625 -0.9642 -0.0386
vn -0.2715 -0.9622 -0.0221
vn -0.2765 -0.9609 -0.0128
vn -0.2752 -0.9612 -0.0186
vn -0.2811 -0.9596 -0.0099
vn -0.2828 -0.9592 -0.0057
vn -0.2440 -0.9498 -0.1956
vn -0.2440 -0.9499 -0.1956
vn -0.2748 -0.9290 -0.2479
vn -0.3114 -0.8981 -0.3105
vn -0.3115 -0.8981 -0.3105
vn -0.3516 -0.8557 -0.3797
vn -0.3893 -0.8074 -0.4434
vn -0.4193 -0.7600 -0.4966
vn -0.4194 -0.7599 -0.4966
vn -0.4369 -0.7223 -0.5360
vn -0.4370 -0.7223 -0.5360
vn -0.1831 -0.9596 0.2136
vn -0.1532 -0.9654 0.2112
vn -0.1531 -0.9654 0.2112
vn -0.1250 -0.9703 0.2071
vn -0.0979 -0.9743 0.2027
vn -0.0721 -0.9775 0.1981
vn -0.0467 -0.9799 0.1942
vn -0.0467 -0.9798 0.1942
vn -0.0206 -0.9814 0.1911
vn -0.0208 -0.9814 0.1911
vn -0.0208 -0.9814 0.1909
vn 0.0067 -0.9820 0.1887
vn 0.0067 -0.9820 0.1886
vn 0.0340 -0.9818 0.1870
vn 0.0340 -0.9817 0.1872
vn 0.0340 -0.9817 0.1871
vn 0.0339 -0.9818 0.1869
vn 0.0619 -0.9805 0.1867
vn 0.0619 -0.9805 0.1868
vn 0.0919 -0.9781 0.1869
vn 0.0920 -0.9781 0.1868
vn 0.0919 -0.9781 0.1870
vn 0.1250 -0.9743 0.1876
vn 0.1250 -0.9743 0.1875
vn 0.1613 -0.9688 0.1882
vn 0.2018 -0.9612 0.1881
vn -0.2023 -0.9430 0.2643
vn -0.1693 -0.9491 0.2657
vn -0.1385 -0.9549 0.2627
vn -0.1091 -0.9599 0.2581
vn -0.0810 -0.9641 0.2530
vn -0.0811 -0.9641 0.2530
vn -0.0536 -0.9671 0.2487
vn -0.0255 -0.9691 0.2455
vn -0.0253 -0.9691 0.2454
vn -0.0255 -0.9691 0.2454
vn -0.0256 -0.9691 0.2454
vn 0.0033 -0.9700 0.2432
vn 0.0034 -0.9700 0.2431
vn 0.0034 -0.9700 0.2433
vn 0.0035 -0.9699 0.2433
vn 0.0330 -0.9698 0.2417
vn 0.0329 -0.9699 0.2414
vn 0.0329 -0.9698 0.2416
vn 0.0330 -0.9698 0.2418
vn 0.0633 -0.9683 0.2417
vn 0.0633 -0.9683 0.2416
vn 0.0634 -0.9682 0.2418
vn 0.0960 -0.9653 0.2429
vn 0.0960 -0.9653 0.2430
vn 0.1326 -0.9607 0.2438
vn 0.1735 -0.9542 0.2436
vn 0.2200 -0.9457 0.2394
vn -0.2228 -0.9219 0.3169
vn -0.1867 -0.9284 0.3212
vn -0.1532 -0.9349 0.3201
vn -0.1532 -0.9349 0.3202
vn -0.1215 -0.9408 0.3164
vn -0.0913 -0.9458 0.3118
vn -0.0617 -0.9495 0.3078
vn -0.0616 -0.9494 0.3079
vn -0.0316 -0.9519 0.3048
vn -0.0001 -0.9532 0.3025
vn -0.0001 -0.9531 0.3025
vn -0.0000 -0.9531 0.3025
vn 0.0319 -0.9531 0.3011
vn 0.0319 -0.9531 0.3010
vn 0.0318 -0.9531 0.3010
vn 0.0649 -0.9515 0.3009
vn 0.0650 -0.9515 0.3009
vn 0.0650 -0.9514 0.3009
vn 0.1011 -0.9480 0.3019
vn 0.1414 -0.9427 0.3023
vn 0.1869 -0.9354 0.3001
vn 0.2395 -0.9258 0.2924
vn -0.2438 -0.8951 0.3732
vn -0.2046 -0.9026 0.3788
vn -0.1685 -0.9099 0.3791
vn -0.1345 -0.9165 0.3767
vn -0.1021 -0.9220 0.3734
vn -0.0703 -0.9262 0.3704
vn -0.0703 -0.9262 0.3703
vn -0.0380 -0.9290 0.3682
vn -0.0381 -0.9289 0.3684
vn -0.0382 -0.9289 0.3685
vn -0.0046 -0.9306 0.3661
vn -0.0044 -0.9307 0.3659
vn -0.0048 -0.9305 0.3663
vn 0.0301 -0.9310 0.3639
vn 0.0299 -0.9309 0.3640
vn 0.0300 -0.9309 0.3641
vn 0.0302 -0.9308 0.3642
vn 0.0664 -0.9293 0.3633
vn 0.1059 -0.9257 0.3632
vn 0.1060 -0.9257 0.3632
vn 0.1501 -0.9198 0.3624
vn 0.1501 -0.9199 0.3624
vn 0.1501 -0.9198 0.3625
vn 0.2006 -0.9116 0.3589
vn 0.2589 -0.9005 0.3494
vn -0.2635 -0.8637 0.4297
vn -0.2216 -0.8721 0.4362
vn -0.2216 -0.8722 0.4361
vn -0.2216 -0.8722 0.4362
vn -0.1832 -0.8800 0.4383
vn -0.1474 -0.8868 0.4379
vn -0.1474 -0.8869 0.4379
vn -0.1130 -0.8926 0.4365
vn -0.1130 -0.8926 0.4364
vn -0.0792 -0.8969 0.4350
vn -0.0792 -0.8970 0.4350
vn -0.0448 -0.9001 0.4333
vn -0.0448 -0.9001 0.4334
vn -0.0091 -0.9020 0.4316
vn -0.0091 -0.9021 0.4315
vn 0.0280 -0.9026 0.4296
vn 0.0279 -0.9026 0.4295
vn 0.0281 -0.9027 0.4294
vn 0.0281 -0.9025 0.4297
vn 0.0671 -0.9014 0.4277
vn 0.1099 -0.8980 0.4260
vn 0.1577 -0.8922 0.4233
vn 0.1576 -0.8922 0.4233
vn 0.1577 -0.8921 0.4233
vn 0.2126 -0.8833 0.4179
vn 0.2126 -0.8832 0.4180
vn 0.2763 -0.8706 0.4070
vn -0.2809 -0.8277 0.4857
vn -0.2809 -0.8278 0.4857
vn -0.2809 -0.8277 0.4858
vn -0.2368 -0.8370 0.4933
vn -0.1967 -0.8451 0.4971
vn -0.1594 -0.8519 0.4989
vn -0.1234 -0.8575 0.4994
vn -0.1234 -0.8575 0.4995
vn -0.1235 -0.8576 0.4993
vn -0.0878 -0.8619 0.4995
vn -0.0878 -0.8618 0.4995
vn -0.0879 -0.8619 0.4994
vn -0.0518 -0.8652 0.4988
vn -0.0518 -0.8651 0.4989
vn -0.0142 -0.8675 0.4972
vn -0.0143 -0.8674 0.4974
vn -0.0143 -0.8675 0.4973
vn 0.0249 -0.8685 0.4951
vn 0.0249 -0.8684 0.4952
vn 0.0668 -0.8678 0.4923
vn 0.0666 -0.8678 0.4924
vn 0.1122 -0.8650 0.4890
vn 0.1122 -0.8650 0.4891
vn 0.1634 -0.8594 0.4845
vn 0.2219 -0.8503 0.4772
vn 0.2900 -0.8364 0.4651
vn -0.2952 -0.7870 0.5417
vn -0.2495 -0.7972 0.5497
vn -0.2082 -0.8056 0.5547
vn -0.2082 -0.8055 0.5548
vn -0.2082 -0.8054 0.5549
vn -0.1697 -0.8122 0.5582
vn -0.1697 -0.8122 0.5581
vn -0.1326 -0.8177 0.5602
vn -0.1326 -0.8176 0.5602
vn -0.0959 -0.8220 0.5613
vn -0.0959 -0.8220 0.5614
vn -0.0959 -0.8221 0.5613
vn -0.0586 -0.8256 0.5613
vn -0.0586 -0.8255 0.5613
vn -0.0586 -0.8256 0.5612
vn -0.0197 -0.8280 0.5604
vn -0.0197 -0.8280 0.5603
vn -0.0197 -0.8279 0.5605
vn 0.0211 -0.8293 0.5584
vn 0.0647 -0.8291 0.5554
vn 0.1125 -0.8267 0.5512
vn 0.1126 -0.8267 0.5512
vn 0.1125 -0.8268 0.5512
vn 0.1124 -0.8269 0.5511
vn 0.1662 -0.8217 0.5452
vn 0.1663 -0.8216 0.5453
vn 0.1663 -0.8215 0.5455
vn 0.2276 -0.8124 0.5368
vn 0.2276 -0.8124 0.5369
vn 0.2992 -0.7973 0.5242
vn -0.3056 -0.7415 0.5973
vn -0.2593 -0.7526 0.6053
vn -0.2173 -0.7611 0.6112
vn -0.2174 -0.7613 0.6108
vn -0.2174 -0.7611 0.6112
vn -0.2174 -0.7610 0.6112
vn -0.1785 -0.7675 0.6157
vn -0.1783 -0.7676 0.6156
vn -0.1785 -0.7674 0.6158
vn -0.1786 -0.7675 0.6157
vn -0.1407 -0.7731 0.6185
vn -0.1406 -0.7731 0.6186
vn -0.1407 -0.7731 0.6184
vn -0.1034 -0.7775 0.6203
vn -0.1034 -0.7776 0.6202
vn -0.1034 -0.7777 0.6201
vn -0.1033 -0.7778 0.6200
vn -0.0652 -0.7812 0.6208
vn -0.0651 -0.7813 0.6207
vn -0.0652 -0.7811 0.6210
vn -0.0652 -0.7811 0.6209
vn -0.0253 -0.7840 0.6202
vn -0.0254 -0.7841 0.6202
vn -0.0254 -0.7840 0.6202
vn 0.0163 -0.7853 0.6189
vn 0.0163 -0.7855 0.6187
vn 0.0612 -0.7854 0.6159
vn 0.0612 -0.7855 0.6159
vn 0.1103 -0.7835 0.6116
vn 0.1103 -0.7834 0.6116
vn 0.1103 -0.7835 0.6115
vn 0.1656 -0.7788 0.6051
vn 0.1656 -0.7787 0.6051
vn 0.2287 -0.7695 0.5963
vn 0.3022 -0.7533 0.5841
vn -0.3120 -0.6904 0.6527
vn -0.2660 -0.7019 0.6608
vn -0.2659 -0.7018 0.6608
vn -0.2659 -0.7019 0.6608
vn -0.2243 -0.7097 0.6679
vn -0.2243 -0.7096 0.6679
vn -0.2243 -0.7097 0.6678
vn -0.1854 -0.7155 0.6736
vn -0.1854 -0.7155 0.6735
vn -0.1478 -0.7203 0.6777
vn -0.1478 -0.7203 0.6778
vn -0.1478 -0.7202 0.6778
vn -0.1102 -0.7244 0.6806
vn -0.1102 -0.7243 0.6807
vn -0.1103 -0.7244 0.6805
vn -0.1103 -0.7245 0.6804
vn -0.0718 -0.7280 0.6818
vn -0.0716 -0.7282 0.6816
vn -0.0718 -0.7281 0.6818
vn -0.0719 -0.7279 0.6819
vn -0.0318 -0.7306 0.6821
vn -0.0318 -0.7305 0.6821
vn -0.0318 -0.7305 0.6822
vn 0.0106 -0.7321 0.6811
vn 0.0557 -0.7328 0.6782
vn 0.1053 -0.7318 0.6733
vn 0.1054 -0.7318 0.6733
vn 0.1610 -0.7282 0.6661
vn 0.2247 -0.7198 0.6568
vn 0.2247 -0.7199 0.6567
vn 0.2989 -0.7033 0.6450
vn -0.3144 -0.6336 0.7069
vn -0.2693 -0.6446 0.7155
vn -0.2693 -0.6447 0.7155
vn -0.2289 -0.6509 0.7239
vn -0.2289 -0.6508 0.7239
vn -0.1909 -0.6548 0.7313
vn -0.1539 -0.6577 0.7373
vn -0.1539 -0.6577 0.7374
vn -0.1539 -0.6578 0.7373
vn -0.1169 -0.6606 0.7416
vn -0.1168 -0.6606 0.7416
vn -0.0790 -0.6635 0.7440
vn -0.0788 -0.6635 0.7440
vn -0.0791 -0.6633 0.7442
vn -0.0791 -0.6635 0.7440
vn -0.0387 -0.6659 0.7450
vn -0.0387 -0.6660 0.7450
vn 0.0034 -0.6678 0.7443
vn 0.0033 -0.6679 0.7443
vn 0.0482 -0.6695 0.7412
vn 0.0975 -0.6705 0.7355
vn 0.1527 -0.6689 0.7275
vn 0.1527 -0.6688 0.7276
vn 0.2157 -0.6623 0.7175
vn 0.2890 -0.6464 0.7061
vn -0.3131 -0.5704 0.7594
vn -0.2701 -0.5806 0.7681
vn -0.2310 -0.5848 0.7776
vn -0.1943 -0.5861 0.7866
vn -0.1586 -0.5864 0.7943
vn -0.1228 -0.5874 0.7999
vn -0.1228 -0.5875 0.7999
vn -0.0855 -0.5892 0.8034
vn -0.0855 -0.5892 0.8035
vn -0.0855 -0.5891 0.8035
vn -0.0460 -0.5911 0.8053
vn -0.0050 -0.5934 0.8049
vn 0.0390 -0.5963 0.8018
vn 0.0871 -0.5993 0.7958
vn 0.1408 -0.6002 0.7874
vn 0.1408 -0.6002 0.7873
vn 0.2021 -0.5957 0.7774
vn 0.2730 -0.5809 0.7668
vn -0.3086 -0.5011 0.8085
vn -0.2682 -0.5099 0.8174
vn -0.2682 -0.5098 0.8174
vn -0.2312 -0.5119 0.8274
vn -0.2311 -0.5118 0.8274
vn -0.1962 -0.5106 0.8371
vn -0.1962 -0.5106 0.8372
vn -0.1620 -0.5083 0.8458
vn -0.1620 -0.5084 0.8458
vn -0.1276 -0.5072 0.8523
vn -0.0916 -0.5075 0.8568
vn -0.0915 -0.5074 0.8569
vn -0.0916 -0.5074 0.8568
vn -0.0917 -0.5074 0.8568
vn -0.0532 -0.5089 0.8592
vn -0.0532 -0.5090 0.8591
vn -0.0533 -0.5089 0.8592
vn -0.0533 -0.5086 0.8594
vn -0.0137 -0.5107 0.8596
vn -0.0137 -0.5107 0.8597
vn 0.0284 -0.5144 0.8571
vn 0.0284 -0.5145 0.8570
vn 0.0746 -0.5189 0.8516
vn 0.0745 -0.5190 0.8515
vn 0.1263 -0.5216 0.8438
vn 0.1847 -0.5189 0.8347
vn 0.1847 -0.5188 0.8347
vn 0.2516 -0.5059 0.8251
vn 0.2516 -0.5059 0.8250
vn -0.3016 -0.4307 0.8506
vn -0.2643 -0.4350 0.8607
vn -0.2643 -0.4351 0.8607
vn -0.2298 -0.4338 0.8712
vn -0.2298 -0.4337 0.8712
vn -0.1965 -0.4301 0.8811
vn -0.1642 -0.4259 0.8897
vn -0.1642 -0.4260 0.8897
vn -0.1315 -0.4231 0.8965
vn -0.1316 -0.4232 0.8964
vn -0.1315 -0.4230 0.8965
vn -0.1315 -0.4229 0.8966
vn -0.0971 -0.4218 0.9015
vn -0.0971 -0.4219 0.9014
vn -0.0603 -0.4218 0.9047
vn -0.0603 -0.4217 0.9047
vn -0.0223 -0.4232 0.9058
vn -0.0223 -0.4231 0.9058
vn 0.0176 -0.4265 0.9043
vn 0.0612 -0.4311 0.9002
vn 0.0612 -0.4310 0.9003
vn 0.1103 -0.4342 0.8940
vn 0.1649 -0.4344 0.8855
vn 0.1650 -0.4344 0.8855
vn 0.2271 -0.4264 0.8756
vn -0.2934 -0.3580 0.8864
vn -0.2599 -0.3560 0.8976
vn -0.2279 -0.3519 0.9079
vn -0.2279 -0.3518 0.9079
vn -0.1964 -0.3473 0.9170
vn -0.1964 -0.3472 0.9170
vn -0.1963 -0.3472 0.9170
vn -0.1655 -0.3424 0.9249
vn -0.1655 -0.3424 0.9248
vn -0.1344 -0.3386 0.9313
vn -0.1015 -0.3365 0.9362
vn -0.1014 -0.3360 0.9364
vn -0.1015 -0.3361 0.9363
vn -0.1015 -0.3367 0.9361
vn -0.0662 -0.3348 0.9399
vn -0.0662 -0.3349 0.9399
vn -0.0662 -0.3348 0.9400
vn -0.0300 -0.3343 0.9420
vn -0.0301 -0.3343 0.9420
vn -0.0302 -0.3345 0.9419
vn 0.0075 -0.3357 0.9419
vn 0.0075 -0.3359 0.9419
vn 0.0075 -0.3358 0.9419
vn 0.0486 -0.3381 0.9398
vn 0.0486 -0.3382 0.9398
vn 0.0946 -0.3402 0.9356
vn 0.0947 -0.3402 0.9356
vn 0.1450 -0.3416 0.9286
vn 0.2011 -0.3405 0.9185
vn -0.1942 -0.9676 0.1612
vn -0.1661 -0.9728 0.1614
vn -0.1399 -0.9776 0.1569
vn -0.1399 -0.9777 0.1569
vn -0.1141 -0.9815 0.1540
vn -0.1142 -0.9815 0.1539
vn -0.0889 -0.9845 0.1509
vn -0.0889 -0.9846 0.1509
vn -0.0889 -0.9845 0.1510
vn -0.0647 -0.9869 0.1478
vn -0.0649 -0.9869 0.1480
vn -0.0650 -0.9869 0.1480
vn -0.0409 -0.9886 0.1449
vn -0.0410 -0.9886 0.1449
vn -0.0164 -0.9897 0.1423
vn -0.0163 -0.9897 0.1423
vn -0.0164 -0.9897 0.1421
vn -0.0165 -0.9897 0.1421
vn 0.0096 -0.9901 0.1399
vn 0.0097 -0.9901 0.1398
vn 0.0096 -0.9901 0.1398
vn 0.0095 -0.9901 0.1400
vn 0.0352 -0.9898 0.1378
vn 0.0352 -0.9898 0.1379
vn 0.0354 -0.9898 0.1378
vn 0.0354 -0.9898 0.1379
vn 0.0613 -0.9888 0.1364
vn 0.0612 -0.9887 0.1365
vn 0.0612 -0.9888 0.1364
vn 0.0893 -0.9868 0.1351
vn 0.0892 -0.9868 0.1352
vn 0.0894 -0.9868 0.1352
vn 0.0897 -0.9867 0.1353
vn 0.1200 -0.9837 0.1342
vn 0.1201 -0.9836 0.1343
vn 0.1197 -0.9837 0.1339
vn 0.1200 -0.9837 0.1339
vn 0.1524 -0.9793 0.1333
vn 0.1524 -0.9793 0.1334
vn 0.1525 -0.9793 0.1334
vn 0.1869 -0.9730 0.1352
vn 0.2260 -0.9650 0.1332
vn 0.2480 -0.9519 0.1798
vn 0.2481 -0.9519 0.1798
vn 0.2732 -0.9353 0.2247
vn 0.3000 -0.9137 0.2741
vn 0.3267 -0.8859 0.3294
vn 0.3268 -0.8858 0.3294
vn 0.3505 -0.8532 0.3863
vn 0.3701 -0.8157 0.4446
vn 0.3835 -0.7734 0.5048
vn 0.3835 -0.7733 0.5050
vn 0.3893 -0.7261 0.5667
vn 0.3865 -0.6734 0.6302
vn 0.3865 -0.6735 0.6301
vn 0.3753 -0.6147 0.6938
vn 0.3559 -0.5483 0.7568
vn 0.3291 -0.4739 0.8168
vn 0.3291 -0.4739 0.8167
vn 0.2977 -0.3986 0.8675
vn 0.2647 -0.3227 0.9087
vn 0.2326 -0.2361 0.9435
vn 0.2326 -0.2362 0.9435
vn 0.1771 -0.2424 0.9539
vn 0.1771 -0.2425 0.9539
vn 0.1280 -0.2401 0.9623
vn 0.1282 -0.2402 0.9622
vn 0.1281 -0.2402 0.9622
vn 0.0818 -0.2421 0.9668
vn 0.0818 -0.2422 0.9668
vn 0.0383 -0.2448 0.9688
vn 0.0383 -0.2444 0.9689
vn 0.0383 -0.2443 0.9689
vn -0.0006 -0.2465 0.9692
vn -0.0008 -0.2463 0.9692
vn -0.0007 -0.2463 0.9692
vn -0.0364 -0.2487 0.9679
vn -0.0366 -0.2484 0.9680
vn -0.0365 -0.2484 0.9680
vn -0.0365 -0.2485 0.9679
vn -0.0711 -0.2511 0.9653
vn -0.0711 -0.2512 0.9653
vn -0.0711 -0.2514 0.9653
vn -0.0710 -0.2511 0.9653
vn -0.1050 -0.2543 0.9614
vn -0.1051 -0.2542 0.9614
vn -0.1367 -0.2576 0.9565
vn -0.1367 -0.2575 0.9566
vn -0.1368 -0.2576 0.9565
vn -0.1667 -0.2612 0.9508
vn -0.1667 -0.2611 0.9508
vn -0.1666 -0.2612 0.9508
vn -0.1963 -0.2651 0.9440
vn -0.1963 -0.2650 0.9440
vn -0.2266 -0.2688 0.9362
vn -0.2567 -0.2724 0.9273
vn -0.2861 -0.2786 0.9168
vn -0.3182 -0.2777 0.9064
vn -0.3182 -0.2777 0.9065
vn -0.3181 -0.2777 0.9065
vn -0.3301 -0.3478 0.8775
vn -0.3428 -0.4127 0.8439
vn -0.3541 -0.4803 0.8024
vn -0.3623 -0.5497 0.7527
vn -0.3661 -0.6141 0.6991
vn -0.3661 -0.6142 0.6991
vn -0.3654 -0.6737 0.6424
vn -0.3654 -0.6736 0.6424
vn -0.3598 -0.7273 0.5844
vn -0.3599 -0.7273 0.5844
vn -0.3492 -0.7734 0.5291
vn -0.3324 -0.8157 0.4735
vn -0.3111 -0.8544 0.4163
vn -0.2871 -0.8882 0.3588
vn -0.2620 -0.9163 0.3030
vn -0.2374 -0.9379 0.2529
vn -0.2374 -0.9379 0.2528
vn -0.2148 -0.9543 0.2077
vn 0.1877 -0.9813 0.0435
vn 0.1520 -0.9873 0.0469
vn 0.1200 -0.9915 0.0508
vn 0.1200 -0.9915 0.0509
vn 0.0904 -0.9944 0.0550
vn 0.0903 -0.9944 0.0550
vn 0.0636 -0.9962 0.0591
vn 0.0636 -0.9962 0.0592
vn 0.0635 -0.9962 0.0590
vn 0.0383 -0.9973 0.0625
vn 0.0385 -0.9973 0.0626
vn 0.0384 -0.9973 0.0626
vn 0.0139 -0.9978 0.0653
vn 0.0139 -0.9978 0.0654
vn 0.0141 -0.9978 0.0653
vn -0.0107 -0.9977 0.0675
vn -0.0107 -0.9977 0.0676
vn -0.0107 -0.9977 0.0674
vn -0.0340 -0.9970 0.0690
vn -0.0340 -0.9970 0.0691
vn -0.0340 -0.9970 0.0694
vn -0.0340 -0.9970 0.0692
vn -0.0568 -0.9959 0.0699
vn -0.0568 -0.9959 0.0698
vn -0.0799 -0.9944 0.0698
vn -0.0799 -0.9943 0.0699
vn -0.0800 -0.9943 0.0699
vn -0.1041 -0.9921 0.0697
vn -0.1294 -0.9892 0.0691
vn -0.1565 -0.9853 0.0690
vn 0.1965 -0.9803 0.0208
vn 0.1577 -0.9872 0.0224
vn 0.1239 -0.9919 0.0261
vn 0.0935 -0.9952 0.0303
vn 0.0934 -0.9952 0.0303
vn 0.0661 -0.9972 0.0348
vn 0.0661 -0.9972 0.0347
vn 0.0661 -0.9972 0.0349
vn 0.0405 -0.9984 0.0384
vn 0.0156 -0.9990 0.0412
vn 0.0157 -0.9990 0.0412
vn 0.0157 -0.9990 0.0414
vn -0.0090 -0.9990 0.0430
vn -0.0091 -0.9990 0.0432
vn -0.0090 -0.9990 0.0428
vn -0.0327 -0.9985 0.0446
vn -0.0327 -0.9985 0.0445
vn -0.0327 -0.9985 0.0444
vn -0.0559 -0.9974 0.0447
vn -0.0795 -0.9959 0.0441
vn -0.1043 -0.9936 0.0433
vn -0.1307 -0.9905 0.0429
vn -0.1601 -0.9861 0.0443
vn 0.2060 -0.9785 0.0052
vn 0.1644 -0.9864 0.0061
vn 0.1679 -0.9858 -0.0014
vn 0.1669 -0.9860 0.0038
vn 0.1307 -0.9914 0.0074
vn 0.1288 -0.9916 0.0092
vn 0.1320 -0.9912 0.0001
vn 0.0987 -0.9950 0.0114
vn 0.0972 -0.9952 0.0132
vn 0.0996 -0.9950 0.0037
vn 0.0699 -0.9974 0.0160
vn 0.0689 -0.9975 0.0174
vn 0.0704 -0.9975 0.0071
vn 0.0434 -0.9989 0.0197
vn 0.0426 -0.9989 0.0209
vn 0.0435 -0.9990 0.0095
vn 0.0177 -0.9996 0.0229
vn 0.0170 -0.9996 0.0234
vn 0.0171 -0.9996 0.0234
vn 0.0176 -0.9998 0.0114
vn -0.0077 -0.9999 0.0125
vn -0.0030 -0.9999 0.0147
vn -0.0080 -0.9997 0.0250
vn -0.0079 -0.9997 0.0249
vn -0.0339 -0.9991 0.0269
vn -0.0319 -0.9991 0.0266
vn -0.0321 -0.9991 0.0263
vn -0.0318 -0.9994 0.0125
vn -0.0620 -0.9978 0.0234
vn -0.0560 -0.9981 0.0262
vn -0.0515 -0.9986 0.0146
vn -0.0803 -0.9964 0.0255
vn -0.0810 -0.9965 0.0227
vn -0.0812 -0.9966 0.0144
vn -0.0802 -0.9964 0.0255
vn -0.1087 -0.9939 0.0161
vn -0.1060 -0.9941 0.0246
vn -0.1059 -0.9942 0.0199
vn -0.1365 -0.9905 0.0162
vn -0.1338 -0.9907 0.0243
vn -0.1338 -0.9907 0.0244
vn -0.1351 -0.9906 0.0189
vn -0.1651 -0.9859 0.0260
vn 0.2180 -0.9759 -0.0067
vn 0.2153 -0.9765 -0.0060
vn 0.2205 -0.9753 -0.0110
vn 0.1748 -0.9846 -0.0092
vn 0.1742 -0.9847 -0.0064
vn 0.1360 -0.9907 -0.0028
vn 0.1363 -0.9907 -0.0057
vn 0.1026 -0.9947 0.0007
vn 0.1028 -0.9947 -0.0025
vn 0.0732 -0.9973 -0.0010
vn 0.0727 -0.9973 0.0047
vn 0.0451 -0.9990 0.0071
vn 0.0447 -0.9990 0.0018
vn 0.0186 -0.9998 0.0097
vn 0.0185 -0.9998 0.0025
vn -0.0072 -0.9999 0.0118
vn -0.0074 -1.0000 0.0034
vn -0.0324 -0.9995 0.0046
vn -0.0322 -0.9994 0.0119
vn -0.0573 -0.9983 0.0050
vn -0.0573 -0.9983 0.0112
vn -0.0824 -0.9965 0.0108
vn -0.0825 -0.9966 0.0056
vn -0.1101 -0.9939 0.0047
vn -0.1097 -0.9939 0.0090
vn -0.1398 -0.9902 0.0041
vn -0.1392 -0.9902 0.0080
vn -0.1703 -0.9853 0.0116
vn -0.1728 -0.9849 0.0073
vn -0.1732 -0.9849 0.0061
vn 0.2259 -0.9741 -0.0104
vn 0.2263 -0.9740 -0.0126
vn 0.1790 -0.9838 -0.0098
vn 0.1804 -0.9835 -0.0112
vn 0.1399 -0.9901 -0.0086
vn 0.1408 -0.9900 -0.0080
vn 0.1055 -0.9944 -0.0059
vn 0.1060 -0.9944 -0.0056
vn 0.0752 -0.9972 -0.0041
vn 0.0755 -0.9971 -0.0023
vn 0.0463 -0.9989 -0.0031
vn 0.0461 -0.9989 -0.0005
vn 0.0202 -0.9998 -0.0022
vn 0.0189 -0.9998 0.0015
vn -0.0070 -1.0000 0.0029
vn -0.0066 -1.0000 -0.0023
vn -0.0326 -0.9995 0.0031
vn -0.0300 -0.9995 0.0020
vn -0.0581 -0.9983 0.0030
vn -0.0575 -0.9983 -0.0007
vn -0.0858 -0.9963 0.0005
vn -0.0841 -0.9965 0.0016
vn -0.1118 -0.9937 0.0016
vn -0.1123 -0.9937 -0.0017
vn -0.1421 -0.9899 0.0009
vn -0.1429 -0.9897 -0.0023
vn -0.1771 -0.9842 0.0002
vn -0.1776 -0.9841 -0.0022
vn 0.2318 -0.9727 -0.0118
vn 0.2309 -0.9729 -0.0095
vn 0.1837 -0.9829 -0.0095
vn 0.1833 -0.9830 -0.0088
vn 0.1434 -0.9896 -0.0084
vn 0.1430 -0.9897 -0.0074
vn 0.1080 -0.9941 -0.0068
vn 0.1079 -0.9941 -0.0063
vn 0.0766 -0.9970 -0.0051
vn 0.0766 -0.9970 -0.0050
vn 0.0474 -0.9989 -0.0043
vn 0.0473 -0.9989 -0.0040
vn 0.0198 -0.9998 -0.0035
vn 0.0196 -0.9998 -0.0030
vn -0.0065 -1.0000 -0.0038
vn -0.0061 -1.0000 -0.0033
vn -0.0320 -0.9995 -0.0026
vn -0.0331 -0.9995 -0.0016
vn -0.0588 -0.9983 -0.0034
vn -0.0589 -0.9983 -0.0015
vn -0.0855 -0.9963 -0.0030
vn -0.0856 -0.9963 -0.0033
vn -0.1138 -0.9935 -0.0031
vn -0.1136 -0.9935 -0.0039
vn -0.1450 -0.9894 -0.0037
vn -0.1449 -0.9894 -0.0045
vn -0.1804 -0.9836 -0.0040
vn -0.1804 -0.9836 -0.0052
vn 0.2309 -0.9730 -0.0033
vn 0.2345 -0.9721 -0.0020
vn 0.1858 -0.9826 -0.0021
vn 0.1827 -0.9832 -0.0042
vn 0.1444 -0.9895 -0.0018
vn 0.1443 -0.9895 -0.0068
vn 0.1089 -0.9941 -0.0024
vn 0.1090 -0.9940 -0.0062
vn 0.0772 -0.9970 -0.0036
vn 0.0777 -0.9970 -0.0044
vn 0.0478 -0.9988 -0.0035
vn 0.0475 -0.9989 -0.0042
vn 0.0202 -0.9998 -0.0040
vn 0.0201 -0.9998 -0.0039
vn -0.0069 -1.0000 -0.0037
vn -0.0067 -1.0000 -0.0038
vn -0.0330 -0.9994 -0.0041
vn -0.0329 -0.9995 -0.0037
vn -0.0589 -0.9983 -0.0041
vn -0.0589 -0.9983 -0.0043
vn -0.0858 -0.9963 -0.0042
vn -0.0860 -0.9963 -0.0045
vn -0.1145 -0.9934 -0.0049
vn -0.1144 -0.9934 -0.0050
vn -0.1460 -0.9893 -0.0055
vn -0.1460 -0.9893 -0.0054
vn -0.1819 -0.9833 -0.0056
vn -0.1817 -0.9833 -0.0060
vn 0.2321 -0.9727 0.0025
vn 0.2313 -0.9729 -0.0000
vn 0.1841 -0.9829 0.0015
vn 0.1836 -0.9830 -0.0003
vn 0.1433 -0.9897 -0.0003
vn 0.1435 -0.9896 -0.0014
vn 0.1080 -0.9941 -0.0016
vn 0.1082 -0.9941 -0.0022
vn 0.0766 -0.9971 -0.0030
vn 0.0766 -0.9971 -0.0028
vn 0.0477 -0.9989 -0.0038
vn 0.0477 -0.9989 -0.0037
vn 0.0199 -0.9998 -0.0050
vn 0.0200 -0.9998 -0.0044
vn -0.0066 -1.0000 -0.0059
vn -0.0068 -1.0000 -0.0047
vn -0.0318 -0.9995 -0.0061
vn -0.0326 -0.9995 -0.0045
vn -0.0599 -0.9982 -0.0062
vn -0.0587 -0.9983 -0.0047
vn -0.0857 -0.9963 -0.0068
vn -0.0854 -0.9963 -0.0054
vn -0.1138 -0.9935 -0.0067
vn -0.1143 -0.9934 -0.0053
vn -0.1451 -0.9894 -0.0066
vn -0.1454 -0.9894 -0.0058
vn -0.1812 -0.9834 -0.0061
vn -0.1810 -0.9835 -0.0072
vn 0.2262 -0.9741 0.0032
vn 0.2275 -0.9738 0.0016
vn 0.1798 -0.9837 0.0018
vn 0.1808 -0.9835 0.0010
vn 0.1408 -0.9900 0.0001
vn 0.1406 -0.9901 -0.0010
vn 0.1062 -0.9943 -0.0018
vn 0.1061 -0.9944 -0.0033
vn 0.0753 -0.9972 -0.0037
vn 0.0752 -0.9972 -0.0056
vn 0.0466 -0.9989 -0.0048
vn 0.0471 -0.9989 -0.0083
vn 0.0189 -0.9998 -0.0057
vn 0.0192 -0.9998 -0.0097
vn -0.0062 -0.9999 -0.0112
vn -0.0047 -0.9999 -0.0095
vn -0.0324 -0.9994 -0.0125
vn -0.0324 -0.9995 -0.0069
vn -0.0585 -0.9982 -0.0127
vn -0.0584 -0.9983 -0.0078
vn -0.0846 -0.9963 -0.0122
vn -0.0848 -0.9964 -0.0081
vn -0.1125 -0.9936 -0.0115
vn -0.1124 -0.9936 -0.0089
vn -0.1431 -0.9896 -0.0115
vn -0.1432 -0.9897 -0.0089
vn -0.1780 -0.9839 -0.0122
vn -0.1780 -0.9840 -0.0098
vn 0.2199 -0.9755 -0.0001
vn 0.2190 -0.9757 -0.0035
vn 0.1745 -0.9846 -0.0044
vn 0.1750 -0.9846 -0.0010
vn 0.1366 -0.9906 -0.0042
vn 0.1367 -0.9906 -0.0053
vn 0.1031 -0.9947 -0.0068
vn 0.1025 -0.9947 -0.0084
vn 0.0743 -0.9972 -0.0097
vn 0.0724 -0.9973 -0.0119
vn 0.0455 -0.9989 -0.0099
vn 0.0447 -0.9989 -0.0160
vn 0.0185 -0.9998 -0.0111
vn 0.0184 -0.9997 -0.0188
vn -0.0028 -0.9999 -0.0167
vn -0.0060 -0.9998 -0.0209
vn -0.0311 -0.9993 -0.0210
vn -0.0321 -0.9994 -0.0131
vn -0.0579 -0.9981 -0.0208
vn -0.0593 -0.9981 -0.0141
vn -0.0835 -0.9964 -0.0143
vn -0.0836 -0.9963 -0.0206
vn -0.1102 -0.9937 -0.0207
vn -0.1107 -0.9938 -0.0145
vn -0.1396 -0.9900 -0.0208
vn -0.1405 -0.9900 -0.0146
vn -0.1732 -0.9846 -0.0220
vn -0.1746 -0.9845 -0.0157
vn 0.2161 -0.9764 -0.0043
vn 0.1694 -0.9855 -0.0072
vn 0.1684 -0.9856 -0.0134
vn 0.1320 -0.9912 -0.0110
vn 0.1316 -0.9912 -0.0169
vn 0.0993 -0.9950 -0.0144
vn 0.0989 -0.9949 -0.0210
vn 0.0704 -0.9972 -0.0255
vn 0.0705 -0.9974 -0.0174
vn 0.0489 -0.9985 -0.0257
vn 0.0385 -0.9991 -0.0200
vn 0.0175 -0.9993 -0.0339
vn 0.0170 -0.9997 -0.0192
vn -0.0072 -0.9993 -0.0354
vn -0.0075 -0.9997 -0.0212
vn -0.0326 -0.9992 -0.0224
vn -0.0326 -0.9992 -0.0226
vn -0.0567 -0.9978 -0.0351
vn -0.0576 -0.9980 -0.0242
vn -0.0816 -0.9961 -0.0345
vn -0.0810 -0.9964 -0.0258
vn -0.1092 -0.9938 -0.0223
vn -0.1384 -0.9901 -0.0224
vn -0.1715 -0.9849 -0.0240
vn 0.2069 -0.9782 -0.0162
vn 0.1651 -0.9861 -0.0168
vn 0.1294 -0.9914 -0.0195
vn 0.0976 -0.9950 -0.0233
vn 0.0691 -0.9972 -0.0273
vn 0.0425 -0.9986 -0.0307
vn 0.0169 -0.9993 -0.0333
vn -0.0084 -0.9993 -0.0352
vn -0.0084 -0.9993 -0.0353
vn -0.0327 -0.9988 -0.0367
vn -0.0327 -0.9988 -0.0365
vn -0.0326 -0.9988 -0.0366
vn -0.0327 -0.9988 -0.0370
vn -0.0565 -0.9977 -0.0367
vn -0.0566 -0.9977 -0.0368
vn -0.0811 -0.9960 -0.0366
vn -0.1070 -0.9936 -0.0363
vn -0.1069 -0.9936 -0.0364
vn -0.1350 -0.9902 -0.0367
vn -0.1664 -0.9853 -0.0391
vn -0.1663 -0.9853 -0.0391
vn 0.1972 -0.9798 -0.0325
vn 0.1583 -0.9868 -0.0338
vn 0.1244 -0.9915 -0.0372
vn 0.0937 -0.9947 -0.0413
vn 0.0937 -0.9947 -0.0412
vn 0.0662 -0.9968 -0.0456
vn 0.0662 -0.9968 -0.0455
vn 0.0404 -0.9980 -0.0493
vn 0.0405 -0.9980 -0.0493
vn 0.0405 -0.9980 -0.0494
vn 0.0154 -0.9985 -0.0522
vn 0.0154 -0.9985 -0.0521
vn -0.0096 -0.9985 -0.0545
vn -0.0096 -0.9985 -0.0547
vn -0.0096 -0.9985 -0.0544
vn -0.0097 -0.9985 -0.0544
vn -0.0334 -0.9979 -0.0558
vn -0.0334 -0.9979 -0.0557
vn -0.0335 -0.9979 -0.0557
vn -0.0566 -0.9968 -0.0564
vn -0.0803 -0.9952 -0.0562
vn -0.1053 -0.9929 -0.0560
vn -0.1320 -0.9897 -0.0561
vn -0.1615 -0.9852 -0.0582
vn 0.1882 -0.9805 -0.0558
vn 0.1523 -0.9866 -0.0591
vn 0.1203 -0.9907 -0.0630
vn 0.0905 -0.9936 -0.0670
vn 0.0636 -0.9954 -0.0711
vn 0.0636 -0.9954 -0.0710
vn 0.0383 -0.9965 -0.0746
vn 0.0383 -0.9965 -0.0747
vn 0.0136 -0.9969 -0.0775
vn 0.0136 -0.9969 -0.0776
vn -0.0111 -0.9967 -0.0799
vn -0.0112 -0.9967 -0.0800
vn -0.0110 -0.9968 -0.0796
vn -0.0110 -0.9968 -0.0795
vn -0.0347 -0.9961 -0.0817
vn -0.0348 -0.9960 -0.0817
vn -0.0347 -0.9960 -0.0819
vn -0.0346 -0.9960 -0.0820
vn -0.0577 -0.9949 -0.0828
vn -0.0577 -0.9949 -0.0829
vn -0.0578 -0.9949 -0.0829
vn -0.0810 -0.9932 -0.0832
vn -0.0809 -0.9932 -0.0832
vn -0.1053 -0.9909 -0.0834
vn -0.1052 -0.9909 -0.0834
vn -0.1305 -0.9879 -0.0833
vn -0.1306 -0.9879 -0.0833
vn -0.1579 -0.9839 -0.0838
vn 0.2192 -0.9726 0.0774
vn 0.1818 -0.9802 0.0786
vn 0.1494 -0.9852 0.0835
vn 0.1494 -0.9852 0.0836
vn 0.1494 -0.9852 0.0837
vn 0.1183 -0.9892 0.0866
vn 0.0887 -0.9920 0.0896
vn 0.0888 -0.9920 0.0896
vn 0.0888 -0.9920 0.0897
vn 0.0618 -0.9938 0.0925
vn 0.0619 -0.9938 0.0925
vn 0.0619 -0.9938 0.0926
vn 0.0367 -0.9948 0.0952
vn 0.0367 -0.9948 0.0953
vn 0.0120 -0.9951 0.0976
vn 0.0119 -0.9951 0.0978
vn -0.0129 -0.9949 0.1001
vn -0.0130 -0.9949 0.0998
vn -0.0130 -0.9949 0.1000
vn -0.0128 -0.9949 0.1003
vn -0.0366 -0.9941 0.1021
vn -0.0596 -0.9928 0.1040
vn -0.0597 -0.9927 0.1044
vn -0.0595 -0.9928 0.1038
vn -0.0825 -0.9910 0.1052
vn -0.0826 -0.9910 0.1054
vn -0.0826 -0.9910 0.1053
vn -0.0825 -0.9910 0.1051
vn -0.1070 -0.9886 0.1064
vn -0.1070 -0.9886 0.1062
vn -0.1068 -0.9886 0.1060
vn -0.1316 -0.9854 0.1076
vn -0.1317 -0.9855 0.1072
vn -0.1316 -0.9855 0.1075
vn -0.1563 -0.9821 0.1055
vn -0.1839 -0.9771 0.1070
vn -0.1879 -0.9794 0.0744
vn -0.1878 -0.9794 0.0744
vn -0.1944 -0.9796 0.0510
vn -0.2018 -0.9789 0.0319
vn -0.2096 -0.9777 0.0151
vn -0.2216 -0.9751 -0.0016
vn -0.2183 -0.9759 0.0016
vn -0.2230 -0.9748 -0.0005
vn -0.2284 -0.9735 -0.0054
vn -0.2281 -0.9736 -0.0041
vn -0.2300 -0.9732 -0.0061
vn -0.2301 -0.9731 -0.0066
vn -0.2288 -0.9734 -0.0084
vn -0.2281 -0.9736 -0.0080
vn -0.2238 -0.9745 -0.0134
vn -0.2233 -0.9747 -0.0122
vn -0.2206 -0.9752 -0.0164
vn -0.2125 -0.9768 -0.0282
vn -0.2038 -0.9780 -0.0452
vn -0.2038 -0.9780 -0.0451
vn -0.1958 -0.9784 -0.0656
vn -0.1892 -0.9778 -0.0897
vn -0.1850 -0.9751 -0.1225
vn -0.1850 -0.9751 -0.1224
vn -0.1573 -0.9801 -0.1208
vn -0.1574 -0.9801 -0.1208
vn -0.1328 -0.9836 -0.1222
vn -0.1329 -0.9836 -0.1221
vn -0.1327 -0.9836 -0.1217
vn -0.1081 -0.9867 -0.1211
vn -0.1081 -0.9867 -0.1210
vn -0.1081 -0.9867 -0.1213
vn -0.0839 -0.9892 -0.1199
vn -0.0837 -0.9892 -0.1201
vn -0.0838 -0.9893 -0.1198
vn -0.0838 -0.9893 -0.1196
vn -0.0605 -0.9912 -0.1178
vn -0.0606 -0.9912 -0.1174
vn -0.0606 -0.9912 -0.1175
vn -0.0606 -0.9912 -0.1176
vn -0.0375 -0.9926 -0.1158
vn -0.0375 -0.9925 -0.1159
vn -0.0375 -0.9925 -0.1160
vn -0.0137 -0.9934 -0.1138
vn -0.0136 -0.9934 -0.1139
vn -0.0135 -0.9934 -0.1139
vn 0.0112 -0.9937 -0.1114
vn 0.0112 -0.9937 -0.1113
vn 0.0364 -0.9934 -0.1086
vn 0.0363 -0.9934 -0.1086
vn 0.0616 -0.9925 -0.1057
vn 0.0617 -0.9925 -0.1056
vn 0.0617 -0.9925 -0.1057
vn 0.0885 -0.9908 -0.1026
vn 0.1182 -0.9880 -0.0996
vn 0.1494 -0.9840 -0.0965
vn 0.1495 -0.9840 -0.0965
vn 0.1494 -0.9840 -0.0966
vn 0.1820 -0.9790 -0.0915
vn 0.2195 -0.9714 -0.0903
vn 0.2194 -0.9714 -0.0903
vn 0.2304 -0.9713 -0.0585
vn 0.2436 -0.9692 -0.0369
vn 0.2435 -0.9692 -0.0369
vn 0.2572 -0.9662 -0.0204
vn 0.2571 -0.9662 -0.0204
vn 0.2697 -0.9629 -0.0074
vn 0.2733 -0.9619 -0.0067
vn 0.2766 -0.9610 -0.0009
vn 0.2837 -0.9589 -0.0016
vn 0.2839 -0.9588 0.0018
vn 0.2904 -0.9569 -0.0010
vn 0.2896 -0.9571 0.0017
vn 0.2914 -0.9566 -0.0077
vn 0.2907 -0.9568 -0.0012
vn 0.2886 -0.9574 -0.0092
vn 0.2899 -0.9570 -0.0103
vn 0.2840 -0.9587 -0.0131
vn 0.2831 -0.9590 -0.0099
vn 0.2741 -0.9617 -0.0057
vn 0.2734 -0.9619 -0.0079
vn 0.2687 -0.9632 -0.0033
vn 0.2562 -0.9666 0.0090
vn 0.2427 -0.9698 0.0250
vn 0.2428 -0.9698 0.0250
vn 0.2298 -0.9721 0.0460
vn 0.2298 -0.9722 0.0460
vn -0.3296 0.9368 0.1176
vn -0.3785 0.9111 0.1633
vn -0.4261 0.8795 0.2117
vn -0.4727 0.8404 0.2650
vn -0.5145 0.7949 0.3216
vn -0.5492 0.7431 0.3824
vn -0.5739 0.6857 0.4477
vn -0.3591 0.9297 0.0818
vn -0.3593 0.9296 0.0820
vn -0.3592 0.9297 0.0819
vn -0.4211 0.8988 0.1218
vn -0.4827 0.8595 0.1682
vn -0.4828 0.8594 0.1682
vn -0.5422 0.8110 0.2197
vn -0.5954 0.7548 0.2752
vn -0.6393 0.6915 0.3362
vn -0.6701 0.6237 0.4025
vn -0.3856 0.9210 0.0549
vn -0.3857 0.9210 0.0550
vn -0.4580 0.8848 0.0861
vn -0.5324 0.8371 0.1258
vn -0.5325 0.8370 0.1258
vn -0.6047 0.7775 0.1728
vn -0.6047 0.7774 0.1728
vn -0.6685 0.7088 0.2250
vn -0.6685 0.7089 0.2250
vn -0.7199 0.6330 0.2848
vn -0.7199 0.6329 0.2848
vn -0.7546 0.5589 0.3438
vn -0.7546 0.5540 0.3517
vn -0.7540 0.5562 0.3493
vn -0.4092 0.9118 0.0337
vn -0.4902 0.8698 0.0567
vn -0.4902 0.8697 0.0568
vn -0.4902 0.8698 0.0568
vn -0.4287 0.9032 0.0185
vn -0.4288 0.9032 0.0185
vn -0.4430 0.8965 0.0087
vn -0.4485 0.8937 0.0106
vn -0.4471 0.8944 0.0090
vn -0.3724 0.1877 0.9089
vn -0.3725 0.1877 0.9089
vn -0.4113 0.1166 0.9040
vn -0.4113 0.1167 0.9040
vn -0.4440 0.0661 0.8936
vn -0.4350 0.2682 0.8595
vn -0.4351 0.2682 0.8595
vn -0.4906 0.1876 0.8509
vn -0.4906 0.1877 0.8509
vn -0.5362 0.1170 0.8360
vn -0.5362 0.1171 0.8360
vn -0.5361 0.1171 0.8360
vn -0.5732 0.0627 0.8170
vn -0.4888 0.3454 0.8011
vn -0.5602 0.2639 0.7852
vn -0.6199 0.1839 0.7628
vn -0.6199 0.1840 0.7628
vn -0.6673 0.1119 0.7363
vn -0.6674 0.1119 0.7363
vn -0.5330 0.4214 0.7337
vn -0.6168 0.3403 0.7098
vn -0.6888 0.2547 0.6787
vn -0.6888 0.2546 0.6787
vn -0.5645 0.4928 0.6622
vn -0.5646 0.4927 0.6622
vn -0.6570 0.4135 0.6304
vn -0.7374 0.3262 0.5915
vn -0.5823 0.5606 0.5888
vn -0.6796 0.4855 0.5499
vn -0.7643 0.4013 0.5047
vn -0.7643 0.4014 0.5047
vn -0.3765 0.1701 -0.9107
vn -0.3764 0.1701 -0.9107
vn -0.3765 0.1702 -0.9106
vn -0.4412 0.2547 -0.8605
vn -0.4966 0.3360 -0.8003
vn -0.5420 0.4154 -0.7305
vn -0.5738 0.4897 -0.6565
vn -0.5737 0.4897 -0.6565
vn -0.5912 0.5596 -0.5808
vn -0.5913 0.5596 -0.5808
vn -0.5935 0.6254 -0.5066
vn -0.4144 0.0971 -0.9049
vn -0.4144 0.0972 -0.9049
vn -0.4958 0.1708 -0.8515
vn -0.4958 0.1708 -0.8514
vn -0.5675 0.2508 -0.7842
vn -0.5675 0.2509 -0.7842
vn -0.6255 0.3310 -0.7065
vn -0.6662 0.4075 -0.6246
vn -0.6883 0.4823 -0.5418
vn -0.6916 0.5545 -0.4628
vn -0.4472 0.0424 -0.8934
vn -0.5406 0.0993 -0.8354
vn -0.6261 0.1678 -0.7615
vn -0.6965 0.2424 -0.6754
vn -0.6965 0.2425 -0.6754
vn -0.7456 0.3175 -0.5859
vn -0.7724 0.3957 -0.4968
vn -0.7768 0.4749 -0.4135
vn -0.7768 0.4750 -0.4135
vn -0.4759 0.0032 -0.8795
vn -0.4758 0.0032 -0.8795
vn -0.4759 0.0031 -0.8795
vn -0.5770 0.0420 -0.8157
vn -0.6720 0.0935 -0.7346
vn -0.6720 0.0934 -0.7346
vn -0.3300 0.9381 -0.1050
vn -0.3301 0.9380 -0.1053
vn -0.3591 0.9307 -0.0695
vn -0.3592 0.9307 -0.0696
vn -0.3852 0.9218 -0.0430
vn -0.3851 0.9219 -0.0430
vn -0.4085 0.9125 -0.0222
vn -0.4280 0.9037 -0.0075
vn -0.4281 0.9037 -0.0075
vn -0.4394 0.8983 -0.0024
vn -0.4425 0.8968 0.0019
vn -0.4358 0.9000 -0.0073
vn -0.3799 0.9127 -0.1508
vn -0.3798 0.9127 -0.1508
vn -0.4218 0.9001 -0.1093
vn -0.4582 0.8858 -0.0739
vn -0.4581 0.8858 -0.0739
vn -0.4902 0.8705 -0.0449
vn -0.4900 0.8705 -0.0451
vn -0.4898 0.8707 -0.0451
vn -0.4900 0.8706 -0.0451
vn -0.5167 0.8559 -0.0232
vn -0.5165 0.8560 -0.0233
vn -0.5164 0.8560 -0.0232
vn -0.5164 0.8560 -0.0233
vn -0.4286 0.8812 -0.1994
vn -0.4845 0.8608 -0.1558
vn -0.5336 0.8381 -0.1137
vn -0.5760 0.8139 -0.0760
vn -0.5760 0.8139 -0.0759
vn -0.5759 0.8140 -0.0759
vn -0.4763 0.8421 -0.2529
vn -0.5453 0.8121 -0.2076
vn -0.5453 0.8122 -0.2076
vn -0.6072 0.7781 -0.1608
vn -0.5194 0.7963 -0.3100
vn -0.5193 0.7964 -0.3100
vn -0.5998 0.7556 -0.2634
vn -0.6723 0.7089 -0.2133
vn -0.5554 0.7441 -0.3714
vn -0.5553 0.7441 -0.3714
vn -0.6451 0.6915 -0.3250
vn -0.6452 0.6915 -0.3250
vn -0.7250 0.6320 -0.2738
vn -0.5855 0.6251 0.5162
vn -0.6837 0.5561 0.4726
vn -0.6837 0.5560 0.4726
vn -0.7696 0.4783 0.4231
vn -0.7696 0.4782 0.4231
vn -0.5813 0.6861 -0.4374
vn -0.5813 0.6862 -0.4373
vn -0.6770 0.6229 -0.3921
vn -0.6770 0.6229 -0.3920
vn -0.7609 0.5519 -0.3414
vn -0.7609 0.5518 -0.3414
vn -0.2599 0.9587 0.1155
vn -0.2598 0.9587 0.1156
vn -0.2938 0.9422 0.1613
vn -0.3276 0.9222 0.2054
vn -0.3630 0.8968 0.2529
vn -0.3980 0.8646 0.3068
vn -0.3980 0.8645 0.3068
vn -0.4293 0.8268 0.3634
vn -0.4294 0.8268 0.3634
vn -0.4294 0.8267 0.3634
vn -0.4551 0.7837 0.4228
vn -0.4733 0.7350 0.4855
vn -0.2796 0.9570 0.0777
vn -0.2795 0.9570 0.0778
vn -0.2986 0.9529 0.0526
vn -0.3178 0.9476 0.0331
vn -0.3348 0.9421 0.0172
vn -0.3524 0.9358 0.0074
vn -0.3489 0.9371 0.0070
vn -0.3556 0.9347 0.0021
vn -0.3618 0.9323 0.0016
vn -0.3615 0.9324 0.0045
vn -0.3635 0.9316 0.0049
vn -0.3640 0.9314 0.0068
vn -0.2765 0.1891 0.9422
vn -0.2765 0.1890 0.9422
vn -0.3020 0.1133 0.9466
vn -0.3020 0.1132 0.9466
vn -0.3272 0.0640 0.9428
vn -0.3272 0.0639 0.9428
vn -0.3629 0.0631 0.9297
vn -0.3242 0.2745 0.9053
vn -0.3242 0.2746 0.9053
vn -0.3671 0.3484 0.8625
vn -0.3670 0.3484 0.8625
vn -0.4072 0.4203 0.8109
vn -0.4410 0.4937 0.7495
vn -0.4652 0.5615 0.6843
vn -0.4789 0.6238 0.6177
vn -0.4816 0.6818 0.5507
vn -0.2794 0.1711 -0.9448
vn -0.2792 0.1710 -0.9449
vn -0.3290 0.2614 -0.9074
vn -0.3734 0.3388 -0.8636
vn -0.3734 0.3389 -0.8636
vn -0.4149 0.4140 -0.8102
vn -0.4149 0.4141 -0.8102
vn -0.4496 0.4908 -0.7464
vn -0.4495 0.4907 -0.7464
vn -0.4496 0.4907 -0.7464
vn -0.4741 0.5609 -0.6787
vn -0.4741 0.5610 -0.6787
vn -0.4874 0.6249 -0.6098
vn -0.4896 0.6836 -0.5413
vn -0.4895 0.6836 -0.5413
vn -0.3036 0.0919 -0.9484
vn -0.3285 0.0415 -0.9436
vn -0.3285 0.0416 -0.9436
vn -0.3530 0.0038 -0.9356
vn -0.3947 0.0333 -0.9182
vn -0.2601 0.9601 -0.1028
vn -0.2600 0.9601 -0.1028
vn -0.2790 0.9581 -0.0652
vn -0.2791 0.9580 -0.0652
vn -0.2979 0.9537 -0.0403
vn -0.2980 0.9537 -0.0403
vn -0.3170 0.9482 -0.0214
vn -0.3339 0.9426 -0.0061
vn -0.3515 0.9362 0.0030
vn -0.3548 0.9349 0.0081
vn -0.3482 0.9374 0.0037
vn -0.3481 0.9375 0.0037
vn -0.3605 0.9327 0.0066
vn -0.3621 0.9321 0.0087
vn -0.2949 0.9439 -0.1489
vn -0.3295 0.9242 -0.1931
vn -0.3659 0.8990 -0.2407
vn -0.4020 0.8668 -0.2950
vn -0.4345 0.8290 -0.3522
vn -0.4345 0.8290 -0.3521
vn -0.4345 0.8289 -0.3522
vn -0.4613 0.7857 -0.4121
vn -0.4804 0.7370 -0.4755
vn -0.4804 0.7369 -0.4755
vn 0.2898 0.1515 0.9450
vn 0.2977 0.1136 0.9479
vn 0.2977 0.1137 0.9479
vn 0.2942 0.0168 0.9556
vn 0.2923 0.0164 0.9562
vn 0.2907 0.0205 0.9566
vn 0.2580 0.1502 0.9544
vn 0.2635 0.1084 0.9585
vn 0.2636 0.1084 0.9585
vn 0.2875 0.0224 0.9575
vn 0.2276 0.1497 0.9622
vn 0.2276 0.1496 0.9622
vn 0.2316 0.1061 0.9670
vn 0.2277 0.0314 0.9732
vn 0.2230 0.0379 0.9741
vn 0.2215 0.0346 0.9745
vn 0.1978 0.1487 0.9689
vn 0.1977 0.1487 0.9689
vn 0.1977 0.1488 0.9689
vn 0.2009 0.1053 0.9739
vn 0.2009 0.1052 0.9739
vn 0.2009 0.1052 0.9740
vn 0.2159 0.0338 0.9758
vn 0.1687 0.1473 0.9746
vn 0.1686 0.1472 0.9746
vn 0.1688 0.1475 0.9746
vn 0.1710 0.1041 0.9798
vn 0.1617 0.0157 0.9867
vn 0.1596 0.0166 0.9870
vn 0.1592 0.0181 0.9871
vn 0.1617 0.0158 0.9867
vn 0.1392 0.1444 0.9797
vn 0.1393 0.1445 0.9797
vn 0.1392 0.1447 0.9796
vn 0.1408 0.1014 0.9848
vn 0.1408 0.1015 0.9848
vn 0.1575 0.0168 0.9874
vn 0.1575 0.0169 0.9874
vn 0.1084 0.1401 0.9842
vn 0.1084 0.1400 0.9842
vn 0.1097 0.0963 0.9893
vn 0.1097 0.0964 0.9893
vn 0.0958 0.0135 0.9953
vn 0.0991 0.0127 0.9950
vn 0.0925 0.0126 0.9956
vn 0.0755 0.1343 0.9881
vn 0.0761 0.0902 0.9930
vn 0.0761 0.0901 0.9930
vn 0.0900 0.0119 0.9959
vn 0.0421 0.1273 0.9910
vn 0.0421 0.1274 0.9910
vn 0.0421 0.0821 0.9957
vn 0.0409 0.0493 0.9979
vn 0.0074 0.1187 0.9929
vn 0.0074 0.1186 0.9929
vn 0.0066 0.0722 0.9974
vn -0.0005 0.0196 0.9998
vn -0.0302 0.1087 0.9936
vn -0.0302 0.1086 0.9936
vn -0.0303 0.1086 0.9936
vn -0.0323 0.0609 0.9976
vn -0.0323 0.0608 0.9976
vn -0.0315 0.0146 0.9994
vn -0.0317 0.0146 0.9994
vn -0.0314 0.0141 0.9994
vn -0.0724 0.0983 0.9925
vn -0.0759 0.0495 0.9959
vn -0.0759 0.0494 0.9959
vn -0.0828 0.0119 0.9965
vn -0.0828 0.0120 0.9965
vn -0.1185 0.0874 0.9891
vn -0.1185 0.0875 0.9891
vn -0.1246 0.0389 0.9914
vn -0.1340 0.0102 0.9909
vn -0.1339 0.0102 0.9909
vn -0.1339 0.0103 0.9909
vn -0.1699 0.0774 0.9824
vn -0.1809 0.0322 0.9830
vn -0.1808 0.0322 0.9830
vn -0.1924 0.0045 0.9813
vn -0.1921 0.0044 0.9814
vn 0.3147 0.2107 0.9255
vn 0.3250 0.1622 0.9317
vn 0.3250 0.1621 0.9317
vn 0.3354 0.1296 0.9331
vn 0.3354 0.1295 0.9331
vn 0.3846 0.0113 0.9230
vn 0.3846 0.0112 0.9230
vn -0.2291 0.0182 0.9732
vn -0.2292 0.0182 0.9732
vn -0.2479 0.0370 0.9681
vn -0.2479 0.0369 0.9681
vn -0.2306 0.0782 0.9699
vn -0.2177 0.1404 0.9659
vn -0.1638 0.1465 0.9755
vn -0.1638 0.1465 0.9756
vn -0.1177 0.1599 0.9801
vn -0.0735 0.1680 0.9830
vn -0.0735 0.1681 0.9830
vn -0.0317 0.1754 0.9840
vn -0.0317 0.1753 0.9840
vn -0.0316 0.1753 0.9840
vn 0.0059 0.1822 0.9832
vn 0.0401 0.1883 0.9813
vn 0.0403 0.1885 0.9813
vn 0.0401 0.1884 0.9813
vn 0.0400 0.1883 0.9813
vn 0.0737 0.1936 0.9783
vn 0.0737 0.1937 0.9783
vn 0.1068 0.1984 0.9743
vn 0.1067 0.1984 0.9743
vn 0.1374 0.2022 0.9697
vn 0.1374 0.2022 0.9696
vn 0.1667 0.2051 0.9644
vn 0.1666 0.2053 0.9644
vn 0.1667 0.2055 0.9643
vn 0.1666 0.2054 0.9644
vn 0.1954 0.2077 0.9585
vn 0.1956 0.2078 0.9584
vn 0.1953 0.2078 0.9585
vn 0.2248 0.2097 0.9516
vn 0.2248 0.2096 0.9516
vn 0.2540 0.2110 0.9439
vn 0.2540 0.2109 0.9439
vn 0.2828 0.2081 0.9363
vn 0.2827 0.2081 0.9363
vn -0.1700 0.0552 -0.9839
vn -0.1700 0.0553 -0.9839
vn -0.1806 0.0098 -0.9835
vn -0.1930 -0.0209 -0.9810
vn -0.1930 -0.0208 -0.9810
vn -0.1926 -0.0035 -0.9813
vn -0.1183 0.0662 -0.9908
vn -0.1242 0.0172 -0.9921
vn -0.1242 0.0171 -0.9921
vn -0.1326 -0.0146 -0.9911
vn -0.1326 -0.0147 -0.9911
vn -0.1513 -0.0065 -0.9885
vn -0.1512 -0.0065 -0.9885
vn -0.0723 0.0776 -0.9944
vn -0.0723 0.0775 -0.9944
vn -0.0754 0.0283 -0.9967
vn -0.0810 -0.0043 -0.9967
vn -0.0820 -0.0056 -0.9966
vn -0.0818 -0.0053 -0.9966
vn -0.0829 -0.0066 -0.9965
vn -0.0830 -0.0066 -0.9965
vn -0.0300 0.0885 -0.9956
vn -0.0300 0.0886 -0.9956
vn -0.0317 0.0405 -0.9987
vn -0.0385 0.0053 -0.9992
vn -0.0356 0.0077 -0.9993
vn -0.0405 0.0014 -0.9992
vn -0.0443 -0.0011 -0.9990
vn -0.0444 -0.0008 -0.9990
vn 0.0080 0.0992 -0.9950
vn 0.0071 0.0525 -0.9986
vn 0.0046 0.0197 -0.9998
vn 0.0047 0.0197 -0.9998
vn 0.0016 -0.0005 -1.0000
vn 0.0018 -0.0005 -1.0000
vn 0.0427 0.1083 -0.9932
vn 0.0427 0.1082 -0.9932
vn 0.0428 0.0628 -0.9971
vn 0.0428 0.0627 -0.9971
vn 0.0429 0.0627 -0.9971
vn 0.0416 0.0300 -0.9987
vn 0.0416 0.0299 -0.9987
vn 0.0416 0.0028 -0.9991
vn 0.0415 0.0027 -0.9991
vn 0.0415 0.0028 -0.9991
vn 0.0764 0.1155 -0.9904
vn 0.0764 0.1156 -0.9904
vn 0.0770 0.0708 -0.9945
vn 0.0770 0.0707 -0.9945
vn 0.0768 0.0379 -0.9963
vn 0.0768 0.0380 -0.9963
vn 0.0741 0.0054 -0.9972
vn 0.0741 0.0055 -0.9972
vn 0.1097 0.1211 -0.9866
vn 0.1093 0.1212 -0.9866
vn 0.1093 0.1211 -0.9866
vn 0.1094 0.1210 -0.9866
vn 0.1103 0.0769 -0.9909
vn 0.1108 0.0443 -0.9929
vn 0.1108 0.0442 -0.9929
vn 0.1138 0.0122 -0.9934
vn 0.1138 0.0121 -0.9934
vn 0.1405 0.1253 -0.9821
vn 0.1404 0.1253 -0.9821
vn 0.1420 0.0816 -0.9865
vn 0.1422 0.0817 -0.9865
vn 0.1420 0.0815 -0.9865
vn 0.1419 0.0815 -0.9865
vn 0.1433 0.0488 -0.9885
vn 0.1432 0.0487 -0.9885
vn 0.1420 0.0145 -0.9898
vn 0.1420 0.0144 -0.9898
vn 0.1700 0.1281 -0.9771
vn 0.1699 0.1278 -0.9771
vn 0.1700 0.1282 -0.9771
vn 0.1722 0.0836 -0.9815
vn 0.1722 0.0837 -0.9815
vn 0.1745 0.0514 -0.9833
vn 0.1865 -0.0057 -0.9824
vn 0.1865 -0.0058 -0.9824
vn 0.1866 -0.0057 -0.9824
vn 0.1993 0.1288 -0.9714
vn 0.2022 0.0842 -0.9757
vn 0.2055 0.0523 -0.9773
vn 0.2055 0.0524 -0.9773
vn 0.2012 -0.0081 -0.9795
vn 0.2011 -0.0080 -0.9795
vn 0.2295 0.1291 -0.9647
vn 0.2295 0.1292 -0.9647
vn 0.2333 0.0842 -0.9688
vn 0.2333 0.0843 -0.9687
vn 0.2376 0.0531 -0.9699
vn 0.2376 0.0532 -0.9699
vn 0.2601 -0.0195 -0.9654
vn 0.2606 -0.0216 -0.9652
vn 0.2570 -0.0201 -0.9662
vn 0.2600 0.1289 -0.9570
vn 0.2601 0.1289 -0.9570
vn 0.2655 0.0851 -0.9603
vn 0.2711 0.0558 -0.9609
vn 0.2645 -0.0246 -0.9641
vn 0.2922 0.1294 -0.9476
vn 0.2922 0.1295 -0.9475
vn 0.3000 0.0889 -0.9498
vn 0.2999 0.0889 -0.9498
vn 0.3078 0.0623 -0.9494
vn 0.3078 0.0622 -0.9494
vn 0.3685 -0.1407 -0.9189
vn -0.2190 0.1196 -0.9684
vn -0.2190 0.1197 -0.9684
vn -0.2311 0.0558 -0.9713
vn -0.2479 0.0139 -0.9687
vn -0.2658 -0.0169 -0.9639
vn -0.2658 -0.0168 -0.9639
vn -0.2654 0.0117 -0.9641
vn 0.3591 0.0484 -0.9321
vn 0.3591 0.0483 -0.9321
vn 0.3381 0.1015 -0.9356
vn 0.3381 0.1016 -0.9356
vn 0.3272 0.1384 -0.9348
vn 0.3272 0.1385 -0.9348
vn 0.3176 0.1899 -0.9290
vn 0.3175 0.1899 -0.9290
vn 0.2858 0.1877 -0.9397
vn 0.2566 0.1912 -0.9474
vn 0.2270 0.1903 -0.9551
vn 0.2271 0.1902 -0.9551
vn 0.1971 0.1883 -0.9621
vn 0.1972 0.1886 -0.9621
vn 0.1972 0.1884 -0.9621
vn 0.1971 0.1884 -0.9621
vn 0.1682 0.1863 -0.9680
vn 0.1681 0.1863 -0.9680
vn 0.1683 0.1862 -0.9680
vn 0.1683 0.1864 -0.9680
vn 0.1387 0.1835 -0.9732
vn 0.1387 0.1836 -0.9732
vn 0.1077 0.1796 -0.9778
vn 0.0745 0.1749 -0.9818
vn 0.0409 0.1695 -0.9847
vn 0.0409 0.1696 -0.9847
vn 0.0410 0.1695 -0.9847
vn 0.0063 0.1632 -0.9866
vn 0.0063 0.1634 -0.9865
vn 0.0063 0.1633 -0.9866
vn -0.0317 0.1561 -0.9872
vn -0.0737 0.1485 -0.9862
vn -0.0737 0.1486 -0.9862
vn -0.1183 0.1402 -0.9830
vn -0.1647 0.1261 -0.9783
vn -0.2005 0.9589 0.2009
vn -0.1601 0.9663 0.2014
vn -0.1602 0.9663 0.2014
vn -0.1240 0.9717 0.2012
vn -0.0910 0.9753 0.2012
vn -0.0909 0.9753 0.2012
vn -0.0610 0.9776 0.2013
vn -0.0610 0.9776 0.2014
vn -0.0334 0.9787 0.2025
vn -0.0333 0.9787 0.2024
vn -0.0332 0.9788 0.2023
vn -0.0059 0.9789 0.2041
vn -0.0059 0.9789 0.2043
vn -0.0059 0.9790 0.2039
vn -0.0059 0.9790 0.2037
vn 0.0215 0.9782 0.2067
vn 0.0215 0.9782 0.2066
vn 0.0475 0.9766 0.2099
vn 0.0475 0.9766 0.2098
vn 0.0475 0.9766 0.2097
vn 0.0476 0.9766 0.2100
vn 0.0729 0.9742 0.2137
vn 0.0986 0.9709 0.2181
vn 0.1254 0.9669 0.2224
vn 0.1533 0.9619 0.2262
vn 0.1533 0.9620 0.2262
vn 0.1829 0.9562 0.2285
vn -0.2179 0.9429 0.2518
vn -0.2179 0.9429 0.2517
vn -0.1716 0.9512 0.2565
vn -0.1310 0.9574 0.2574
vn -0.0946 0.9617 0.2571
vn -0.0621 0.9645 0.2565
vn -0.0621 0.9646 0.2565
vn -0.0319 0.9660 0.2565
vn -0.0318 0.9659 0.2569
vn -0.0318 0.9660 0.2564
vn -0.0318 0.9661 0.2564
vn -0.0025 0.9660 0.2586
vn -0.0024 0.9660 0.2586
vn -0.0024 0.9660 0.2585
vn -0.0025 0.9660 0.2585
vn 0.0265 0.9649 0.2612
vn 0.0545 0.9629 0.2643
vn 0.0544 0.9629 0.2644
vn 0.0544 0.9629 0.2645
vn 0.0817 0.9598 0.2686
vn 0.1094 0.9556 0.2735
vn 0.1384 0.9506 0.2778
vn 0.1689 0.9450 0.2802
vn 0.2019 0.9387 0.2792
vn 0.2019 0.9388 0.2792
vn -0.2366 0.9227 0.3045
vn -0.2366 0.9226 0.3045
vn -0.1844 0.9318 0.3127
vn -0.1391 0.9387 0.3155
vn -0.0991 0.9437 0.3156
vn -0.0633 0.9469 0.3153
vn -0.0633 0.9468 0.3155
vn -0.0303 0.9484 0.3156
vn -0.0302 0.9483 0.3161
vn -0.0302 0.9483 0.3160
vn 0.0012 0.9482 0.3176
vn 0.0013 0.9482 0.3176
vn 0.0009 0.9481 0.3179
vn 0.0008 0.9482 0.3176
vn 0.0324 0.9468 0.3201
vn 0.0324 0.9468 0.3202
vn 0.0624 0.9443 0.3230
vn 0.0624 0.9444 0.3230
vn 0.0917 0.9406 0.3268
vn 0.1214 0.9358 0.3311
vn 0.1214 0.9357 0.3311
vn 0.1525 0.9300 0.3343
vn 0.1855 0.9239 0.3348
vn 0.1855 0.9238 0.3348
vn 0.2234 0.9161 0.3329
vn 0.2233 0.9161 0.3329
vn -0.2549 0.8971 0.3610
vn -0.2550 0.8970 0.3610
vn -0.1971 0.9076 0.3707
vn -0.1472 0.9154 0.3748
vn -0.1472 0.9153 0.3748
vn -0.1471 0.9153 0.3748
vn -0.1035 0.9208 0.3761
vn -0.0643 0.9241 0.3768
vn -0.0644 0.9241 0.3767
vn -0.0286 0.9254 0.3780
vn 0.0057 0.9249 0.3801
vn 0.0057 0.9250 0.3800
vn 0.0389 0.9232 0.3823
vn 0.0390 0.9231 0.3826
vn 0.0388 0.9232 0.3823
vn 0.0388 0.9233 0.3822
vn 0.0708 0.9204 0.3845
vn 0.0708 0.9204 0.3846
vn 0.1022 0.9163 0.3873
vn 0.1022 0.9163 0.3872
vn 0.1021 0.9163 0.3872
vn 0.1339 0.9110 0.3901
vn 0.1672 0.9046 0.3921
vn 0.2028 0.8974 0.3917
vn 0.2028 0.8975 0.3917
vn 0.2474 0.8868 0.3904
vn -0.2713 0.8671 0.4177
vn -0.2083 0.8790 0.4289
vn -0.1542 0.8873 0.4346
vn -0.1070 0.8928 0.4376
vn -0.0647 0.8958 0.4397
vn -0.0261 0.8967 0.4419
vn -0.0262 0.8967 0.4419
vn 0.0104 0.8959 0.4442
vn 0.0104 0.8959 0.4441
vn 0.0457 0.8939 0.4459
vn 0.0457 0.8939 0.4460
vn 0.0457 0.8939 0.4458
vn 0.0793 0.8908 0.4474
vn 0.1125 0.8866 0.4486
vn 0.1462 0.8812 0.4497
vn 0.1462 0.8812 0.4496
vn 0.1462 0.8811 0.4497
vn 0.1811 0.8747 0.4496
vn 0.2199 0.8662 0.4486
vn 0.2199 0.8662 0.4487
vn 0.2711 0.8522 0.4475
vn -0.2843 0.8329 0.4749
vn -0.2843 0.8328 0.4749
vn -0.2170 0.8460 0.4870
vn -0.2170 0.8460 0.4871
vn -0.1592 0.8545 0.4945
vn -0.1593 0.8545 0.4945
vn -0.1593 0.8544 0.4945
vn -0.1089 0.8596 0.4993
vn -0.1090 0.8596 0.4993
vn -0.1089 0.8595 0.4993
vn -0.0640 0.8620 0.5029
vn -0.0639 0.8619 0.5030
vn -0.0640 0.8619 0.5029
vn -0.0640 0.8620 0.5028
vn -0.0230 0.8625 0.5056
vn -0.0230 0.8624 0.5056
vn 0.0155 0.8613 0.5078
vn 0.0155 0.8613 0.5079
vn 0.0156 0.8613 0.5079
vn 0.0156 0.8613 0.5078
vn 0.0524 0.8591 0.5092
vn 0.0524 0.8590 0.5092
vn 0.0877 0.8558 0.5098
vn 0.1224 0.8516 0.5097
vn 0.1575 0.8463 0.5089
vn 0.1574 0.8464 0.5088
vn 0.1575 0.8463 0.5088
vn 0.1940 0.8399 0.5069
vn 0.2357 0.8305 0.5047
vn 0.2924 0.8137 0.5023
vn -0.2927 0.7937 0.5332
vn -0.2927 0.7937 0.5333
vn -0.2221 0.8081 0.5456
vn -0.2220 0.8081 0.5456
vn -0.2221 0.8080 0.5457
vn -0.1615 0.8167 0.5541
vn -0.1614 0.8166 0.5542
vn -0.1615 0.8168 0.5538
vn -0.1616 0.8167 0.5540
vn -0.1089 0.8214 0.5598
vn -0.0618 0.8235 0.5639
vn -0.0618 0.8235 0.5640
vn -0.0190 0.8237 0.5668
vn -0.0190 0.8236 0.5668
vn 0.0209 0.8223 0.5686
vn 0.0209 0.8224 0.5686
vn 0.0209 0.8223 0.5687
vn 0.0590 0.8198 0.5696
vn 0.0589 0.8199 0.5694
vn 0.0589 0.8199 0.5695
vn 0.0954 0.8164 0.5695
vn 0.0954 0.8165 0.5694
vn 0.1313 0.8122 0.5684
vn 0.1313 0.8123 0.5682
vn 0.1313 0.8122 0.5685
vn 0.1312 0.8122 0.5685
vn 0.1674 0.8069 0.5665
vn 0.2050 0.8005 0.5632
vn 0.2050 0.8006 0.5630
vn 0.2050 0.8006 0.5631
vn 0.2490 0.7908 0.5591
vn 0.3093 0.7727 0.5544
vn 0.3093 0.7726 0.5544
vn -0.2953 0.7496 0.5923
vn -0.2953 0.7497 0.5923
vn -0.2228 0.7651 0.6041
vn -0.2228 0.7652 0.6040
vn -0.1606 0.7741 0.6124
vn -0.1606 0.7740 0.6124
vn -0.1063 0.7785 0.6186
vn -0.1064 0.7787 0.6183
vn -0.1064 0.7787 0.6184
vn -0.0583 0.7806 0.6223
vn -0.0144 0.7807 0.6248
vn -0.0144 0.7806 0.6248
vn 0.0263 0.7793 0.6261
vn 0.0651 0.7765 0.6267
vn 0.0651 0.7766 0.6266
vn 0.1024 0.7731 0.6260
vn 0.1025 0.7730 0.6260
vn 0.1022 0.7733 0.6257
vn 0.1389 0.7687 0.6244
vn 0.1389 0.7686 0.6244
vn 0.1389 0.7686 0.6245
vn 0.1757 0.7632 0.6218
vn 0.1757 0.7633 0.6217
vn 0.2136 0.7567 0.6179
vn 0.2136 0.7571 0.6174
vn 0.2136 0.7566 0.6180
vn 0.2587 0.7474 0.6120
vn 0.2587 0.7473 0.6120
vn 0.3205 0.7294 0.6044
vn 0.3205 0.7293 0.6044
vn 0.3205 0.7296 0.6041
vn -0.2917 0.7001 0.6518
vn -0.2916 0.7001 0.6518
vn -0.2185 0.7161 0.6629
vn -0.1560 0.7244 0.6715
vn -0.1014 0.7281 0.6779
vn -0.1014 0.7282 0.6779
vn -0.1014 0.7282 0.6778
vn -0.0528 0.7292 0.6822
vn -0.0528 0.7293 0.6822
vn -0.0087 0.7290 0.6845
vn -0.0087 0.7289 0.6845
vn 0.0325 0.7276 0.6853
vn 0.0325 0.7275 0.6853
vn 0.0718 0.7250 0.6850
vn 0.1092 0.7214 0.6838
vn 0.1457 0.7172 0.6814
vn 0.1457 0.7173 0.6814
vn 0.1457 0.7171 0.6816
vn 0.1457 0.7172 0.6815
vn 0.1824 0.7123 0.6777
vn 0.1824 0.7124 0.6777
vn 0.2204 0.7063 0.6727
vn 0.2644 0.6989 0.6645
vn 0.2644 0.6990 0.6645
vn 0.3258 0.6832 0.6535
vn -0.2817 0.6446 0.7107
vn -0.2097 0.6601 0.7213
vn -0.1478 0.6668 0.7304
vn -0.1478 0.6669 0.7304
vn -0.0938 0.6688 0.7375
vn -0.0455 0.6684 0.7424
vn -0.0018 0.6671 0.7450
vn -0.0018 0.6672 0.7449
vn 0.0392 0.6656 0.7453
vn 0.0392 0.6655 0.7454
vn 0.0392 0.6655 0.7453
vn 0.0784 0.6633 0.7442
vn 0.0784 0.6634 0.7442
vn 0.0784 0.6632 0.7443
vn 0.1155 0.6604 0.7420
vn 0.1155 0.6603 0.7420
vn 0.1516 0.6572 0.7384
vn 0.1516 0.6572 0.7383
vn 0.1515 0.6571 0.7384
vn 0.1876 0.6540 0.7328
vn 0.1876 0.6540 0.7329
vn 0.2247 0.6496 0.7263
vn 0.2664 0.6447 0.7165
vn 0.3253 0.6325 0.7029
vn -0.2660 0.5814 0.7689
vn -0.2660 0.5815 0.7688
vn -0.1964 0.5959 0.7786
vn -0.1964 0.5960 0.7786
vn -0.1364 0.6009 0.7876
vn -0.0838 0.6006 0.7951
vn -0.0368 0.5984 0.8004
vn -0.0368 0.5984 0.8003
vn 0.0061 0.5961 0.8029
vn 0.0463 0.5944 0.8029
vn 0.0463 0.5945 0.8028
vn 0.0849 0.5926 0.8010
vn 0.0848 0.5926 0.8010
vn 0.0850 0.5926 0.8010
vn 0.1213 0.5909 0.7976
vn 0.1212 0.5907 0.7977
vn 0.1211 0.5911 0.7975
vn 0.1215 0.5911 0.7974
vn 0.1562 0.5894 0.7926
vn 0.1910 0.5884 0.7857
vn 0.2268 0.5866 0.7775
vn 0.2268 0.5865 0.7775
vn 0.2658 0.5835 0.7674
vn 0.3198 0.5753 0.7529
vn 0.3198 0.5752 0.7529
vn -0.2455 0.5094 0.8248
vn -0.1797 0.5223 0.8336
vn -0.1797 0.5224 0.8336
vn -0.1225 0.5257 0.8418
vn -0.0718 0.5242 0.8486
vn -0.0268 0.5206 0.8534
vn 0.0144 0.5176 0.8555
vn 0.0533 0.5160 0.8549
vn 0.0534 0.5160 0.8549
vn 0.0534 0.5161 0.8549
vn 0.0907 0.5150 0.8524
vn 0.0908 0.5147 0.8526
vn 0.0907 0.5149 0.8524
vn 0.1259 0.5147 0.8481
vn 0.1259 0.5146 0.8481
vn 0.1596 0.5154 0.8420
vn 0.1928 0.5168 0.8341
vn 0.2271 0.5173 0.8251
vn 0.2635 0.5151 0.8156
vn 0.3104 0.5106 0.8018
vn -0.2220 0.4335 0.8734
vn -0.1610 0.4418 0.8825
vn -0.1073 0.4426 0.8903
vn -0.0593 0.4403 0.8959
vn -0.0165 0.4367 0.8995
vn 0.0226 0.4341 0.9006
vn 0.0226 0.4342 0.9005
vn 0.0598 0.4333 0.8993
vn 0.0597 0.4336 0.8991
vn 0.0598 0.4334 0.8992
vn 0.0961 0.4334 0.8960
vn 0.0960 0.4335 0.8960
vn 0.0963 0.4333 0.8961
vn 0.0962 0.4332 0.8961
vn 0.1298 0.4345 0.8913
vn 0.1618 0.4370 0.8848
vn 0.1935 0.4404 0.8767
vn 0.2260 0.4432 0.8675
vn 0.2260 0.4431 0.8675
vn 0.2599 0.4435 0.8578
vn 0.2997 0.4428 0.8451
vn 0.2997 0.4427 0.8451
vn -0.1973 0.3518 0.9150
vn -0.1420 0.3533 0.9247
vn -0.1420 0.3532 0.9247
vn -0.0927 0.3526 0.9312
vn -0.0927 0.3527 0.9311
vn -0.0474 0.3516 0.9350
vn -0.0474 0.3515 0.9350
vn -0.0069 0.3498 0.9368
vn 0.0301 0.3492 0.9366
vn 0.0301 0.3493 0.9365
vn 0.0302 0.3494 0.9365
vn 0.0656 0.3496 0.9346
vn 0.0656 0.3497 0.9345
vn 0.0655 0.3498 0.9345
vn 0.0655 0.3497 0.9346
vn 0.1005 0.3514 0.9308
vn 0.1005 0.3512 0.9309
vn 0.1005 0.3513 0.9308
vn 0.1329 0.3536 0.9259
vn 0.1635 0.3570 0.9197
vn 0.1635 0.3569 0.9197
vn 0.1936 0.3613 0.9121
vn 0.1936 0.3612 0.9122
vn 0.2246 0.3651 0.9035
vn 0.2559 0.3684 0.8938
vn 0.2559 0.3684 0.8937
vn 0.2897 0.3718 0.8820
vn -0.2256 0.9632 0.1461
vn -0.1863 0.9713 0.1480
vn -0.1518 0.9775 0.1463
vn -0.1196 0.9819 0.1471
vn -0.1195 0.9819 0.1471
vn -0.1196 0.9818 0.1472
vn -0.0883 0.9849 0.1490
vn -0.0882 0.9849 0.1488
vn -0.0886 0.9849 0.1489
vn -0.0886 0.9849 0.1488
vn -0.0607 0.9868 0.1503
vn -0.0608 0.9868 0.1502
vn -0.0605 0.9868 0.1503
vn -0.0346 0.9877 0.1522
vn -0.0343 0.9877 0.1525
vn -0.0343 0.9877 0.1523
vn -0.0088 0.9880 0.1544
vn 0.0172 0.9874 0.1571
vn 0.0171 0.9874 0.1574
vn 0.0172 0.9874 0.1570
vn 0.0418 0.9863 0.1597
vn 0.0418 0.9863 0.1598
vn 0.0655 0.9845 0.1627
vn 0.0656 0.9845 0.1626
vn 0.0656 0.9846 0.1623
vn 0.0898 0.9820 0.1659
vn 0.0898 0.9821 0.1658
vn 0.1150 0.9789 0.1689
vn 0.1150 0.9789 0.1690
vn 0.1404 0.9751 0.1719
vn 0.1404 0.9750 0.1720
vn 0.1404 0.9750 0.1719
vn 0.1666 0.9700 0.1767
vn 0.1666 0.9701 0.1767
vn 0.1948 0.9648 0.1769
vn 0.2148 0.9507 0.2235
vn 0.2383 0.9327 0.2706
vn 0.2382 0.9328 0.2706
vn 0.2382 0.9327 0.2706
vn 0.2661 0.9068 0.3269
vn 0.2960 0.8722 0.3895
vn 0.3239 0.8324 0.4497
vn 0.3474 0.7906 0.5043
vn 0.3474 0.7905 0.5043
vn 0.3644 0.7502 0.5518
vn 0.3744 0.7104 0.5960
vn 0.3743 0.7104 0.5960
vn 0.3741 0.7105 0.5960
vn 0.3780 0.6693 0.6396
vn 0.3765 0.6231 0.6856
vn 0.3706 0.5681 0.7347
vn 0.3706 0.5682 0.7347
vn 0.3602 0.5041 0.7850
vn 0.3457 0.4362 0.8308
vn 0.3296 0.3693 0.8689
vn 0.3296 0.3694 0.8689
vn 0.3155 0.2977 0.9010
vn 0.3155 0.2978 0.9010
vn 0.2824 0.2950 0.9128
vn 0.2825 0.2950 0.9128
vn 0.2532 0.2884 0.9234
vn 0.2239 0.2853 0.9319
vn 0.2239 0.2852 0.9319
vn 0.1940 0.2820 0.9396
vn 0.1648 0.2783 0.9463
vn 0.1647 0.2782 0.9463
vn 0.1648 0.2783 0.9462
vn 0.1648 0.2784 0.9462
vn 0.1354 0.2748 0.9519
vn 0.1039 0.2714 0.9568
vn 0.1040 0.2715 0.9568
vn 0.0703 0.2683 0.9608
vn 0.0704 0.2682 0.9608
vn 0.0363 0.2655 0.9634
vn 0.0362 0.2653 0.9635
vn 0.0009 0.2630 0.9648
vn 0.0008 0.2630 0.9648
vn -0.0377 0.2609 0.9646
vn -0.0377 0.2610 0.9646
vn -0.0806 0.2583 0.9627
vn -0.1262 0.2556 0.9585
vn -0.1747 0.2580 0.9502
vn -0.2301 0.2527 0.9398
vn -0.2301 0.2526 0.9398
vn -0.2302 0.2527 0.9398
vn -0.2602 0.3356 0.9054
vn -0.2602 0.3356 0.9053
vn -0.2601 0.3356 0.9054
vn -0.2916 0.4067 0.8658
vn -0.2916 0.4068 0.8657
vn -0.2916 0.4068 0.8658
vn -0.3218 0.4784 0.8171
vn -0.3478 0.5500 0.7593
vn -0.3668 0.6141 0.6988
vn -0.3781 0.6713 0.6375
vn -0.3782 0.6713 0.6374
vn -0.3813 0.7236 0.5754
vn -0.3813 0.7235 0.5754
vn -0.3762 0.7707 0.5143
vn -0.3637 0.8130 0.4547
vn -0.3452 0.8503 0.3972
vn -0.3453 0.8503 0.3971
vn -0.3223 0.8831 0.3410
vn -0.2967 0.9111 0.2860
vn -0.2967 0.9112 0.2860
vn -0.2710 0.9329 0.2370
vn -0.2710 0.9330 0.2370
vn -0.2467 0.9497 0.1927
vn 0.2644 0.9547 -0.1368
vn 0.3133 0.9311 -0.1870
vn 0.3795 0.8933 -0.2408
vn 0.3795 0.8933 -0.2409
vn 0.4512 0.8429 -0.2932
vn 0.5149 0.7783 -0.3593
vn 0.5149 0.7784 -0.3593
vn 0.5581 0.7174 -0.4170
vn 0.5871 0.6618 -0.4662
vn 0.5871 0.6618 -0.4661
vn 0.2899 0.9523 -0.0952
vn 0.3633 0.9216 -0.1362
vn 0.3634 0.9216 -0.1362
vn 0.4564 0.8644 -0.2109
vn 0.5305 0.8021 -0.2743
vn 0.5305 0.8020 -0.2743
vn 0.5889 0.7367 -0.3322
vn 0.5889 0.7368 -0.3322
vn 0.5890 0.7367 -0.3322
vn 0.6323 0.6697 -0.3896
vn 0.6635 0.6004 -0.4464
vn 0.3187 0.9457 -0.0644
vn 0.4067 0.9073 -0.1069
vn 0.5108 0.8425 -0.1712
vn 0.5962 0.7696 -0.2286
vn 0.6609 0.6959 -0.2811
vn 0.7113 0.6153 -0.3398
vn 0.7402 0.5394 -0.4015
vn 0.7402 0.5393 -0.4015
vn 0.3381 0.9404 -0.0356
vn 0.4442 0.8923 -0.0812
vn 0.4442 0.8922 -0.0812
vn 0.5654 0.8150 -0.1267
vn 0.6648 0.7296 -0.1604
vn 0.7457 0.6375 -0.1939
vn 0.7457 0.6374 -0.1939
vn 0.8082 0.5371 -0.2416
vn 0.8456 0.4375 -0.3058
vn 0.3539 0.9349 -0.0272
vn 0.3510 0.9360 -0.0271
vn 0.3568 0.9339 -0.0229
vn 0.4829 0.8733 -0.0638
vn 0.4830 0.8733 -0.0638
vn 0.6234 0.7774 -0.0841
vn 0.7342 0.6731 -0.0889
vn 0.8230 0.5595 -0.0979
vn 0.8930 0.4326 -0.1239
vn 0.8930 0.4327 -0.1239
vn 0.9797 0.0173 -0.2000
vn 0.9796 0.0173 -0.2000
vn 0.9796 0.0172 -0.2001
vn 0.3570 0.9339 -0.0199
vn 0.3597 0.9330 -0.0145
vn 0.5250 0.8494 -0.0529
vn 0.6797 0.7320 -0.0474
vn 0.7932 0.6082 -0.0291
vn 0.8793 0.4760 -0.0188
vn 0.9975 0.0636 0.0295
vn 0.3991 0.2395 -0.8851
vn 0.3991 0.2394 -0.8851
vn 0.4441 0.1705 -0.8796
vn 0.4441 0.1704 -0.8796
vn 0.5786 0.0529 -0.8139
vn 0.5785 0.0530 -0.8140
vn 0.4458 0.3227 -0.8349
vn 0.4458 0.3228 -0.8349
vn 0.5502 0.2134 -0.8073
vn 0.5502 0.2135 -0.8073
vn 0.6106 0.0015 -0.7919
vn 0.6106 0.0014 -0.7919
vn 0.6107 0.0014 -0.7919
vn 0.5147 0.3695 -0.7737
vn 0.5147 0.3696 -0.7737
vn 0.5147 0.3694 -0.7737
vn 0.6397 0.2794 -0.7161
vn 0.6397 0.2793 -0.7161
vn 0.6397 0.2794 -0.7160
vn 0.6947 0.1787 -0.6968
vn 0.6947 0.1787 -0.6967
vn 0.6741 -0.0909 -0.7330
vn 0.6741 -0.0910 -0.7330
vn 0.5830 0.4152 -0.6984
vn 0.5830 0.4151 -0.6984
vn 0.6778 0.3243 -0.6599
vn 0.7269 0.2312 -0.6467
vn 0.7269 0.2311 -0.6467
vn 0.8889 0.0346 -0.4567
vn 0.8889 0.0346 -0.4568
vn 0.8889 0.0347 -0.4567
vn 0.6133 0.4921 -0.6178
vn 0.6951 0.3906 -0.6035
vn 0.6952 0.3906 -0.6035
vn 0.7472 0.2949 -0.5956
vn 0.7505 -0.0696 -0.6572
vn 0.7504 -0.0696 -0.6573
vn 0.7504 -0.0695 -0.6573
vn 0.6160 0.5555 -0.5586
vn 0.6160 0.5554 -0.5586
vn 0.6955 0.4622 -0.5501
vn 0.6955 0.4621 -0.5502
vn 0.6955 0.4624 -0.5500
vn 0.7550 0.3662 -0.5440
vn 0.7549 0.3662 -0.5440
vn 0.9644 0.2087 -0.1621
vn 0.3995 0.2803 0.8728
vn 0.3995 0.2804 0.8728
vn 0.4329 0.3680 0.8229
vn 0.4661 0.4509 0.7612
vn 0.4982 0.5216 0.6927
vn 0.4982 0.5215 0.6927
vn 0.5254 0.5743 0.6278
vn 0.5442 0.6111 0.5748
vn 0.5520 0.6419 0.5323
vn 0.5520 0.6418 0.5323
vn 0.4283 0.2342 0.8728
vn 0.4918 0.3090 0.8140
vn 0.4918 0.3091 0.8140
vn 0.5537 0.3789 0.7415
vn 0.5537 0.3788 0.7415
vn 0.6103 0.4350 0.6620
vn 0.6103 0.4351 0.6620
vn 0.6503 0.5042 0.5682
vn 0.6503 0.5043 0.5682
vn 0.6708 0.5411 0.5073
vn 0.6707 0.5411 0.5073
vn 0.6708 0.5410 0.5073
vn 0.6797 0.5666 0.4658
vn 0.5525 0.0835 0.8293
vn 0.5525 0.0833 0.8293
vn 0.5525 0.0834 0.8293
vn 0.5498 0.0170 0.8351
vn 0.5498 0.0169 0.8351
vn 0.6112 0.2432 0.7532
vn 0.6111 0.2432 0.7532
vn 0.9059 0.2395 0.3493
vn 0.9059 0.2395 0.3494
vn 0.7824 0.1114 0.6128
vn 0.7728 0.4228 0.4732
vn 0.7728 0.4229 0.4732
vn 0.7728 0.4228 0.4733
vn 0.7728 0.4229 0.4733
vn 0.7716 0.5002 0.3929
vn 0.5725 0.1224 0.8107
vn 0.5725 0.1225 0.8107
vn 0.9729 0.2173 -0.0791
vn 0.9729 0.2173 -0.0792
vn 0.9208 0.0654 0.3845
vn 0.2662 0.9518 0.1522
vn 0.2870 0.9513 0.1124
vn 0.2871 0.9513 0.1123
vn 0.3036 0.9491 0.0842
vn 0.3036 0.9491 0.0840
vn 0.3153 0.9472 0.0583
vn 0.3153 0.9472 0.0582
vn 0.3264 0.9447 0.0320
vn 0.3389 0.9408 0.0101
vn 0.3389 0.9408 0.0102
vn 0.3552 0.9347 -0.0119
vn 0.3518 0.9360 -0.0054
vn 0.3519 0.9360 -0.0054
vn 0.3564 0.9343 -0.0082
vn 0.3116 0.9278 0.2053
vn 0.3439 0.9251 0.1609
vn 0.3804 0.9159 0.1284
vn 0.3803 0.9159 0.1284
vn 0.4429 0.8903 0.1056
vn 0.4429 0.8904 0.1056
vn 0.4429 0.8904 0.1055
vn 0.5224 0.8481 0.0885
vn 0.5772 0.8151 0.0506
vn 0.5772 0.8150 0.0506
vn 0.5878 0.8090 0.0008
vn 0.5879 0.8090 0.0008
vn 0.5878 0.8090 0.0007
vn 0.3659 0.8897 0.2732
vn 0.3658 0.8897 0.2732
vn 0.4386 0.8644 0.2456
vn 0.4386 0.8645 0.2456
vn 0.5440 0.8086 0.2244
vn 0.5439 0.8086 0.2244
vn 0.5440 0.8085 0.2244
vn 0.6459 0.7440 0.1715
vn 0.6458 0.7440 0.1715
vn 0.6459 0.7439 0.1715
vn 0.7021 0.7017 0.1210
vn 0.7345 0.6745 0.0749
vn 0.7344 0.6745 0.0749
vn 0.7344 0.6746 0.0749
vn 0.7432 0.6685 0.0285
vn 0.4320 0.8296 0.3537
vn 0.5438 0.7770 0.3169
vn 0.5439 0.7770 0.3169
vn 0.6573 0.7053 0.2654
vn 0.7383 0.6432 0.2029
vn 0.7384 0.6432 0.2029
vn 0.7912 0.5941 0.1450
vn 0.7913 0.5940 0.1450
vn 0.8261 0.5559 0.0922
vn 0.8412 0.5386 0.0478
vn 0.8414 0.5383 0.0479
vn 0.4894 0.7667 0.4156
vn 0.6145 0.7006 0.3626
vn 0.7202 0.6272 0.2964
vn 0.7969 0.5596 0.2278
vn 0.8492 0.5020 0.1639
vn 0.8873 0.4491 0.1045
vn 0.8873 0.4492 0.1045
vn 0.9103 0.4107 0.0520
vn 0.5285 0.7109 0.4640
vn 0.6553 0.6408 0.3999
vn 0.7577 0.5652 0.3264
vn 0.7576 0.5652 0.3264
vn 0.8318 0.4948 0.2515
vn 0.8836 0.4319 0.1807
vn 0.8836 0.4319 0.1808
vn 0.9952 0.0873 0.0436
vn 0.9952 0.0872 0.0436
vn 0.9661 0.1029 0.2369
vn 0.9661 0.1030 0.2369
vn 0.6067 0.6064 -0.5140
vn 0.6068 0.6063 -0.5140
vn 0.6847 0.5293 -0.5011
vn 0.7557 0.4551 -0.4711
vn 0.7556 0.4550 -0.4711
vn 0.8912 0.0222 -0.4531
vn 0.5467 0.6751 0.4954
vn 0.5467 0.6750 0.4954
vn 0.6734 0.6024 0.4285
vn 0.6735 0.6024 0.4285
vn 0.7704 0.5325 0.3506
vn 0.7704 0.5324 0.3507
vn 0.7704 0.5325 0.3507
vn 0.8411 0.4680 0.2710
vn 0.9680 0.1465 0.2037
vn 0.5647 0.8247 -0.0311
vn 0.5646 0.8248 -0.0311
vn 0.7235 0.6902 -0.0088
vn 0.8311 0.5559 0.0173
vn 0.9080 0.4171 0.0390
vn 0.9847 0.0926 -0.1479
vn 0.2152 0.9674 -0.1332
vn 0.2151 0.9675 -0.1332
vn 0.2440 0.9529 -0.1802
vn 0.2724 0.9353 -0.2257
vn 0.3062 0.9102 -0.2787
vn 0.3062 0.9103 -0.2787
vn 0.3487 0.8737 -0.3393
vn 0.3487 0.8736 -0.3393
vn 0.3958 0.8290 -0.3951
vn 0.4391 0.7813 -0.4435
vn 0.4714 0.7312 -0.4930
vn 0.2245 0.9698 -0.0951
vn 0.2244 0.9698 -0.0950
vn 0.2351 0.9696 -0.0677
vn 0.2498 0.9674 -0.0418
vn 0.2497 0.9674 -0.0418
vn 0.2687 0.9630 -0.0214
vn 0.2847 0.9586 -0.0060
vn 0.2843 0.9587 -0.0076
vn 0.2827 0.9592 -0.0108
vn 0.2861 0.9582 -0.0034
vn 0.2856 0.9583 0.0002
vn 0.2864 0.9581 0.0019
vn 0.2857 0.9583 0.0048
vn 0.3472 0.2334 -0.9083
vn 0.3472 0.2333 -0.9083
vn 0.3646 0.1733 -0.9149
vn 0.3647 0.1733 -0.9149
vn 0.3801 0.1319 -0.9155
vn 0.3801 0.1320 -0.9155
vn 0.3953 0.0478 -0.9173
vn 0.3684 0.3063 -0.8777
vn 0.3684 0.3064 -0.8777
vn 0.3872 0.3727 -0.8433
vn 0.3872 0.3726 -0.8434
vn 0.4056 0.4426 -0.7997
vn 0.4056 0.4427 -0.7997
vn 0.4286 0.5316 -0.7305
vn 0.4286 0.5316 -0.7306
vn 0.4286 0.5317 -0.7305
vn 0.4571 0.5892 -0.6662
vn 0.4571 0.5893 -0.6662
vn 0.4817 0.6312 -0.6079
vn 0.4875 0.6786 -0.5494
vn 0.4875 0.6787 -0.5493
vn 0.3465 0.2570 0.9022
vn 0.3466 0.2571 0.9021
vn 0.3466 0.2570 0.9021
vn 0.3691 0.3377 0.8659
vn 0.3691 0.3376 0.8659
vn 0.3889 0.4143 0.8229
vn 0.4064 0.4877 0.7726
vn 0.4215 0.5541 0.7178
vn 0.4336 0.6085 0.6646
vn 0.4416 0.6508 0.6176
vn 0.4432 0.6865 0.5765
vn 0.3637 0.2036 0.9090
vn 0.3636 0.2036 0.9090
vn 0.3785 0.1681 0.9102
vn 0.3785 0.1682 0.9102
vn 0.3737 -0.0105 0.9275
vn 0.2156 0.9651 0.1484
vn 0.2156 0.9651 0.1485
vn 0.2257 0.9679 0.1106
vn 0.2257 0.9679 0.1107
vn 0.2375 0.9679 0.0820
vn 0.2509 0.9663 0.0583
vn 0.2623 0.9642 0.0384
vn 0.2761 0.9611 0.0126
vn 0.2712 0.9623 0.0220
vn 0.2748 0.9613 0.0189
vn 0.2808 0.9597 0.0101
vn 0.2825 0.9593 0.0059
vn 0.2441 0.9497 0.1962
vn 0.2440 0.9497 0.1962
vn 0.2747 0.9289 0.2485
vn 0.3111 0.8980 0.3111
vn 0.3509 0.8558 0.3802
vn 0.3509 0.8557 0.3802
vn 0.3884 0.8076 0.4437
vn 0.4186 0.7599 0.4973
vn 0.4361 0.7226 0.5364
vn 0.1832 0.9595 -0.2139
vn 0.1532 0.9654 -0.2111
vn 0.1250 0.9703 -0.2069
vn 0.1250 0.9704 -0.2069
vn 0.0978 0.9744 -0.2025
vn 0.0720 0.9776 -0.1980
vn 0.0720 0.9776 -0.1979
vn 0.0465 0.9799 -0.1938
vn 0.0466 0.9799 -0.1939
vn 0.0206 0.9814 -0.1908
vn -0.0067 0.9821 -0.1885
vn -0.0067 0.9820 -0.1885
vn -0.0340 0.9818 -0.1869
vn -0.0340 0.9818 -0.1870
vn -0.0619 0.9805 -0.1864
vn -0.0620 0.9805 -0.1865
vn -0.0621 0.9806 -0.1861
vn -0.0919 0.9781 -0.1866
vn -0.0919 0.9781 -0.1867
vn -0.0919 0.9781 -0.1868
vn -0.1250 0.9743 -0.1872
vn -0.1613 0.9688 -0.1880
vn -0.2018 0.9612 -0.1881
vn 0.2024 0.9430 -0.2643
vn 0.1693 0.9491 -0.2657
vn 0.1384 0.9549 -0.2626
vn 0.1090 0.9600 -0.2579
vn 0.0810 0.9642 -0.2527
vn 0.0810 0.9641 -0.2527
vn 0.0536 0.9672 -0.2483
vn 0.0256 0.9691 -0.2452
vn 0.0256 0.9692 -0.2451
vn -0.0036 0.9701 -0.2428
vn -0.0035 0.9701 -0.2429
vn -0.0035 0.9701 -0.2428
vn -0.0330 0.9699 -0.2412
vn -0.0330 0.9699 -0.2411
vn -0.0330 0.9699 -0.2413
vn -0.0330 0.9698 -0.2415
vn -0.0634 0.9683 -0.2414
vn -0.0634 0.9684 -0.2414
vn -0.0959 0.9654 -0.2426
vn -0.1326 0.9608 -0.2436
vn -0.1734 0.9543 -0.2434
vn -0.2199 0.9457 -0.2392
vn -0.2200 0.9457 -0.2392
vn 0.2228 0.9219 -0.3169
vn 0.1867 0.9285 -0.3211
vn 0.1531 0.9349 -0.3201
vn 0.1214 0.9409 -0.3162
vn 0.1215 0.9409 -0.3163
vn 0.0912 0.9459 -0.3115
vn 0.0617 0.9495 -0.3076
vn 0.0617 0.9495 -0.3075
vn 0.0616 0.9496 -0.3075
vn 0.0315 0.9520 -0.3044
vn 0.0001 0.9533 -0.3021
vn 0.0001 0.9533 -0.3022
vn -0.0318 0.9532 -0.3005
vn -0.0318 0.9532 -0.3006
vn -0.0649 0.9515 -0.3006
vn -0.1010 0.9481 -0.3016
vn -0.1413 0.9428 -0.3020
vn -0.1869 0.9355 -0.2999
vn -0.2394 0.9259 -0.2922
vn 0.2439 0.8950 -0.3735
vn 0.2046 0.9025 -0.3789
vn 0.1685 0.9099 -0.3790
vn 0.1346 0.9166 -0.3765
vn 0.1345 0.9166 -0.3765
vn 0.1021 0.9222 -0.3730
vn 0.1022 0.9222 -0.3731
vn 0.1022 0.9221 -0.3731
vn 0.0703 0.9263 -0.3702
vn 0.0703 0.9263 -0.3701
vn 0.0383 0.9292 -0.3677
vn 0.0380 0.9291 -0.3678
vn 0.0383 0.9291 -0.3678
vn 0.0385 0.9292 -0.3676
vn 0.0043 0.9308 -0.3656
vn -0.0302 0.9310 -0.3637
vn -0.0302 0.9310 -0.3638
vn -0.0664 0.9294 -0.3630
vn -0.0665 0.9294 -0.3630
vn -0.1059 0.9258 -0.3630
vn -0.1059 0.9258 -0.3629
vn -0.1059 0.9258 -0.3628
vn -0.1499 0.9200 -0.3622
vn -0.2005 0.9116 -0.3588
vn -0.2588 0.9005 -0.3494
vn 0.2634 0.8636 -0.4299
vn 0.2215 0.8721 -0.4363
vn 0.2216 0.8721 -0.4363
vn 0.1832 0.8800 -0.4382
vn 0.1474 0.8870 -0.4377
vn 0.1130 0.8926 -0.4364
vn 0.1131 0.8926 -0.4364
vn 0.0792 0.8970 -0.4349
vn 0.0447 0.9002 -0.4332
vn 0.0447 0.9001 -0.4333
vn 0.0448 0.9001 -0.4333
vn 0.0092 0.9022 -0.4313
vn 0.0092 0.9021 -0.4314
vn 0.0091 0.9021 -0.4314
vn 0.0091 0.9022 -0.4313
vn -0.0280 0.9028 -0.4292
vn -0.0279 0.9027 -0.4293
vn -0.0672 0.9016 -0.4274
vn -0.0672 0.9015 -0.4274
vn -0.1098 0.8982 -0.4256
vn -0.1098 0.8982 -0.4257
vn -0.1577 0.8923 -0.4231
vn -0.1577 0.8922 -0.4231
vn -0.2125 0.8833 -0.4178
vn -0.2761 0.8707 -0.4070
vn -0.2760 0.8707 -0.4070
vn 0.2808 0.8278 -0.4858
vn 0.2808 0.8277 -0.4858
vn 0.2368 0.8370 -0.4933
vn 0.2368 0.8371 -0.4932
vn 0.1967 0.8451 -0.4971
vn 0.1594 0.8519 -0.4989
vn 0.1593 0.8519 -0.4989
vn 0.1234 0.8575 -0.4995
vn 0.0879 0.8619 -0.4994
vn 0.0518 0.8652 -0.4988
vn 0.0518 0.8651 -0.4988
vn 0.0140 0.8672 -0.4977
vn 0.0143 0.8674 -0.4974
vn -0.0249 0.8684 -0.4952
vn -0.0248 0.8682 -0.4956
vn -0.0249 0.8683 -0.4954
vn -0.0666 0.8678 -0.4924
vn -0.1122 0.8650 -0.4890
vn -0.1122 0.8651 -0.4890
vn -0.1122 0.8650 -0.4891
vn -0.1634 0.8595 -0.4844
vn -0.1633 0.8594 -0.4845
vn -0.1633 0.8594 -0.4844
vn -0.2217 0.8504 -0.4771
vn -0.2898 0.8365 -0.4650
vn -0.2898 0.8366 -0.4650
vn 0.2951 0.7870 -0.5418
vn 0.2951 0.7870 -0.5417
vn 0.2494 0.7972 -0.5497
vn 0.2494 0.7973 -0.5497
vn 0.2082 0.8054 -0.5550
vn 0.2082 0.8054 -0.5549
vn 0.1697 0.8122 -0.5582
vn 0.1697 0.8121 -0.5582
vn 0.1327 0.8176 -0.5602
vn 0.1327 0.8176 -0.5603
vn 0.0963 0.8218 -0.5616
vn 0.0963 0.8217 -0.5617
vn 0.0960 0.8220 -0.5614
vn 0.0960 0.8221 -0.5612
vn 0.0587 0.8255 -0.5614
vn 0.0587 0.8254 -0.5614
vn 0.0197 0.8280 -0.5604
vn 0.0197 0.8279 -0.5605
vn -0.0209 0.8292 -0.5585
vn -0.0209 0.8292 -0.5586
vn -0.0210 0.8292 -0.5585
vn -0.0211 0.8292 -0.5585
vn -0.0647 0.8290 -0.5554
vn -0.0646 0.8291 -0.5554
vn -0.0649 0.8288 -0.5557
vn -0.0649 0.8287 -0.5559
vn -0.1126 0.8268 -0.5512
vn -0.1126 0.8268 -0.5511
vn -0.1126 0.8267 -0.5512
vn -0.1661 0.8217 -0.5452
vn -0.1661 0.8217 -0.5453
vn -0.2274 0.8125 -0.5368
vn -0.2989 0.7975 -0.5241
vn -0.2989 0.7974 -0.5242
vn 0.3055 0.7416 -0.5973
vn 0.3055 0.7415 -0.5973
vn 0.3055 0.7416 -0.5972
vn 0.2592 0.7526 -0.6053
vn 0.2593 0.7526 -0.6052
vn 0.2592 0.7527 -0.6052
vn 0.2173 0.7612 -0.6111
vn 0.2173 0.7611 -0.6111
vn 0.2173 0.7612 -0.6110
vn 0.1783 0.7678 -0.6154
vn 0.1407 0.7734 -0.6181
vn 0.1406 0.7733 -0.6182
vn 0.1406 0.7733 -0.6183
vn 0.1033 0.7779 -0.6198
vn 0.1033 0.7779 -0.6199
vn 0.1033 0.7778 -0.6200
vn 0.0650 0.7815 -0.6205
vn 0.0651 0.7815 -0.6204
vn 0.0651 0.7816 -0.6204
vn 0.0253 0.7842 -0.6200
vn -0.0164 0.7856 -0.6185
vn -0.0612 0.7856 -0.6157
vn -0.1102 0.7837 -0.6113
vn -0.1103 0.7837 -0.6113
vn -0.1655 0.7788 -0.6050
vn -0.1654 0.7789 -0.6050
vn -0.1654 0.7788 -0.6050
vn -0.2285 0.7696 -0.5962
vn -0.2286 0.7696 -0.5962
vn -0.3020 0.7536 -0.5838
vn -0.3020 0.7536 -0.5839
vn 0.3120 0.6906 -0.6525
vn 0.3120 0.6906 -0.6526
vn 0.2659 0.7020 -0.6607
vn 0.2242 0.7097 -0.6678
vn 0.2242 0.7098 -0.6678
vn 0.1854 0.7156 -0.6734
vn 0.1854 0.7157 -0.6734
vn 0.1478 0.7204 -0.6776
vn 0.1478 0.7202 -0.6778
vn 0.1105 0.7245 -0.6804
vn 0.1103 0.7246 -0.6803
vn 0.0719 0.7281 -0.6817
vn 0.0719 0.7282 -0.6816
vn 0.0719 0.7280 -0.6818
vn 0.0319 0.7310 -0.6816
vn 0.0318 0.7308 -0.6818
vn 0.0319 0.7312 -0.6814
vn -0.0106 0.7323 -0.6809
vn -0.0557 0.7329 -0.6781
vn -0.0557 0.7328 -0.6781
vn -0.1054 0.7319 -0.6732
vn -0.1609 0.7284 -0.6660
vn -0.2246 0.7200 -0.6566
vn -0.2245 0.7200 -0.6566
vn -0.2986 0.7036 -0.6448
vn -0.2987 0.7036 -0.6448
vn 0.3142 0.6339 -0.7067
vn 0.2693 0.6447 -0.7154
vn 0.2289 0.6509 -0.7239
vn 0.2289 0.6508 -0.7239
vn 0.1908 0.6547 -0.7314
vn 0.1539 0.6577 -0.7374
vn 0.1539 0.6576 -0.7375
vn 0.1169 0.6605 -0.7416
vn 0.0788 0.6635 -0.7440
vn 0.0789 0.6635 -0.7440
vn 0.0788 0.6635 -0.7441
vn 0.0387 0.6660 -0.7450
vn 0.0388 0.6660 -0.7449
vn 0.0387 0.6660 -0.7449
vn -0.0034 0.6678 -0.7443
vn -0.0481 0.6695 -0.7413
vn -0.0975 0.6705 -0.7355
vn -0.0975 0.6704 -0.7355
vn -0.1526 0.6690 -0.7274
vn -0.2156 0.6626 -0.7173
vn -0.2888 0.6469 -0.7058
vn 0.3130 0.5708 -0.7591
vn 0.3130 0.5709 -0.7591
vn 0.2700 0.5807 -0.7680
vn 0.2310 0.5848 -0.7776
vn 0.1944 0.5860 -0.7867
vn 0.1944 0.5859 -0.7867
vn 0.1587 0.5862 -0.7945
vn 0.1587 0.5863 -0.7944
vn 0.1228 0.5872 -0.8001
vn 0.0855 0.5890 -0.8036
vn 0.0461 0.5909 -0.8054
vn 0.0050 0.5930 -0.8052
vn 0.0050 0.5931 -0.8051
vn -0.0389 0.5960 -0.8020
vn -0.0389 0.5961 -0.8020
vn -0.0870 0.5992 -0.7959
vn -0.1408 0.6003 -0.7873
vn -0.2020 0.5960 -0.7772
vn -0.2729 0.5815 -0.7664
vn -0.2728 0.5815 -0.7664
vn 0.3086 0.5012 -0.8084
vn 0.2683 0.5097 -0.8174
vn 0.2682 0.5097 -0.8174
vn 0.2683 0.5098 -0.8174
vn 0.2311 0.5118 -0.8274
vn 0.1962 0.5103 -0.8373
vn 0.1621 0.5079 -0.8460
vn 0.1277 0.5067 -0.8526
vn 0.1277 0.5068 -0.8526
vn 0.0918 0.5070 -0.8571
vn 0.0918 0.5069 -0.8571
vn 0.0534 0.5081 -0.8596
vn 0.0535 0.5083 -0.8595
vn 0.0535 0.5084 -0.8595
vn 0.0137 0.5101 -0.8600
vn 0.0137 0.5102 -0.8600
vn -0.0284 0.5140 -0.8573
vn -0.0745 0.5187 -0.8517
vn -0.1263 0.5214 -0.8439
vn -0.1263 0.5215 -0.8439
vn -0.1846 0.5189 -0.8347
vn -0.1846 0.5188 -0.8347
vn -0.2515 0.5061 -0.8250
vn 0.3016 0.4309 -0.8505
vn 0.2644 0.4350 -0.8607
vn 0.2298 0.4334 -0.8714
vn 0.1965 0.4298 -0.8813
vn 0.1642 0.4254 -0.8900
vn 0.1642 0.4253 -0.8900
vn 0.1315 0.4224 -0.8968
vn 0.1316 0.4224 -0.8968
vn 0.0971 0.4212 -0.9018
vn 0.0973 0.4213 -0.9017
vn 0.0973 0.4212 -0.9017
vn 0.0971 0.4211 -0.9018
vn 0.0603 0.4213 -0.9049
vn 0.0604 0.4213 -0.9049
vn 0.0224 0.4226 -0.9060
vn 0.0224 0.4227 -0.9060
vn 0.0224 0.4228 -0.9060
vn -0.0176 0.4260 -0.9045
vn -0.0176 0.4260 -0.9046
vn -0.0612 0.4307 -0.9004
vn -0.0612 0.4308 -0.9004
vn -0.1102 0.4341 -0.8941
vn -0.1103 0.4341 -0.8941
vn -0.1649 0.4342 -0.8856
vn -0.1649 0.4343 -0.8856
vn -0.2270 0.4265 -0.8755
vn 0.2935 0.3583 -0.8863
vn 0.2599 0.3559 -0.8977
vn 0.2279 0.3516 -0.9080
vn 0.2279 0.3515 -0.9080
vn 0.1963 0.3468 -0.9172
vn 0.1655 0.3420 -0.9250
vn 0.1345 0.3382 -0.9314
vn 0.1345 0.3381 -0.9314
vn 0.1345 0.3381 -0.9315
vn 0.1015 0.3355 -0.9365
vn 0.1016 0.3357 -0.9365
vn 0.0662 0.3340 -0.9402
vn 0.0662 0.3341 -0.9402
vn 0.0663 0.3341 -0.9402
vn 0.0664 0.3341 -0.9402
vn 0.0302 0.3339 -0.9421
vn -0.0074 0.3352 -0.9421
vn -0.0485 0.3377 -0.9400
vn -0.0945 0.3398 -0.9357
vn -0.1449 0.3414 -0.9287
vn -0.1449 0.3413 -0.9287
vn -0.2012 0.3410 -0.9183
vn -0.2012 0.3411 -0.9183
vn 0.1947 0.9674 -0.1621
vn 0.1661 0.9728 -0.1616
vn 0.1398 0.9777 -0.1566
vn 0.1141 0.9815 -0.1537
vn 0.1141 0.9815 -0.1538
vn 0.0888 0.9846 -0.1506
vn 0.0646 0.9869 -0.1475
vn 0.0646 0.9869 -0.1476
vn 0.0646 0.9870 -0.1474
vn 0.0409 0.9887 -0.1445
vn 0.0409 0.9887 -0.1444
vn 0.0409 0.9886 -0.1446
vn 0.0160 0.9898 -0.1418
vn 0.0160 0.9898 -0.1419
vn 0.0161 0.9898 -0.1418
vn -0.0096 0.9901 -0.1397
vn -0.0096 0.9902 -0.1397
vn -0.0351 0.9899 -0.1376
vn -0.0351 0.9899 -0.1374
vn -0.0352 0.9898 -0.1378
vn -0.0352 0.9899 -0.1377
vn -0.0613 0.9888 -0.1358
vn -0.0614 0.9888 -0.1359
vn -0.0610 0.9888 -0.1362
vn -0.0611 0.9888 -0.1362
vn -0.0893 0.9868 -0.1350
vn -0.0892 0.9868 -0.1351
vn -0.0892 0.9868 -0.1350
vn -0.0894 0.9868 -0.1349
vn -0.1200 0.9837 -0.1338
vn -0.1199 0.9837 -0.1339
vn -0.1199 0.9837 -0.1337
vn -0.1200 0.9837 -0.1337
vn -0.1523 0.9793 -0.1331
vn -0.1524 0.9793 -0.1330
vn -0.1869 0.9730 -0.1351
vn -0.1869 0.9731 -0.1351
vn -0.2263 0.9649 -0.1336
vn -0.2481 0.9518 -0.1803
vn -0.2731 0.9354 -0.2248
vn -0.2731 0.9353 -0.2248
vn -0.2730 0.9354 -0.2248
vn -0.2997 0.9138 -0.2740
vn -0.3265 0.8859 -0.3295
vn -0.3503 0.8532 -0.3864
vn -0.3697 0.8160 -0.4445
vn -0.3830 0.7737 -0.5047
vn -0.3888 0.7266 -0.5665
vn -0.3860 0.6741 -0.6298
vn -0.3748 0.6155 -0.6933
vn -0.3555 0.5492 -0.7563
vn -0.3556 0.5492 -0.7563
vn -0.3289 0.4744 -0.8166
vn -0.2976 0.3995 -0.8671
vn -0.2649 0.3251 -0.9078
vn -0.2649 0.3252 -0.9078
vn -0.2333 0.2382 -0.9428
vn -0.2333 0.2381 -0.9428
vn -0.1770 0.2428 -0.9538
vn -0.1770 0.2429 -0.9538
vn -0.1278 0.2393 -0.9625
vn -0.1278 0.2394 -0.9625
vn -0.0816 0.2415 -0.9670
vn -0.0815 0.2415 -0.9670
vn -0.0381 0.2437 -0.9691
vn 0.0009 0.2457 -0.9693
vn 0.0009 0.2456 -0.9694
vn 0.0007 0.2458 -0.9693
vn 0.0367 0.2479 -0.9681
vn 0.0711 0.2506 -0.9655
vn 0.0711 0.2505 -0.9655
vn 0.0711 0.2507 -0.9655
vn 0.1051 0.2536 -0.9616
vn 0.1367 0.2569 -0.9567
vn 0.1667 0.2605 -0.9510
vn 0.1667 0.2606 -0.9509
vn 0.1963 0.2645 -0.9442
vn 0.1964 0.2645 -0.9442
vn 0.2266 0.2683 -0.9363
vn 0.2266 0.2684 -0.9363
vn 0.2566 0.2719 -0.9275
vn 0.2862 0.2791 -0.9166
vn 0.3186 0.2791 -0.9059
vn 0.3186 0.2790 -0.9059
vn 0.3301 0.3496 -0.8768
vn 0.3301 0.3495 -0.8768
vn 0.3428 0.4133 -0.8436
vn 0.3539 0.4805 -0.8024
vn 0.3619 0.5491 -0.7533
vn 0.3619 0.5492 -0.7533
vn 0.3656 0.6128 -0.7005
vn 0.3656 0.6129 -0.7005
vn 0.3644 0.6731 -0.6435
vn 0.3645 0.6731 -0.6435
vn 0.3584 0.7280 -0.5845
vn 0.3584 0.7279 -0.5845
vn 0.3476 0.7746 -0.5284
vn 0.3476 0.7746 -0.5283
vn 0.3312 0.8167 -0.4725
vn 0.3312 0.8168 -0.4725
vn 0.3102 0.8552 -0.4153
vn 0.2867 0.8885 -0.3583
vn 0.2618 0.9163 -0.3030
vn 0.2375 0.9378 -0.2532
vn 0.2151 0.9540 -0.2087
vn -0.1876 0.9813 -0.0432
vn -0.1519 0.9873 -0.0467
vn -0.1520 0.9873 -0.0467
vn -0.1200 0.9915 -0.0508
vn -0.0903 0.9944 -0.0549
vn -0.0903 0.9944 -0.0548
vn -0.0904 0.9944 -0.0548
vn -0.0637 0.9962 -0.0588
vn -0.0636 0.9962 -0.0589
vn -0.0639 0.9962 -0.0588
vn -0.0639 0.9962 -0.0586
vn -0.0384 0.9973 -0.0625
vn -0.0385 0.9973 -0.0625
vn -0.0139 0.9978 -0.0653
vn -0.0139 0.9978 -0.0655
vn -0.0141 0.9978 -0.0653
vn -0.0140 0.9978 -0.0652
vn 0.0107 0.9977 -0.0674
vn 0.0107 0.9977 -0.0675
vn 0.0339 0.9970 -0.0689
vn 0.0340 0.9970 -0.0689
vn 0.0568 0.9960 -0.0697
vn 0.0568 0.9959 -0.0697
vn 0.0797 0.9943 -0.0703
vn 0.0798 0.9944 -0.0700
vn 0.0798 0.9944 -0.0698
vn 0.1041 0.9921 -0.0694
vn 0.1042 0.9921 -0.0695
vn 0.1293 0.9892 -0.0688
vn 0.1564 0.9853 -0.0687
vn -0.1964 0.9803 -0.0208
vn -0.1577 0.9872 -0.0224
vn -0.1240 0.9919 -0.0260
vn -0.1239 0.9919 -0.0260
vn -0.0935 0.9952 -0.0303
vn -0.0661 0.9972 -0.0346
vn -0.0405 0.9984 -0.0384
vn -0.0157 0.9990 -0.0411
vn -0.0156 0.9990 -0.0412
vn 0.0091 0.9990 -0.0429
vn 0.0093 0.9990 -0.0434
vn 0.0092 0.9990 -0.0432
vn 0.0091 0.9990 -0.0431
vn 0.0326 0.9985 -0.0443
vn 0.0325 0.9985 -0.0443
vn 0.0326 0.9985 -0.0442
vn 0.0557 0.9975 -0.0442
vn 0.0559 0.9974 -0.0447
vn 0.0559 0.9974 -0.0446
vn 0.0794 0.9959 -0.0440
vn 0.1043 0.9936 -0.0432
vn 0.1307 0.9905 -0.0428
vn 0.1600 0.9861 -0.0441
vn -0.2059 0.9786 -0.0052
vn -0.2058 0.9786 -0.0052
vn -0.1644 0.9864 -0.0061
vn -0.1676 0.9858 -0.0015
vn -0.1682 0.9858 0.0006
vn -0.1288 0.9916 -0.0092
vn -0.1312 0.9913 -0.0049
vn -0.1323 0.9912 -0.0028
vn -0.1002 0.9950 -0.0054
vn -0.0972 0.9952 -0.0132
vn -0.0980 0.9951 -0.0089
vn -0.0689 0.9975 -0.0174
vn -0.0698 0.9975 -0.0137
vn -0.0736 0.9972 -0.0109
vn -0.0426 0.9989 -0.0209
vn -0.0389 0.9992 -0.0132
vn -0.0412 0.9989 -0.0219
vn -0.0192 0.9995 -0.0234
vn -0.0170 0.9996 -0.0233
vn -0.0192 0.9998 -0.0099
vn 0.0079 0.9997 -0.0247
vn 0.0078 0.9999 -0.0121
vn 0.0079 0.9997 -0.0252
vn 0.0081 0.9996 -0.0252
vn 0.0321 0.9991 -0.0260
vn 0.0318 0.9994 -0.0135
vn 0.0324 0.9992 -0.0253
vn 0.0566 0.9981 -0.0247
vn 0.0559 0.9981 -0.0261
vn 0.0561 0.9981 -0.0263
vn 0.0563 0.9983 -0.0139
vn 0.0810 0.9964 -0.0237
vn 0.0803 0.9964 -0.0254
vn 0.0810 0.9966 -0.0140
vn 0.1060 0.9941 -0.0245
vn 0.1073 0.9941 -0.0135
vn 0.1070 0.9940 -0.0221
vn 0.1352 0.9906 -0.0218
vn 0.1338 0.9907 -0.0243
vn 0.1360 0.9906 -0.0131
vn 0.1650 0.9860 -0.0259
vn -0.2187 0.9758 0.0094
vn -0.2152 0.9766 0.0060
vn -0.2196 0.9755 0.0080
vn -0.1744 0.9846 0.0068
vn -0.1738 0.9847 0.0080
vn -0.1364 0.9906 0.0042
vn -0.1360 0.9907 0.0050
vn -0.1029 0.9947 0.0019
vn -0.1025 0.9947 0.0004
vn -0.0726 0.9974 -0.0030
vn -0.0739 0.9973 -0.0012
vn -0.0423 0.9991 -0.0034
vn -0.0413 0.9991 -0.0052
vn -0.0209 0.9998 -0.0021
vn -0.0205 0.9997 -0.0102
vn 0.0081 1.0000 -0.0033
vn 0.0079 0.9999 -0.0121
vn 0.0320 0.9995 -0.0046
vn 0.0323 0.9994 -0.0126
vn 0.0572 0.9983 -0.0119
vn 0.0570 0.9984 -0.0050
vn 0.0826 0.9965 -0.0110
vn 0.0829 0.9965 -0.0045
vn 0.1099 0.9939 -0.0041
vn 0.1094 0.9940 -0.0101
vn 0.1388 0.9903 -0.0090
vn 0.1397 0.9902 -0.0035
vn 0.1719 0.9851 -0.0098
vn 0.1702 0.9853 -0.0116
vn 0.1733 0.9849 -0.0039
vn -0.2256 0.9741 0.0128
vn -0.2269 0.9738 0.0113
vn -0.1802 0.9836 0.0101
vn -0.1791 0.9838 0.0111
vn -0.1406 0.9900 0.0080
vn -0.1399 0.9901 0.0086
vn -0.1056 0.9944 0.0059
vn -0.1061 0.9943 0.0056
vn -0.0751 0.9972 0.0036
vn -0.0750 0.9972 0.0030
vn -0.0450 0.9990 0.0026
vn -0.0457 0.9989 0.0026
vn -0.0212 0.9998 -0.0001
vn -0.0210 0.9998 0.0028
vn 0.0071 1.0000 0.0016
vn 0.0078 1.0000 -0.0030
vn 0.0323 0.9995 0.0012
vn 0.0325 0.9995 -0.0034
vn 0.0578 0.9983 -0.0035
vn 0.0579 0.9983 0.0012
vn 0.0842 0.9964 -0.0025
vn 0.0844 0.9964 0.0012
vn 0.1123 0.9937 0.0018
vn 0.1117 0.9937 -0.0018
vn 0.1421 0.9899 -0.0009
vn 0.1429 0.9897 0.0022
vn 0.1765 0.9843 -0.0010
vn 0.1776 0.9841 0.0026
vn -0.2306 0.9730 0.0122
vn -0.2314 0.9728 0.0089
vn -0.1837 0.9829 0.0082
vn -0.1832 0.9830 0.0109
vn -0.1433 0.9897 0.0071
vn -0.1428 0.9897 0.0089
vn -0.1077 0.9942 0.0068
vn -0.1081 0.9941 0.0060
vn -0.0766 0.9970 0.0052
vn -0.0763 0.9971 0.0052
vn -0.0474 0.9989 0.0042
vn -0.0476 0.9989 0.0044
vn -0.0202 0.9998 0.0037
vn -0.0200 0.9998 0.0036
vn 0.0070 1.0000 0.0022
vn 0.0070 1.0000 0.0039
vn 0.0325 0.9995 0.0019
vn 0.0326 0.9995 0.0036
vn 0.0584 0.9983 0.0019
vn 0.0587 0.9983 0.0037
vn 0.0852 0.9964 0.0023
vn 0.0855 0.9963 0.0037
vn 0.1136 0.9935 0.0031
vn 0.1139 0.9935 0.0043
vn 0.1446 0.9895 0.0037
vn 0.1451 0.9894 0.0048
vn 0.1800 0.9837 0.0039
vn 0.1807 0.9835 0.0055
vn -0.2317 0.9728 0.0081
vn -0.2324 0.9726 0.0012
vn -0.1845 0.9828 0.0079
vn -0.1848 0.9828 0.0015
vn -0.1423 0.9898 0.0056
vn -0.1438 0.9896 0.0022
vn -0.1088 0.9940 0.0059
vn -0.1086 0.9941 0.0027
vn -0.0777 0.9970 0.0028
vn -0.0771 0.9970 0.0052
vn -0.0476 0.9989 0.0034
vn -0.0475 0.9989 0.0044
vn -0.0202 0.9998 0.0039
vn 0.0066 1.0000 0.0044
vn 0.0068 1.0000 0.0039
vn 0.0330 0.9994 0.0045
vn 0.0331 0.9994 0.0041
vn 0.0590 0.9982 0.0040
vn 0.0590 0.9982 0.0039
vn 0.0859 0.9963 0.0046
vn 0.0858 0.9963 0.0041
vn 0.1145 0.9934 0.0048
vn 0.1144 0.9934 0.0046
vn 0.1461 0.9893 0.0051
vn 0.1458 0.9893 0.0053
vn 0.1814 0.9834 0.0059
vn 0.1818 0.9833 0.0057
vn -0.2315 0.9728 -0.0012
vn -0.2309 0.9730 -0.0003
vn -0.1835 0.9830 -0.0000
vn -0.1839 0.9829 -0.0005
vn -0.1430 0.9897 0.0011
vn -0.1434 0.9897 0.0007
vn -0.1082 0.9941 0.0018
vn -0.1078 0.9942 0.0019
vn -0.0764 0.9971 0.0027
vn -0.0768 0.9970 0.0028
vn -0.0474 0.9989 0.0041
vn -0.0200 0.9998 0.0038
vn -0.0199 0.9998 0.0048
vn 0.0068 1.0000 0.0041
vn 0.0067 1.0000 0.0059
vn 0.0330 0.9994 0.0072
vn 0.0326 0.9995 0.0042
vn 0.0586 0.9983 0.0060
vn 0.0596 0.9982 0.0061
vn 0.0855 0.9963 0.0063
vn 0.0858 0.9963 0.0073
vn 0.1140 0.9935 0.0058
vn 0.1140 0.9935 0.0062
vn 0.1453 0.9894 0.0062
vn 0.1452 0.9894 0.0063
vn 0.1807 0.9835 0.0064
vn 0.1810 0.9834 0.0071
vn -0.2277 0.9737 -0.0031
vn -0.2259 0.9741 -0.0013
vn -0.1809 0.9835 -0.0021
vn -0.1795 0.9838 -0.0006
vn -0.1401 0.9901 0.0013
vn -0.1411 0.9900 -0.0001
vn -0.1064 0.9943 0.0018
vn -0.1058 0.9944 0.0038
vn -0.0751 0.9972 0.0063
vn -0.0755 0.9971 0.0036
vn -0.0463 0.9989 0.0085
vn -0.0466 0.9989 0.0050
vn -0.0192 0.9998 0.0053
vn -0.0191 0.9998 0.0102
vn 0.0068 0.9999 0.0113
vn 0.0066 1.0000 0.0060
vn 0.0329 0.9994 0.0127
vn 0.0328 0.9994 0.0089
vn 0.0596 0.9982 0.0114
vn 0.0600 0.9981 0.0125
vn 0.0857 0.9963 0.0091
vn 0.0839 0.9964 0.0111
vn 0.1128 0.9936 0.0093
vn 0.1121 0.9936 0.0106
vn 0.1430 0.9897 0.0107
vn 0.1431 0.9897 0.0096
vn 0.1779 0.9840 0.0103
vn 0.1781 0.9839 0.0110
vn -0.2212 0.9752 -0.0010
vn -0.2188 0.9758 0.0036
vn -0.1757 0.9844 0.0001
vn -0.1740 0.9847 0.0044
vn -0.1360 0.9907 0.0068
vn -0.1373 0.9905 0.0025
vn -0.1036 0.9946 0.0054
vn -0.1027 0.9947 0.0103
vn -0.0729 0.9972 0.0137
vn -0.0734 0.9973 0.0078
vn -0.0451 0.9988 0.0166
vn -0.0452 0.9989 0.0098
vn -0.0183 0.9998 0.0111
vn -0.0184 0.9996 0.0193
vn 0.0067 0.9999 0.0114
vn 0.0074 0.9997 0.0214
vn 0.0327 0.9992 0.0225
vn 0.0325 0.9994 0.0121
vn 0.0570 0.9982 0.0206
vn 0.0609 0.9979 0.0216
vn 0.0835 0.9964 0.0156
vn 0.0800 0.9966 0.0178
vn 0.1113 0.9936 0.0166
vn 0.1099 0.9938 0.0186
vn 0.1395 0.9900 0.0185
vn 0.1407 0.9899 0.0163
vn 0.1742 0.9845 0.0180
vn 0.1735 0.9846 0.0196
vn -0.2161 0.9764 0.0044
vn -0.1694 0.9855 0.0072
vn -0.1675 0.9858 0.0148
vn -0.1312 0.9912 0.0176
vn -0.1326 0.9911 0.0097
vn -0.0999 0.9949 0.0129
vn -0.0991 0.9948 0.0216
vn -0.0707 0.9974 0.0160
vn -0.0702 0.9972 0.0258
vn -0.0434 0.9986 0.0295
vn -0.0435 0.9989 0.0186
vn -0.0174 0.9996 0.0204
vn -0.0174 0.9993 0.0327
vn 0.0080 0.9997 0.0218
vn 0.0080 0.9993 0.0353
vn 0.0329 0.9988 0.0372
vn 0.0315 0.9993 0.0219
vn 0.0567 0.9982 0.0219
vn 0.0627 0.9975 0.0334
vn 0.0839 0.9961 0.0268
vn 0.0788 0.9964 0.0313
vn 0.1092 0.9938 0.0222
vn 0.1384 0.9901 0.0224
vn 0.1714 0.9849 0.0240
vn -0.2068 0.9782 0.0161
vn -0.2068 0.9783 0.0161
vn -0.1651 0.9861 0.0168
vn -0.1293 0.9914 0.0195
vn -0.0976 0.9950 0.0233
vn -0.0691 0.9972 0.0274
vn -0.0691 0.9972 0.0273
vn -0.0425 0.9986 0.0306
vn -0.0425 0.9986 0.0307
vn -0.0170 0.9993 0.0334
vn -0.0169 0.9993 0.0334
vn 0.0084 0.9993 0.0352
vn 0.0327 0.9988 0.0365
vn 0.0327 0.9988 0.0364
vn 0.0566 0.9977 0.0366
vn 0.0567 0.9977 0.0369
vn 0.0811 0.9960 0.0364
vn 0.0811 0.9960 0.0365
vn 0.1070 0.9936 0.0361
vn 0.1070 0.9936 0.0362
vn 0.1070 0.9936 0.0363
vn 0.1349 0.9902 0.0367
vn 0.1662 0.9853 0.0391
vn 0.1663 0.9853 0.0391
vn -0.1972 0.9798 0.0324
vn -0.1582 0.9868 0.0337
vn -0.1244 0.9915 0.0372
vn -0.0937 0.9947 0.0413
vn -0.0662 0.9968 0.0456
vn -0.0662 0.9968 0.0455
vn -0.0405 0.9980 0.0493
vn -0.0404 0.9980 0.0493
vn -0.0154 0.9985 0.0521
vn -0.0154 0.9985 0.0520
vn -0.0153 0.9985 0.0519
vn 0.0097 0.9985 0.0541
vn 0.0098 0.9985 0.0540
vn 0.0097 0.9985 0.0543
vn 0.0334 0.9979 0.0556
vn 0.0334 0.9979 0.0558
vn 0.0334 0.9979 0.0557
vn 0.0334 0.9979 0.0554
vn 0.0567 0.9968 0.0563
vn 0.0566 0.9968 0.0563
vn 0.0803 0.9952 0.0561
vn 0.0803 0.9952 0.0562
vn 0.1053 0.9929 0.0558
vn 0.1320 0.9897 0.0560
vn 0.1615 0.9852 0.0581
vn 0.1615 0.9852 0.0582
vn -0.1882 0.9806 0.0556
vn -0.1882 0.9805 0.0556
vn -0.1523 0.9866 0.0589
vn -0.1203 0.9907 0.0628
vn -0.0905 0.9936 0.0670
vn -0.0905 0.9937 0.0668
vn -0.0905 0.9936 0.0669
vn -0.0636 0.9954 0.0710
vn -0.0380 0.9965 0.0749
vn -0.0383 0.9965 0.0745
vn -0.0382 0.9965 0.0747
vn -0.0135 0.9969 0.0774
vn -0.0136 0.9969 0.0774
vn -0.0136 0.9969 0.0773
vn 0.0111 0.9968 0.0794
vn 0.0112 0.9968 0.0796
vn 0.0109 0.9968 0.0793
vn 0.0348 0.9961 0.0815
vn 0.0346 0.9961 0.0816
vn 0.0577 0.9949 0.0826
vn 0.0577 0.9949 0.0827
vn 0.0575 0.9949 0.0828
vn 0.0809 0.9932 0.0832
vn 0.0808 0.9933 0.0831
vn 0.0809 0.9933 0.0829
vn 0.0809 0.9933 0.0830
vn 0.1053 0.9910 0.0832
vn 0.1052 0.9910 0.0832
vn 0.1306 0.9880 0.0831
vn 0.1578 0.9839 0.0835
vn -0.2192 0.9727 -0.0766
vn -0.1817 0.9803 -0.0779
vn -0.1493 0.9853 -0.0832
vn -0.1492 0.9853 -0.0832
vn -0.1182 0.9892 -0.0864
vn -0.1182 0.9892 -0.0865
vn -0.1183 0.9892 -0.0863
vn -0.1183 0.9892 -0.0862
vn -0.0886 0.9921 -0.0889
vn -0.0887 0.9920 -0.0893
vn -0.0887 0.9921 -0.0893
vn -0.0619 0.9938 -0.0923
vn -0.0367 0.9948 -0.0950
vn -0.0367 0.9948 -0.0951
vn -0.0119 0.9951 -0.0977
vn -0.0119 0.9951 -0.0978
vn -0.0120 0.9952 -0.0975
vn -0.0119 0.9952 -0.0975
vn 0.0130 0.9949 -0.0998
vn 0.0130 0.9949 -0.0999
vn 0.0130 0.9949 -0.0997
vn 0.0366 0.9941 -0.1018
vn 0.0366 0.9941 -0.1019
vn 0.0367 0.9941 -0.1019
vn 0.0596 0.9928 -0.1036
vn 0.0595 0.9928 -0.1036
vn 0.0596 0.9928 -0.1037
vn 0.0596 0.9928 -0.1038
vn 0.0827 0.9910 -0.1050
vn 0.0827 0.9910 -0.1049
vn 0.0827 0.9910 -0.1051
vn 0.0827 0.9910 -0.1052
vn 0.1070 0.9886 -0.1060
vn 0.1070 0.9886 -0.1063
vn 0.1070 0.9886 -0.1059
vn 0.1316 0.9856 -0.1066
vn 0.1316 0.9855 -0.1066
vn 0.1561 0.9822 -0.1046
vn 0.1839 0.9772 -0.1060
vn 0.1876 0.9795 -0.0736
vn 0.1942 0.9796 -0.0507
vn 0.2017 0.9789 -0.0318
vn 0.2094 0.9777 -0.0152
vn 0.2180 0.9760 -0.0016
vn 0.2219 0.9751 0.0020
vn 0.2216 0.9751 -0.0010
vn 0.2285 0.9735 0.0055
vn 0.2279 0.9737 0.0041
vn 0.2299 0.9732 0.0063
vn 0.2303 0.9731 0.0061
vn 0.2287 0.9735 0.0074
vn 0.2283 0.9735 0.0088
vn 0.2235 0.9746 0.0122
vn 0.2239 0.9745 0.0135
vn 0.2204 0.9753 0.0164
vn 0.2124 0.9768 0.0281
vn 0.2123 0.9768 0.0281
vn 0.2038 0.9780 0.0450
vn 0.2037 0.9780 0.0450
vn 0.1957 0.9785 0.0653
vn 0.1889 0.9780 0.0890
vn 0.1849 0.9752 0.1217
vn 0.1573 0.9802 0.1201
vn 0.1327 0.9837 0.1212
vn 0.1327 0.9837 0.1215
vn 0.1080 0.9868 0.1208
vn 0.1080 0.9868 0.1207
vn 0.1081 0.9868 0.1210
vn 0.0840 0.9893 0.1196
vn 0.0837 0.9893 0.1193
vn 0.0838 0.9893 0.1194
vn 0.0839 0.9893 0.1194
vn 0.0604 0.9912 0.1178
vn 0.0605 0.9912 0.1179
vn 0.0605 0.9912 0.1178
vn 0.0605 0.9912 0.1177
vn 0.0375 0.9925 0.1159
vn 0.0377 0.9926 0.1157
vn 0.0377 0.9926 0.1158
vn 0.0137 0.9934 0.1135
vn 0.0137 0.9935 0.1134
vn -0.0114 0.9938 0.1110
vn -0.0115 0.9937 0.1112
vn -0.0114 0.9937 0.1111
vn -0.0114 0.9938 0.1109
vn -0.0363 0.9934 0.1085
vn -0.0363 0.9934 0.1084
vn -0.0363 0.9935 0.1083
vn -0.0616 0.9925 0.1054
vn -0.0617 0.9925 0.1052
vn -0.0617 0.9925 0.1053
vn -0.0616 0.9925 0.1057
vn -0.0885 0.9908 0.1023
vn -0.1181 0.9880 0.0993
vn -0.1182 0.9880 0.0993
vn -0.1180 0.9880 0.0994
vn -0.1493 0.9841 0.0961
vn -0.1819 0.9791 0.0909
vn -0.2194 0.9715 0.0895
vn -0.2195 0.9715 0.0895
vn -0.2302 0.9714 0.0581
vn -0.2434 0.9692 0.0368
vn -0.2569 0.9662 0.0203
vn -0.2759 0.9612 0.0004
vn -0.2744 0.9616 0.0056
vn -0.2695 0.9630 0.0074
vn -0.2823 0.9593 0.0008
vn -0.2848 0.9586 -0.0022
vn -0.2889 0.9574 0.0009
vn -0.2901 0.9570 -0.0007
vn -0.2943 0.9557 0.0058
vn -0.2893 0.9572 0.0062
vn -0.2898 0.9570 0.0105
vn -0.2891 0.9573 0.0092
vn -0.2843 0.9587 0.0132
vn -0.2830 0.9591 0.0098
vn -0.2737 0.9618 0.0057
vn -0.2732 0.9619 0.0083
vn -0.2685 0.9633 0.0034
vn -0.2684 0.9633 0.0034
vn -0.2559 0.9667 -0.0090
vn -0.2560 0.9666 -0.0090
vn -0.2425 0.9698 -0.0248
vn -0.2426 0.9698 -0.0248
vn -0.2295 0.9722 -0.0455
vn -0.2296 0.9722 -0.0455
vn 0.0500 0.9982 -0.0320
vn 0.0499 0.9982 -0.0320
vn -0.6493 0.6525 -0.3907
vn 0.0600 0.9980 -0.0220
vn 0.1052 0.9942 -0.0237
vn 0.1669 0.9859 -0.0147
vn 0.1669 0.9859 -0.0148
vn 0.1670 0.9858 -0.0148
vn 0.2501 0.9679 0.0243
vn 0.2501 0.9679 0.0244
vn -0.0030 0.9999 0.0147
vn -0.0030 0.9999 0.0146
vn 0.0226 0.9994 0.0251
vn 0.0711 0.9968 0.0353
vn 0.0713 0.9968 0.0352
vn 0.1348 0.9903 0.0330
vn 0.2198 0.9755 -0.0134
vn 0.2197 0.9755 -0.0134
vn -0.2327 0.7508 0.6181
vn -0.2288 0.7448 0.6269
vn -0.2344 0.7514 0.6168
vn 0.9522 0.1403 0.2715
vn 0.9521 0.1403 0.2715
vn 0.9154 0.2762 -0.2930
vn 0.9154 0.2761 -0.2930
vn 0.9153 0.2762 -0.2930
vn -0.7702 0.6038 0.2055
vn -0.7702 0.6037 0.2055
vn 0.7467 0.6378 -0.1889
vn 0.7466 0.6378 -0.1889
vn -0.7334 0.6659 0.1365
vn 0.6608 0.7391 -0.1303
vn 0.6609 0.7391 -0.1303
vn -0.8229 0.5571 0.1117
vn 0.8168 0.5672 -0.1055
vn -0.6021 0.7969 0.0482
vn 0.6784 0.7325 -0.0559
vn 0.6784 0.7325 -0.0560
vn -0.0513 0.9985 -0.0175
vn -0.0514 0.9985 -0.0176
vn -0.0515 0.9985 -0.0175
vn -0.5088 0.8607 -0.0138
vn -0.5088 0.8608 -0.0137
vn 0.4878 0.8730 0.0074
vn 0.4878 0.8729 0.0074
vn -0.5782 0.8145 -0.0469
vn -0.5783 0.8145 -0.0469
vn 0.5947 0.8012 0.0664
vn -0.8705 0.4697 -0.1469
vn 0.5168 0.8383 -0.1738
vn 0.5167 0.8383 -0.1738
vn 0.1594 0.9870 0.0201
vn 0.1595 0.9870 0.0202
vn 0.1595 0.9870 0.0207
vn -0.8877 0.4315 0.1603
vn 0.7474 0.6574 -0.0957
vn -0.7344 0.6767 0.0534
vn -0.7343 0.6767 0.0534
vn 0.8712 0.4899 -0.0321
vn -0.8302 0.5574 0.0009
vn 0.6825 0.7305 0.0232
vn -0.7157 0.6972 -0.0412
vn 0.5927 0.8031 0.0610
vn -0.6646 0.7432 -0.0765
vn 0.8305 0.5426 0.1255
vn -0.7712 0.6208 -0.1410
vn 0.5860 0.8022 0.1143
vn -0.6190 0.7632 -0.1855
vn 0.7000 0.6949 0.1643
vn 0.6999 0.6950 0.1646
vn 0.7000 0.6949 0.1645
vn -0.8727 0.3891 -0.2950
vn 0.1531 0.9878 -0.0298
vn 0.1535 0.9877 -0.0298
vn 0.1535 0.9877 -0.0299
vn 0.5669 0.7982 0.2035
vn 0.2768 0.3104 0.9094
vn -0.1906 0.3677 -0.9102
vn -0.1905 0.3677 -0.9102
vn 0.0485 0.3651 0.9297
vn 0.0487 0.3652 0.9297
vn 0.6111 0.7035 0.3627
vn 0.6111 0.7035 0.3628
vn -0.6477 0.6389 -0.4150
vn -0.6477 0.6389 -0.4151
vn 0.7752 0.2247 0.5903
vn 0.7752 0.2248 0.5904
vn 0.7753 0.2247 0.5903
vn -0.6535 0.4075 -0.6379
vn 0.5428 0.5571 0.6285
vn -0.5187 0.3977 -0.7568
vn 0.3123 0.5857 0.7479
vn 0.5076 0.8094 -0.2954
vn 0.5076 0.8094 -0.2953
vn -0.6663 0.6607 0.3457
vn -0.6664 0.6607 0.3457
vn -0.2840 0.9575 0.0512
vn -0.2551 0.9666 0.0240
vn -0.2584 0.9654 0.0346
vn 0.4415 0.4888 -0.7525
vn 0.4414 0.4888 -0.7525
vn 0.4415 0.4888 -0.7524
vn -0.6703 0.5776 0.4658
vn -0.6704 0.5776 0.4658
vn -0.4532 0.8355 0.3106
vn -0.4532 0.8356 0.3106
vn -0.4531 0.8356 0.3106
vn 0.1348 0.4588 -0.8782
vn 0.1348 0.4589 -0.8782
vn -0.3640 0.3094 0.8785
vn 0.1975 0.4779 -0.8560
vn 0.0953 0.4527 -0.8866
vn -0.1511 0.6806 0.7169
vn -0.1512 0.6806 0.7169
vn -0.4281 0.3107 -0.8486
vn -0.2414 0.2934 0.9250
vn -0.2415 0.2934 0.9250
vn -0.0716 0.6954 -0.7151
vn -0.7090 0.6522 -0.2682
vn -0.5788 0.7870 0.2135
vn -0.5788 0.7871 0.2135
vn 0.2879 0.9577 -0.0000
vn 0.2882 0.9576 -0.0000
vn 0.3297 -0.9441 -0.0000
vn 0.3300 -0.9440 -0.0000
vn -0.8217 0.5699 -0.0000
vn -0.8219 0.5696 -0.0000
vn 0.9998 0.0216 -0.0000
vt 0.000000 0.000000
vt 0.380500 0.052000
vt 0.378800 0.039600
vt 0.382700 0.037900
vt 0.385900 0.050500
vt 0.386400 0.036200
vt 0.391200 0.048900
vt 0.390100 0.034400
vt 0.396400 0.047100
vt 0.393600 0.032500
vt 0.401400 0.045100
vt 0.397100 0.030400
vt 0.406100 0.042900
vt 0.400300 0.028200
vt 0.410500 0.040200
vt 0.403300 0.025700
vt 0.414400 0.037100
vt 0.382000 0.064400
vt 0.388900 0.063100
vt 0.395800 0.061600
vt 0.402500 0.059900
vt 0.409000 0.058000
vt 0.415200 0.055500
vt 0.420900 0.052500
vt 0.425800 0.048700
vt 0.391700 0.075700
vt 0.383300 0.076900
vt 0.400000 0.074400
vt 0.408300 0.072900
vt 0.416500 0.071000
vt 0.424300 0.068500
vt 0.431400 0.065100
vt 0.437500 0.060600
vt 0.384500 0.089300
vt 0.394100 0.088400
vt 0.403800 0.087300
vt 0.385400 0.101700
vt 0.395900 0.101000
vt 0.397100 0.113700
vt 0.386000 0.114200
vt 0.419500 0.003500
vt 0.431500 0.005200
vt 0.429700 0.010300
vt 0.417500 0.007000
vt 0.443500 0.006700
vt 0.441900 0.013400
vt 0.454100 0.016200
vt 0.455500 0.008100
vt 0.427800 0.015300
vt 0.415500 0.010400
vt 0.440100 0.020000
vt 0.452500 0.024300
vt 0.466300 0.018600
vt 0.465000 0.028100
vt 0.425700 0.020200
vt 0.413300 0.013800
vt 0.438200 0.026500
vt 0.450700 0.032400
vt 0.463500 0.037800
vt 0.423400 0.024900
vt 0.411100 0.017000
vt 0.435900 0.032700
vt 0.448600 0.040300
vt 0.461600 0.047600
vt 0.420800 0.029400
vt 0.408700 0.020100
vt 0.433200 0.038600
vt 0.445800 0.047900
vt 0.459000 0.057200
vt 0.417800 0.033400
vt 0.406100 0.023000
vt 0.429800 0.044000
vt 0.442200 0.054800
vt 0.455200 0.065900
vt 0.426800 0.249400
vt 0.415100 0.248700
vt 0.413500 0.244600
vt 0.425500 0.242200
vt 0.411800 0.240700
vt 0.424100 0.236200
vt 0.410000 0.237300
vt 0.422400 0.230900
vt 0.408100 0.234100
vt 0.420500 0.226100
vt 0.406000 0.231100
vt 0.418300 0.221700
vt 0.403800 0.228400
vt 0.415600 0.217700
vt 0.401300 0.225900
vt 0.412500 0.214300
vt 0.437600 0.239700
vt 0.438600 0.248600
vt 0.436300 0.231800
vt 0.434900 0.224700
vt 0.433000 0.218200
vt 0.430700 0.212200
vt 0.427800 0.206900
vt 0.424000 0.202500
vt 0.450400 0.247300
vt 0.449600 0.237000
vt 0.448700 0.227600
vt 0.447400 0.218800
vt 0.445800 0.210400
vt 0.443500 0.202600
vt 0.440300 0.195800
vt 0.436000 0.190200
vt 0.462300 0.245800
vt 0.461800 0.234500
vt 0.461100 0.223700
vt 0.460100 0.213200
vt 0.458800 0.202900
vt 0.456800 0.193200
vt 0.453500 0.184500
vt 0.382200 0.215200
vt 0.378600 0.213900
vt 0.380300 0.201400
vt 0.385500 0.202600
vt 0.381800 0.188900
vt 0.388600 0.189900
vt 0.383200 0.176500
vt 0.391400 0.177200
vt 0.384400 0.164000
vt 0.393900 0.164500
vt 0.385300 0.151500
vt 0.395800 0.151800
vt 0.385900 0.139100
vt 0.397100 0.139100
vt 0.386200 0.126600
vt 0.397600 0.126400
vt 0.385700 0.216700
vt 0.390600 0.203900
vt 0.395200 0.191000
vt 0.399600 0.178100
vt 0.403400 0.165200
vt 0.395500 0.205300
vt 0.389100 0.218200
vt 0.401800 0.192400
vt 0.407700 0.179300
vt 0.413200 0.166100
vt 0.400300 0.207000
vt 0.392400 0.219900
vt 0.408100 0.194000
vt 0.415700 0.180800
vt 0.404800 0.209000
vt 0.395600 0.221700
vt 0.414000 0.196200
vt 0.423400 0.182900
vt 0.398500 0.223700
vt 0.408900 0.211400
vt 0.419400 0.198900
vt 0.430200 0.186000
vt 0.375000 0.041200
vt 0.375000 0.029000
vt 0.377200 0.027200
vt 0.379300 0.025300
vt 0.381500 0.023500
vt 0.383700 0.021700
vt 0.385800 0.019900
vt 0.388000 0.018100
vt 0.390200 0.016300
vt 0.392300 0.014500
vt 0.375000 0.053400
vt 0.375000 0.065700
vt 0.375000 0.077900
vt 0.375000 0.090100
vt 0.375000 0.102400
vt 0.375000 0.114600
vt 0.375000 0.126800
vt 0.409700 0.000000
vt 0.421500 0.000000
vt 0.407500 0.001800
vt 0.433200 0.000000
vt 0.445000 0.000000
vt 0.456800 0.000000
vt 0.405400 0.003600
vt 0.403200 0.005400
vt 0.401000 0.007200
vt 0.398900 0.009100
vt 0.396700 0.010900
vt 0.394500 0.012700
vt 0.403400 0.248400
vt 0.416500 0.255000
vt 0.405300 0.250000
vt 0.401500 0.246800
vt 0.399600 0.245300
vt 0.397700 0.243700
vt 0.395800 0.242100
vt 0.393900 0.240500
vt 0.392000 0.238900
vt 0.390100 0.237400
vt 0.427800 0.258400
vt 0.439400 0.258900
vt 0.451000 0.258500
vt 0.462600 0.257800
vt 0.375000 0.212500
vt 0.376900 0.226300
vt 0.375000 0.224700
vt 0.375000 0.200300
vt 0.375000 0.188000
vt 0.375000 0.175800
vt 0.375000 0.163600
vt 0.375000 0.151300
vt 0.375000 0.139100
vt 0.378800 0.227900
vt 0.380700 0.229500
vt 0.382600 0.231100
vt 0.384500 0.232600
vt 0.386400 0.234200
vt 0.388200 0.235800
vt 0.432600 0.782400
vt 0.433200 0.767400
vt 0.442500 0.769600
vt 0.442500 0.783300
vt 0.452300 0.770400
vt 0.452500 0.783900
vt 0.462400 0.770500
vt 0.462500 0.784100
vt 0.442100 0.797900
vt 0.432000 0.797400
vt 0.452300 0.798300
vt 0.462500 0.798500
vt 0.441600 0.813000
vt 0.431300 0.812800
vt 0.451900 0.813200
vt 0.462200 0.813300
vt 0.430500 0.828200
vt 0.441000 0.828400
vt 0.451500 0.828400
vt 0.461900 0.828500
vt 0.440400 0.843800
vt 0.429700 0.843800
vt 0.451000 0.843900
vt 0.461500 0.843900
vt 0.439700 0.859400
vt 0.428900 0.859400
vt 0.450400 0.859400
vt 0.461100 0.859400
vt 0.428100 0.875000
vt 0.439000 0.875000
vt 0.449800 0.875000
vt 0.460600 0.875000
vt 0.438300 0.890600
vt 0.427300 0.890600
vt 0.449200 0.890600
vt 0.460100 0.890600
vt 0.437600 0.906300
vt 0.426500 0.906300
vt 0.448600 0.906300
vt 0.459600 0.906300
vt 0.425600 0.921900
vt 0.436900 0.921900
vt 0.448000 0.921900
vt 0.459200 0.921900
vt 0.436100 0.937500
vt 0.424800 0.937500
vt 0.447400 0.937500
vt 0.458700 0.937500
vt 0.435400 0.953100
vt 0.424000 0.953100
vt 0.446800 0.953100
vt 0.458200 0.953100
vt 0.423100 0.968800
vt 0.434700 0.968800
vt 0.446200 0.968800
vt 0.457700 0.968800
vt 0.434000 0.984400
vt 0.422300 0.984400
vt 0.445600 0.984400
vt 0.457300 0.984400
vt 0.423800 0.765600
vt 0.424700 0.750000
vt 0.433200 0.754500
vt 0.442000 0.757600
vt 0.451800 0.758100
vt 0.461900 0.757800
vt 0.456800 1.000000
vt 0.445000 1.000000
vt 0.433200 1.000000
vt 0.421500 1.000000
vt 0.409700 1.000000
vt 0.410600 0.984400
vt 0.411600 0.968800
vt 0.412500 0.953100
vt 0.413500 0.937500
vt 0.414400 0.921900
vt 0.415300 0.906200
vt 0.416300 0.890600
vt 0.417200 0.875000
vt 0.418200 0.859400
vt 0.419100 0.843800
vt 0.420000 0.828100
vt 0.421000 0.812500
vt 0.421900 0.796900
vt 0.422900 0.781200
vt 0.418200 0.282500
vt 0.417400 0.267600
vt 0.428700 0.270000
vt 0.429400 0.283500
vt 0.440100 0.270800
vt 0.440700 0.284100
vt 0.451500 0.270900
vt 0.452000 0.284400
vt 0.463000 0.270700
vt 0.463200 0.284300
vt 0.430100 0.298000
vt 0.418900 0.297500
vt 0.441200 0.298400
vt 0.452400 0.298600
vt 0.463500 0.298600
vt 0.430700 0.313000
vt 0.419600 0.312800
vt 0.441700 0.313200
vt 0.452700 0.313400
vt 0.463700 0.313400
vt 0.431300 0.328300
vt 0.420300 0.328200
vt 0.442200 0.328400
vt 0.453100 0.328500
vt 0.463900 0.328500
vt 0.431900 0.343800
vt 0.421000 0.343800
vt 0.442700 0.343800
vt 0.453400 0.343900
vt 0.464100 0.343900
vt 0.432500 0.359400
vt 0.421800 0.359400
vt 0.443200 0.359400
vt 0.453800 0.359400
vt 0.464400 0.359400
vt 0.433100 0.375000
vt 0.422500 0.375000
vt 0.443700 0.375000
vt 0.454200 0.375000
vt 0.464600 0.375000
vt 0.433700 0.390600
vt 0.423200 0.390600
vt 0.444200 0.390600
vt 0.454600 0.390600
vt 0.464900 0.390600
vt 0.434300 0.406200
vt 0.423900 0.406200
vt 0.444700 0.406200
vt 0.455000 0.406200
vt 0.465200 0.406200
vt 0.434900 0.421700
vt 0.424600 0.421800
vt 0.445200 0.421600
vt 0.455400 0.421600
vt 0.465500 0.421600
vt 0.435400 0.437000
vt 0.425300 0.437200
vt 0.445600 0.436800
vt 0.455700 0.436700
vt 0.465800 0.436700
vt 0.436000 0.452100
vt 0.425900 0.452600
vt 0.446000 0.451800
vt 0.456000 0.451600
vt 0.466100 0.451600
vt 0.436300 0.466700
vt 0.426500 0.467600
vt 0.446200 0.466200
vt 0.456200 0.465900
vt 0.466200 0.466000
vt 0.436400 0.480400
vt 0.427000 0.482600
vt 0.446200 0.479600
vt 0.456200 0.479600
vt 0.466300 0.479800
vt 0.406100 0.265600
vt 0.456000 0.492200
vt 0.445900 0.491900
vt 0.436100 0.492300
vt 0.427000 0.495500
vt 0.418400 0.500000
vt 0.417600 0.484400
vt 0.416700 0.468800
vt 0.415900 0.453100
vt 0.415100 0.437500
vt 0.414300 0.421900
vt 0.413500 0.406200
vt 0.412600 0.390600
vt 0.411800 0.375000
vt 0.411000 0.359400
vt 0.410200 0.343800
vt 0.409400 0.328100
vt 0.408500 0.312500
vt 0.407700 0.296900
vt 0.406900 0.281200
vt 0.156400 0.712500
vt 0.156400 0.716900
vt 0.140800 0.720700
vt 0.140700 0.717800
vt 0.172000 0.708600
vt 0.172000 0.713600
vt 0.187600 0.705400
vt 0.187700 0.710800
vt 0.203200 0.702800
vt 0.203300 0.708400
vt 0.218900 0.700800
vt 0.218900 0.706400
vt 0.234500 0.699200
vt 0.234500 0.704900
vt 0.250100 0.698000
vt 0.250100 0.703700
vt 0.265700 0.697100
vt 0.265700 0.702900
vt 0.281300 0.696700
vt 0.281300 0.702400
vt 0.296900 0.696600
vt 0.297000 0.702200
vt 0.312500 0.696900
vt 0.312500 0.702400
vt 0.328000 0.697700
vt 0.328100 0.702900
vt 0.343600 0.699000
vt 0.343700 0.703800
vt 0.358700 0.701000
vt 0.359400 0.705000
vt 0.156500 0.720500
vt 0.140800 0.723400
vt 0.172100 0.717800
vt 0.187700 0.715300
vt 0.203300 0.713200
vt 0.218900 0.711500
vt 0.234500 0.710000
vt 0.250100 0.708900
vt 0.265800 0.708000
vt 0.281400 0.707500
vt 0.297000 0.707200
vt 0.312600 0.707200
vt 0.328200 0.707500
vt 0.343800 0.708000
vt 0.359400 0.708700
vt 0.156500 0.723600
vt 0.140900 0.725900
vt 0.172100 0.721300
vt 0.187700 0.719300
vt 0.203300 0.717500
vt 0.219000 0.715900
vt 0.234600 0.714600
vt 0.250200 0.713500
vt 0.265800 0.712700
vt 0.281400 0.712100
vt 0.297000 0.711800
vt 0.312600 0.711600
vt 0.328200 0.711700
vt 0.343800 0.711900
vt 0.359400 0.712200
vt 0.156600 0.726300
vt 0.141000 0.728200
vt 0.172200 0.724500
vt 0.187800 0.722800
vt 0.203400 0.721300
vt 0.219000 0.719900
vt 0.234600 0.718700
vt 0.250200 0.717700
vt 0.265800 0.717000
vt 0.281400 0.716400
vt 0.297000 0.716000
vt 0.312600 0.715700
vt 0.328200 0.715600
vt 0.343800 0.715500
vt 0.359400 0.715600
vt 0.156600 0.728800
vt 0.141000 0.730400
vt 0.172200 0.727400
vt 0.187800 0.726000
vt 0.203400 0.724700
vt 0.219000 0.723500
vt 0.234600 0.722500
vt 0.250200 0.721600
vt 0.265800 0.720800
vt 0.281400 0.720300
vt 0.297000 0.719800
vt 0.312600 0.719500
vt 0.328200 0.719200
vt 0.343800 0.719000
vt 0.359400 0.718900
vt 0.156700 0.731200
vt 0.141100 0.732500
vt 0.172300 0.730000
vt 0.187900 0.728900
vt 0.203500 0.727800
vt 0.219100 0.726800
vt 0.234700 0.725900
vt 0.250300 0.725100
vt 0.265900 0.724400
vt 0.281500 0.723900
vt 0.297000 0.723400
vt 0.312600 0.723000
vt 0.328200 0.722700
vt 0.343800 0.722400
vt 0.359400 0.722100
vt 0.156800 0.733500
vt 0.141200 0.734500
vt 0.172300 0.732500
vt 0.187900 0.731600
vt 0.203500 0.730700
vt 0.219100 0.729800
vt 0.234700 0.729100
vt 0.250300 0.728400
vt 0.265900 0.727800
vt 0.281500 0.727200
vt 0.297100 0.726800
vt 0.312600 0.726300
vt 0.328200 0.726000
vt 0.343800 0.725600
vt 0.359400 0.725300
vt 0.156800 0.735700
vt 0.141200 0.736500
vt 0.172400 0.734900
vt 0.188000 0.734200
vt 0.203600 0.733400
vt 0.219200 0.732700
vt 0.234700 0.732100
vt 0.250300 0.731500
vt 0.265900 0.730900
vt 0.281500 0.730400
vt 0.297100 0.730000
vt 0.312700 0.729600
vt 0.328200 0.729200
vt 0.343800 0.728800
vt 0.359400 0.728500
vt 0.156900 0.737900
vt 0.141300 0.738500
vt 0.172500 0.737200
vt 0.188000 0.736600
vt 0.203600 0.736000
vt 0.219200 0.735500
vt 0.234800 0.734900
vt 0.250400 0.734400
vt 0.265900 0.733900
vt 0.281500 0.733500
vt 0.297100 0.733100
vt 0.312700 0.732700
vt 0.328300 0.732300
vt 0.343800 0.732000
vt 0.359400 0.731600
vt 0.141400 0.740500
vt 0.156900 0.740000
vt 0.172500 0.739500
vt 0.188100 0.739000
vt 0.203700 0.738500
vt 0.219200 0.738100
vt 0.234800 0.737600
vt 0.250400 0.737200
vt 0.266000 0.736800
vt 0.281500 0.736400
vt 0.297100 0.736100
vt 0.312700 0.735700
vt 0.328300 0.735400
vt 0.343800 0.735000
vt 0.359400 0.734700
vt 0.141400 0.742400
vt 0.157000 0.742000
vt 0.172600 0.741600
vt 0.188100 0.741300
vt 0.203700 0.740900
vt 0.219300 0.740600
vt 0.234900 0.740200
vt 0.250400 0.739900
vt 0.266000 0.739600
vt 0.281600 0.739300
vt 0.297100 0.739000
vt 0.312700 0.738700
vt 0.328300 0.738400
vt 0.343900 0.738100
vt 0.359400 0.737800
vt 0.141500 0.744300
vt 0.157100 0.744000
vt 0.172600 0.743800
vt 0.188200 0.743500
vt 0.203800 0.743300
vt 0.219300 0.743000
vt 0.234900 0.742700
vt 0.250500 0.742500
vt 0.266000 0.742300
vt 0.281600 0.742000
vt 0.297200 0.741800
vt 0.312700 0.741500
vt 0.328300 0.741300
vt 0.343900 0.741100
vt 0.359400 0.740900
vt 0.141600 0.746200
vt 0.157100 0.746000
vt 0.172700 0.745900
vt 0.188300 0.745700
vt 0.203800 0.745500
vt 0.219400 0.745400
vt 0.234900 0.745200
vt 0.250500 0.745000
vt 0.266100 0.744900
vt 0.281600 0.744700
vt 0.297200 0.744600
vt 0.312800 0.744400
vt 0.328300 0.744200
vt 0.343900 0.744100
vt 0.359400 0.743900
vt 0.141600 0.748100
vt 0.157200 0.748000
vt 0.172800 0.747900
vt 0.188300 0.747900
vt 0.203900 0.747800
vt 0.219400 0.747700
vt 0.235000 0.747600
vt 0.250500 0.747500
vt 0.266100 0.747400
vt 0.281700 0.747400
vt 0.297200 0.747300
vt 0.312800 0.747200
vt 0.328300 0.747100
vt 0.343900 0.747000
vt 0.359400 0.747000
vt 0.125000 0.721000
vt 0.140700 0.713200
vt 0.125100 0.722800
vt 0.156300 0.706600
vt 0.172000 0.702400
vt 0.187600 0.699100
vt 0.203200 0.696500
vt 0.218800 0.694400
vt 0.234500 0.692800
vt 0.250100 0.691600
vt 0.265700 0.690800
vt 0.281300 0.690400
vt 0.296900 0.690400
vt 0.312400 0.690800
vt 0.327800 0.691700
vt 0.343200 0.693300
vt 0.359000 0.696300
vt 0.375000 0.703200
vt 0.375000 0.700000
vt 0.375000 0.706300
vt 0.375000 0.709400
vt 0.375000 0.712500
vt 0.375000 0.715700
vt 0.375000 0.718800
vt 0.375000 0.721900
vt 0.375000 0.725000
vt 0.375000 0.728100
vt 0.375000 0.731300
vt 0.375000 0.734400
vt 0.375000 0.737500
vt 0.375000 0.740600
vt 0.375000 0.743800
vt 0.375000 0.746900
vt 0.375000 0.750000
vt 0.359400 0.750000
vt 0.343900 0.750000
vt 0.328300 0.750000
vt 0.312800 0.750000
vt 0.297200 0.750000
vt 0.281700 0.750000
vt 0.266100 0.750000
vt 0.250600 0.750000
vt 0.235000 0.750000
vt 0.219500 0.750000
vt 0.203900 0.750000
vt 0.188400 0.750000
vt 0.172800 0.750000
vt 0.157300 0.750000
vt 0.141700 0.750000
vt 0.126200 0.750000
vt 0.126100 0.748200
vt 0.126000 0.746400
vt 0.125900 0.744600
vt 0.125900 0.742800
vt 0.125800 0.740900
vt 0.125700 0.739100
vt 0.125600 0.737300
vt 0.125600 0.735500
vt 0.125500 0.733700
vt 0.125400 0.731900
vt 0.125400 0.730100
vt 0.125300 0.728300
vt 0.125200 0.726500
vt 0.125100 0.724700
vt 0.376800 0.561200
vt 0.377300 0.551400
vt 0.382500 0.548700
vt 0.384600 0.559200
vt 0.387300 0.546300
vt 0.391400 0.557200
vt 0.391700 0.543800
vt 0.397500 0.554900
vt 0.395900 0.541100
vt 0.403200 0.552400
vt 0.399800 0.538300
vt 0.408400 0.549600
vt 0.413200 0.546300
vt 0.403500 0.535400
vt 0.407000 0.532100
vt 0.417400 0.542600
vt 0.387000 0.569900
vt 0.377600 0.571400
vt 0.395500 0.568100
vt 0.403200 0.566200
vt 0.410400 0.563800
vt 0.417100 0.561000
vt 0.423000 0.557600
vt 0.428200 0.553400
vt 0.378800 0.581600
vt 0.389400 0.580500
vt 0.399300 0.579100
vt 0.408700 0.577500
vt 0.417600 0.575500
vt 0.425800 0.572800
vt 0.433100 0.569300
vt 0.439300 0.564500
vt 0.391800 0.591200
vt 0.380200 0.592000
vt 0.403000 0.590200
vt 0.413800 0.589000
vt 0.424500 0.587400
vt 0.434600 0.585100
vt 0.443600 0.581500
vt 0.451000 0.576200
vt 0.393800 0.601900
vt 0.381400 0.602400
vt 0.406000 0.601300
vt 0.418200 0.600600
vt 0.430500 0.599600
vt 0.442700 0.597800
vt 0.454300 0.594700
vt 0.463700 0.589000
vt 0.395200 0.612600
vt 0.382400 0.612800
vt 0.408100 0.612500
vt 0.421200 0.612200
vt 0.434900 0.611900
vt 0.449400 0.611100
vt 0.465100 0.609400
vt 0.425400 0.502500
vt 0.435100 0.501900
vt 0.433600 0.509700
vt 0.423300 0.507500
vt 0.445200 0.502600
vt 0.444100 0.512100
vt 0.455500 0.503900
vt 0.454700 0.514500
vt 0.431800 0.516500
vt 0.421000 0.512400
vt 0.442600 0.520600
vt 0.453600 0.524500
vt 0.429600 0.522600
vt 0.418600 0.516800
vt 0.440800 0.528300
vt 0.452100 0.533800
vt 0.463500 0.539000
vt 0.464600 0.528100
vt 0.427200 0.528300
vt 0.416000 0.521000
vt 0.438500 0.535600
vt 0.450100 0.542700
vt 0.462000 0.549700
vt 0.424400 0.533600
vt 0.413200 0.524900
vt 0.435800 0.542200
vt 0.447500 0.551000
vt 0.459700 0.559800
vt 0.421200 0.538300
vt 0.410200 0.528700
vt 0.432400 0.548200
vt 0.444000 0.558300
vt 0.456200 0.568800
vt 0.440800 0.747900
vt 0.431200 0.747200
vt 0.428700 0.741800
vt 0.438900 0.739800
vt 0.426000 0.736700
vt 0.436600 0.732800
vt 0.423100 0.731900
vt 0.434000 0.726400
vt 0.420100 0.727400
vt 0.431100 0.720400
vt 0.416900 0.723100
vt 0.427900 0.714800
vt 0.413500 0.719000
vt 0.424200 0.709700
vt 0.409900 0.715100
vt 0.420100 0.705100
vt 0.449300 0.737600
vt 0.450800 0.747200
vt 0.447400 0.728900
vt 0.445000 0.721000
vt 0.442300 0.713500
vt 0.439100 0.706600
vt 0.435200 0.700300
vt 0.430500 0.694800
vt 0.459800 0.735300
vt 0.461100 0.746100
vt 0.458200 0.725300
vt 0.456200 0.715800
vt 0.453700 0.706700
vt 0.450600 0.698200
vt 0.446600 0.690600
vt 0.441300 0.684200
vt 0.462600 0.689900
vt 0.465500 0.700200
vt 0.458500 0.680700
vt 0.452700 0.673000
vt 0.377300 0.683800
vt 0.385300 0.686100
vt 0.383200 0.696200
vt 0.377700 0.693200
vt 0.378000 0.674000
vt 0.387600 0.675900
vt 0.379100 0.664100
vt 0.389900 0.665500
vt 0.380400 0.654000
vt 0.392200 0.655100
vt 0.381600 0.643800
vt 0.394100 0.644600
vt 0.382500 0.633500
vt 0.395400 0.634000
vt 0.382800 0.623100
vt 0.395800 0.623400
vt 0.388400 0.699000
vt 0.392400 0.688500
vt 0.396300 0.678000
vt 0.400000 0.667300
vt 0.403500 0.656500
vt 0.406300 0.645600
vt 0.408300 0.634700
vt 0.408900 0.623600
vt 0.398800 0.691200
vt 0.393100 0.701900
vt 0.404300 0.680400
vt 0.409500 0.669400
vt 0.414500 0.658200
vt 0.418600 0.646900
vt 0.421400 0.635400
vt 0.422400 0.623900
vt 0.404800 0.694100
vt 0.397700 0.704900
vt 0.411800 0.683100
vt 0.418700 0.671900
vt 0.425300 0.660300
vt 0.431100 0.648500
vt 0.435100 0.636500
vt 0.436600 0.624200
vt 0.410300 0.697300
vt 0.402000 0.708100
vt 0.418700 0.686300
vt 0.427200 0.675000
vt 0.435600 0.663200
vt 0.443500 0.650900
vt 0.449800 0.637900
vt 0.452300 0.624600
vt 0.415500 0.701000
vt 0.406100 0.711500
vt 0.425000 0.690200
vt 0.434800 0.679000
vt 0.445000 0.667300
vt 0.455300 0.654600
vt 0.465700 0.640400
vt 0.475300 0.625100
vt 0.465100 0.660800
vt 0.370400 0.553300
vt 0.375000 0.543600
vt 0.377700 0.540900
vt 0.380400 0.538100
vt 0.383100 0.535400
vt 0.385800 0.532700
vt 0.388600 0.530000
vt 0.391300 0.527200
vt 0.394000 0.524500
vt 0.396700 0.521800
vt 0.367200 0.563000
vt 0.366800 0.572800
vt 0.367200 0.582700
vt 0.367800 0.592700
vt 0.368600 0.602700
vt 0.369200 0.612900
vt 0.369400 0.623000
vt 0.415700 0.502700
vt 0.413000 0.505400
vt 0.410200 0.508200
vt 0.407500 0.510900
vt 0.404800 0.513600
vt 0.402100 0.516300
vt 0.399400 0.519100
vt 0.421600 0.746900
vt 0.418500 0.743800
vt 0.415400 0.740600
vt 0.412300 0.737500
vt 0.409200 0.734400
vt 0.406100 0.731300
vt 0.403000 0.728100
vt 0.399900 0.725000
vt 0.370600 0.691000
vt 0.378100 0.703200
vt 0.367500 0.681800
vt 0.367100 0.672400
vt 0.367400 0.662800
vt 0.368000 0.653000
vt 0.368700 0.643100
vt 0.369200 0.633100
vt 0.381200 0.706300
vt 0.384300 0.709400
vt 0.387400 0.712500
vt 0.390500 0.715700
vt 0.393600 0.718800
vt 0.396800 0.721900
vt 0.359400 0.539700
vt 0.358700 0.543400
vt 0.343600 0.545700
vt 0.343700 0.541200
vt 0.328000 0.547300
vt 0.328100 0.542300
vt 0.312500 0.548300
vt 0.312500 0.543000
vt 0.296900 0.548800
vt 0.296900 0.543400
vt 0.281300 0.548900
vt 0.281300 0.543400
vt 0.265700 0.548600
vt 0.265700 0.543000
vt 0.250100 0.547900
vt 0.250100 0.542300
vt 0.234500 0.546800
vt 0.234500 0.541300
vt 0.218900 0.539900
vt 0.218800 0.545300
vt 0.203300 0.538000
vt 0.203200 0.543400
vt 0.187600 0.535700
vt 0.187600 0.540900
vt 0.172000 0.532900
vt 0.172000 0.537800
vt 0.156400 0.529700
vt 0.156300 0.534000
vt 0.140700 0.528700
vt 0.140800 0.526000
vt 0.359400 0.536400
vt 0.343800 0.537200
vt 0.328200 0.537900
vt 0.312600 0.538400
vt 0.297000 0.538600
vt 0.281400 0.538500
vt 0.265700 0.538100
vt 0.250100 0.537400
vt 0.234500 0.536400
vt 0.218900 0.535000
vt 0.203300 0.533400
vt 0.187700 0.531300
vt 0.172100 0.529000
vt 0.156400 0.526300
vt 0.140800 0.523500
vt 0.359400 0.533200
vt 0.343800 0.533700
vt 0.328200 0.534100
vt 0.312600 0.534300
vt 0.297000 0.534300
vt 0.281400 0.534100
vt 0.265800 0.533600
vt 0.250200 0.533000
vt 0.234500 0.532000
vt 0.218900 0.530800
vt 0.203300 0.529300
vt 0.187700 0.527600
vt 0.172100 0.525700
vt 0.156500 0.523500
vt 0.140900 0.521300
vt 0.359400 0.530200
vt 0.343800 0.530400
vt 0.328200 0.530500
vt 0.312600 0.530500
vt 0.297000 0.530400
vt 0.281400 0.530100
vt 0.265800 0.529700
vt 0.250200 0.529000
vt 0.234600 0.528100
vt 0.219000 0.527000
vt 0.203400 0.525800
vt 0.187700 0.524300
vt 0.172100 0.522700
vt 0.156500 0.521000
vt 0.140900 0.519200
vt 0.359400 0.527300
vt 0.343800 0.527300
vt 0.328200 0.527200
vt 0.312600 0.527100
vt 0.297000 0.526900
vt 0.281400 0.526500
vt 0.265800 0.526000
vt 0.250200 0.525400
vt 0.234600 0.524600
vt 0.219000 0.523700
vt 0.203400 0.522600
vt 0.187800 0.521400
vt 0.172200 0.520100
vt 0.156600 0.518700
vt 0.141000 0.517200
vt 0.359400 0.524400
vt 0.343800 0.524300
vt 0.328200 0.524100
vt 0.312600 0.523900
vt 0.297000 0.523600
vt 0.281400 0.523200
vt 0.265800 0.522800
vt 0.250200 0.522200
vt 0.234600 0.521500
vt 0.219000 0.520600
vt 0.203400 0.519700
vt 0.187800 0.518700
vt 0.172200 0.517700
vt 0.156600 0.516500
vt 0.141000 0.515400
vt 0.359400 0.521600
vt 0.343800 0.521400
vt 0.328200 0.521100
vt 0.312600 0.520900
vt 0.297000 0.520500
vt 0.281400 0.520200
vt 0.265900 0.519700
vt 0.250300 0.519200
vt 0.234700 0.518600
vt 0.219100 0.517900
vt 0.203500 0.517100
vt 0.187900 0.516300
vt 0.172300 0.515400
vt 0.156700 0.514500
vt 0.141100 0.513600
vt 0.359400 0.518800
vt 0.343800 0.518500
vt 0.328200 0.518300
vt 0.312600 0.518000
vt 0.297100 0.517600
vt 0.281500 0.517300
vt 0.265900 0.516800
vt 0.250300 0.516400
vt 0.234700 0.515800
vt 0.219100 0.515300
vt 0.203500 0.514600
vt 0.187900 0.514000
vt 0.172300 0.513300
vt 0.156700 0.512500
vt 0.141200 0.511800
vt 0.359400 0.516100
vt 0.343800 0.515800
vt 0.328200 0.515500
vt 0.312700 0.515200
vt 0.297100 0.514900
vt 0.281500 0.514500
vt 0.265900 0.514100
vt 0.250300 0.513700
vt 0.234700 0.513300
vt 0.219100 0.512800
vt 0.203600 0.512300
vt 0.188000 0.511800
vt 0.172400 0.511200
vt 0.156800 0.510600
vt 0.141200 0.510100
vt 0.359400 0.513300
vt 0.343800 0.513100
vt 0.328300 0.512800
vt 0.312700 0.512500
vt 0.297100 0.512200
vt 0.281500 0.511900
vt 0.265900 0.511600
vt 0.250300 0.511200
vt 0.234800 0.510900
vt 0.219200 0.510500
vt 0.203600 0.510100
vt 0.188000 0.509700
vt 0.172400 0.509200
vt 0.156900 0.508800
vt 0.141300 0.508300
vt 0.359400 0.510700
vt 0.343800 0.510400
vt 0.328300 0.510200
vt 0.312700 0.509900
vt 0.297100 0.509700
vt 0.281500 0.509400
vt 0.266000 0.509100
vt 0.250400 0.508900
vt 0.234800 0.508600
vt 0.219200 0.508300
vt 0.203600 0.507900
vt 0.188100 0.507600
vt 0.172500 0.507300
vt 0.156900 0.507000
vt 0.141300 0.506600
vt 0.359400 0.508000
vt 0.343900 0.507800
vt 0.328300 0.507600
vt 0.312700 0.507400
vt 0.297100 0.507200
vt 0.281600 0.507000
vt 0.266000 0.506800
vt 0.250400 0.506600
vt 0.234800 0.506300
vt 0.219300 0.506100
vt 0.203700 0.505900
vt 0.188100 0.505700
vt 0.172500 0.505400
vt 0.157000 0.505200
vt 0.141400 0.505000
vt 0.359400 0.505300
vt 0.343900 0.505200
vt 0.328300 0.505000
vt 0.312700 0.504900
vt 0.297100 0.504800
vt 0.281600 0.504600
vt 0.266000 0.504500
vt 0.250400 0.504300
vt 0.234900 0.504200
vt 0.219300 0.504000
vt 0.203700 0.503900
vt 0.188200 0.503800
vt 0.172600 0.503600
vt 0.157000 0.503500
vt 0.141500 0.503300
vt 0.359400 0.502700
vt 0.343900 0.502600
vt 0.328300 0.502500
vt 0.312700 0.502400
vt 0.297200 0.502400
vt 0.281600 0.502300
vt 0.266000 0.502200
vt 0.250500 0.502200
vt 0.234900 0.502100
vt 0.219300 0.502000
vt 0.203800 0.501900
vt 0.188200 0.501900
vt 0.172600 0.501800
vt 0.157100 0.501700
vt 0.141500 0.501700
vt 0.359000 0.547900
vt 0.375000 0.540900
vt 0.343200 0.551400
vt 0.327800 0.553200
vt 0.312400 0.554300
vt 0.296900 0.554900
vt 0.281300 0.555100
vt 0.265700 0.554800
vt 0.250100 0.554100
vt 0.234500 0.553100
vt 0.218800 0.551600
vt 0.203200 0.549600
vt 0.187600 0.547100
vt 0.171900 0.543900
vt 0.156300 0.539800
vt 0.140700 0.533100
vt 0.125100 0.523700
vt 0.125000 0.525300
vt 0.125100 0.522100
vt 0.125200 0.520500
vt 0.125300 0.518900
vt 0.125300 0.517400
vt 0.125400 0.515800
vt 0.125400 0.514200
vt 0.125500 0.512600
vt 0.125600 0.511100
vt 0.125600 0.509500
vt 0.125700 0.507900
vt 0.125800 0.506300
vt 0.125800 0.504700
vt 0.125900 0.503200
vt 0.125900 0.501600
vt 0.126000 0.500000
vt 0.141600 0.500000
vt 0.157100 0.500000
vt 0.172700 0.500000
vt 0.188300 0.500000
vt 0.203800 0.500000
vt 0.219400 0.500000
vt 0.234900 0.500000
vt 0.250500 0.500000
vt 0.266100 0.500000
vt 0.281600 0.500000
vt 0.297200 0.500000
vt 0.312800 0.500000
vt 0.328300 0.500000
vt 0.343900 0.500000
vt 0.359400 0.500000
vt 0.375000 0.502700
vt 0.375000 0.500000
vt 0.375000 0.505400
vt 0.375000 0.508200
vt 0.375000 0.510900
vt 0.375000 0.513600
vt 0.375000 0.516300
vt 0.375000 0.519100
vt 0.375000 0.521800
vt 0.375000 0.524500
vt 0.375000 0.527200
vt 0.375000 0.530000
vt 0.375000 0.532700
vt 0.375000 0.535400
vt 0.375000 0.538100
vt 0.140600 0.553500
vt 0.140600 0.542400
vt 0.156300 0.547600
vt 0.156300 0.557000
vt 0.171900 0.560100
vt 0.171900 0.551400
vt 0.187600 0.554400
vt 0.187500 0.562700
vt 0.203200 0.556800
vt 0.203200 0.564800
vt 0.218800 0.558700
vt 0.218800 0.566500
vt 0.234400 0.560100
vt 0.234400 0.567800
vt 0.250100 0.561100
vt 0.250000 0.568700
vt 0.265700 0.561700
vt 0.265700 0.569200
vt 0.281300 0.561900
vt 0.281200 0.569500
vt 0.296800 0.561800
vt 0.296700 0.569300
vt 0.312000 0.568800
vt 0.312200 0.561200
vt 0.327500 0.560100
vt 0.327100 0.567800
vt 0.342500 0.558400
vt 0.341700 0.566500
vt 0.356800 0.556200
vt 0.355300 0.564900
vt 0.140600 0.564700
vt 0.156300 0.567300
vt 0.171900 0.569600
vt 0.187500 0.571700
vt 0.203200 0.573500
vt 0.218800 0.574900
vt 0.234400 0.576000
vt 0.250000 0.576800
vt 0.265700 0.577300
vt 0.281200 0.577500
vt 0.296600 0.577400
vt 0.311800 0.577000
vt 0.326800 0.576300
vt 0.341100 0.575300
vt 0.354600 0.574100
vt 0.140600 0.576200
vt 0.156300 0.578000
vt 0.171900 0.579800
vt 0.187500 0.581400
vt 0.203200 0.582800
vt 0.218800 0.583900
vt 0.234400 0.584800
vt 0.250000 0.585400
vt 0.265600 0.585800
vt 0.281200 0.586000
vt 0.296600 0.585900
vt 0.311700 0.585600
vt 0.326600 0.585100
vt 0.340900 0.584400
vt 0.354500 0.583600
vt 0.140600 0.587800
vt 0.156300 0.589100
vt 0.171900 0.590300
vt 0.187500 0.591400
vt 0.203100 0.592400
vt 0.218800 0.593300
vt 0.234400 0.593900
vt 0.250000 0.594400
vt 0.265600 0.594700
vt 0.281200 0.594900
vt 0.296600 0.594800
vt 0.311700 0.594600
vt 0.326600 0.594300
vt 0.340900 0.593800
vt 0.354800 0.593300
vt 0.140600 0.599500
vt 0.156300 0.600300
vt 0.171900 0.601100
vt 0.187500 0.601800
vt 0.203100 0.602400
vt 0.218800 0.602900
vt 0.234400 0.603400
vt 0.250000 0.603700
vt 0.265600 0.603900
vt 0.281200 0.604000
vt 0.296600 0.604000
vt 0.311800 0.603800
vt 0.326600 0.603700
vt 0.341100 0.603400
vt 0.355100 0.603100
vt 0.156300 0.611600
vt 0.140600 0.611300
vt 0.171900 0.612000
vt 0.187500 0.612300
vt 0.203100 0.612600
vt 0.218800 0.612800
vt 0.234400 0.613000
vt 0.250000 0.613100
vt 0.265600 0.613200
vt 0.281200 0.613300
vt 0.296600 0.613300
vt 0.311800 0.613200
vt 0.326700 0.613100
vt 0.341300 0.613100
vt 0.355500 0.613000
vt 0.156300 0.623000
vt 0.140600 0.623100
vt 0.171900 0.622900
vt 0.187500 0.622900
vt 0.203100 0.622800
vt 0.218800 0.622800
vt 0.234400 0.622700
vt 0.250000 0.622700
vt 0.265600 0.622600
vt 0.281200 0.622600
vt 0.296600 0.622600
vt 0.311800 0.622600
vt 0.326800 0.622700
vt 0.341400 0.622800
vt 0.355700 0.622800
vt 0.156300 0.634400
vt 0.140600 0.634900
vt 0.171900 0.633900
vt 0.187500 0.633500
vt 0.203100 0.633100
vt 0.218800 0.632700
vt 0.234400 0.632400
vt 0.250000 0.632200
vt 0.265600 0.632100
vt 0.281200 0.632000
vt 0.296600 0.632000
vt 0.311800 0.632100
vt 0.326800 0.632200
vt 0.341400 0.632400
vt 0.355500 0.632700
vt 0.156300 0.645700
vt 0.140600 0.646700
vt 0.171900 0.644800
vt 0.187500 0.644000
vt 0.203100 0.643300
vt 0.218800 0.642600
vt 0.234400 0.642100
vt 0.250000 0.641700
vt 0.265600 0.641400
vt 0.281200 0.641300
vt 0.296600 0.641300
vt 0.311800 0.641400
vt 0.326700 0.641600
vt 0.341200 0.642000
vt 0.355200 0.642500
vt 0.156300 0.657000
vt 0.140600 0.658400
vt 0.171900 0.655600
vt 0.187500 0.654400
vt 0.203100 0.653300
vt 0.218800 0.652300
vt 0.234400 0.651500
vt 0.250000 0.651000
vt 0.265600 0.650600
vt 0.281200 0.650400
vt 0.296600 0.650400
vt 0.311700 0.650600
vt 0.326600 0.650900
vt 0.341000 0.651500
vt 0.354900 0.652200
vt 0.156300 0.668000
vt 0.140600 0.670000
vt 0.171900 0.666100
vt 0.187500 0.664400
vt 0.203200 0.663000
vt 0.218800 0.661700
vt 0.234400 0.660700
vt 0.250000 0.660000
vt 0.265700 0.659500
vt 0.281200 0.659200
vt 0.296600 0.659200
vt 0.311800 0.659500
vt 0.326600 0.660000
vt 0.341000 0.660700
vt 0.354600 0.661700
vt 0.156300 0.678800
vt 0.140600 0.681500
vt 0.171900 0.676400
vt 0.187500 0.674100
vt 0.203200 0.672300
vt 0.218800 0.670700
vt 0.234400 0.669500
vt 0.250000 0.668600
vt 0.265700 0.668000
vt 0.281200 0.667700
vt 0.296600 0.667800
vt 0.311900 0.668100
vt 0.326800 0.668800
vt 0.341200 0.669700
vt 0.354800 0.670900
vt 0.156300 0.689200
vt 0.140600 0.692700
vt 0.171900 0.686000
vt 0.187500 0.683300
vt 0.203200 0.681000
vt 0.218800 0.679300
vt 0.234400 0.677900
vt 0.250100 0.676800
vt 0.265700 0.676200
vt 0.281200 0.675800
vt 0.296700 0.675900
vt 0.312000 0.676300
vt 0.327100 0.677100
vt 0.341700 0.678300
vt 0.355400 0.679900
vt 0.156300 0.698600
vt 0.140600 0.703800
vt 0.171900 0.694800
vt 0.187600 0.691700
vt 0.203200 0.689200
vt 0.218800 0.687200
vt 0.234400 0.685600
vt 0.250100 0.684500
vt 0.265700 0.683800
vt 0.281300 0.683400
vt 0.296800 0.683400
vt 0.312200 0.683900
vt 0.327500 0.684800
vt 0.342500 0.686300
vt 0.356800 0.688200
vt 0.125000 0.537500
vt 0.125000 0.708800
vt 0.125000 0.696600
vt 0.125000 0.684300
vt 0.125000 0.672100
vt 0.125000 0.659900
vt 0.125000 0.647600
vt 0.125000 0.635400
vt 0.125000 0.623100
vt 0.125000 0.610900
vt 0.125000 0.598700
vt 0.125000 0.586400
vt 0.125000 0.574200
vt 0.125000 0.562000
vt 0.125000 0.549700
vt 0.406500 0.152200
vt 0.470500 0.184300
s 1
usemtl Goddard_None
f 1/1/1 2/1/1 3/1/1
f 1/1/1 3/1/1 4/1/1
f 1/1/1 4/1/1 5/1/1
f 6/1/2 7/1/2 8/1/2
f 6/1/2 8/1/2 9/1/2
f 6/1/2 9/1/2 10/1/2
f 10/1/3 9/1/3 3/1/3
f 3/1/3 2/1/3 10/1/3
f 8/1/4 7/1/5 5/1/4
f 5/1/4 4/1/4 8/1/4
f 10/1/6 2/1/6 1/1/6
f 1/1/6 6/1/6 10/1/6
f 4/1/7 3/1/7 9/1/7
f 9/1/7 8/1/7 4/1/7
f 5/1/8 7/1/8 6/1/8
f 6/1/8 1/1/8 5/1/8
f 11/2/9 12/3/10 13/4/10
f 13/4/10 14/5/10 11/2/9
f 15/6/11 16/7/12 14/5/11
f 14/5/11 13/4/11 15/6/11
f 16/7/13 15/6/13 17/8/13
f 17/8/13 18/9/13 16/7/13
f 18/9/14 17/8/14 19/10/14
f 19/10/14 20/11/14 18/9/14
f 19/10/15 21/12/15 22/13/15
f 22/13/15 20/11/16 19/10/15
f 22/13/17 21/12/18 23/14/17
f 23/14/17 24/15/17 22/13/17
f 24/15/19 23/14/19 25/16/19
f 25/16/19 26/17/19 24/15/19
f 27/18/20 11/2/21 14/5/21
f 14/5/21 28/19/21 27/18/20
f 28/19/22 14/5/22 16/7/23
f 16/7/23 29/20/23 28/19/22
f 16/7/24 18/9/24 30/21/24
f 30/21/24 29/20/24 16/7/24
f 30/21/25 18/9/25 20/11/26
f 20/11/26 31/22/26 30/21/25
f 31/22/27 20/11/27 22/13/27
f 22/13/27 32/23/27 31/22/27
f 22/13/28 24/15/28 33/24/28
f 33/24/28 32/23/28 22/13/28
f 33/24/29 24/15/29 26/17/29
f 26/17/29 34/25/30 33/24/29
f 27/18/31 28/19/31 35/26/31
f 35/26/31 36/27/31 27/18/31
f 35/26/32 28/19/32 29/20/32
f 29/20/32 37/28/32 35/26/32
f 37/28/33 29/20/34 30/21/35
f 30/21/35 38/29/35 37/28/33
f 31/22/36 39/30/36 38/29/37
f 38/29/37 30/21/36 31/22/36
f 39/30/38 31/22/38 32/23/38
f 32/23/38 40/31/38 39/30/38
f 40/31/39 32/23/40 33/24/39
f 33/24/39 41/32/41 40/31/39
f 33/24/42 34/25/42 42/33/43
f 42/33/43 41/32/43 33/24/42
f 43/34/44 36/27/45 35/26/46
f 35/26/46 44/35/47 43/34/44
f 37/28/48 45/36/49 44/35/50
f 44/35/50 35/26/50 37/28/48
f 45/36/51 37/28/52 38/29/53
f 46/37/54 43/34/54 44/35/54
f 44/35/54 47/38/55 46/37/54
f 47/38/56 44/35/57 45/36/58
f 46/37/59 47/38/60 48/39/61
f 48/39/61 49/40/62 46/37/59
f 50/41/63 51/42/64 52/43/63
f 52/43/63 53/44/65 50/41/63
f 54/45/66 55/46/66 52/43/66
f 52/43/66 51/42/67 54/45/66
f 56/47/68 55/46/68 54/45/68
f 54/45/68 57/48/69 56/47/68
f 53/44/70 52/43/71 58/49/71
f 58/49/71 59/50/70 53/44/70
f 52/43/72 55/46/73 60/51/73
f 60/51/73 58/49/73 52/43/72
f 56/47/74 61/52/75 60/51/76
f 60/51/76 55/46/77 56/47/74
f 56/47/78 62/53/78 63/54/79
f 63/54/79 61/52/79 56/47/78
f 58/49/80 64/55/80 65/56/81
f 65/56/81 59/50/80 58/49/80
f 58/49/82 60/51/83 66/57/82
f 66/57/82 64/55/82 58/49/82
f 60/51/84 61/52/85 67/58/85
f 67/58/85 66/57/86 60/51/84
f 61/52/87 63/54/87 68/59/87
f 68/59/87 67/58/87 61/52/87
f 65/56/88 64/55/89 69/60/89
f 69/60/89 70/61/88 65/56/88
f 66/57/90 71/62/91 69/60/91
f 69/60/91 64/55/90 66/57/90
f 66/57/92 67/58/92 72/63/93
f 72/63/93 71/62/93 66/57/92
f 67/58/94 68/59/94 73/64/95
f 73/64/95 72/63/94 67/58/94
f 70/61/96 69/60/97 74/65/98
f 74/65/98 75/66/97 70/61/96
f 69/60/99 71/62/99 76/67/99
f 76/67/99 74/65/99 69/60/99
f 71/62/100 72/63/101 77/68/101
f 77/68/101 76/67/101 71/62/100
f 72/63/102 73/64/103 78/69/102
f 78/69/102 77/68/102 72/63/102
f 75/66/104 74/65/104 79/70/104
f 79/70/104 80/71/104 75/66/104
f 74/65/105 76/67/105 81/72/105
f 81/72/105 79/70/105 74/65/105
f 76/67/106 77/68/106 82/73/106
f 82/73/106 81/72/107 76/67/106
f 78/69/108 83/74/109 82/73/108
f 82/73/108 77/68/108 78/69/108
f 84/75/110 85/76/110 86/77/111
f 86/77/111 87/78/110 84/75/110
f 87/78/112 86/77/113 88/79/113
f 88/79/113 89/80/113 87/78/112
f 90/81/114 91/82/114 89/80/114
f 89/80/114 88/79/114 90/81/114
f 91/82/115 90/81/115 92/83/115
f 92/83/115 93/84/115 91/82/115
f 93/84/116 92/83/116 94/85/116
f 94/85/116 95/86/116 93/84/116
f 94/85/117 96/87/117 97/88/117
f 97/88/117 95/86/117 94/85/117
f 97/88/118 96/87/118 98/89/118
f 98/89/118 99/90/118 97/88/118
f 87/78/119 100/91/120 101/92/120
f 101/92/120 84/75/120 87/78/119
f 100/91/121 87/78/121 89/80/121
f 89/80/121 102/93/121 100/91/121
f 102/93/122 89/80/122 91/82/123
f 91/82/123 103/94/124 102/93/122
f 93/84/125 104/95/125 103/94/125
f 103/94/125 91/82/125 93/84/125
f 104/95/126 93/84/126 95/86/126
f 95/86/126 105/96/126 104/95/126
f 105/96/127 95/86/127 97/88/127
f 97/88/127 106/97/127 105/96/127
f 97/88/128 99/90/128 107/98/128
f 107/98/128 106/97/129 97/88/128
f 108/99/130 101/92/130 100/91/130
f 100/91/130 109/100/130 108/99/130
f 100/91/131 102/93/132 110/101/131
f 110/101/131 109/100/131 100/91/131
f 110/101/133 102/93/134 103/94/135
f 103/94/135 111/102/136 110/101/133
f 111/102/137 103/94/137 104/95/137
f 104/95/137 112/103/137 111/102/137
f 105/96/138 113/104/138 112/103/138
f 112/103/138 104/95/138 105/96/138
f 113/104/139 105/96/140 106/97/140
f 106/97/140 114/105/139 113/104/139
f 114/105/141 106/97/141 107/98/142
f 107/98/142 115/106/141 114/105/141
f 116/107/143 108/99/144 109/100/143
f 109/100/143 117/108/144 116/107/143
f 117/108/145 109/100/146 110/101/146
f 110/101/146 118/109/146 117/108/145
f 111/102/147 119/110/147 118/109/148
f 118/109/148 110/101/147 111/102/147
f 119/110/149 111/102/150 112/103/150
f 112/103/150 120/111/151 119/110/149
f 120/111/152 112/103/152 113/104/152
f 113/104/152 121/112/152 120/111/152
f 114/105/153 122/113/153 121/112/153
f 121/112/153 113/104/153 114/105/153
f 122/113/154 114/105/155 115/106/156
f 124/114/157 125/115/157 126/116/157
f 126/116/157 127/117/157 124/114/157
f 128/118/158 129/119/159 127/117/160
f 127/117/160 126/116/159 128/118/158
f 129/119/161 128/118/162 130/120/162
f 130/120/162 131/121/161 129/119/161
f 131/121/163 130/120/163 132/122/163
f 132/122/163 133/123/163 131/121/163
f 132/122/164 134/124/164 135/125/164
f 135/125/164 133/123/164 132/122/164
f 135/125/165 134/124/165 136/126/166
f 136/126/166 137/127/167 135/125/165
f 137/127/167 136/126/166 138/128/168
f 138/128/168 139/129/169 137/127/167
f 140/130/170 124/114/170 127/117/170
f 127/117/170 141/131/170 140/130/170
f 141/131/171 127/117/172 129/119/172
f 129/119/172 142/132/172 141/131/171
f 131/121/173 143/133/173 142/132/174
f 142/132/174 129/119/174 131/121/173
f 143/133/175 131/121/175 133/123/176
f 133/123/176 144/134/175 143/133/175
f 144/134/177 133/123/178 135/125/179
f 145/135/180 146/136/180 140/130/180
f 140/130/180 141/131/180 145/135/180
f 142/132/181 147/137/181 145/135/181
f 145/135/181 141/131/181 142/132/181
f 148/138/182 147/137/182 142/132/182
f 142/132/182 143/133/182 148/138/182
f 143/133/183 144/134/183 149/139/183
f 149/139/183 148/138/183 143/133/183
f 146/136/184 145/135/184 150/140/184
f 150/140/184 151/141/184 146/136/184
f 152/142/185 150/140/185 145/135/185
f 145/135/185 147/137/186 152/142/185
f 153/143/187 152/142/187 147/137/188
f 147/137/188 148/138/187 153/143/187
f 153/143/189 148/138/190 149/139/191
f 150/140/192 154/144/192 155/145/192
f 155/145/192 151/141/192 150/140/192
f 152/142/193 156/146/194 154/144/194
f 154/144/194 150/140/194 152/142/193
f 156/146/195 152/142/196 153/143/195
f 153/143/195 157/147/196 156/146/195
f 158/148/197 155/145/197 154/144/198
f 154/144/198 159/149/198 158/148/197
f 156/146/199 160/150/200 159/149/199
f 159/149/199 154/144/199 156/146/199
f 157/147/201 161/151/201 160/150/201
f 160/150/201 156/146/201 157/147/201
f 25/16/202 80/71/203 79/70/202
f 79/70/202 26/17/202 25/16/202
f 26/17/204 79/70/204 81/72/204
f 81/72/204 34/25/204 26/17/204
f 81/72/205 82/73/205 42/33/205
f 42/33/205 34/25/205 81/72/205
f 42/33/206 82/73/207 83/74/208
f 98/89/209 158/148/209 159/149/209
f 159/149/209 99/90/210 98/89/209
f 99/90/211 159/149/211 160/150/212
f 160/150/212 107/98/212 99/90/211
f 160/150/213 161/151/213 115/106/213
f 115/106/213 107/98/213 160/150/213
f 49/40/62 48/39/61 139/129/169
f 139/129/169 138/128/168 49/40/62
f 162/152/214 163/153/214 164/154/215
f 164/154/215 12/3/214 162/152/214
f 13/4/216 12/3/216 164/154/216
f 164/154/216 165/155/216 13/4/216
f 15/6/217 13/4/217 165/155/217
f 165/155/217 166/156/217 15/6/217
f 167/157/218 17/8/219 15/6/220
f 15/6/220 166/156/218 167/157/218
f 168/158/221 19/10/221 17/8/221
f 17/8/221 167/157/221 168/158/221
f 169/159/222 21/12/222 19/10/222
f 19/10/222 168/158/222 169/159/222
f 21/12/223 169/159/223 170/160/223
f 170/160/223 23/14/223 21/12/223
f 171/161/224 25/16/225 23/14/224
f 23/14/224 170/160/226 171/161/224
f 172/162/227 162/152/227 12/3/228
f 12/3/228 11/2/227 172/162/227
f 27/18/229 173/163/229 172/162/229
f 172/162/229 11/2/229 27/18/229
f 36/27/230 174/164/230 173/163/230
f 173/163/230 27/18/230 36/27/230
f 43/34/231 175/165/231 174/164/231
f 174/164/231 36/27/231 43/34/231
f 46/37/232 176/166/233 175/165/234
f 175/165/234 43/34/234 46/37/232
f 49/40/235 177/167/236 176/166/233
f 176/166/233 46/37/232 49/40/235
f 138/128/237 178/168/238 177/167/236
f 177/167/236 49/40/235 138/128/237
f 179/169/239 180/170/240 50/41/241
f 50/41/241 181/171/240 179/169/239
f 50/41/242 180/170/242 182/172/242
f 182/172/242 51/42/242 50/41/242
f 182/172/243 183/173/244 54/45/244
f 54/45/244 51/42/244 182/172/243
f 183/173/245 184/174/245 57/48/245
f 57/48/245 54/45/245 183/173/245
f 53/44/246 185/175/246 181/171/246
f 181/171/246 50/41/246 53/44/246
f 53/44/247 59/50/247 186/176/247
f 186/176/247 185/175/247 53/44/247
f 187/177/248 186/176/248 59/50/248
f 59/50/248 65/56/248 187/177/248
f 65/56/249 70/61/250 188/178/249
f 188/178/249 187/177/251 65/56/249
f 188/178/252 70/61/252 75/66/252
f 75/66/252 189/179/252 188/178/252
f 80/71/253 190/180/253 189/179/253
f 189/179/253 75/66/254 80/71/253
f 25/16/255 171/161/255 190/180/255
f 190/180/255 80/71/255 25/16/255
f 191/181/256 85/76/256 192/182/256
f 192/182/256 193/183/257 191/181/256
f 86/77/258 85/76/259 191/181/258
f 191/181/258 194/184/259 86/77/258
f 195/185/260 88/79/260 86/77/260
f 86/77/260 194/184/261 195/185/260
f 196/186/262 90/81/262 88/79/262
f 88/79/262 195/185/262 196/186/262
f 197/187/263 92/83/264 90/81/263
f 90/81/263 196/186/263 197/187/263
f 94/85/265 92/83/265 197/187/265
f 197/187/265 198/188/265 94/85/265
f 96/87/266 94/85/266 198/188/266
f 198/188/266 199/189/266 96/87/266
f 96/87/267 199/189/268 200/190/269
f 200/190/269 98/89/269 96/87/267
f 84/75/270 201/191/271 192/182/272
f 192/182/272 85/76/271 84/75/270
f 201/191/273 84/75/273 101/92/273
f 101/92/273 202/192/274 201/191/273
f 108/99/275 203/193/275 202/192/275
f 202/192/275 101/92/275 108/99/275
f 204/194/276 203/193/277 108/99/277
f 108/99/277 116/107/276 204/194/276
f 205/195/278 125/115/278 206/196/279
f 206/196/279 207/197/278 205/195/278
f 125/115/280 205/195/281 208/198/281
f 208/198/281 126/116/281 125/115/280
f 126/116/282 208/198/282 209/199/282
f 209/199/282 128/118/282 126/116/282
f 128/118/283 209/199/283 210/200/284
f 210/200/284 130/120/283 128/118/283
f 130/120/285 210/200/285 211/201/285
f 211/201/285 132/122/285 130/120/285
f 132/122/286 211/201/286 212/202/287
f 212/202/287 134/124/288 132/122/286
f 134/124/288 212/202/287 213/203/289
f 213/203/289 136/126/290 134/124/288
f 136/126/290 213/203/289 178/168/238
f 178/168/238 138/128/237 136/126/290
f 124/114/291 214/204/291 206/196/291
f 206/196/291 125/115/291 124/114/291
f 140/130/292 215/205/293 214/204/292
f 214/204/292 124/114/292 140/130/292
f 146/136/294 216/206/294 215/205/294
f 215/205/294 140/130/294 146/136/294
f 151/141/295 217/207/296 216/206/296
f 216/206/296 146/136/295 151/141/295
f 155/145/297 218/208/297 217/207/297
f 217/207/297 151/141/297 155/145/297
f 158/148/298 219/209/298 218/208/298
f 218/208/298 155/145/298 158/148/298
f 200/190/299 219/209/299 158/148/299
f 158/148/299 98/89/299 200/190/299
f 220/210/300 221/211/301 222/212/302
f 222/212/302 223/213/300 220/210/300
f 224/214/303 225/215/303 223/213/303
f 223/213/303 222/212/303 224/214/303
f 226/216/304 227/217/305 225/215/306
f 225/215/306 224/214/304 226/216/304
f 223/213/307 228/218/307 229/219/307
f 229/219/307 220/210/308 223/213/307
f 225/215/309 230/220/309 228/218/309
f 228/218/309 223/213/309 225/215/309
f 230/220/310 225/215/306 227/217/305
f 227/217/305 231/221/310 230/220/310
f 228/218/311 232/222/311 233/223/312
f 233/223/312 229/219/313 228/218/311
f 232/222/314 228/218/314 230/220/315
f 230/220/315 234/224/314 232/222/314
f 231/221/316 235/225/317 234/224/318
f 234/224/318 230/220/316 231/221/316
f 236/226/319 233/223/319 232/222/319
f 232/222/319 237/227/319 236/226/319
f 234/224/320 238/228/320 237/227/320
f 237/227/320 232/222/320 234/224/320
f 235/225/317 239/229/321 238/228/321
f 238/228/321 234/224/318 235/225/317
f 237/227/322 240/230/323 241/231/323
f 241/231/323 236/226/323 237/227/322
f 238/228/324 242/232/325 240/230/325
f 240/230/325 237/227/324 238/228/324
f 242/232/326 238/228/327 239/229/328
f 239/229/328 243/233/329 242/232/326
f 240/230/330 244/234/331 245/235/332
f 245/235/332 241/231/333 240/230/330
f 244/234/334 240/230/334 242/232/334
f 242/232/334 246/236/335 244/234/334
f 243/233/329 247/237/336 246/236/336
f 246/236/336 242/232/326 243/233/329
f 248/238/337 245/235/338 244/234/339
f 244/234/339 249/239/340 248/238/337
f 246/236/341 250/240/342 249/239/342
f 249/239/342 244/234/341 246/236/341
f 247/237/343 251/241/344 250/240/345
f 250/240/345 246/236/343 247/237/343
f 249/239/346 252/242/346 253/243/346
f 253/243/346 248/238/346 249/239/346
f 250/240/347 254/244/347 252/242/347
f 252/242/347 249/239/348 250/240/347
f 254/244/349 250/240/345 251/241/344
f 251/241/344 255/245/349 254/244/349
f 252/242/350 256/246/350 257/247/350
f 257/247/350 253/243/351 252/242/350
f 256/246/352 252/242/352 254/244/352
f 254/244/352 258/248/352 256/246/352
f 255/245/353 259/249/354 258/248/354
f 258/248/354 254/244/353 255/245/353
f 260/250/355 257/247/355 256/246/355
f 256/246/355 261/251/355 260/250/355
f 258/248/356 262/252/357 261/251/356
f 261/251/356 256/246/356 258/248/356
f 259/249/358 263/253/358 262/252/358
f 262/252/358 258/248/358 259/249/358
f 261/251/359 264/254/359 265/255/359
f 265/255/359 260/250/360 261/251/359
f 262/252/361 266/256/361 264/254/362
f 264/254/362 261/251/361 262/252/361
f 266/256/363 262/252/364 263/253/365
f 263/253/365 267/257/364 266/256/363
f 264/254/366 268/258/366 269/259/366
f 269/259/366 265/255/366 264/254/366
f 268/258/367 264/254/368 266/256/367
f 266/256/367 270/260/369 268/258/367
f 267/257/370 271/261/370 270/260/370
f 270/260/370 266/256/371 267/257/370
f 272/262/372 269/259/373 268/258/374
f 268/258/374 273/263/374 272/262/372
f 270/260/375 274/264/375 273/263/375
f 273/263/375 268/258/375 270/260/375
f 271/261/376 275/265/377 274/264/377
f 274/264/377 270/260/376 271/261/376
f 273/263/378 276/266/378 277/267/378
f 277/267/378 272/262/378 273/263/378
f 274/264/379 278/268/380 276/266/381
f 276/266/381 273/263/381 274/264/379
f 278/268/382 274/264/383 275/265/382
f 275/265/382 279/269/384 278/268/382
f 280/270/385 281/271/386 282/272/386
f 282/272/386 221/211/385 280/270/385
f 222/212/387 221/211/388 282/272/387
f 282/272/387 283/273/388 222/212/387
f 284/274/389 224/214/390 222/212/391
f 222/212/391 283/273/389 284/274/389
f 285/275/392 226/216/392 224/214/392
f 224/214/392 284/274/392 285/275/392
f 279/269/393 184/276/393 183/277/394
f 183/277/394 278/268/393 279/269/393
f 182/278/395 276/266/395 278/268/396
f 278/268/396 183/277/395 182/278/395
f 182/278/397 180/279/398 277/267/397
f 277/267/397 276/266/398 182/278/397
f 277/267/399 180/279/400 179/280/400
f 179/280/400 286/281/399 277/267/399
f 272/262/401 277/267/401 286/281/401
f 286/281/401 287/282/401 272/262/401
f 287/282/402 288/283/403 269/259/403
f 269/259/403 272/262/403 287/282/402
f 288/283/404 289/284/404 265/255/404
f 265/255/404 269/259/404 288/283/404
f 265/255/405 289/284/405 290/285/406
f 290/285/406 260/250/406 265/255/405
f 260/250/407 290/285/407 291/286/408
f 291/286/408 257/247/409 260/250/407
f 292/287/410 253/243/411 257/247/412
f 257/247/412 291/286/411 292/287/410
f 253/243/413 292/287/414 293/288/414
f 293/288/414 248/238/413 253/243/413
f 248/238/415 293/288/416 294/289/417
f 294/289/417 245/235/418 248/238/415
f 295/290/419 241/231/419 245/235/420
f 245/235/420 294/289/420 295/290/419
f 296/291/421 236/226/422 241/231/423
f 241/231/423 295/290/423 296/291/421
f 297/292/424 233/223/425 236/226/426
f 236/226/426 296/291/426 297/292/424
f 298/293/427 229/219/427 233/223/427
f 233/223/427 297/292/428 298/293/427
f 299/294/429 220/210/429 229/219/430
f 229/219/430 298/293/431 299/294/429
f 220/210/432 299/294/432 280/270/432
f 280/270/432 221/211/432 220/210/432
f 300/295/433 301/296/433 302/297/433
f 302/297/433 303/298/433 300/295/433
f 302/297/434 304/299/434 305/300/434
f 305/300/434 303/298/434 302/297/434
f 304/299/435 306/301/435 307/302/435
f 307/302/435 305/300/435 304/299/435
f 307/302/436 306/301/436 308/303/437
f 308/303/437 309/304/436 307/302/436
f 300/295/438 303/298/438 310/305/438
f 310/305/438 311/306/438 300/295/438
f 303/298/439 305/300/439 312/307/439
f 312/307/439 310/305/439 303/298/439
f 305/300/440 307/302/441 313/308/441
f 313/308/441 312/307/440 305/300/440
f 307/302/442 309/304/443 314/309/442
f 314/309/442 313/308/442 307/302/442
f 311/306/444 310/305/444 315/310/445
f 315/310/445 316/311/445 311/306/444
f 310/305/446 312/307/446 317/312/446
f 317/312/446 315/310/446 310/305/446
f 312/307/447 313/308/448 318/313/449
f 318/313/449 317/312/447 312/307/447
f 313/308/448 314/309/450 319/314/451
f 319/314/451 318/313/449 313/308/448
f 316/311/452 315/310/452 320/315/452
f 320/315/452 321/316/452 316/311/452
f 315/310/453 317/312/453 322/317/453
f 322/317/453 320/315/453 315/310/453
f 317/312/454 318/313/455 323/318/456
f 323/318/456 322/317/457 317/312/454
f 318/313/455 319/314/458 324/319/458
f 324/319/458 323/318/456 318/313/455
f 321/316/459 320/315/459 325/320/460
f 325/320/460 326/321/459 321/316/459
f 320/315/461 322/317/461 327/322/462
f 327/322/462 325/320/461 320/315/461
f 322/317/463 323/318/463 328/323/463
f 328/323/463 327/322/463 322/317/463
f 323/318/464 324/319/465 329/324/466
f 329/324/466 328/323/467 323/318/464
f 326/321/468 325/320/469 330/325/468
f 330/325/468 331/326/469 326/321/468
f 325/320/470 327/322/470 332/327/471
f 332/327/471 330/325/471 325/320/470
f 327/322/472 328/323/472 333/328/473
f 333/328/473 332/327/472 327/322/472
f 329/324/474 334/329/475 333/328/476
f 333/328/476 328/323/477 329/324/474
f 331/326/478 330/325/478 335/330/479
f 335/330/479 336/331/480 331/326/478
f 330/325/481 332/327/482 337/332/481
f 337/332/481 335/330/481 330/325/481
f 332/327/483 333/328/484 338/333/484
f 338/333/484 337/332/485 332/327/483
f 333/328/486 334/329/487 339/334/487
f 339/334/487 338/333/488 333/328/486
f 336/331/489 335/330/490 340/335/491
f 340/335/491 341/336/492 336/331/489
f 335/330/493 337/332/493 342/337/494
f 342/337/494 340/335/493 335/330/493
f 338/333/495 343/338/496 342/337/497
f 342/337/497 337/332/498 338/333/495
f 338/333/499 339/334/500 344/339/501
f 344/339/501 343/338/500 338/333/499
f 341/336/502 340/335/503 345/340/504
f 345/340/504 346/341/505 341/336/502
f 340/335/506 342/337/506 347/342/506
f 347/342/506 345/340/506 340/335/506
f 342/337/507 343/338/508 348/343/507
f 348/343/507 347/342/509 342/337/507
f 344/339/510 349/344/511 348/343/511
f 348/343/511 343/338/511 344/339/510
f 346/341/512 345/340/512 350/345/512
f 350/345/512 351/346/512 346/341/512
f 347/342/513 352/347/514 350/345/514
f 350/345/514 345/340/514 347/342/513
f 347/342/515 348/343/516 353/348/516
f 353/348/516 352/347/517 347/342/515
f 348/343/518 349/344/518 354/349/518
f 354/349/518 353/348/518 348/343/518
f 351/346/519 350/345/519 355/350/519
f 355/350/519 356/351/519 351/346/519
f 350/345/520 352/347/520 357/352/520
f 357/352/520 355/350/520 350/345/520
f 353/348/521 358/353/522 357/352/521
f 357/352/521 352/347/521 353/348/521
f 353/348/523 354/349/524 359/354/525
f 359/354/525 358/353/524 353/348/523
f 356/351/526 355/350/526 360/355/526
f 360/355/526 361/356/527 356/351/526
f 355/350/528 357/352/528 362/357/528
f 362/357/528 360/355/528 355/350/528
f 357/352/529 358/353/529 363/358/529
f 363/358/529 362/357/529 357/352/529
f 358/353/530 359/354/530 364/359/531
f 364/359/531 363/358/532 358/353/530
f 361/356/533 360/355/533 365/360/533
f 365/360/533 366/361/533 361/356/533
f 362/357/534 367/362/534 365/360/534
f 365/360/534 360/355/534 362/357/534
f 362/357/535 363/358/535 368/363/535
f 368/363/535 367/362/535 362/357/535
f 363/358/532 364/359/531 369/364/536
f 369/364/536 368/363/536 363/358/532
f 366/361/537 365/360/537 370/365/538
f 370/365/538 371/366/537 366/361/537
f 365/360/539 367/362/539 372/367/539
f 372/367/539 370/365/539 365/360/539
f 367/362/540 368/363/541 373/368/540
f 373/368/540 372/367/542 367/362/540
f 368/363/543 369/364/544 374/369/543
f 374/369/543 373/368/544 368/363/543
f 193/183/545 192/182/546 301/296/547
f 301/296/547 375/370/547 193/183/545
f 201/191/548 302/297/548 301/296/549
f 301/296/549 192/182/549 201/191/548
f 202/192/550 304/299/550 302/297/550
f 302/297/550 201/191/550 202/192/550
f 203/193/551 306/301/551 304/299/551
f 304/299/551 202/192/551 203/193/551
f 204/194/552 308/303/553 306/301/553
f 306/301/553 203/193/552 204/194/552
f 372/367/554 373/368/555 376/371/556
f 376/371/556 377/372/554 372/367/554
f 372/367/557 377/372/557 378/373/557
f 378/373/557 370/365/557 372/367/557
f 379/374/558 371/366/558 370/365/558
f 370/365/558 378/373/558 379/374/558
f 379/374/559 380/375/559 381/376/559
f 381/376/559 371/366/559 379/374/559
f 371/366/560 381/376/560 382/377/560
f 382/377/560 366/361/560 371/366/560
f 383/378/561 361/356/561 366/361/562
f 366/361/562 382/377/561 383/378/561
f 361/356/563 383/378/564 384/379/563
f 384/379/563 356/351/565 361/356/563
f 356/351/566 384/379/567 385/380/568
f 385/380/568 351/346/569 356/351/566
f 386/381/570 346/341/571 351/346/572
f 351/346/572 385/380/573 386/381/570
f 346/341/574 386/381/575 387/382/576
f 387/382/576 341/336/577 346/341/574
f 341/336/578 387/382/579 388/383/580
f 388/383/580 336/331/581 341/336/578
f 389/384/582 331/326/582 336/331/582
f 336/331/582 388/383/582 389/384/582
f 331/326/583 389/384/584 390/385/585
f 390/385/585 326/321/585 331/326/583
f 326/321/586 390/385/586 391/386/587
f 391/386/587 321/316/588 326/321/586
f 392/387/589 316/311/589 321/316/590
f 321/316/590 391/386/590 392/387/589
f 316/311/591 392/387/592 393/388/592
f 393/388/592 311/306/591 316/311/591
f 311/306/593 393/388/593 394/389/593
f 394/389/593 300/295/593 311/306/593
f 300/295/594 394/389/595 375/370/594
f 375/370/594 301/296/594 300/295/594
f 395/390/596 396/391/596 397/392/596
f 397/392/596 398/393/596 395/390/596
f 395/390/597 399/394/597 400/395/597
f 400/395/597 396/391/597 395/390/597
f 399/394/598 401/396/598 402/397/599
f 402/397/599 400/395/599 399/394/598
f 403/398/600 404/399/600 402/397/601
f 402/397/601 401/396/601 403/398/600
f 403/398/602 405/400/603 406/401/604
f 406/401/604 404/399/602 403/398/602
f 405/400/605 407/402/606 408/403/605
f 408/403/605 406/401/607 405/400/605
f 407/402/608 409/404/609 410/405/609
f 410/405/609 408/403/609 407/402/608
f 409/404/610 411/406/610 412/407/611
f 412/407/611 410/405/612 409/404/610
f 411/406/613 413/408/614 414/409/614
f 414/409/614 412/407/615 411/406/613
f 415/410/616 416/411/617 414/409/616
f 414/409/616 413/408/618 415/410/616
f 415/410/619 417/412/619 418/413/619
f 418/413/619 416/411/619 415/410/619
f 419/414/620 420/415/620 418/413/620
f 418/413/620 417/412/620 419/414/620
f 419/414/621 421/416/622 422/417/622
f 422/417/622 420/415/622 419/414/621
f 421/416/623 423/418/624 424/419/624
f 424/419/624 422/417/623 421/416/623
f 397/392/625 396/391/625 425/420/625
f 425/420/625 426/421/625 397/392/625
f 396/391/626 400/395/626 427/422/626
f 427/422/626 425/420/626 396/391/626
f 400/395/627 402/397/627 428/423/627
f 428/423/627 427/422/627 400/395/627
f 402/397/628 404/399/628 429/424/628
f 429/424/628 428/423/628 402/397/628
f 404/399/629 406/401/630 430/425/630
f 430/425/630 429/424/630 404/399/629
f 406/401/631 408/403/631 431/426/631
f 431/426/631 430/425/631 406/401/631
f 408/403/632 410/405/633 432/427/634
f 432/427/634 431/426/635 408/403/632
f 410/405/636 412/407/637 433/428/638
f 433/428/638 432/427/636 410/405/636
f 412/407/639 414/409/639 434/429/639
f 434/429/639 433/428/639 412/407/639
f 414/409/640 416/411/640 435/430/641
f 435/430/641 434/429/640 414/409/640
f 416/411/642 418/413/642 436/431/642
f 436/431/642 435/430/642 416/411/642
f 420/415/643 437/432/643 436/431/643
f 436/431/643 418/413/643 420/415/643
f 422/417/644 438/433/644 437/432/644
f 437/432/644 420/415/644 422/417/644
f 422/417/645 424/419/645 439/434/645
f 439/434/645 438/433/645 422/417/645
f 425/420/646 440/435/646 441/436/646
f 441/436/646 426/421/646 425/420/646
f 425/420/647 427/422/647 442/437/647
f 442/437/647 440/435/647 425/420/647
f 428/423/648 443/438/648 442/437/648
f 442/437/648 427/422/648 428/423/648
f 429/424/649 444/439/650 443/438/650
f 443/438/650 428/423/650 429/424/649
f 429/424/651 430/425/652 445/440/651
f 445/440/651 444/439/651 429/424/651
f 430/425/653 431/426/653 446/441/654
f 446/441/654 445/440/655 430/425/653
f 432/427/656 447/442/656 446/441/657
f 446/441/657 431/426/656 432/427/656
f 432/427/658 433/428/658 448/443/658
f 448/443/658 447/442/658 432/427/658
f 434/429/659 449/444/660 448/443/659
f 448/443/659 433/428/661 434/429/659
f 435/430/662 450/445/662 449/444/662
f 449/444/662 434/429/662 435/430/662
f 435/430/663 436/431/663 451/446/663
f 451/446/663 450/445/663 435/430/663
f 437/432/664 452/447/664 451/446/664
f 451/446/664 436/431/664 437/432/664
f 438/433/665 453/448/665 452/447/665
f 452/447/665 437/432/666 438/433/665
f 438/433/667 439/434/667 454/449/667
f 454/449/667 453/448/667 438/433/667
f 440/435/668 455/450/668 456/451/668
f 456/451/668 441/436/668 440/435/668
f 440/435/669 442/437/669 457/452/669
f 457/452/669 455/450/670 440/435/669
f 442/437/671 443/438/671 458/453/671
f 458/453/671 457/452/671 442/437/671
f 444/439/672 459/454/672 458/453/672
f 458/453/672 443/438/672 444/439/672
f 444/439/673 445/440/674 460/455/675
f 460/455/675 459/454/673 444/439/673
f 446/441/676 461/456/677 460/455/678
f 460/455/678 445/440/676 446/441/676
f 447/442/679 462/457/680 461/456/679
f 461/456/679 446/441/681 447/442/679
f 447/442/682 448/443/683 463/458/684
f 463/458/684 462/457/685 447/442/682
f 448/443/686 449/444/686 464/459/687
f 464/459/687 463/458/686 448/443/686
f 450/445/688 465/460/689 464/459/688
f 464/459/688 449/444/688 450/445/688
f 450/445/690 451/446/690 466/461/690
f 466/461/690 465/460/690 450/445/690
f 452/447/691 467/462/691 466/461/691
f 466/461/691 451/446/691 452/447/691
f 453/448/692 468/463/692 467/462/692
f 467/462/692 452/447/692 453/448/692
f 453/448/693 454/449/693 469/464/693
f 469/464/693 468/463/693 453/448/693
f 455/450/694 470/465/694 471/466/694
f 471/466/694 456/451/694 455/450/694
f 455/450/695 457/452/695 472/467/695
f 472/467/695 470/465/696 455/450/695
f 457/452/697 458/453/697 473/468/698
f 473/468/698 472/467/699 457/452/697
f 459/454/700 474/469/700 473/468/700
f 473/468/700 458/453/700 459/454/700
f 459/454/701 460/455/701 475/470/701
f 475/470/701 474/469/702 459/454/701
f 460/455/703 461/456/703 476/471/703
f 476/471/703 475/470/703 460/455/703
f 462/457/704 477/472/705 476/471/704
f 476/471/704 461/456/704 462/457/704
f 462/457/706 463/458/706 478/473/707
f 478/473/707 477/472/708 462/457/706
f 464/459/709 479/474/709 478/473/709
f 478/473/709 463/458/709 464/459/709
f 465/460/710 480/475/710 479/474/710
f 479/474/710 464/459/710 465/460/710
f 465/460/711 466/461/711 481/476/711
f 481/476/711 480/475/711 465/460/711
f 467/462/712 482/477/713 481/476/712
f 481/476/712 466/461/713 467/462/712
f 468/463/714 483/478/714 482/477/714
f 482/477/714 467/462/714 468/463/714
f 468/463/715 469/464/716 484/479/716
f 484/479/716 483/478/715 468/463/715
f 470/465/717 485/480/717 486/481/717
f 486/481/717 471/466/717 470/465/717
f 470/465/718 472/467/719 487/482/718
f 487/482/718 485/480/720 470/465/718
f 472/467/721 473/468/721 488/483/721
f 488/483/721 487/482/722 472/467/721
f 474/469/723 489/484/723 488/483/723
f 488/483/723 473/468/724 474/469/723
f 474/469/725 475/470/725 490/485/726
f 490/485/726 489/484/727 474/469/725
f 476/471/728 491/486/729 490/485/730
f 490/485/730 475/470/731 476/471/728
f 477/472/732 492/487/732 491/486/732
f 491/486/732 476/471/733 477/472/732
f 477/472/734 478/473/735 493/488/735
f 493/488/735 492/487/736 477/472/734
f 479/474/737 494/489/737 493/488/738
f 493/488/738 478/473/738 479/474/737
f 480/475/739 495/490/740 494/489/739
f 494/489/739 479/474/741 480/475/739
f 480/475/742 481/476/743 496/491/743
f 496/491/743 495/490/742 480/475/742
f 481/476/744 482/477/744 497/492/744
f 497/492/744 496/491/744 481/476/744
f 483/478/745 498/493/746 497/492/745
f 497/492/745 482/477/745 483/478/745
f 483/478/747 484/479/748 499/494/748
f 499/494/748 498/493/749 483/478/747
f 485/480/750 500/495/750 501/496/750
f 501/496/750 486/481/750 485/480/750
f 485/480/751 487/482/752 502/497/753
f 502/497/753 500/495/754 485/480/751
f 488/483/755 503/498/756 502/497/757
f 502/497/757 487/482/758 488/483/755
f 489/484/759 504/499/759 503/498/760
f 503/498/760 488/483/760 489/484/759
f 489/484/761 490/485/762 505/500/763
f 505/500/763 504/499/763 489/484/761
f 491/486/764 506/501/765 505/500/764
f 505/500/764 490/485/764 491/486/764
f 492/487/766 507/502/766 506/501/767
f 506/501/767 491/486/766 492/487/766
f 492/487/768 493/488/769 508/503/770
f 508/503/770 507/502/768 492/487/768
f 493/488/771 494/489/771 509/504/771
f 509/504/771 508/503/771 493/488/771
f 495/490/772 510/505/773 509/504/774
f 509/504/774 494/489/773 495/490/772
f 495/490/775 496/491/776 511/506/775
f 511/506/775 510/505/775 495/490/775
f 496/491/777 497/492/777 512/507/777
f 512/507/777 511/506/777 496/491/777
f 498/493/778 513/508/779 512/507/779
f 512/507/779 497/492/778 498/493/778
f 498/493/780 499/494/780 514/509/780
f 514/509/780 513/508/780 498/493/780
f 500/495/781 515/510/781 516/511/781
f 516/511/781 501/496/781 500/495/781
f 500/495/782 502/497/782 517/512/782
f 517/512/782 515/510/782 500/495/782
f 502/497/783 503/498/784 518/513/785
f 518/513/785 517/512/783 502/497/783
f 519/514/786 518/513/787 503/498/786
f 503/498/786 504/499/786 519/514/786
f 520/515/788 519/514/789 504/499/788
f 504/499/788 505/500/788 520/515/788
f 520/515/790 505/500/790 506/501/790
f 506/501/790 521/516/790 520/515/790
f 506/501/791 507/502/792 522/517/791
f 522/517/791 521/516/791 506/501/791
f 507/502/793 508/503/794 523/518/794
f 523/518/794 522/517/795 507/502/793
f 508/503/796 509/504/797 524/519/797
f 524/519/797 523/518/797 508/503/796
f 525/520/798 524/519/798 509/504/798
f 509/504/798 510/505/798 525/520/798
f 526/521/799 525/520/800 510/505/800
f 510/505/800 511/506/799 526/521/799
f 512/507/801 527/522/802 526/521/803
f 526/521/803 511/506/804 512/507/801
f 528/523/805 527/522/806 512/507/805
f 512/507/805 513/508/807 528/523/805
f 529/524/808 528/523/808 513/508/809
f 513/508/809 514/509/810 529/524/808
f 530/525/811 531/526/811 516/511/811
f 516/511/811 515/510/811 530/525/811
f 532/527/812 530/525/813 515/510/813
f 515/510/813 517/512/813 532/527/812
f 518/513/814 533/528/815 532/527/814
f 532/527/814 517/512/814 518/513/814
f 533/528/816 518/513/816 519/514/817
f 519/514/817 534/529/817 533/528/816
f 534/529/818 519/514/819 520/515/818
f 520/515/818 535/530/818 534/529/818
f 535/530/820 520/515/821 521/516/822
f 521/516/822 536/531/823 535/530/820
f 537/532/824 536/531/825 521/516/826
f 521/516/826 522/517/824 537/532/824
f 538/533/827 537/532/828 522/517/828
f 522/517/828 523/518/828 538/533/827
f 524/519/829 539/534/830 538/533/831
f 538/533/831 523/518/832 524/519/829
f 539/534/833 524/519/833 525/520/833
f 525/520/833 540/535/833 539/534/833
f 540/535/834 525/520/835 526/521/836
f 526/521/836 541/536/837 540/535/834
f 527/522/838 542/537/839 541/536/839
f 541/536/839 526/521/839 527/522/838
f 542/537/840 527/522/840 528/523/840
f 528/523/840 543/538/840 542/537/840
f 543/538/841 528/523/841 529/524/842
f 529/524/842 544/539/841 543/538/841
f 545/540/843 531/526/843 530/525/843
f 530/525/843 546/541/843 545/540/843
f 546/541/844 530/525/844 532/527/844
f 532/527/844 547/542/844 546/541/844
f 533/528/845 548/543/846 547/542/846
f 547/542/846 532/527/845 533/528/845
f 548/543/847 533/528/847 534/529/847
f 534/529/847 549/544/847 548/543/847
f 549/544/848 534/529/848 535/530/848
f 535/530/848 550/545/848 549/544/848
f 536/531/849 551/546/849 550/545/850
f 550/545/850 535/530/849 536/531/849
f 551/546/851 536/531/851 537/532/852
f 537/532/852 552/547/853 551/546/851
f 552/547/854 537/532/855 538/533/856
f 538/533/856 553/548/855 552/547/854
f 539/534/857 554/549/858 553/548/858
f 553/548/858 538/533/857 539/534/857
f 554/549/859 539/534/860 540/535/859
f 540/535/859 555/550/861 554/549/859
f 555/550/862 540/535/862 541/536/862
f 541/536/862 556/551/862 555/550/862
f 542/537/863 557/552/863 556/551/863
f 556/551/863 541/536/863 542/537/863
f 557/552/864 542/537/864 543/538/864
f 543/538/864 558/553/864 557/552/864
f 558/553/865 543/538/865 544/539/865
f 544/539/865 559/554/865 558/553/865
f 560/555/866 545/540/866 546/541/866
f 546/541/866 561/556/866 560/555/866
f 561/556/867 546/541/868 547/542/867
f 547/542/867 562/557/868 561/556/867
f 548/543/869 563/558/869 562/557/869
f 562/557/869 547/542/869 548/543/869
f 563/558/870 548/543/870 549/544/870
f 549/544/870 564/559/871 563/558/870
f 564/559/872 549/544/872 550/545/872
f 550/545/872 565/560/872 564/559/872
f 551/546/873 566/561/873 565/560/873
f 565/560/873 550/545/874 551/546/873
f 566/561/875 551/546/876 552/547/877
f 552/547/877 567/562/877 566/561/875
f 567/562/878 552/547/879 553/548/880
f 553/548/880 568/563/880 567/562/878
f 554/549/881 569/564/882 568/563/882
f 568/563/882 553/548/881 554/549/881
f 569/564/883 554/549/883 555/550/883
f 555/550/883 570/565/883 569/564/883
f 570/565/884 555/550/884 556/551/884
f 556/551/884 571/566/884 570/565/884
f 557/552/885 572/567/885 571/566/885
f 571/566/885 556/551/885 557/552/885
f 572/567/886 557/552/886 558/553/886
f 558/553/886 573/568/886 572/567/886
f 573/568/887 558/553/888 559/554/888
f 559/554/888 574/569/888 573/568/887
f 575/570/889 560/555/889 561/556/889
f 561/556/889 576/571/889 575/570/889
f 576/571/890 561/556/890 562/557/891
f 562/557/891 577/572/890 576/571/890
f 563/558/892 578/573/893 577/572/893
f 577/572/893 562/557/892 563/558/892
f 578/573/894 563/558/894 564/559/894
f 564/559/894 579/574/894 578/573/894
f 579/574/895 564/559/896 565/560/895
f 565/560/895 580/575/896 579/574/895
f 566/561/897 581/576/897 580/575/897
f 580/575/897 565/560/897 566/561/897
f 581/576/898 566/561/898 567/562/899
f 567/562/899 582/577/900 581/576/898
f 582/577/901 567/562/901 568/563/901
f 568/563/901 583/578/901 582/577/901
f 569/564/902 584/579/903 583/578/904
f 583/578/904 568/563/904 569/564/902
f 584/579/905 569/564/905 570/565/905
f 570/565/905 585/580/905 584/579/905
f 585/580/906 570/565/906 571/566/906
f 571/566/906 586/581/906 585/580/906
f 572/567/907 587/582/907 586/581/907
f 586/581/907 571/566/907 572/567/907
f 587/582/908 572/567/908 573/568/908
f 573/568/908 588/583/908 587/582/908
f 588/583/909 573/568/909 574/569/909
f 574/569/909 589/584/909 588/583/909
f 590/585/910 575/570/911 576/571/910
f 576/571/910 591/586/910 590/585/910
f 591/586/912 576/571/912 577/572/912
f 577/572/912 592/587/912 591/586/912
f 578/573/913 593/588/913 592/587/913
f 592/587/913 577/572/914 578/573/913
f 593/588/915 578/573/915 579/574/916
f 579/574/916 594/589/915 593/588/915
f 594/589/917 579/574/917 580/575/917
f 580/575/917 595/590/918 594/589/917
f 581/576/919 596/591/919 595/590/919
f 595/590/919 580/575/919 581/576/919
f 596/591/920 581/576/920 582/577/921
f 582/577/921 597/592/921 596/591/920
f 597/592/922 582/577/922 583/578/922
f 583/578/922 598/593/922 597/592/922
f 584/579/923 599/594/923 598/593/924
f 598/593/924 583/578/924 584/579/923
f 599/594/925 584/579/926 585/580/925
f 585/580/925 600/595/925 599/594/925
f 600/595/927 585/580/928 586/581/929
f 586/581/929 601/596/929 600/595/927
f 587/582/930 602/597/931 601/596/930
f 601/596/930 586/581/930 587/582/930
f 602/597/932 587/582/932 588/583/932
f 588/583/932 603/598/932 602/597/932
f 603/598/933 588/583/934 589/584/934
f 589/584/934 604/599/935 603/598/933
f 605/600/936 590/585/936 591/586/937
f 591/586/937 606/601/936 605/600/936
f 606/601/938 591/586/939 592/587/938
f 592/587/938 607/602/939 606/601/938
f 593/588/940 608/603/940 607/602/940
f 607/602/940 592/587/940 593/588/940
f 608/603/941 593/588/941 594/589/941
f 594/589/941 609/604/941 608/603/941
f 609/604/942 594/589/942 595/590/943
f 595/590/943 610/605/943 609/604/942
f 596/591/944 611/606/945 610/605/945
f 610/605/945 595/590/945 596/591/944
f 611/606/946 596/591/947 597/592/948
f 597/592/948 612/607/949 611/606/946
f 612/607/950 597/592/951 598/593/952
f 598/593/952 613/608/953 612/607/950
f 599/594/954 614/609/955 613/608/955
f 613/608/955 598/593/956 599/594/954
f 615/610/957 614/609/957 599/594/958
f 599/594/958 600/595/957 615/610/957
f 616/611/959 615/610/960 600/595/959
f 600/595/959 601/596/959 616/611/959
f 601/596/961 602/597/961 617/612/961
f 617/612/961 616/611/961 601/596/961
f 617/612/962 602/597/962 603/598/962
f 603/598/962 618/613/963 617/612/962
f 618/613/964 603/598/964 604/599/964
f 604/599/964 619/614/964 618/613/964
f 163/615/965 620/616/966 398/393/965
f 398/393/965 164/617/965 163/615/965
f 398/393/967 620/616/968 621/618/967
f 621/618/967 395/390/967 398/393/967
f 395/390/969 621/618/970 622/619/971
f 622/619/971 399/394/972 395/390/969
f 622/619/973 623/620/974 401/396/975
f 401/396/975 399/394/976 622/619/973
f 401/396/977 623/620/978 624/621/979
f 624/621/979 403/398/980 401/396/977
f 403/398/981 624/621/982 625/622/982
f 625/622/982 405/400/983 403/398/981
f 626/623/984 407/402/985 405/400/986
f 405/400/986 625/622/984 626/623/984
f 407/402/987 626/623/988 627/624/988
f 627/624/988 409/404/987 407/402/987
f 627/624/989 628/625/989 411/406/990
f 411/406/990 409/404/989 627/624/989
f 411/406/991 628/625/992 629/626/993
f 629/626/993 413/408/994 411/406/991
f 630/627/995 415/410/996 413/408/996
f 413/408/996 629/626/996 630/627/995
f 631/628/997 417/412/997 415/410/997
f 415/410/997 630/627/998 631/628/997
f 417/412/999 631/628/1000 632/629/1001
f 632/629/1001 419/414/1002 417/412/999
f 633/630/1003 421/416/1003 419/414/1003
f 419/414/1003 632/629/1003 633/630/1003
f 634/631/1004 423/418/1004 421/416/1004
f 421/416/1004 633/630/1004 634/631/1004
f 635/632/1005 423/418/1005 634/631/1005
f 634/631/1005 636/633/1005 635/632/1005
f 424/419/1006 423/418/1006 635/632/1006
f 635/632/1006 637/634/1006 424/419/1006
f 638/635/1007 439/434/1008 424/419/1007
f 424/419/1007 637/634/1007 638/635/1007
f 639/636/1009 454/449/1009 439/434/1009
f 439/434/1009 638/635/1009 639/636/1009
f 454/449/1010 639/636/1011 640/637/1010
f 640/637/1010 469/464/1011 454/449/1010
f 469/464/1012 640/637/1013 641/638/1012
f 641/638/1012 484/479/1013 469/464/1012
f 484/479/1014 641/638/1014 642/639/1014
f 642/639/1014 499/494/1014 484/479/1014
f 499/494/1015 642/639/1016 643/640/1015
f 643/640/1015 514/509/1015 499/494/1015
f 514/509/1017 643/640/1018 644/641/1018
f 644/641/1018 529/524/1019 514/509/1017
f 544/539/1020 529/524/1021 644/641/1022
f 644/641/1022 645/642/1020 544/539/1020
f 646/643/1023 559/554/1023 544/539/1023
f 544/539/1023 645/642/1023 646/643/1023
f 559/554/1024 646/643/1024 647/644/1024
f 647/644/1024 574/569/1024 559/554/1024
f 574/569/1025 647/644/1025 648/645/1025
f 648/645/1025 589/584/1025 574/569/1025
f 589/584/1026 648/645/1026 649/646/1026
f 649/646/1026 604/599/1026 589/584/1026
f 650/647/1027 619/614/1027 604/599/1027
f 604/599/1027 649/646/1027 650/647/1027
f 650/647/1028 281/648/1029 280/649/1028
f 280/649/1028 619/614/1028 650/647/1028
f 299/650/1030 618/613/1031 619/614/1031
f 619/614/1031 280/649/1030 299/650/1030
f 298/651/1032 617/612/1032 618/613/1032
f 618/613/1032 299/650/1032 298/651/1032
f 617/612/1033 298/651/1034 297/652/1034
f 297/652/1034 616/611/1033 617/612/1033
f 296/653/1035 615/610/1036 616/611/1036
f 616/611/1036 297/652/1036 296/653/1035
f 295/654/1037 614/609/1037 615/610/1037
f 615/610/1037 296/653/1037 295/654/1037
f 614/609/1038 295/654/1039 294/655/1040
f 294/655/1040 613/608/1040 614/609/1038
f 293/656/1041 612/607/1042 613/608/1043
f 613/608/1043 294/655/1043 293/656/1041
f 292/657/1044 611/606/1045 612/607/1045
f 612/607/1045 293/656/1045 292/657/1044
f 292/657/1046 291/658/1047 610/605/1048
f 610/605/1048 611/606/1046 292/657/1046
f 290/659/1049 609/604/1050 610/605/1051
f 610/605/1051 291/658/1052 290/659/1049
f 289/660/1053 608/603/1053 609/604/1053
f 609/604/1053 290/659/1054 289/660/1053
f 289/660/1055 288/661/1056 607/602/1055
f 607/602/1055 608/603/1055 289/660/1055
f 287/662/1057 606/601/1057 607/602/1058
f 607/602/1058 288/661/1057 287/662/1057
f 286/663/1059 605/600/1060 606/601/1059
f 606/601/1059 287/662/1059 286/663/1059
f 605/600/1061 286/663/1061 179/664/1061
f 179/664/1061 181/665/1061 605/600/1061
f 605/600/1062 181/665/1062 185/666/1062
f 185/666/1062 590/585/1062 605/600/1062
f 590/585/1063 185/666/1063 186/667/1063
f 186/667/1063 575/570/1063 590/585/1063
f 186/667/1064 187/668/1064 560/555/1065
f 560/555/1065 575/570/1064 186/667/1064
f 187/668/1066 188/669/1067 545/540/1066
f 545/540/1066 560/555/1066 187/668/1066
f 545/540/1068 188/669/1068 189/670/1068
f 189/670/1068 531/526/1069 545/540/1068
f 531/526/1070 189/670/1070 190/671/1070
f 190/671/1070 516/511/1070 531/526/1070
f 516/511/1071 190/671/1071 171/672/1071
f 171/672/1071 501/496/1071 516/511/1071
f 501/496/1072 171/672/1073 170/673/1073
f 170/673/1073 486/481/1073 501/496/1072
f 170/673/1074 169/674/1074 471/466/1074
f 471/466/1074 486/481/1075 170/673/1074
f 169/674/1076 168/675/1076 456/451/1076
f 456/451/1076 471/466/1076 169/674/1076
f 456/451/1077 168/675/1077 167/676/1077
f 167/676/1077 441/436/1077 456/451/1077
f 441/436/1078 167/676/1078 166/677/1078
f 166/677/1078 426/421/1078 441/436/1078
f 426/421/1079 166/677/1079 165/678/1079
f 165/678/1079 397/392/1079 426/421/1079
f 165/678/1080 164/617/1080 398/393/1080
f 398/393/1080 397/392/1080 165/678/1080
f 651/679/1081 652/680/1082 653/681/1082
f 653/681/1082 654/682/1083 651/679/1081
f 655/683/1084 656/684/1085 654/682/1085
f 654/682/1085 653/681/1084 655/683/1084
f 656/684/1086 655/683/1087 657/685/1087
f 657/685/1087 658/686/1086 656/684/1086
f 659/687/1088 660/688/1088 658/686/1088
f 658/686/1088 657/685/1088 659/687/1088
f 660/688/1089 659/687/1090 661/689/1090
f 661/689/1090 662/690/1091 660/688/1089
f 663/691/1092 662/690/1092 661/689/1092
f 661/689/1092 664/692/1092 663/691/1092
f 664/692/1093 665/693/1093 666/694/1094
f 666/694/1094 663/691/1093 664/692/1093
f 667/695/1095 668/696/1095 651/679/1095
f 651/679/1095 654/682/1095 667/695/1095
f 667/695/1096 654/682/1097 656/684/1098
f 656/684/1098 669/697/1098 667/695/1096
f 669/697/1099 656/684/1099 658/686/1099
f 658/686/1099 670/698/1099 669/697/1099
f 658/686/1100 660/688/1100 671/699/1100
f 671/699/1100 670/698/1100 658/686/1100
f 660/688/1101 662/690/1101 672/700/1101
f 672/700/1101 671/699/1101 660/688/1101
f 672/700/1102 662/690/1102 663/691/1102
f 663/691/1102 673/701/1102 672/700/1102
f 673/701/1103 663/691/1103 666/694/1103
f 666/694/1103 674/702/1103 673/701/1103
f 675/703/1104 668/696/1105 667/695/1104
f 667/695/1104 676/704/1105 675/703/1104
f 676/704/1106 667/695/1107 669/697/1108
f 669/697/1108 677/705/1107 676/704/1106
f 670/698/1109 678/706/1109 677/705/1109
f 677/705/1109 669/697/1109 670/698/1109
f 671/699/1110 679/707/1110 678/706/1110
f 678/706/1110 670/698/1110 671/699/1110
f 680/708/1111 679/707/1111 671/699/1111
f 671/699/1111 672/700/1111 680/708/1111
f 673/701/1112 681/709/1112 680/708/1112
f 680/708/1112 672/700/1112 673/701/1112
f 682/710/1113 681/709/1114 673/701/1114
f 673/701/1114 674/702/1114 682/710/1113
f 683/711/1115 684/712/1115 675/703/1115
f 675/703/1115 676/704/1115 683/711/1115
f 685/713/1116 683/711/1116 676/704/1117
f 676/704/1117 677/705/1116 685/713/1116
f 677/705/1118 678/706/1118 686/714/1118
f 686/714/1118 685/713/1118 677/705/1118
f 678/706/1119 679/707/1119 687/715/1119
f 687/715/1119 686/714/1119 678/706/1119
f 688/716/1120 687/715/1120 679/707/1120
f 679/707/1120 680/708/1120 688/716/1120
f 680/708/1121 681/709/1121 689/717/1121
f 689/717/1121 688/716/1121 680/708/1121
f 682/710/1122 690/718/1122 689/717/1122
f 689/717/1122 681/709/1123 682/710/1122
f 683/711/1124 691/719/1125 692/720/1126
f 692/720/1126 684/712/1124 683/711/1124
f 693/721/1127 691/719/1127 683/711/1128
f 683/711/1128 685/713/1127 693/721/1127
f 694/722/1129 693/721/1129 685/713/1130
f 685/713/1130 686/714/1129 694/722/1129
f 686/714/1131 687/715/1131 695/723/1131
f 695/723/1131 694/722/1131 686/714/1131
f 687/715/1132 688/716/1132 696/724/1132
f 696/724/1132 695/723/1132 687/715/1132
f 697/725/1133 696/724/1133 688/716/1133
f 688/716/1133 689/717/1133 697/725/1133
f 689/717/1134 690/718/1134 698/726/1134
f 698/726/1134 697/725/1134 689/717/1134
f 699/727/1135 700/728/1136 692/720/1126
f 692/720/1126 691/719/1125 699/727/1135
f 693/721/1137 701/729/1137 699/727/1137
f 699/727/1137 691/719/1137 693/721/1137
f 702/730/1138 701/729/1138 693/721/1138
f 693/721/1138 694/722/1138 702/730/1138
f 703/731/1139 702/730/1140 694/722/1141
f 694/722/1141 695/723/1141 703/731/1139
f 695/723/1142 696/724/1142 704/732/1142
f 704/732/1142 703/731/1142 695/723/1142
f 696/724/1143 697/725/1144 705/733/1143
f 705/733/1143 704/732/1145 696/724/1143
f 706/734/1146 707/735/1147 708/736/1148
f 708/736/1148 709/737/1148 706/734/1146
f 707/735/1149 710/738/1150 711/739/1149
f 711/739/1149 708/736/1149 707/735/1149
f 711/739/1151 710/738/1152 712/740/1151
f 712/740/1151 713/741/1151 711/739/1151
f 708/736/1153 714/742/1153 715/743/1153
f 715/743/1153 709/737/1153 708/736/1153
f 714/742/1154 708/736/1155 711/739/1155
f 711/739/1155 716/744/1155 714/742/1154
f 711/739/1156 713/741/1156 717/745/1157
f 717/745/1157 716/744/1158 711/739/1156
f 714/742/1159 718/746/1159 719/747/1159
f 719/747/1159 715/743/1159 714/742/1159
f 720/748/1160 718/746/1160 714/742/1160
f 714/742/1160 716/744/1160 720/748/1160
f 717/745/1161 721/749/1161 720/748/1162
f 720/748/1162 716/744/1161 717/745/1161
f 722/750/1163 721/749/1163 717/745/1163
f 717/745/1163 723/751/1163 722/750/1163
f 719/747/1164 718/746/1164 724/752/1164
f 724/752/1164 725/753/1164 719/747/1164
f 720/748/1165 726/754/1165 724/752/1165
f 724/752/1165 718/746/1165 720/748/1165
f 727/755/1166 726/754/1167 720/748/1167
f 720/748/1167 721/749/1166 727/755/1166
f 722/750/1168 728/756/1169 727/755/1170
f 727/755/1170 721/749/1170 722/750/1168
f 729/757/1171 730/758/1171 725/753/1171
f 725/753/1171 724/752/1171 729/757/1171
f 724/752/1172 726/754/1172 731/759/1172
f 731/759/1172 729/757/1173 724/752/1172
f 727/755/1174 732/760/1174 731/759/1174
f 731/759/1174 726/754/1174 727/755/1174
f 733/761/1175 732/760/1176 727/755/1175
f 727/755/1175 728/756/1175 733/761/1175
f 734/762/1177 735/763/1177 730/758/1178
f 730/758/1178 729/757/1177 734/762/1177
f 736/764/1179 734/762/1180 729/757/1180
f 729/757/1180 731/759/1179 736/764/1179
f 731/759/1181 732/760/1181 737/765/1181
f 737/765/1181 736/764/1181 731/759/1181
f 733/761/1182 738/766/1182 737/765/1182
f 737/765/1182 732/760/1182 733/761/1182
f 739/767/1183 740/768/1184 741/769/1184
f 741/769/1184 742/770/1184 739/767/1183
f 743/771/1185 744/772/1186 742/770/1185
f 742/770/1185 741/769/1186 743/771/1185
f 743/771/1187 745/773/1187 746/774/1187
f 746/774/1187 744/772/1187 743/771/1187
f 746/774/1188 745/773/1189 747/775/1189
f 747/775/1189 748/776/1189 746/774/1188
f 749/777/1190 750/778/1190 748/776/1191
f 748/776/1191 747/775/1190 749/777/1190
f 751/779/1192 752/780/1193 750/778/1192
f 750/778/1192 749/777/1192 751/779/1192
f 752/780/1194 751/779/1194 753/781/1195
f 753/781/1195 754/782/1194 752/780/1194
f 739/767/1196 742/770/1196 755/783/1197
f 755/783/1197 756/784/1197 739/767/1196
f 755/783/1198 742/770/1199 744/772/1199
f 744/772/1199 757/785/1199 755/783/1198
f 746/774/1200 758/786/1200 757/785/1200
f 757/785/1200 744/772/1200 746/774/1200
f 748/776/1201 759/787/1201 758/786/1201
f 758/786/1201 746/774/1202 748/776/1201
f 759/787/1203 748/776/1203 750/778/1204
f 750/778/1204 760/788/1205 759/787/1203
f 752/780/1206 761/789/1206 760/788/1206
f 760/788/1206 750/778/1206 752/780/1206
f 752/780/1207 754/782/1207 762/790/1207
f 762/790/1207 761/789/1207 752/780/1207
f 755/783/1208 763/791/1208 764/792/1209
f 764/792/1209 756/784/1209 755/783/1208
f 757/785/1210 765/793/1210 763/791/1210
f 763/791/1210 755/783/1211 757/785/1210
f 765/793/1212 757/785/1212 758/786/1212
f 758/786/1212 766/794/1212 765/793/1212
f 759/787/1213 767/795/1214 766/794/1215
f 766/794/1215 758/786/1213 759/787/1213
f 759/787/1216 760/788/1216 768/796/1216
f 768/796/1216 767/795/1216 759/787/1216
f 768/796/1217 760/788/1218 761/789/1218
f 761/789/1218 769/797/1219 768/796/1217
f 762/790/1220 770/798/1221 769/797/1220
f 769/797/1220 761/789/1221 762/790/1220
f 767/795/1222 768/796/1223 771/799/1223
f 771/799/1223 772/800/1224 767/795/1222
f 771/799/1225 768/796/1225 769/797/1226
f 769/797/1226 773/801/1225 771/799/1225
f 769/797/1227 770/798/1228 774/802/1229
f 774/802/1229 773/801/1229 769/797/1227
f 775/803/1230 776/804/1230 777/805/1230
f 777/805/1230 778/806/1230 775/803/1230
f 775/803/1231 779/807/1231 780/808/1231
f 780/808/1231 776/804/1231 775/803/1231
f 780/808/1232 779/807/1232 781/809/1232
f 781/809/1232 782/810/1232 780/808/1232
f 783/811/1233 784/812/1233 782/810/1233
f 782/810/1233 781/809/1233 783/811/1233
f 785/813/1234 786/814/1234 784/812/1234
f 784/812/1234 783/811/1235 785/813/1234
f 786/814/1236 785/813/1236 787/815/1236
f 787/815/1236 788/816/1236 786/814/1236
f 789/817/1237 790/818/1238 788/816/1239
f 788/816/1239 787/815/1239 789/817/1237
f 791/819/1240 777/805/1240 776/804/1240
f 776/804/1240 792/820/1240 791/819/1240
f 780/808/1241 793/821/1242 792/820/1243
f 792/820/1243 776/804/1243 780/808/1241
f 782/810/1244 794/822/1245 793/821/1245
f 793/821/1245 780/808/1245 782/810/1244
f 794/822/1246 782/810/1246 784/812/1247
f 784/812/1247 795/823/1246 794/822/1246
f 786/814/1248 796/824/1249 795/823/1249
f 795/823/1249 784/812/1249 786/814/1248
f 786/814/1250 788/816/1250 797/825/1251
f 797/825/1251 796/824/1250 786/814/1250
f 797/825/1252 788/816/1253 790/818/1254
f 790/818/1254 798/826/1252 797/825/1252
f 792/820/1255 799/827/1256 800/828/1255
f 800/828/1255 791/819/1255 792/820/1255
f 799/827/1257 792/820/1258 793/821/1259
f 793/821/1259 801/829/1257 799/827/1257
f 794/822/1260 802/830/1260 801/829/1260
f 801/829/1260 793/821/1260 794/822/1260
f 794/822/1261 795/823/1262 803/831/1262
f 803/831/1262 802/830/1262 794/822/1261
f 803/831/1263 795/823/1263 796/824/1263
f 796/824/1263 804/832/1263 803/831/1263
f 797/825/1264 805/833/1265 804/832/1265
f 804/832/1265 796/824/1265 797/825/1264
f 797/825/1266 798/826/1266 806/834/1266
f 806/834/1266 805/833/1266 797/825/1266
f 799/827/1267 807/835/1267 808/836/1268
f 808/836/1268 800/828/1269 799/827/1267
f 809/837/1270 807/835/1271 799/827/1271
f 799/827/1271 801/829/1270 809/837/1270
f 810/838/1272 809/837/1272 801/829/1272
f 801/829/1272 802/830/1273 810/838/1272
f 802/830/1274 803/831/1274 811/839/1274
f 811/839/1274 810/838/1274 802/830/1274
f 804/832/1275 812/840/1275 811/839/1275
f 811/839/1275 803/831/1275 804/832/1275
f 813/841/1276 812/840/1277 804/832/1276
f 804/832/1276 805/833/1276 813/841/1276
f 806/834/1278 814/842/1278 813/841/1279
f 813/841/1279 805/833/1278 806/834/1278
f 815/843/1280 816/844/1280 808/836/1280
f 808/836/1280 807/835/1280 815/843/1280
f 809/837/1281 817/845/1281 815/843/1281
f 815/843/1281 807/835/1281 809/837/1281
f 818/846/1282 817/845/1283 809/837/1282
f 809/837/1282 810/838/1282 818/846/1282
f 819/847/1284 818/846/1284 810/838/1284
f 810/838/1284 811/839/1284 819/847/1284
f 811/839/1285 812/840/1285 820/848/1285
f 820/848/1285 819/847/1285 811/839/1285
f 813/841/1286 821/849/1286 820/848/1286
f 820/848/1286 812/840/1286 813/841/1286
f 822/850/1287 821/849/1287 813/841/1287
f 813/841/1287 814/842/1287 822/850/1287
f 815/843/1288 823/851/1288 824/852/1289
f 824/852/1289 816/844/1288 815/843/1288
f 825/853/1290 823/851/1290 815/843/1290
f 815/843/1290 817/845/1290 825/853/1290
f 818/846/1291 826/854/1292 825/853/1292
f 825/853/1292 817/845/1291 818/846/1291
f 827/855/1293 826/854/1293 818/846/1293
f 818/846/1293 819/847/1293 827/855/1293
f 828/856/1294 827/855/1294 819/847/1294
f 819/847/1294 820/848/1294 828/856/1294
f 820/848/1295 821/849/1296 829/857/1295
f 829/857/1295 828/856/1295 820/848/1295
f 822/850/1297 830/858/1298 829/857/1297
f 829/857/1297 821/849/1297 822/850/1297
f 734/762/1299 666/694/1300 665/693/1300
f 665/693/1300 735/763/1300 734/762/1299
f 674/702/1301 666/694/1301 734/762/1301
f 734/762/1301 736/764/1301 674/702/1301
f 682/710/1302 674/702/1303 736/764/1303
f 736/764/1303 737/765/1303 682/710/1302
f 737/765/1304 738/766/1304 690/718/1304
f 690/718/1304 682/710/1304 737/765/1304
f 753/781/1305 824/852/1305 823/851/1305
f 823/851/1305 754/782/1305 753/781/1305
f 825/853/1306 762/790/1306 754/782/1306
f 754/782/1306 823/851/1306 825/853/1306
f 770/798/1307 762/790/1308 825/853/1307
f 825/853/1307 826/854/1307 770/798/1307
f 826/854/1309 827/855/1310 774/802/1310
f 774/802/1310 770/798/1310 826/854/1309
f 828/856/1311 831/859/1312 774/802/1311
f 774/802/1311 827/855/1313 828/856/1311
f 700/728/1136 699/727/1135 790/818/1238
f 790/818/1238 789/817/1237 700/728/1136
f 699/727/1314 701/729/1314 798/826/1315
f 798/826/1315 790/818/1314 699/727/1314
f 701/729/1316 702/730/1317 806/834/1316
f 806/834/1316 798/826/1317 701/729/1316
f 702/730/1318 703/731/1318 814/842/1318
f 814/842/1318 806/834/1318 702/730/1318
f 822/850/1319 814/842/1319 703/731/1319
f 703/731/1319 704/732/1320 822/850/1319
f 704/732/1321 705/733/1322 830/858/1322
f 830/858/1322 822/850/1321 704/732/1321
f 832/860/1323 833/861/1324 834/862/1323
f 834/862/1323 652/680/1323 832/860/1323
f 653/681/1325 652/680/1325 834/862/1325
f 834/862/1325 835/863/1325 653/681/1325
f 655/683/1326 653/681/1326 835/863/1327
f 835/863/1327 836/864/1326 655/683/1326
f 655/683/1328 836/864/1328 837/865/1328
f 837/865/1328 657/685/1328 655/683/1328
f 657/685/1329 837/865/1329 838/866/1330
f 838/866/1330 659/687/1329 657/685/1329
f 659/687/1331 838/866/1332 839/867/1331
f 839/867/1331 661/689/1332 659/687/1331
f 664/692/1333 661/689/1333 839/867/1333
f 839/867/1333 840/868/1333 664/692/1333
f 664/692/1334 840/868/1334 841/869/1334
f 841/869/1334 665/693/1334 664/692/1334
f 652/680/1335 651/679/1335 842/870/1335
f 842/870/1335 832/860/1335 652/680/1335
f 843/871/1336 842/870/1336 651/679/1337
f 651/679/1337 668/696/1336 843/871/1336
f 844/872/1338 843/871/1338 668/696/1338
f 668/696/1338 675/703/1339 844/872/1338
f 684/712/1340 845/873/1340 844/872/1340
f 844/872/1340 675/703/1340 684/712/1340
f 846/874/1341 845/873/1342 684/712/1342
f 684/712/1342 692/720/1343 846/874/1341
f 846/874/1341 692/720/1343 700/728/1344
f 700/728/1344 847/875/1345 846/874/1341
f 848/876/1346 847/875/1345 700/728/1344
f 700/728/1344 789/817/1347 848/876/1346
f 379/374/1348 706/734/1349 849/877/1349
f 849/877/1349 380/375/1349 379/374/1348
f 707/735/1350 706/734/1351 379/374/1350
f 379/374/1350 378/373/1350 707/735/1350
f 378/373/1352 377/372/1353 710/738/1352
f 710/738/1352 707/735/1352 378/373/1352
f 710/738/1354 377/372/1355 376/371/1354
f 376/371/1354 712/740/1355 710/738/1354
f 706/734/1356 709/737/1357 850/878/1356
f 850/878/1356 849/877/1356 706/734/1356
f 851/879/1358 850/878/1359 709/737/1359
f 709/737/1359 715/743/1358 851/879/1358
f 715/743/1360 719/747/1360 852/880/1360
f 852/880/1360 851/879/1360 715/743/1360
f 853/881/1361 852/880/1361 719/747/1361
f 719/747/1361 725/753/1361 853/881/1361
f 854/882/1362 853/881/1363 725/753/1362
f 725/753/1362 730/758/1363 854/882/1362
f 855/883/1364 854/882/1364 730/758/1364
f 730/758/1364 735/763/1364 855/883/1364
f 665/693/1365 841/869/1365 855/883/1365
f 855/883/1365 735/763/1365 665/693/1365
f 281/271/1366 650/884/1366 740/768/1366
f 740/768/1366 282/272/1366 281/271/1366
f 741/769/1367 740/768/1367 650/884/1367
f 650/884/1367 649/885/1367 741/769/1367
f 649/885/1368 648/886/1368 743/771/1368
f 743/771/1368 741/769/1369 649/885/1368
f 745/773/1370 743/771/1371 648/886/1371
f 648/886/1371 647/887/1370 745/773/1370
f 747/775/1372 745/773/1373 647/887/1372
f 647/887/1372 646/888/1374 747/775/1372
f 747/775/1375 646/888/1375 645/889/1375
f 645/889/1375 749/777/1375 747/775/1375
f 751/779/1376 749/777/1376 645/889/1376
f 645/889/1376 644/890/1376 751/779/1376
f 753/781/1377 751/779/1378 644/890/1378
f 644/890/1378 643/891/1377 753/781/1377
f 739/767/1379 283/273/1380 282/272/1380
f 282/272/1380 740/768/1379 739/767/1379
f 283/273/1381 739/767/1381 756/784/1381
f 756/784/1381 284/274/1382 283/273/1381
f 764/792/1383 285/275/1383 284/274/1383
f 284/274/1383 756/784/1384 764/792/1383
f 636/633/1385 856/892/1386 778/806/1385
f 778/806/1385 635/893/1385 636/633/1385
f 775/803/1387 778/806/1387 856/892/1387
f 856/892/1387 857/894/1387 775/803/1387
f 775/803/1388 857/894/1389 858/895/1388
f 858/895/1388 779/807/1389 775/803/1388
f 781/809/1390 779/807/1390 858/895/1390
f 858/895/1390 859/896/1390 781/809/1390
f 859/896/1391 860/897/1391 783/811/1391
f 783/811/1391 781/809/1391 859/896/1391
f 783/811/1392 860/897/1392 861/898/1393
f 861/898/1393 785/813/1394 783/811/1392
f 787/815/1395 785/813/1394 861/898/1393
f 861/898/1393 862/899/1396 787/815/1395
f 789/817/1347 787/815/1395 862/899/1396
f 862/899/1396 848/876/1346 789/817/1347
f 637/900/1397 635/893/1398 778/806/1397
f 778/806/1397 777/805/1397 637/900/1397
f 791/819/1399 638/901/1399 637/900/1399
f 637/900/1399 777/805/1399 791/819/1399
f 639/902/1400 638/901/1400 791/819/1400
f 791/819/1400 800/828/1401 639/902/1400
f 639/902/1402 800/828/1402 808/836/1402
f 808/836/1402 640/903/1402 639/902/1402
f 816/844/1403 641/904/1403 640/903/1403
f 640/903/1403 808/836/1403 816/844/1403
f 642/905/1404 641/904/1404 816/844/1405
f 816/844/1405 824/852/1404 642/905/1404
f 643/891/1406 642/905/1407 824/852/1407
f 824/852/1407 753/781/1407 643/891/1406
f 863/906/1408 864/907/1408 865/908/1408
f 865/908/1408 866/909/1408 863/906/1408
f 865/908/1409 867/910/1409 868/911/1410
f 868/911/1410 866/909/1409 865/908/1409
f 868/911/1411 867/910/1411 869/912/1411
f 869/912/1411 870/913/1411 868/911/1411
f 870/913/1412 869/912/1412 871/914/1412
f 871/914/1412 872/915/1412 870/913/1412
f 872/915/1413 871/914/1413 873/916/1413
f 873/916/1413 874/917/1413 872/915/1413
f 874/917/1414 873/916/1415 875/918/1414
f 875/918/1414 876/919/1414 874/917/1414
f 876/919/1416 875/918/1416 877/920/1417
f 877/920/1417 878/921/1418 876/919/1416
f 878/921/1419 877/920/1420 879/922/1420
f 879/922/1420 880/923/1420 878/921/1419
f 881/924/1421 880/923/1422 879/922/1423
f 879/922/1423 882/925/1424 881/924/1421
f 883/926/1425 881/924/1425 882/925/1425
f 882/925/1425 884/927/1426 883/926/1425
f 885/928/1427 883/926/1428 884/927/1429
f 884/927/1429 886/929/1429 885/928/1427
f 887/930/1430 885/928/1431 886/929/1430
f 886/929/1430 888/931/1430 887/930/1430
f 889/932/1432 887/930/1432 888/931/1432
f 888/931/1432 890/933/1432 889/932/1432
f 889/932/1433 890/933/1433 891/934/1433
f 891/934/1433 892/935/1433 889/932/1433
f 893/936/1434 863/906/1434 866/909/1434
f 866/909/1434 894/937/1434 893/936/1434
f 894/937/1435 866/909/1435 868/911/1435
f 868/911/1435 895/938/1435 894/937/1435
f 895/938/1436 868/911/1436 870/913/1436
f 870/913/1436 896/939/1436 895/938/1436
f 896/939/1437 870/913/1437 872/915/1437
f 872/915/1437 897/940/1437 896/939/1437
f 898/941/1438 897/940/1438 872/915/1439
f 872/915/1439 874/917/1438 898/941/1438
f 898/941/1440 874/917/1440 876/919/1440
f 876/919/1440 899/942/1440 898/941/1440
f 899/942/1441 876/919/1442 878/921/1443
f 878/921/1443 900/943/1444 899/942/1441
f 880/923/1445 901/944/1446 900/943/1447
f 900/943/1447 878/921/1448 880/923/1445
f 901/944/1449 880/923/1450 881/924/1451
f 881/924/1451 902/945/1452 901/944/1449
f 902/945/1453 881/924/1454 883/926/1453
f 883/926/1453 903/946/1455 902/945/1453
f 903/946/1456 883/926/1456 885/928/1456
f 885/928/1456 904/947/1457 903/946/1456
f 904/947/1458 885/928/1458 887/930/1458
f 887/930/1458 905/948/1458 904/947/1458
f 905/948/1459 887/930/1459 889/932/1459
f 889/932/1459 906/949/1459 905/948/1459
f 907/950/1460 906/949/1460 889/932/1460
f 889/932/1460 892/935/1460 907/950/1460
f 908/951/1461 893/936/1461 894/937/1461
f 894/937/1461 909/952/1461 908/951/1461
f 895/938/1462 910/953/1462 909/952/1462
f 909/952/1462 894/937/1462 895/938/1462
f 910/953/1463 895/938/1464 896/939/1463
f 896/939/1463 911/954/1463 910/953/1463
f 911/954/1465 896/939/1465 897/940/1465
f 897/940/1465 912/955/1465 911/954/1465
f 912/955/1466 897/940/1466 898/941/1466
f 898/941/1466 913/956/1466 912/955/1466
f 913/956/1467 898/941/1468 899/942/1467
f 899/942/1467 914/957/1467 913/956/1467
f 914/957/1469 899/942/1469 900/943/1469
f 900/943/1469 915/958/1469 914/957/1469
f 916/959/1470 915/958/1471 900/943/1472
f 900/943/1472 901/944/1472 916/959/1470
f 916/959/1473 901/944/1474 902/945/1473
f 902/945/1473 917/960/1475 916/959/1473
f 917/960/1476 902/945/1477 903/946/1478
f 903/946/1478 918/961/1477 917/960/1476
f 904/947/1479 919/962/1479 918/961/1479
f 918/961/1479 903/946/1479 904/947/1479
f 919/962/1480 904/947/1480 905/948/1480
f 905/948/1480 920/963/1480 919/962/1480
f 920/963/1481 905/948/1481 906/949/1481
f 906/949/1481 921/964/1481 920/963/1481
f 921/964/1482 906/949/1482 907/950/1482
f 907/950/1482 922/965/1482 921/964/1482
f 923/966/1483 908/951/1483 909/952/1483
f 909/952/1483 924/967/1483 923/966/1483
f 925/968/1484 924/967/1484 909/952/1484
f 909/952/1484 910/953/1484 925/968/1484
f 925/968/1485 910/953/1485 911/954/1485
f 911/954/1485 926/969/1485 925/968/1485
f 926/969/1486 911/954/1486 912/955/1486
f 912/955/1486 927/970/1486 926/969/1486
f 913/956/1487 928/971/1487 927/970/1487
f 927/970/1487 912/955/1487 913/956/1487
f 928/971/1488 913/956/1488 914/957/1489
f 914/957/1489 929/972/1488 928/971/1488
f 929/972/1490 914/957/1490 915/958/1491
f 915/958/1491 930/973/1492 929/972/1490
f 930/973/1493 915/958/1494 916/959/1493
f 916/959/1493 931/974/1495 930/973/1493
f 931/974/1496 916/959/1497 917/960/1498
f 917/960/1498 932/975/1499 931/974/1496
f 932/975/1500 917/960/1500 918/961/1500
f 918/961/1500 933/976/1500 932/975/1500
f 934/977/1501 933/976/1502 918/961/1501
f 918/961/1501 919/962/1501 934/977/1501
f 934/977/1503 919/962/1504 920/963/1505
f 920/963/1505 935/978/1505 934/977/1503
f 935/978/1506 920/963/1506 921/964/1506
f 921/964/1506 936/979/1506 935/978/1506
f 922/965/1507 937/980/1507 936/979/1507
f 936/979/1507 921/964/1507 922/965/1507
f 938/981/1508 923/966/1508 924/967/1508
f 924/967/1508 939/982/1508 938/981/1508
f 939/982/1509 924/967/1509 925/968/1510
f 925/968/1510 940/983/1511 939/982/1509
f 940/983/1512 925/968/1512 926/969/1512
f 926/969/1512 941/984/1512 940/983/1512
f 941/984/1513 926/969/1513 927/970/1513
f 927/970/1513 942/985/1514 941/984/1513
f 943/986/1515 942/985/1516 927/970/1515
f 927/970/1515 928/971/1515 943/986/1515
f 943/986/1517 928/971/1517 929/972/1518
f 929/972/1518 944/987/1517 943/986/1517
f 944/987/1519 929/972/1520 930/973/1519
f 930/973/1519 945/988/1519 944/987/1519
f 931/974/1521 946/989/1521 945/988/1521
f 945/988/1521 930/973/1522 931/974/1521
f 946/989/1523 931/974/1524 932/975/1525
f 932/975/1525 947/990/1526 946/989/1523
f 947/990/1527 932/975/1527 933/976/1527
f 933/976/1527 948/991/1527 947/990/1527
f 948/991/1528 933/976/1528 934/977/1528
f 934/977/1528 949/992/1528 948/991/1528
f 949/992/1529 934/977/1530 935/978/1529
f 935/978/1529 950/993/1531 949/992/1529
f 950/993/1532 935/978/1532 936/979/1533
f 936/979/1533 951/994/1532 950/993/1532
f 952/995/1534 951/994/1534 936/979/1534
f 936/979/1534 937/980/1534 952/995/1534
f 953/996/1535 938/981/1536 939/982/1535
f 939/982/1535 954/997/1537 953/996/1535
f 940/983/1538 955/998/1538 954/997/1538
f 954/997/1538 939/982/1538 940/983/1538
f 955/998/1539 940/983/1539 941/984/1539
f 941/984/1539 956/999/1539 955/998/1539
f 956/999/1540 941/984/1540 942/985/1540
f 942/985/1540 957/1000/1540 956/999/1540
f 957/1000/1541 942/985/1542 943/986/1541
f 943/986/1541 958/1001/1543 957/1000/1541
f 958/1001/1544 943/986/1545 944/987/1546
f 944/987/1546 959/1002/1546 958/1001/1544
f 959/1002/1547 944/987/1547 945/988/1548
f 945/988/1548 960/1003/1547 959/1002/1547
f 961/1004/1549 960/1003/1550 945/988/1550
f 945/988/1550 946/989/1551 961/1004/1549
f 961/1004/1552 946/989/1552 947/990/1553
f 947/990/1553 962/1005/1553 961/1004/1552
f 962/1005/1554 947/990/1555 948/991/1555
f 948/991/1555 963/1006/1555 962/1005/1554
f 949/992/1556 964/1007/1557 963/1006/1557
f 963/1006/1557 948/991/1556 949/992/1556
f 964/1007/1558 949/992/1558 950/993/1558
f 950/993/1558 965/1008/1558 964/1007/1558
f 965/1008/1559 950/993/1559 951/994/1559
f 951/994/1559 966/1009/1559 965/1008/1559
f 966/1009/1560 951/994/1560 952/995/1560
f 952/995/1560 967/1010/1560 966/1009/1560
f 968/1011/1561 953/996/1561 954/997/1561
f 954/997/1561 969/1012/1561 968/1011/1561
f 970/1013/1562 969/1012/1562 954/997/1562
f 954/997/1562 955/998/1562 970/1013/1562
f 970/1013/1563 955/998/1563 956/999/1564
f 956/999/1564 971/1014/1565 970/1013/1563
f 971/1014/1566 956/999/1566 957/1000/1567
f 957/1000/1567 972/1015/1567 971/1014/1566
f 958/1001/1568 973/1016/1568 972/1015/1569
f 972/1015/1569 957/1000/1568 958/1001/1568
f 973/1016/1570 958/1001/1571 959/1002/1570
f 959/1002/1570 974/1017/1572 973/1016/1570
f 974/1017/1573 959/1002/1574 960/1003/1574
f 960/1003/1574 975/1018/1575 974/1017/1573
f 975/1018/1576 960/1003/1577 961/1004/1576
f 961/1004/1576 976/1019/1578 975/1018/1576
f 976/1019/1579 961/1004/1579 962/1005/1579
f 962/1005/1579 977/1020/1579 976/1019/1579
f 977/1020/1580 962/1005/1580 963/1006/1580
f 963/1006/1580 978/1021/1580 977/1020/1580
f 979/1022/1581 978/1021/1582 963/1006/1583
f 963/1006/1583 964/1007/1584 979/1022/1581
f 979/1022/1585 964/1007/1585 965/1008/1586
f 965/1008/1586 980/1023/1587 979/1022/1585
f 980/1023/1588 965/1008/1588 966/1009/1589
f 966/1009/1589 981/1024/1589 980/1023/1588
f 967/1010/1590 982/1025/1590 981/1024/1590
f 981/1024/1590 966/1009/1590 967/1010/1590
f 983/1026/1591 968/1011/1591 969/1012/1591
f 969/1012/1591 984/1027/1591 983/1026/1591
f 984/1027/1592 969/1012/1592 970/1013/1592
f 970/1013/1592 985/1028/1592 984/1027/1592
f 985/1028/1593 970/1013/1594 971/1014/1595
f 971/1014/1595 986/1029/1596 985/1028/1593
f 986/1029/1597 971/1014/1598 972/1015/1599
f 972/1015/1599 987/1030/1600 986/1029/1597
f 988/1031/1601 987/1030/1602 972/1015/1601
f 972/1015/1601 973/1016/1603 988/1031/1601
f 988/1031/1604 973/1016/1605 974/1017/1606
f 974/1017/1606 989/1032/1607 988/1031/1604
f 989/1032/1608 974/1017/1609 975/1018/1610
f 975/1018/1610 990/1033/1611 989/1032/1608
f 976/1019/1612 991/1034/1613 990/1033/1614
f 990/1033/1614 975/1018/1612 976/1019/1612
f 991/1034/1615 976/1019/1616 977/1020/1615
f 977/1020/1615 992/1035/1615 991/1034/1615
f 992/1035/1617 977/1020/1617 978/1021/1618
f 978/1021/1618 993/1036/1618 992/1035/1617
f 993/1036/1619 978/1021/1620 979/1022/1621
f 979/1022/1621 994/1037/1621 993/1036/1619
f 994/1037/1622 979/1022/1623 980/1023/1622
f 980/1023/1622 995/1038/1622 994/1037/1622
f 995/1038/1624 980/1023/1624 981/1024/1624
f 981/1024/1624 996/1039/1624 995/1038/1624
f 997/1040/1625 996/1039/1625 981/1024/1625
f 981/1024/1625 982/1025/1625 997/1040/1625
f 998/1041/1626 983/1026/1626 984/1027/1626
f 984/1027/1626 999/1042/1626 998/1041/1626
f 985/1028/1627 1000/1043/1627 999/1042/1628
f 999/1042/1628 984/1027/1629 985/1028/1627
f 1000/1043/1630 985/1028/1631 986/1029/1630
f 986/1029/1630 1001/1044/1632 1000/1043/1630
f 1001/1044/1633 986/1029/1633 987/1030/1633
f 987/1030/1633 1002/1045/1634 1001/1044/1633
f 1002/1045/1635 987/1030/1635 988/1031/1636
f 988/1031/1636 1003/1046/1637 1002/1045/1635
f 1003/1046/1638 988/1031/1639 989/1032/1640
f 989/1032/1640 1004/1047/1641 1003/1046/1638
f 1004/1047/1642 989/1032/1643 990/1033/1644
f 990/1033/1644 1005/1048/1645 1004/1047/1642
f 1006/1049/1646 1005/1048/1647 990/1033/1648
f 990/1033/1648 991/1034/1647 1006/1049/1646
f 1006/1049/1649 991/1034/1649 992/1035/1649
f 992/1035/1649 1007/1050/1649 1006/1049/1649
f 1007/1050/1650 992/1035/1650 993/1036/1650
f 993/1036/1650 1008/1051/1650 1007/1050/1650
f 994/1037/1651 1009/1052/1651 1008/1051/1652
f 1008/1051/1652 993/1036/1652 994/1037/1651
f 1009/1052/1653 994/1037/1653 995/1038/1653
f 995/1038/1653 1010/1053/1653 1009/1052/1653
f 1010/1053/1654 995/1038/1654 996/1039/1655
f 996/1039/1655 1011/1054/1655 1010/1053/1654
f 1011/1054/1656 996/1039/1656 997/1040/1656
f 997/1040/1656 1012/1055/1656 1011/1054/1656
f 1013/1056/1657 998/1041/1657 999/1042/1657
f 999/1042/1657 1014/1057/1657 1013/1056/1657
f 1015/1058/1658 1014/1057/1659 999/1042/1658
f 999/1042/1658 1000/1043/1658 1015/1058/1658
f 1015/1058/1660 1000/1043/1660 1001/1044/1660
f 1001/1044/1660 1016/1059/1661 1015/1058/1660
f 1016/1059/1662 1001/1044/1662 1002/1045/1662
f 1002/1045/1662 1017/1060/1662 1016/1059/1662
f 1003/1046/1663 1018/1061/1664 1017/1060/1664
f 1017/1060/1664 1002/1045/1665 1003/1046/1663
f 1018/1061/1666 1003/1046/1666 1004/1047/1667
f 1004/1047/1667 1019/1062/1666 1018/1061/1666
f 1019/1062/1668 1004/1047/1669 1005/1048/1670
f 1005/1048/1670 1020/1063/1671 1019/1062/1668
f 1020/1063/1672 1005/1048/1672 1006/1049/1673
f 1006/1049/1673 1021/1064/1673 1020/1063/1672
f 1021/1064/1674 1006/1049/1675 1007/1050/1675
f 1007/1050/1675 1022/1065/1675 1021/1064/1674
f 1022/1065/1676 1007/1050/1676 1008/1051/1676
f 1008/1051/1676 1023/1066/1676 1022/1065/1676
f 1024/1067/1677 1023/1066/1677 1008/1051/1677
f 1008/1051/1677 1009/1052/1677 1024/1067/1677
f 1024/1067/1678 1009/1052/1678 1010/1053/1679
f 1010/1053/1679 1025/1068/1678 1024/1067/1678
f 1025/1068/1680 1010/1053/1680 1011/1054/1680
f 1011/1054/1680 1026/1069/1680 1025/1068/1680
f 1012/1055/1681 1027/1070/1681 1026/1069/1681
f 1026/1069/1681 1011/1054/1681 1012/1055/1681
f 1028/1071/1682 1013/1056/1682 1014/1057/1682
f 1014/1057/1682 1029/1072/1682 1028/1071/1682
f 1029/1072/1683 1014/1057/1683 1015/1058/1683
f 1015/1058/1683 1030/1073/1683 1029/1072/1683
f 1030/1073/1684 1015/1058/1684 1016/1059/1684
f 1016/1059/1684 1031/1074/1684 1030/1073/1684
f 1031/1074/1685 1016/1059/1685 1017/1060/1685
f 1017/1060/1685 1032/1075/1685 1031/1074/1685
f 1033/1076/1686 1032/1075/1686 1017/1060/1686
f 1017/1060/1686 1018/1061/1686 1033/1076/1686
f 1033/1076/1687 1018/1061/1687 1019/1062/1688
f 1019/1062/1688 1034/1077/1687 1033/1076/1687
f 1034/1077/1689 1019/1062/1690 1020/1063/1691
f 1020/1063/1691 1035/1078/1691 1034/1077/1689
f 1021/1064/1692 1036/1079/1692 1035/1078/1692
f 1035/1078/1692 1020/1063/1692 1021/1064/1692
f 1036/1079/1693 1021/1064/1693 1022/1065/1693
f 1022/1065/1693 1037/1080/1693 1036/1079/1693
f 1037/1080/1694 1022/1065/1694 1023/1066/1694
f 1023/1066/1694 1038/1081/1694 1037/1080/1694
f 1038/1081/1695 1023/1066/1695 1024/1067/1695
f 1024/1067/1695 1039/1082/1695 1038/1081/1695
f 1039/1082/1696 1024/1067/1696 1025/1068/1697
f 1025/1068/1697 1040/1083/1697 1039/1082/1696
f 1040/1083/1698 1025/1068/1698 1026/1069/1698
f 1026/1069/1698 1041/1084/1698 1040/1083/1698
f 1042/1085/1699 1041/1084/1699 1026/1069/1699
f 1026/1069/1699 1027/1070/1699 1042/1085/1699
f 1043/1086/1700 1028/1071/1700 1029/1072/1700
f 1029/1072/1700 1044/1087/1700 1043/1086/1700
f 1030/1073/1701 1045/1088/1702 1044/1087/1702
f 1044/1087/1702 1029/1072/1702 1030/1073/1701
f 1045/1088/1703 1030/1073/1703 1031/1074/1704
f 1031/1074/1704 1046/1089/1704 1045/1088/1703
f 1046/1089/1705 1031/1074/1705 1032/1075/1705
f 1032/1075/1705 1047/1090/1706 1046/1089/1705
f 1047/1090/1707 1032/1075/1707 1033/1076/1707
f 1033/1076/1707 1048/1091/1708 1047/1090/1707
f 1048/1091/1709 1033/1076/1709 1034/1077/1709
f 1034/1077/1709 1049/1092/1709 1048/1091/1709
f 1049/1092/1710 1034/1077/1711 1035/1078/1712
f 1035/1078/1712 1050/1093/1713 1049/1092/1710
f 1051/1094/1714 1050/1093/1715 1035/1078/1716
f 1035/1078/1716 1036/1079/1717 1051/1094/1714
f 1051/1094/1718 1036/1079/1719 1037/1080/1719
f 1037/1080/1719 1052/1095/1719 1051/1094/1718
f 1052/1095/1720 1037/1080/1720 1038/1081/1720
f 1038/1081/1720 1053/1096/1721 1052/1095/1720
f 1039/1082/1722 1054/1097/1723 1053/1096/1722
f 1053/1096/1722 1038/1081/1722 1039/1082/1722
f 1054/1097/1724 1039/1082/1724 1040/1083/1724
f 1040/1083/1724 1055/1098/1724 1054/1097/1724
f 1055/1098/1725 1040/1083/1725 1041/1084/1726
f 1041/1084/1726 1056/1099/1725 1055/1098/1725
f 1056/1099/1727 1041/1084/1727 1042/1085/1727
f 1042/1085/1727 1057/1100/1728 1056/1099/1727
f 1058/1101/1729 1043/1086/1729 1044/1087/1729
f 1044/1087/1729 1059/1102/1729 1058/1101/1729
f 1060/1103/1730 1059/1102/1731 1044/1087/1731
f 1044/1087/1731 1045/1088/1731 1060/1103/1730
f 1060/1103/1732 1045/1088/1732 1046/1089/1733
f 1046/1089/1733 1061/1104/1733 1060/1103/1732
f 1061/1104/1734 1046/1089/1734 1047/1090/1734
f 1047/1090/1734 1062/1105/1734 1061/1104/1734
f 1048/1091/1735 1063/1106/1735 1062/1105/1736
f 1062/1105/1736 1047/1090/1736 1048/1091/1735
f 1063/1106/1737 1048/1091/1738 1049/1092/1739
f 1049/1092/1739 1064/1107/1740 1063/1106/1737
f 1064/1107/1741 1049/1092/1742 1050/1093/1741
f 1050/1093/1741 1065/1108/1741 1064/1107/1741
f 1065/1108/1743 1050/1093/1744 1051/1094/1743
f 1051/1094/1743 1066/1109/1743 1065/1108/1743
f 1066/1109/1745 1051/1094/1746 1052/1095/1745
f 1052/1095/1745 1067/1110/1745 1066/1109/1745
f 1067/1110/1747 1052/1095/1747 1053/1096/1747
f 1053/1096/1747 1068/1111/1747 1067/1110/1747
f 1069/1112/1748 1068/1111/1749 1053/1096/1748
f 1053/1096/1748 1054/1097/1748 1069/1112/1748
f 1069/1112/1750 1054/1097/1750 1055/1098/1750
f 1055/1098/1750 1070/1113/1750 1069/1112/1750
f 1070/1113/1751 1055/1098/1751 1056/1099/1752
f 1056/1099/1752 1071/1114/1752 1070/1113/1751
f 1057/1100/1753 1072/1115/1753 1071/1114/1753
f 1071/1114/1753 1056/1099/1753 1057/1100/1753
f 1073/1116/1754 1058/1101/1754 1059/1102/1754
f 1059/1102/1754 1074/1117/1754 1073/1116/1754
f 1074/1117/1755 1059/1102/1755 1060/1103/1755
f 1060/1103/1755 1075/1118/1755 1074/1117/1755
f 1075/1118/1756 1060/1103/1756 1061/1104/1757
f 1061/1104/1757 1076/1119/1757 1075/1118/1756
f 1076/1119/1758 1061/1104/1759 1062/1105/1760
f 1062/1105/1760 1077/1120/1760 1076/1119/1758
f 1078/1121/1761 1077/1120/1762 1062/1105/1761
f 1062/1105/1761 1063/1106/1761 1078/1121/1761
f 1078/1121/1763 1063/1106/1763 1064/1107/1763
f 1064/1107/1763 1079/1122/1763 1078/1121/1763
f 1079/1122/1764 1064/1107/1765 1065/1108/1766
f 1065/1108/1766 1080/1123/1767 1079/1122/1764
f 1066/1109/1768 1081/1124/1769 1080/1123/1770
f 1080/1123/1770 1065/1108/1770 1066/1109/1768
f 1081/1124/1771 1066/1109/1772 1067/1110/1773
f 1067/1110/1773 1082/1125/1773 1081/1124/1771
f 1082/1125/1774 1067/1110/1774 1068/1111/1775
f 1068/1111/1775 1083/1126/1776 1082/1125/1774
f 1083/1126/1777 1068/1111/1777 1069/1112/1778
f 1069/1112/1778 1084/1127/1778 1083/1126/1777
f 1084/1127/1779 1069/1112/1780 1070/1113/1779
f 1070/1113/1779 1085/1128/1779 1084/1127/1779
f 1085/1128/1781 1070/1113/1781 1071/1114/1781
f 1071/1114/1781 1086/1129/1781 1085/1128/1781
f 1087/1130/1782 1086/1129/1782 1071/1114/1782
f 1071/1114/1782 1072/1115/1782 1087/1130/1782
f 833/861/1783 1088/1131/1783 864/907/1783
f 864/907/1783 834/1132/1783 833/861/1783
f 864/907/1784 1088/1131/1784 1089/1133/1784
f 1089/1133/1784 865/908/1784 864/907/1784
f 1089/1133/1785 1090/1134/1786 867/910/1786
f 867/910/1786 865/908/1786 1089/1133/1785
f 867/910/1787 1090/1134/1788 1091/1135/1788
f 1091/1135/1788 869/912/1788 867/910/1787
f 869/912/1789 1091/1135/1790 1092/1136/1791
f 1092/1136/1791 871/914/1789 869/912/1789
f 873/916/1792 871/914/1793 1092/1136/1794
f 1092/1136/1794 1093/1137/1792 873/916/1792
f 873/916/1795 1093/1137/1796 1094/1138/1796
f 1094/1138/1796 875/918/1796 873/916/1795
f 875/918/1797 1094/1138/1798 1095/1139/1799
f 1095/1139/1799 877/920/1800 875/918/1797
f 1096/1140/1801 879/922/1802 877/920/1803
f 877/920/1803 1095/1139/1804 1096/1140/1801
f 879/922/1805 1096/1140/1806 1097/1141/1807
f 1097/1141/1807 882/925/1808 879/922/1805
f 882/925/1809 1097/1141/1810 1098/1142/1809
f 1098/1142/1809 884/927/1811 882/925/1809
f 1099/1143/1812 886/929/1813 884/927/1814
f 884/927/1814 1098/1142/1815 1099/1143/1812
f 1100/1144/1816 888/931/1817 886/929/1818
f 886/929/1818 1099/1143/1819 1100/1144/1816
f 1101/1145/1820 890/933/1821 888/931/1822
f 888/931/1822 1100/1144/1820 1101/1145/1820
f 890/933/1823 1101/1145/1823 1102/1146/1823
f 1102/1146/1823 891/934/1823 890/933/1823
f 206/1147/1824 891/934/1824 1102/1146/1824
f 1102/1146/1824 207/1148/1824 206/1147/1824
f 892/935/1825 891/934/1826 206/1147/1826
f 206/1147/1826 214/1149/1826 892/935/1825
f 907/950/1827 892/935/1827 214/1149/1827
f 214/1149/1827 215/1150/1827 907/950/1827
f 216/1151/1828 922/965/1828 907/950/1828
f 907/950/1828 215/1150/1828 216/1151/1828
f 217/1152/1829 937/980/1829 922/965/1829
f 922/965/1829 216/1151/1830 217/1152/1829
f 218/1153/1831 952/995/1831 937/980/1831
f 937/980/1831 217/1152/1831 218/1153/1831
f 219/1154/1832 967/1010/1832 952/995/1832
f 952/995/1832 218/1153/1832 219/1154/1832
f 200/1155/1833 982/1025/1833 967/1010/1833
f 967/1010/1833 219/1154/1834 200/1155/1833
f 199/1156/1835 997/1040/1835 982/1025/1835
f 982/1025/1835 200/1155/1835 199/1156/1835
f 198/1157/1836 1012/1055/1836 997/1040/1836
f 997/1040/1836 199/1156/1837 198/1157/1836
f 197/1158/1838 1027/1070/1838 1012/1055/1838
f 1012/1055/1838 198/1157/1838 197/1158/1838
f 1027/1070/1839 197/1158/1839 196/1159/1839
f 196/1159/1839 1042/1085/1839 1027/1070/1839
f 1042/1085/1840 196/1159/1840 195/1160/1841
f 195/1160/1841 1057/1100/1840 1042/1085/1840
f 194/1161/1842 1072/1115/1842 1057/1100/1842
f 1057/1100/1842 195/1160/1842 194/1161/1842
f 1072/1115/1843 194/1161/1843 191/1162/1843
f 191/1162/1843 1087/1130/1843 1072/1115/1843
f 193/1163/1844 375/1164/1844 1087/1130/1845
f 1087/1130/1845 191/1162/1845 193/1163/1844
f 394/1165/1846 1086/1129/1846 1087/1130/1847
f 1087/1130/1847 375/1164/1847 394/1165/1846
f 1085/1128/1848 1086/1129/1849 394/1165/1850
f 394/1165/1850 393/1166/1848 1085/1128/1848
f 1084/1127/1851 1085/1128/1851 393/1166/1851
f 393/1166/1851 392/1167/1852 1084/1127/1851
f 392/1167/1853 391/1168/1854 1083/1126/1855
f 1083/1126/1855 1084/1127/1855 392/1167/1853
f 1082/1125/1856 1083/1126/1857 391/1168/1858
f 391/1168/1858 390/1169/1858 1082/1125/1856
f 1081/1124/1859 1082/1125/1860 390/1169/1861
f 390/1169/1861 389/1170/1862 1081/1124/1859
f 389/1170/1863 388/1171/1864 1080/1123/1865
f 1080/1123/1865 1081/1124/1866 389/1170/1863
f 388/1171/1867 387/1172/1868 1079/1122/1868
f 1079/1122/1868 1080/1123/1868 388/1171/1867
f 387/1172/1869 386/1173/1870 1078/1121/1870
f 1078/1121/1870 1079/1122/1871 387/1172/1869
f 1077/1120/1872 1078/1121/1873 386/1173/1873
f 386/1173/1873 385/1174/1874 1077/1120/1872
f 385/1174/1875 384/1175/1876 1076/1119/1875
f 1076/1119/1875 1077/1120/1875 385/1174/1875
f 384/1175/1877 383/1176/1877 1075/1118/1877
f 1075/1118/1877 1076/1119/1877 384/1175/1877
f 382/1177/1878 1074/1117/1878 1075/1118/1878
f 1075/1118/1878 383/1176/1878 382/1177/1878
f 382/1177/1879 381/1178/1879 1073/1116/1879
f 1073/1116/1879 1074/1117/1879 382/1177/1879
f 849/1179/1880 1073/1116/1880 381/1178/1881
f 381/1178/1881 380/1180/1882 849/1179/1880
f 849/1179/1883 850/1181/1883 1058/1101/1883
f 1058/1101/1883 1073/1116/1883 849/1179/1883
f 850/1181/1884 851/1182/1884 1043/1086/1884
f 1043/1086/1884 1058/1101/1884 850/1181/1884
f 851/1182/1885 852/1183/1885 1028/1071/1885
f 1028/1071/1885 1043/1086/1885 851/1182/1885
f 1028/1071/1886 852/1183/1886 853/1184/1886
f 853/1184/1886 1013/1056/1886 1028/1071/1886
f 853/1184/1887 854/1185/1888 998/1041/1887
f 998/1041/1887 1013/1056/1887 853/1184/1887
f 855/1186/1889 983/1026/1890 998/1041/1889
f 998/1041/1889 854/1185/1889 855/1186/1889
f 841/1187/1891 968/1011/1892 983/1026/1892
f 983/1026/1892 855/1186/1891 841/1187/1891
f 953/996/1893 968/1011/1893 841/1187/1893
f 841/1187/1893 840/1188/1893 953/996/1893
f 953/996/1894 840/1188/1894 839/1189/1894
f 839/1189/1894 938/981/1894 953/996/1894
f 839/1189/1895 838/1190/1895 923/966/1895
f 923/966/1895 938/981/1895 839/1189/1895
f 923/966/1896 838/1190/1896 837/1191/1896
f 837/1191/1896 908/951/1896 923/966/1896
f 908/951/1897 837/1191/1897 836/1192/1897
f 836/1192/1897 893/936/1897 908/951/1897
f 836/1192/1898 835/1193/1899 863/906/1898
f 863/906/1898 893/936/1898 836/1192/1898
f 835/1193/1900 834/1132/1900 864/907/1900
f 864/907/1900 863/906/1900 835/1193/1900
f 1103/1194/1901 1104/1195/1901 1105/1196/1901
f 1105/1196/1901 1106/1197/1901 1103/1194/1901
f 1107/1198/1902 1106/1197/1902 1105/1196/1902
f 1105/1196/1902 1108/1199/1902 1107/1198/1902
f 1107/1198/1903 1108/1199/1904 1109/1200/1904
f 1109/1200/1904 1110/1201/1904 1107/1198/1903
f 1110/1201/1905 1109/1200/1906 1111/1202/1905
f 1111/1202/1905 1112/1203/1905 1110/1201/1905
f 1113/1204/1907 1114/1205/1908 1112/1203/1909
f 1112/1203/1909 1111/1202/1907 1113/1204/1907
f 1114/1205/1910 1113/1204/1911 1115/1206/1912
f 1115/1206/1912 1116/1207/1912 1114/1205/1910
f 1116/1207/1913 1115/1206/1914 1117/1208/1915
f 1117/1208/1915 1118/1209/1914 1116/1207/1913
f 1118/1209/1916 1117/1208/1917 1119/1210/1917
f 1119/1210/1917 1120/1211/1918 1118/1209/1916
f 1120/1211/1919 1119/1210/1920 1121/1212/1921
f 1121/1212/1921 1122/1213/1922 1120/1211/1919
f 1122/1213/1923 1121/1212/1924 1123/1214/1924
f 1123/1214/1924 1124/1215/1923 1122/1213/1923
f 1125/1216/1925 1124/1215/1926 1123/1214/1927
f 1123/1214/1927 1126/1217/1925 1125/1216/1925
f 1125/1216/1928 1126/1217/1928 1127/1218/1928
f 1127/1218/1928 1128/1219/1928 1125/1216/1928
f 1128/1219/1929 1127/1218/1929 1129/1220/1929
f 1129/1220/1929 1130/1221/1929 1128/1219/1929
f 1131/1222/1930 1132/1223/1930 1130/1221/1930
f 1130/1221/1930 1129/1220/1930 1131/1222/1930
f 1133/1224/1931 1103/1194/1931 1106/1197/1931
f 1106/1197/1931 1134/1225/1931 1133/1224/1931
f 1134/1225/1932 1106/1197/1932 1107/1198/1932
f 1107/1198/1932 1135/1226/1932 1134/1225/1932
f 1135/1226/1933 1107/1198/1933 1110/1201/1933
f 1110/1201/1933 1136/1227/1933 1135/1226/1933
f 1136/1227/1934 1110/1201/1935 1112/1203/1934
f 1112/1203/1934 1137/1228/1934 1136/1227/1934
f 1138/1229/1936 1137/1228/1937 1112/1203/1937
f 1112/1203/1937 1114/1205/1938 1138/1229/1936
f 1138/1229/1939 1114/1205/1939 1116/1207/1939
f 1116/1207/1939 1139/1230/1939 1138/1229/1939
f 1139/1230/1940 1116/1207/1941 1118/1209/1940
f 1118/1209/1940 1140/1231/1942 1139/1230/1940
f 1120/1211/1943 1141/1232/1944 1140/1231/1943
f 1140/1231/1943 1118/1209/1945 1120/1211/1943
f 1141/1232/1946 1120/1211/1947 1122/1213/1948
f 1122/1213/1948 1142/1233/1947 1141/1232/1946
f 1142/1233/1949 1122/1213/1949 1124/1215/1949
f 1124/1215/1949 1143/1234/1949 1142/1233/1949
f 1143/1234/1950 1124/1215/1950 1125/1216/1950
f 1125/1216/1950 1144/1235/1950 1143/1234/1950
f 1144/1235/1951 1125/1216/1951 1128/1219/1951
f 1128/1219/1951 1145/1236/1951 1144/1235/1951
f 1145/1236/1952 1128/1219/1952 1130/1221/1952
f 1130/1221/1952 1146/1237/1952 1145/1236/1952
f 1147/1238/1953 1146/1237/1953 1130/1221/1953
f 1130/1221/1953 1132/1223/1953 1147/1238/1953
f 1148/1239/1954 1133/1224/1954 1134/1225/1954
f 1134/1225/1954 1149/1240/1954 1148/1239/1954
f 1135/1226/1955 1150/1241/1956 1149/1240/1957
f 1149/1240/1957 1134/1225/1955 1135/1226/1955
f 1150/1241/1958 1135/1226/1959 1136/1227/1959
f 1136/1227/1959 1151/1242/1960 1150/1241/1958
f 1151/1242/1961 1136/1227/1962 1137/1228/1962
f 1137/1228/1962 1152/1243/1963 1151/1242/1961
f 1152/1243/1964 1137/1228/1965 1138/1229/1965
f 1138/1229/1965 1153/1244/1966 1152/1243/1964
f 1153/1244/1967 1138/1229/1968 1139/1230/1968
f 1139/1230/1968 1154/1245/1969 1153/1244/1967
f 1154/1245/1970 1139/1230/1971 1140/1231/1972
f 1140/1231/1972 1155/1246/1973 1154/1245/1970
f 1156/1247/1974 1155/1246/1975 1140/1231/1976
f 1140/1231/1976 1141/1232/1977 1156/1247/1974
f 1156/1247/1978 1141/1232/1979 1142/1233/1980
f 1142/1233/1980 1157/1248/1981 1156/1247/1978
f 1157/1248/1982 1142/1233/1983 1143/1234/1983
f 1143/1234/1983 1158/1249/1984 1157/1248/1982
f 1144/1235/1985 1159/1250/1986 1158/1249/1987
f 1158/1249/1987 1143/1234/1988 1144/1235/1985
f 1159/1250/1989 1144/1235/1990 1145/1236/1990
f 1145/1236/1990 1160/1251/1991 1159/1250/1989
f 1160/1251/1992 1145/1236/1993 1146/1237/1994
f 1146/1237/1994 1161/1252/1995 1160/1251/1992
f 1161/1252/1996 1146/1237/1996 1147/1238/1996
f 1147/1238/1996 1162/1253/1996 1161/1252/1996
f 1163/1254/1997 1148/1239/1998 1149/1240/1998
f 1149/1240/1998 1164/1255/1999 1163/1254/1997
f 1165/1256/2000 1164/1255/2001 1149/1240/1957
f 1149/1240/1957 1150/1241/1956 1165/1256/2000
f 1165/1256/2002 1150/1241/1958 1151/1242/1960
f 1151/1242/1960 1166/1257/2003 1165/1256/2002
f 1166/1257/2004 1151/1242/1961 1152/1243/1963
f 1152/1243/1963 1167/1258/2005 1166/1257/2004
f 1153/1244/1966 1168/1259/2006 1167/1258/2007
f 1167/1258/2007 1152/1243/1964 1153/1244/1966
f 1168/1259/2008 1153/1244/1967 1154/1245/1969
f 1154/1245/1969 1169/1260/2009 1168/1259/2008
f 1169/1260/2010 1154/1245/1970 1155/1246/1973
f 1155/1246/1973 1170/1261/2011 1169/1260/2010
f 1170/1261/2012 1155/1246/1975 1156/1247/1974
f 1156/1247/1974 1171/1262/2013 1170/1261/2012
f 1171/1262/2014 1156/1247/1978 1157/1248/1981
f 1157/1248/1981 1172/1263/2015 1171/1262/2014
f 1172/1263/2016 1157/1248/1982 1158/1249/1984
f 1158/1249/1984 1173/1264/2017 1172/1263/2016
f 1174/1265/2018 1173/1264/2019 1158/1249/1987
f 1158/1249/1987 1159/1250/1986 1174/1265/2018
f 1174/1265/2020 1159/1250/1989 1160/1251/1991
f 1160/1251/1991 1175/1266/2021 1174/1265/2020
f 1175/1266/2022 1160/1251/1992 1161/1252/1995
f 1161/1252/1995 1176/1267/2023 1175/1266/2022
f 1162/1253/2024 1177/1268/2025 1176/1267/2026
f 1176/1267/2026 1161/1252/2024 1162/1253/2024
f 1178/1269/2027 1163/1254/1997 1164/1255/1999
f 1164/1255/1999 1179/1270/2028 1178/1269/2027
f 1179/1270/2029 1164/1255/2001 1165/1256/2000
f 1165/1256/2000 1180/1271/2030 1179/1270/2029
f 1181/1272/2031 1180/1271/2032 1165/1256/2002
f 1165/1256/2002 1166/1257/2003 1181/1272/2031
f 1182/1273/2033 1181/1272/2034 1166/1257/2004
f 1166/1257/2004 1167/1258/2005 1182/1273/2033
f 1168/1259/2006 1183/1274/2035 1182/1273/2036
f 1182/1273/2036 1167/1258/2007 1168/1259/2006
f 1184/1275/2037 1183/1274/2038 1168/1259/2008
f 1168/1259/2008 1169/1260/2009 1184/1275/2037
f 1185/1276/2039 1184/1275/2040 1169/1260/2010
f 1169/1260/2010 1170/1261/2011 1185/1276/2039
f 1185/1276/2041 1170/1261/2012 1171/1262/2013
f 1171/1262/2013 1186/1277/2042 1185/1276/2041
f 1187/1278/2043 1186/1277/2044 1171/1262/2014
f 1171/1262/2014 1172/1263/2015 1187/1278/2043
f 1188/1279/2045 1187/1278/2046 1172/1263/2016
f 1172/1263/2016 1173/1264/2017 1188/1279/2045
f 1188/1279/2047 1173/1264/2019 1174/1265/2018
f 1174/1265/2018 1189/1280/2048 1188/1279/2047
f 1190/1281/2049 1189/1280/2050 1174/1265/2020
f 1174/1265/2020 1175/1266/2021 1190/1281/2049
f 1191/1282/2051 1190/1281/2052 1175/1266/2022
f 1175/1266/2022 1176/1267/2023 1191/1282/2051
f 1177/1268/2025 1192/1283/2053 1191/1282/2054
f 1191/1282/2054 1176/1267/2026 1177/1268/2025
f 1193/1284/2055 1194/1285/2056 1178/1269/2027
f 1178/1269/2027 1179/1270/2028 1193/1284/2055
f 1180/1271/2030 1195/1286/2057 1193/1284/2058
f 1193/1284/2058 1179/1270/2029 1180/1271/2030
f 1196/1287/2059 1195/1286/2060 1180/1271/2032
f 1180/1271/2032 1181/1272/2031 1196/1287/2059
f 1197/1288/2061 1196/1287/2062 1181/1272/2034
f 1181/1272/2034 1182/1273/2033 1197/1288/2061
f 1182/1273/2036 1183/1274/2035 1198/1289/2063
f 1198/1289/2063 1197/1288/2064 1182/1273/2036
f 1184/1275/2037 1199/1290/2065 1198/1289/2066
f 1198/1289/2066 1183/1274/2038 1184/1275/2037
f 1185/1276/2039 1200/1291/2067 1199/1290/2068
f 1199/1290/2068 1184/1275/2040 1185/1276/2039
f 1200/1291/2069 1185/1276/2041 1186/1277/2042
f 1186/1277/2042 1201/1292/2070 1200/1291/2069
f 1187/1278/2043 1202/1293/2071 1201/1292/2072
f 1201/1292/2072 1186/1277/2044 1187/1278/2043
f 1188/1279/2045 1203/1294/2073 1202/1293/2074
f 1202/1293/2074 1187/1278/2046 1188/1279/2045
f 1189/1280/2048 1204/1295/2075 1203/1294/2076
f 1203/1294/2076 1188/1279/2047 1189/1280/2048
f 1205/1296/2077 1204/1295/2078 1189/1280/2050
f 1189/1280/2050 1190/1281/2049 1205/1296/2077
f 1206/1297/2079 1205/1296/2080 1190/1281/2052
f 1190/1281/2052 1191/1282/2051 1206/1297/2079
f 1191/1282/2054 1192/1283/2053 1207/1298/2081
f 1207/1298/2081 1206/1297/2082 1191/1282/2054
f 1193/1284/2055 1208/1299/2083 1209/1300/2084
f 1209/1300/2084 1194/1285/2056 1193/1284/2055
f 1208/1299/2085 1193/1284/2058 1195/1286/2057
f 1195/1286/2057 1210/1301/2086 1208/1299/2085
f 1196/1287/2059 1211/1302/2087 1210/1301/2088
f 1210/1301/2088 1195/1286/2060 1196/1287/2059
f 1197/1288/2061 1212/1303/2089 1211/1302/2090
f 1211/1302/2090 1196/1287/2062 1197/1288/2061
f 1198/1289/2063 1213/1304/2091 1212/1303/2092
f 1212/1303/2092 1197/1288/2064 1198/1289/2063
f 1214/1305/2093 1213/1304/2094 1198/1289/2066
f 1198/1289/2066 1199/1290/2065 1214/1305/2093
f 1215/1306/2095 1214/1305/2096 1199/1290/2068
f 1199/1290/2068 1200/1291/2067 1215/1306/2095
f 1200/1291/2069 1201/1292/2070 1216/1307/2097
f 1216/1307/2097 1215/1306/2098 1200/1291/2069
f 1202/1293/2071 1217/1308/2099 1216/1307/2100
f 1216/1307/2100 1201/1292/2072 1202/1293/2071
f 1203/1294/2073 1218/1309/2101 1217/1308/2102
f 1217/1308/2102 1202/1293/2074 1203/1294/2073
f 1218/1309/2103 1203/1294/2076 1204/1295/2075
f 1204/1295/2075 1219/1310/2104 1218/1309/2103
f 1205/1296/2077 1220/1311/2105 1219/1310/2106
f 1219/1310/2106 1204/1295/2078 1205/1296/2077
f 1206/1297/2079 1221/1312/2107 1220/1311/2108
f 1220/1311/2108 1205/1296/2080 1206/1297/2079
f 1207/1298/2081 1222/1313/2109 1221/1312/2110
f 1221/1312/2110 1206/1297/2082 1207/1298/2081
f 1223/1314/2111 1224/1315/2112 1209/1300/2084
f 1209/1300/2084 1208/1299/2083 1223/1314/2111
f 1208/1299/2085 1210/1301/2086 1225/1316/2113
f 1225/1316/2113 1223/1314/2114 1208/1299/2085
f 1211/1302/2087 1226/1317/2115 1225/1316/2116
f 1225/1316/2116 1210/1301/2088 1211/1302/2087
f 1212/1303/2089 1227/1318/2117 1226/1317/2118
f 1226/1317/2118 1211/1302/2090 1212/1303/2089
f 1227/1318/2119 1212/1303/2092 1213/1304/2091
f 1213/1304/2091 1228/1319/2120 1227/1318/2119
f 1214/1305/2093 1229/1320/2121 1228/1319/2122
f 1228/1319/2122 1213/1304/2094 1214/1305/2093
f 1215/1306/2095 1230/1321/2123 1229/1320/2124
f 1229/1320/2124 1214/1305/2096 1215/1306/2095
f 1216/1307/2097 1231/1322/2125 1230/1321/2126
f 1230/1321/2126 1215/1306/2098 1216/1307/2097
f 1232/1323/2127 1231/1322/2128 1216/1307/2100
f 1216/1307/2100 1217/1308/2099 1232/1323/2127
f 1233/1324/2129 1232/1323/2130 1217/1308/2102
f 1217/1308/2102 1218/1309/2101 1233/1324/2129
f 1218/1309/2103 1219/1310/2104 1234/1325/2131
f 1234/1325/2131 1233/1324/2132 1218/1309/2103
f 1220/1311/2105 1235/1326/2133 1234/1325/2134
f 1234/1325/2134 1219/1310/2106 1220/1311/2105
f 1221/1312/2107 1236/1327/2135 1235/1326/2136
f 1235/1326/2136 1220/1311/2108 1221/1312/2107
f 1236/1327/2137 1221/1312/2110 1222/1313/2109
f 1222/1313/2109 1237/1328/2138 1236/1327/2137
f 1223/1314/2111 1238/1329/2139 1239/1330/2140
f 1239/1330/2140 1224/1315/2112 1223/1314/2111
f 1225/1316/2113 1240/1331/2141 1238/1329/2142
f 1238/1329/2142 1223/1314/2114 1225/1316/2113
f 1241/1332/2143 1240/1331/2144 1225/1316/2116
f 1225/1316/2116 1226/1317/2115 1241/1332/2143
f 1242/1333/2145 1241/1332/2146 1226/1317/2118
f 1226/1317/2118 1227/1318/2117 1242/1333/2145
f 1227/1318/2119 1228/1319/2120 1243/1334/2147
f 1243/1334/2147 1242/1333/2148 1227/1318/2119
f 1229/1320/2121 1244/1335/2149 1243/1334/2150
f 1243/1334/2150 1228/1319/2122 1229/1320/2121
f 1230/1321/2123 1245/1336/2151 1244/1335/2152
f 1244/1335/2152 1229/1320/2124 1230/1321/2123
f 1245/1336/2153 1230/1321/2126 1231/1322/2125
f 1231/1322/2125 1246/1337/2154 1245/1336/2153
f 1232/1323/2127 1247/1338/2155 1246/1337/2156
f 1246/1337/2156 1231/1322/2128 1232/1323/2127
f 1233/1324/2129 1248/1339/2157 1247/1338/2158
f 1247/1338/2158 1232/1323/2130 1233/1324/2129
f 1234/1325/2131 1249/1340/2159 1248/1339/2160
f 1248/1339/2160 1233/1324/2132 1234/1325/2131
f 1250/1341/2161 1249/1340/2162 1234/1325/2134
f 1234/1325/2134 1235/1326/2133 1250/1341/2161
f 1251/1342/2163 1250/1341/2164 1235/1326/2136
f 1235/1326/2136 1236/1327/2135 1251/1342/2163
f 1236/1327/2137 1237/1328/2138 1252/1343/2165
f 1252/1343/2165 1251/1342/2166 1236/1327/2137
f 1238/1329/2139 1253/1344/2167 1254/1345/2168
f 1254/1345/2168 1239/1330/2140 1238/1329/2139
f 1253/1344/2169 1238/1329/2142 1240/1331/2141
f 1240/1331/2141 1255/1346/2170 1253/1344/2169
f 1241/1332/2143 1256/1347/2171 1255/1346/2172
f 1255/1346/2172 1240/1331/2144 1241/1332/2143
f 1242/1333/2145 1257/1348/2173 1256/1347/2174
f 1256/1347/2174 1241/1332/2146 1242/1333/2145
f 1243/1334/2147 1258/1349/2175 1257/1348/2176
f 1257/1348/2176 1242/1333/2148 1243/1334/2147
f 1259/1350/2177 1258/1349/2178 1243/1334/2150
f 1243/1334/2150 1244/1335/2149 1259/1350/2177
f 1260/1351/2179 1259/1350/2180 1244/1335/2152
f 1244/1335/2152 1245/1336/2151 1260/1351/2179
f 1245/1336/2153 1246/1337/2154 1261/1352/2181
f 1261/1352/2181 1260/1351/2182 1245/1336/2153
f 1247/1338/2155 1262/1353/2183 1261/1352/2184
f 1261/1352/2184 1246/1337/2156 1247/1338/2155
f 1248/1339/2157 1263/1354/2185 1262/1353/2186
f 1262/1353/2186 1247/1338/2158 1248/1339/2157
f 1263/1354/2187 1248/1339/2160 1249/1340/2159
f 1249/1340/2159 1264/1355/2188 1263/1354/2187
f 1250/1341/2161 1265/1356/2189 1264/1355/2190
f 1264/1355/2190 1249/1340/2162 1250/1341/2161
f 1251/1342/2163 1266/1357/2191 1265/1356/2192
f 1265/1356/2192 1250/1341/2164 1251/1342/2163
f 1252/1343/2165 1267/1358/2193 1266/1357/2194
f 1266/1357/2194 1251/1342/2166 1252/1343/2165
f 1268/1359/2195 1269/1360/2195 1254/1345/2168
f 1254/1345/2168 1253/1344/2167 1268/1359/2195
f 1253/1344/2169 1255/1346/2170 1270/1361/2196
f 1270/1361/2196 1268/1359/2197 1253/1344/2169
f 1256/1347/2171 1271/1362/2198 1270/1361/2199
f 1270/1361/2199 1255/1346/2172 1256/1347/2171
f 1257/1348/2173 1272/1363/2200 1271/1362/2201
f 1271/1362/2201 1256/1347/2174 1257/1348/2173
f 1272/1363/2202 1257/1348/2176 1258/1349/2175
f 1258/1349/2175 1273/1364/2203 1272/1363/2202
f 1259/1350/2177 1274/1365/2204 1273/1364/2205
f 1273/1364/2205 1258/1349/2178 1259/1350/2177
f 1260/1351/2179 1275/1366/2206 1274/1365/2207
f 1274/1365/2207 1259/1350/2180 1260/1351/2179
f 1261/1352/2181 1276/1367/2208 1275/1366/2209
f 1275/1366/2209 1260/1351/2182 1261/1352/2181
f 1277/1368/2210 1276/1367/2211 1261/1352/2184
f 1261/1352/2184 1262/1353/2183 1277/1368/2210
f 1278/1369/2212 1277/1368/2213 1262/1353/2186
f 1262/1353/2186 1263/1354/2185 1278/1369/2212
f 1263/1354/2187 1264/1355/2188 1279/1370/2214
f 1279/1370/2214 1278/1369/2215 1263/1354/2187
f 1265/1356/2189 1280/1371/2216 1279/1370/2216
f 1279/1370/2216 1264/1355/2190 1265/1356/2189
f 1266/1357/2191 1281/1372/2217 1280/1371/2217
f 1280/1371/2217 1265/1356/2192 1266/1357/2191
f 1281/1372/2218 1266/1357/2194 1267/1358/2193
f 1267/1358/2193 1282/1373/2218 1281/1372/2218
f 1268/1359/2219 1283/1374/2219 1284/1375/2219
f 1284/1375/2219 1269/1360/2219 1268/1359/2219
f 1270/1361/2196 1285/1376/2220 1283/1374/2220
f 1283/1374/2220 1268/1359/2197 1270/1361/2196
f 1286/1377/2221 1285/1376/2221 1270/1361/2199
f 1270/1361/2199 1271/1362/2198 1286/1377/2221
f 1287/1378/2222 1286/1377/2222 1271/1362/2201
f 1271/1362/2201 1272/1363/2200 1287/1378/2222
f 1272/1363/2202 1273/1364/2203 1288/1379/2223
f 1288/1379/2223 1287/1378/2223 1272/1363/2202
f 1274/1365/2204 1289/1380/2224 1288/1379/2224
f 1288/1379/2224 1273/1364/2205 1274/1365/2204
f 1275/1366/2206 1290/1381/2225 1289/1380/2225
f 1289/1380/2225 1274/1365/2207 1275/1366/2206
f 1290/1381/2226 1275/1366/2209 1276/1367/2208
f 1276/1367/2208 1291/1382/2227 1290/1381/2226
f 1277/1368/2228 1292/1383/2229 1291/1382/2230
f 1291/1382/2230 1276/1367/2231 1277/1368/2228
f 1278/1369/2212 1293/1384/2232 1292/1383/2233
f 1292/1383/2233 1277/1368/2213 1278/1369/2212
f 1279/1370/2214 1294/1385/2234 1293/1384/2234
f 1293/1384/2234 1278/1369/2215 1279/1370/2214
f 1295/1386/2235 1294/1385/2235 1279/1370/2236
f 1279/1370/2236 1280/1371/2235 1295/1386/2235
f 1296/1387/2237 1295/1386/2237 1280/1371/2237
f 1280/1371/2237 1281/1372/2237 1296/1387/2237
f 1281/1372/2238 1282/1373/2239 1297/1388/2239
f 1297/1388/2239 1296/1387/2238 1281/1372/2238
f 1283/1374/2240 1298/1389/2240 1299/1390/2240
f 1299/1390/2240 1284/1375/2240 1283/1374/2240
f 1298/1389/2241 1283/1374/2241 1285/1376/2241
f 1285/1376/2241 1300/1391/2241 1298/1389/2241
f 1286/1377/2242 1301/1392/2242 1300/1391/2242
f 1300/1391/2242 1285/1376/2242 1286/1377/2242
f 1287/1378/2243 1302/1393/2243 1301/1392/2244
f 1301/1392/2244 1286/1377/2243 1287/1378/2243
f 1288/1379/2245 1303/1394/2245 1302/1393/2246
f 1302/1393/2246 1287/1378/2245 1288/1379/2245
f 1304/1395/2247 1303/1394/2248 1288/1379/2249
f 1288/1379/2249 1289/1380/2247 1304/1395/2247
f 1305/1396/2250 1304/1395/2250 1289/1380/2251
f 1289/1380/2251 1290/1381/2250 1305/1396/2250
f 1290/1381/2252 1291/1382/2253 1306/1397/2254
f 1306/1397/2254 1305/1396/2255 1290/1381/2252
f 1292/1383/2256 1307/1398/2257 1306/1397/2257
f 1306/1397/2257 1291/1382/2258 1292/1383/2256
f 1293/1384/2259 1308/1399/2259 1307/1398/2259
f 1307/1398/2259 1292/1383/2259 1293/1384/2259
f 1308/1399/2260 1293/1384/2260 1294/1385/2260
f 1294/1385/2260 1309/1400/2260 1308/1399/2260
f 1295/1386/2261 1310/1401/2261 1309/1400/2261
f 1309/1400/2261 1294/1385/2261 1295/1386/2261
f 1296/1387/2262 1311/1402/2262 1310/1401/2262
f 1310/1401/2262 1295/1386/2262 1296/1387/2262
f 1297/1388/2263 1312/1403/2263 1311/1402/2263
f 1311/1402/2263 1296/1387/2263 1297/1388/2263
f 1313/1404/2264 1314/1405/2264 1299/1390/2264
f 1299/1390/2264 1298/1389/2264 1313/1404/2264
f 1298/1389/2265 1300/1391/2265 1315/1406/2265
f 1315/1406/2265 1313/1404/2265 1298/1389/2265
f 1301/1392/2266 1316/1407/2266 1315/1406/2266
f 1315/1406/2266 1300/1391/2266 1301/1392/2266
f 1302/1393/2267 1317/1408/2267 1316/1407/2267
f 1316/1407/2267 1301/1392/2267 1302/1393/2267
f 1317/1408/2268 1302/1393/2268 1303/1394/2269
f 1303/1394/2269 1318/1409/2268 1317/1408/2268
f 1304/1395/2270 1319/1410/2271 1318/1409/2270
f 1318/1409/2270 1303/1394/2270 1304/1395/2270
f 1305/1396/2272 1320/1411/2272 1319/1410/2272
f 1319/1410/2272 1304/1395/2273 1305/1396/2272
f 1306/1397/2274 1321/1412/2275 1320/1411/2276
f 1320/1411/2276 1305/1396/2277 1306/1397/2274
f 1322/1413/2278 1321/1412/2279 1306/1397/2280
f 1306/1397/2280 1307/1398/2281 1322/1413/2278
f 1323/1414/2282 1322/1413/2283 1307/1398/2284
f 1307/1398/2284 1308/1399/2282 1323/1414/2282
f 1308/1399/2285 1309/1400/2285 1324/1415/2285
f 1324/1415/2285 1323/1414/2286 1308/1399/2285
f 1310/1401/2287 1325/1416/2288 1324/1415/2287
f 1324/1415/2287 1309/1400/2288 1310/1401/2287
f 1311/1402/2289 1326/1417/2290 1325/1416/2290
f 1325/1416/2290 1310/1401/2290 1311/1402/2289
f 1326/1417/2291 1311/1402/2291 1312/1403/2291
f 1312/1403/2291 1327/1418/2291 1326/1417/2291
f 205/1419/2292 207/1148/2292 1102/1146/2292
f 1102/1146/2292 1104/1195/2292 205/1419/2292
f 1101/1145/2293 1105/1196/2293 1104/1195/2293
f 1104/1195/2293 1102/1146/2293 1101/1145/2293
f 1100/1144/2294 1108/1199/2295 1105/1196/2296
f 1105/1196/2296 1101/1145/2295 1100/1144/2294
f 1108/1199/2297 1100/1144/2297 1099/1143/2297
f 1099/1143/2297 1109/1200/2297 1108/1199/2297
f 1109/1200/2298 1099/1143/2298 1098/1142/2299
f 1098/1142/2299 1111/1202/2300 1109/1200/2298
f 1113/1204/2301 1111/1202/2302 1098/1142/2303
f 1098/1142/2303 1097/1141/2302 1113/1204/2301
f 1113/1204/2304 1097/1141/2305 1096/1140/2305
f 1096/1140/2305 1115/1206/2305 1113/1204/2304
f 1115/1206/2306 1096/1140/2307 1095/1139/2307
f 1095/1139/2307 1117/1208/2307 1115/1206/2306
f 1117/1208/2308 1095/1139/2309 1094/1138/2310
f 1094/1138/2310 1119/1210/2311 1117/1208/2308
f 1093/1137/2312 1121/1212/2312 1119/1210/2312
f 1119/1210/2312 1094/1138/2312 1093/1137/2312
f 1123/1214/2313 1121/1212/2314 1093/1137/2313
f 1093/1137/2313 1092/1136/2315 1123/1214/2313
f 1126/1217/2316 1123/1214/2317 1092/1136/2318
f 1092/1136/2318 1091/1135/2319 1126/1217/2316
f 1090/1134/2320 1127/1218/2321 1126/1217/2322
f 1126/1217/2322 1091/1135/2321 1090/1134/2320
f 1089/1133/2323 1129/1220/2323 1127/1218/2324
f 1127/1218/2324 1090/1134/2325 1089/1133/2323
f 1129/1220/2326 1089/1133/2326 1088/1131/2326
f 1088/1131/2326 1131/1222/2326 1129/1220/2326
f 832/860/2327 1131/1222/2327 1088/1131/2327
f 1088/1131/2327 833/861/2327 832/860/2327
f 1132/1223/2328 1131/1222/2328 832/860/2329
f 832/860/2329 842/870/2328 1132/1223/2328
f 1147/1238/2330 1132/1223/2330 842/870/2330
f 842/870/2330 843/871/2330 1147/1238/2330
f 1147/1238/2331 843/871/2331 844/872/2331
f 844/872/2331 1162/1253/2331 1147/1238/2331
f 1177/1268/2332 1162/1253/2332 844/872/2332
f 844/872/2332 845/873/2332 1177/1268/2332
f 1192/1283/2333 1177/1268/2334 845/873/2334
f 845/873/2334 846/874/2335 1192/1283/2333
f 1207/1298/2336 1192/1283/2333 846/874/2335
f 846/874/2335 847/875/2337 1207/1298/2336
f 1207/1298/2336 847/875/2337 848/876/2338
f 848/876/2338 1222/1313/2339 1207/1298/2336
f 1222/1313/2339 848/876/2338 862/899/2340
f 862/899/2340 1237/1328/2341 1222/1313/2339
f 861/898/2342 1252/1343/2343 1237/1328/2341
f 1237/1328/2341 862/899/2340 861/898/2342
f 1252/1343/2343 861/898/2342 860/897/2344
f 860/897/2344 1267/1358/2344 1252/1343/2343
f 860/897/2345 859/896/2345 1282/1373/2345
f 1282/1373/2345 1267/1358/2345 860/897/2345
f 1282/1373/2346 859/896/2346 858/895/2346
f 858/895/2346 1297/1388/2347 1282/1373/2346
f 857/894/2348 1312/1403/2348 1297/1388/2348
f 1297/1388/2348 858/895/2348 857/894/2348
f 856/892/2349 1327/1418/2349 1312/1403/2349
f 1312/1403/2349 857/894/2349 856/892/2349
f 1327/1418/2350 856/892/2351 636/633/2350
f 636/633/2350 634/631/2350 1327/1418/2350
f 1326/1417/2352 1327/1418/2353 634/631/2353
f 634/631/2353 633/630/2352 1326/1417/2352
f 632/629/2354 1325/1416/2354 1326/1417/2355
f 1326/1417/2355 633/630/2356 632/629/2354
f 631/628/2357 1324/1415/2358 1325/1416/2359
f 1325/1416/2359 632/629/2359 631/628/2357
f 1324/1415/2360 631/628/2361 630/627/2362
f 630/627/2362 1323/1414/2363 1324/1415/2360
f 629/626/2364 1322/1413/2365 1323/1414/2366
f 1323/1414/2366 630/627/2367 629/626/2364
f 628/625/2368 1321/1412/2369 1322/1413/2370
f 1322/1413/2370 629/626/2370 628/625/2368
f 1320/1411/2371 1321/1412/2372 628/625/2373
f 628/625/2373 627/624/2371 1320/1411/2371
f 626/623/2374 1319/1410/2374 1320/1411/2375
f 1320/1411/2375 627/624/2375 626/623/2374
f 625/622/2376 1318/1409/2377 1319/1410/2377
f 1319/1410/2377 626/623/2377 625/622/2376
f 1318/1409/2378 625/622/2378 624/621/2379
f 624/621/2379 1317/1408/2380 1318/1409/2378
f 1316/1407/2381 1317/1408/2381 624/621/2381
f 624/621/2381 623/620/2381 1316/1407/2381
f 1315/1406/2382 1316/1407/2382 623/620/2382
f 623/620/2382 622/619/2382 1315/1406/2382
f 621/618/2383 1313/1404/2384 1315/1406/2385
f 1315/1406/2385 622/619/2384 621/618/2383
f 1314/1405/2386 1313/1404/2386 621/618/2386
f 621/618/2386 620/616/2386 1314/1405/2386
f 162/1420/2387 1314/1405/2387 620/616/2388
f 620/616/2388 163/615/2388 162/1420/2387
f 1314/1405/2389 162/1420/2389 172/1421/2389
f 172/1421/2389 1299/1390/2389 1314/1405/2389
f 1299/1390/2390 172/1421/2391 173/1422/2391
f 173/1422/2391 1284/1375/2390 1299/1390/2390
f 173/1422/2392 174/1423/2393 1269/1360/2392
f 1269/1360/2392 1284/1375/2393 173/1422/2392
f 1269/1360/2394 174/1423/2394 175/1424/2395
f 175/1424/2395 1254/1345/2396 1269/1360/2394
f 1254/1345/2396 175/1424/2395 176/1425/2397
f 176/1425/2397 1239/1330/2398 1254/1345/2396
f 176/1425/2397 177/1426/2399 1224/1315/2400
f 1224/1315/2400 1239/1330/2398 176/1425/2397
f 177/1426/2399 178/1427/2401 1209/1300/2402
f 1209/1300/2402 1224/1315/2400 177/1426/2399
f 178/1427/2401 213/1428/2403 1194/1285/2404
f 1194/1285/2404 1209/1300/2402 178/1427/2401
f 1178/1269/2405 1194/1285/2404 213/1428/2403
f 213/1428/2403 212/1429/2406 1178/1269/2405
f 1178/1269/2405 212/1429/2406 211/1430/2407
f 211/1430/2407 1163/1254/2408 1178/1269/2405
f 1163/1254/2408 211/1430/2407 210/1431/2409
f 210/1431/2409 1148/1239/2409 1163/1254/2408
f 1148/1239/2410 210/1431/2410 209/1432/2410
f 209/1432/2410 1133/1224/2410 1148/1239/2410
f 1133/1224/2411 209/1432/2412 208/1433/2411
f 208/1433/2411 1103/1194/2411 1133/1224/2411
f 1103/1194/2413 208/1433/2413 205/1419/2414
f 205/1419/2414 1104/1195/2413 1103/1194/2413
f 1328/3/2415 1329/2/2415 1330/5/2415
f 1330/5/2415 1331/4/2415 1328/3/2415
f 1330/5/2416 1332/7/2416 1333/6/2416
f 1333/6/2416 1331/4/2416 1330/5/2416
f 1334/8/2417 1333/6/2417 1332/7/2417
f 1332/7/2417 1335/9/2417 1334/8/2417
f 1334/8/2418 1335/9/2418 1336/11/2418
f 1336/11/2418 1337/10/2418 1334/8/2418
f 1338/13/2419 1339/12/2419 1337/10/2419
f 1337/10/2419 1336/11/2419 1338/13/2419
f 1340/14/2420 1339/12/2420 1338/13/2420
f 1338/13/2420 1341/15/2420 1340/14/2420
f 1340/14/2421 1341/15/2421 1342/17/2421
f 1342/17/2421 1343/16/2421 1340/14/2421
f 1330/5/2422 1329/2/2423 1344/18/2424
f 1344/18/2424 1345/19/2423 1330/5/2422
f 1330/5/2425 1345/19/2425 1346/20/2425
f 1346/20/2425 1332/7/2425 1330/5/2425
f 1346/20/2426 1347/21/2427 1335/9/2426
f 1335/9/2426 1332/7/2426 1346/20/2426
f 1348/22/2428 1336/11/2428 1335/9/2428
f 1335/9/2428 1347/21/2428 1348/22/2428
f 1349/23/2429 1338/13/2429 1336/11/2429
f 1336/11/2429 1348/22/2429 1349/23/2429
f 1350/24/2430 1341/15/2430 1338/13/2430
f 1338/13/2430 1349/23/2430 1350/24/2430
f 1341/15/2431 1350/24/2431 1351/25/2431
f 1351/25/2431 1342/17/2431 1341/15/2431
f 1352/26/2432 1345/19/2433 1344/18/2433
f 1344/18/2433 1353/27/2433 1352/26/2432
f 1354/28/2434 1346/20/2434 1345/19/2434
f 1345/19/2434 1352/26/2434 1354/28/2434
f 1354/28/2435 1355/29/2435 1347/21/2436
f 1347/21/2436 1346/20/2436 1354/28/2435
f 1355/29/2437 1356/30/2438 1348/22/2437
f 1348/22/2437 1347/21/2437 1355/29/2437
f 1349/23/2439 1348/22/2440 1356/30/2439
f 1356/30/2439 1357/31/2440 1349/23/2439
f 1349/23/2441 1357/31/2442 1358/32/2441
f 1358/32/2441 1350/24/2441 1349/23/2441
f 1359/33/2443 1351/25/2444 1350/24/2445
f 1353/27/2446 1360/34/2446 1361/35/2446
f 1361/35/2446 1352/26/2446 1353/27/2446
f 1362/36/2447 1354/28/2448 1352/26/2449
f 1352/26/2449 1361/35/2448 1362/36/2447
f 1361/35/2450 1360/34/2450 1363/37/2450
f 1363/37/2450 1364/38/2451 1361/35/2450
f 1363/37/2452 1365/40/2453 1366/39/2454
f 1366/39/2454 1364/38/2452 1363/37/2452
f 1367/42/2455 1368/41/2456 1369/44/2455
f 1369/44/2455 1370/43/2455 1367/42/2455
f 1371/46/2457 1372/45/2458 1367/42/2458
f 1367/42/2458 1370/43/2457 1371/46/2457
f 1372/45/2459 1371/46/2459 1373/47/2459
f 1373/47/2459 1374/48/2459 1372/45/2459
f 1375/49/2460 1370/43/2460 1369/44/2460
f 1369/44/2460 1376/50/2461 1375/49/2460
f 1370/43/2462 1375/49/2463 1377/51/2463
f 1377/51/2463 1371/46/2463 1370/43/2462
f 1377/51/2464 1378/52/2465 1373/47/2466
f 1373/47/2466 1371/46/2465 1377/51/2464
f 1379/53/2467 1373/47/2467 1378/52/2467
f 1378/52/2467 1380/54/2467 1379/53/2467
f 1381/55/2468 1375/49/2468 1376/50/2468
f 1376/50/2468 1382/56/2468 1381/55/2468
f 1377/51/2469 1375/49/2469 1381/55/2469
f 1381/55/2469 1383/57/2469 1377/51/2469
f 1377/51/2470 1383/57/2470 1384/58/2471
f 1384/58/2471 1378/52/2470 1377/51/2470
f 1385/59/2472 1380/54/2473 1378/52/2473
f 1378/52/2473 1384/58/2473 1385/59/2472
f 1382/56/2474 1386/61/2474 1387/60/2474
f 1387/60/2474 1381/55/2474 1382/56/2474
f 1387/60/2475 1388/62/2475 1383/57/2475
f 1383/57/2475 1381/55/2475 1387/60/2475
f 1383/57/2476 1388/62/2477 1389/63/2476
f 1389/63/2476 1384/58/2476 1383/57/2476
f 1391/65/2478 1387/60/2478 1386/61/2479
f 1386/61/2479 1392/66/2479 1391/65/2478
f 1391/65/2480 1393/67/2480 1388/62/2480
f 1388/62/2480 1387/60/2480 1391/65/2480
f 1394/68/2481 1389/63/2481 1388/62/2481
f 1388/62/2481 1393/67/2481 1394/68/2481
f 1396/71/2482 1397/70/2482 1391/65/2482
f 1391/65/2482 1392/66/2482 1396/71/2482
f 1393/67/2483 1391/65/2483 1397/70/2483
f 1397/70/2483 1398/72/2483 1393/67/2483
f 1393/67/2484 1398/72/2485 1399/73/2484
f 1399/73/2484 1394/68/2484 1393/67/2484
f 1400/77/2486 1401/76/2487 1402/75/2488
f 1402/75/2488 1403/78/2487 1400/77/2486
f 1400/77/2489 1403/78/2489 1404/80/2489
f 1404/80/2489 1405/79/2489 1400/77/2489
f 1406/82/2490 1407/81/2490 1405/79/2490
f 1405/79/2490 1404/80/2490 1406/82/2490
f 1408/83/2491 1407/81/2491 1406/82/2491
f 1406/82/2491 1409/84/2491 1408/83/2491
f 1408/83/2492 1409/84/2493 1410/86/2493
f 1410/86/2493 1411/85/2492 1408/83/2492
f 1410/86/2494 1412/88/2495 1413/87/2494
f 1413/87/2494 1411/85/2494 1410/86/2494
f 1413/87/2496 1412/88/2496 1414/90/2496
f 1414/90/2496 1415/89/2496 1413/87/2496
f 1416/91/2497 1403/78/2497 1402/75/2497
f 1402/75/2497 1417/92/2498 1416/91/2497
f 1418/93/2499 1404/80/2499 1403/78/2499
f 1403/78/2499 1416/91/2500 1418/93/2499
f 1419/94/2501 1406/82/2501 1404/80/2501
f 1404/80/2501 1418/93/2502 1419/94/2501
f 1420/95/2503 1409/84/2503 1406/82/2503
f 1406/82/2503 1419/94/2503 1420/95/2503
f 1421/96/2504 1410/86/2504 1409/84/2504
f 1409/84/2504 1420/95/2504 1421/96/2504
f 1421/96/2505 1422/97/2505 1412/88/2505
f 1412/88/2505 1410/86/2505 1421/96/2505
f 1422/97/2506 1423/98/2506 1414/90/2506
f 1414/90/2506 1412/88/2506 1422/97/2506
f 1417/92/2507 1424/99/2507 1425/100/2507
f 1425/100/2507 1416/91/2507 1417/92/2507
f 1426/101/2508 1418/93/2508 1416/91/2508
f 1416/91/2508 1425/100/2508 1426/101/2508
f 1419/94/2509 1418/93/2509 1426/101/2509
f 1426/101/2509 1427/102/2509 1419/94/2509
f 1419/94/2510 1427/102/2511 1428/103/2511
f 1428/103/2511 1420/95/2511 1419/94/2510
f 1429/104/2512 1421/96/2512 1420/95/2512
f 1420/95/2512 1428/103/2512 1429/104/2512
f 1422/97/2513 1421/96/2513 1429/104/2513
f 1429/104/2513 1430/105/2513 1422/97/2513
f 1422/97/2514 1430/105/2515 1431/106/2515
f 1431/106/2515 1423/98/2515 1422/97/2514
f 1425/100/2516 1424/99/2517 1432/107/2516
f 1432/107/2516 1433/108/2518 1425/100/2516
f 1425/100/2519 1433/108/2519 1434/109/2519
f 1434/109/2519 1426/101/2519 1425/100/2519
f 1435/110/2520 1427/102/2521 1426/101/2520
f 1426/101/2520 1434/109/2520 1435/110/2520
f 1438/115/2522 1439/114/2522 1440/117/2523
f 1440/117/2523 1441/116/2522 1438/115/2522
f 1442/119/2524 1443/118/2525 1441/116/2525
f 1441/116/2525 1440/117/2525 1442/119/2524
f 1444/120/2526 1443/118/2527 1442/119/2526
f 1442/119/2526 1445/121/2526 1444/120/2526
f 1444/120/2528 1445/121/2528 1446/123/2528
f 1446/123/2528 1447/122/2528 1444/120/2528
f 1448/125/2529 1449/124/2529 1447/122/2530
f 1447/122/2530 1446/123/2529 1448/125/2529
f 1450/126/2531 1449/124/2532 1448/125/2533
f 1440/117/2534 1439/114/2535 1452/130/2535
f 1452/130/2535 1453/131/2534 1440/117/2534
f 1440/117/2536 1453/131/2536 1454/132/2536
f 1454/132/2536 1442/119/2536 1440/117/2536
f 1455/133/2537 1445/121/2537 1442/119/2538
f 1442/119/2538 1454/132/2538 1455/133/2537
f 1446/123/2539 1445/121/2540 1455/133/2541
f 1455/133/2541 1456/134/2542 1446/123/2539
f 1457/1434/2543 1448/125/2544 1446/123/2545
f 1446/123/2545 1456/134/2546 1457/1434/2543
f 1458/136/2547 1459/135/2547 1453/131/2547
f 1453/131/2547 1452/130/2547 1458/136/2547
f 1454/132/2548 1453/131/2548 1459/135/2548
f 1459/135/2548 1460/137/2548 1454/132/2548
f 1454/132/2549 1460/137/2549 1461/138/2549
f 1461/138/2549 1455/133/2549 1454/132/2549
f 1462/139/2550 1456/134/2551 1455/133/2552
f 1455/133/2552 1461/138/2552 1462/139/2550
f 1458/136/2553 1463/141/2553 1464/140/2553
f 1464/140/2553 1459/135/2553 1458/136/2553
f 1464/140/2554 1465/142/2555 1460/137/2554
f 1460/137/2554 1459/135/2554 1464/140/2554
f 1461/138/2556 1460/137/2556 1465/142/2556
f 1465/142/2556 1466/143/2556 1461/138/2556
f 1464/140/2557 1463/141/2557 1467/145/2558
f 1467/145/2558 1468/144/2558 1464/140/2557
f 1464/140/2559 1468/144/2559 1469/146/2559
f 1469/146/2559 1465/142/2559 1464/140/2559
f 1469/146/2560 1470/147/2560 1466/143/2560
f 1466/143/2560 1465/142/2560 1469/146/2560
f 1471/149/2561 1468/144/2561 1467/145/2562
f 1467/145/2562 1472/148/2561 1471/149/2561
f 1469/146/2563 1468/144/2563 1471/149/2564
f 1471/149/2564 1473/150/2563 1469/146/2563
f 1469/146/2565 1473/150/2565 1474/151/2565
f 1474/151/2565 1470/147/2565 1469/146/2565
f 1396/71/2566 1343/16/2566 1342/17/2566
f 1342/17/2566 1397/70/2566 1396/71/2566
f 1351/25/2567 1398/72/2567 1397/70/2568
f 1397/70/2568 1342/17/2568 1351/25/2567
f 1359/33/2569 1399/73/2569 1398/72/2569
f 1398/72/2569 1351/25/2570 1359/33/2569
f 1414/90/2571 1471/149/2571 1472/148/2572
f 1472/148/2572 1415/89/2571 1414/90/2571
f 1423/98/2573 1473/150/2573 1471/149/2574
f 1471/149/2574 1414/90/2574 1423/98/2573
f 1423/98/2575 1431/106/2576 1474/151/2575
f 1474/151/2575 1473/150/2575 1423/98/2575
f 1328/3/2577 1475/154/2577 1476/153/2578
f 1476/153/2578 1477/152/2577 1328/3/2577
f 1331/4/2579 1478/155/2579 1475/154/2579
f 1475/154/2579 1328/3/2579 1331/4/2579
f 1479/156/2580 1478/155/2580 1331/4/2580
f 1331/4/2580 1333/6/2580 1479/156/2580
f 1479/156/2581 1333/6/2581 1334/8/2581
f 1334/8/2581 1480/157/2581 1479/156/2581
f 1337/10/2582 1481/158/2583 1480/157/2582
f 1480/157/2582 1334/8/2582 1337/10/2582
f 1482/159/2584 1481/158/2585 1337/10/2586
f 1337/10/2586 1339/12/2585 1482/159/2584
f 1482/159/2587 1339/12/2587 1340/14/2587
f 1340/14/2587 1483/160/2587 1482/159/2587
f 1343/16/2588 1484/161/2588 1483/160/2588
f 1483/160/2588 1340/14/2588 1343/16/2588
f 1328/3/2589 1477/152/2590 1485/162/2590
f 1485/162/2590 1329/2/2590 1328/3/2589
f 1344/18/2591 1329/2/2591 1485/162/2591
f 1485/162/2591 1486/163/2591 1344/18/2591
f 1486/163/2592 1487/164/2592 1353/27/2592
f 1353/27/2592 1344/18/2592 1486/163/2592
f 1487/164/2593 1488/165/2593 1360/34/2593
f 1360/34/2593 1353/27/2593 1487/164/2593
f 1363/37/2594 1360/34/2595 1488/165/2595
f 1488/165/2595 1489/166/2596 1363/37/2594
f 1489/166/2596 1490/167/2597 1365/40/2598
f 1365/40/2598 1363/37/2594 1489/166/2596
f 1491/168/2599 1451/128/2600 1365/40/2598
f 1365/40/2598 1490/167/2597 1491/168/2599
f 1492/169/2601 1493/171/2602 1368/41/2602
f 1368/41/2602 1494/170/2602 1492/169/2601
f 1495/172/2603 1494/170/2604 1368/41/2604
f 1368/41/2604 1367/42/2604 1495/172/2603
f 1496/173/2605 1495/172/2605 1367/42/2605
f 1367/42/2605 1372/45/2606 1496/173/2605
f 1374/48/2607 1497/174/2607 1496/173/2607
f 1496/173/2607 1372/45/2607 1374/48/2607
f 1369/44/2608 1368/41/2609 1493/171/2608
f 1493/171/2608 1498/175/2608 1369/44/2608
f 1369/44/2610 1498/175/2610 1499/176/2611
f 1499/176/2611 1376/50/2610 1369/44/2610
f 1376/50/2612 1499/176/2612 1500/177/2612
f 1500/177/2612 1382/56/2612 1376/50/2612
f 1500/177/2613 1501/178/2613 1386/61/2613
f 1386/61/2613 1382/56/2613 1500/177/2613
f 1386/61/2614 1501/178/2614 1502/179/2614
f 1502/179/2614 1392/66/2614 1386/61/2614
f 1503/180/2615 1396/71/2615 1392/66/2615
f 1392/66/2615 1502/179/2615 1503/180/2615
f 1343/16/2616 1396/71/2616 1503/180/2616
f 1503/180/2616 1484/161/2616 1343/16/2616
f 1504/183/2617 1505/182/2617 1401/76/2618
f 1401/76/2618 1506/181/2617 1504/183/2617
f 1507/184/2619 1506/181/2619 1401/76/2619
f 1401/76/2619 1400/77/2619 1507/184/2619
f 1508/185/2620 1507/184/2620 1400/77/2621
f 1400/77/2621 1405/79/2621 1508/185/2620
f 1509/186/2622 1508/185/2622 1405/79/2623
f 1405/79/2623 1407/81/2623 1509/186/2622
f 1510/187/2624 1509/186/2624 1407/81/2625
f 1407/81/2625 1408/83/2626 1510/187/2624
f 1408/83/2627 1411/85/2628 1511/188/2628
f 1511/188/2628 1510/187/2628 1408/83/2627
f 1512/189/2629 1511/188/2629 1411/85/2629
f 1411/85/2629 1413/87/2629 1512/189/2629
f 1513/190/2630 1512/189/2631 1413/87/2631
f 1413/87/2631 1415/89/2631 1513/190/2630
f 1505/182/2632 1514/191/2632 1402/75/2632
f 1402/75/2632 1401/76/2632 1505/182/2632
f 1402/75/2633 1514/191/2634 1515/192/2634
f 1515/192/2634 1417/92/2633 1402/75/2633
f 1515/192/2635 1516/193/2635 1424/99/2635
f 1424/99/2635 1417/92/2635 1515/192/2635
f 1432/107/2636 1424/99/2636 1516/193/2636
f 1516/193/2636 1517/194/2636 1432/107/2636
f 1518/196/2637 1438/115/2637 1519/195/2638
f 1519/195/2638 1520/197/2637 1518/196/2637
f 1441/116/2639 1521/198/2639 1519/195/2640
f 1519/195/2640 1438/115/2639 1441/116/2639
f 1521/198/2641 1441/116/2642 1443/118/2641
f 1443/118/2641 1522/199/2641 1521/198/2641
f 1444/120/2643 1523/200/2643 1522/199/2643
f 1522/199/2643 1443/118/2643 1444/120/2643
f 1447/122/2644 1524/201/2644 1523/200/2644
f 1523/200/2644 1444/120/2644 1447/122/2644
f 1449/124/2645 1525/202/2646 1524/201/2647
f 1524/201/2647 1447/122/2648 1449/124/2645
f 1450/126/2649 1526/203/2650 1525/202/2646
f 1525/202/2646 1449/124/2645 1450/126/2649
f 1451/128/2600 1491/168/2599 1526/203/2650
f 1526/203/2650 1450/126/2649 1451/128/2600
f 1518/196/2651 1527/204/2651 1439/114/2651
f 1439/114/2651 1438/115/2651 1518/196/2651
f 1527/204/2652 1528/205/2652 1452/130/2652
f 1452/130/2652 1439/114/2652 1527/204/2652
f 1452/130/2653 1528/205/2653 1529/206/2653
f 1529/206/2653 1458/136/2653 1452/130/2653
f 1529/206/2654 1530/207/2654 1463/141/2654
f 1463/141/2654 1458/136/2654 1529/206/2654
f 1530/207/2655 1531/208/2656 1467/145/2655
f 1467/145/2655 1463/141/2657 1530/207/2655
f 1467/145/2658 1531/208/2658 1532/209/2658
f 1532/209/2658 1472/148/2658 1467/145/2658
f 1513/190/2659 1415/89/2659 1472/148/2660
f 1472/148/2660 1532/209/2660 1513/190/2659
f 1533/211/2661 1534/210/2661 1535/213/2661
f 1535/213/2661 1536/212/2661 1533/211/2661
f 1537/214/2662 1536/212/2663 1535/213/2663
f 1535/213/2663 1538/215/2662 1537/214/2662
f 1539/216/2664 1537/214/2664 1538/215/2665
f 1538/215/2665 1540/217/2666 1539/216/2664
f 1535/213/2667 1534/210/2667 1541/219/2667
f 1541/219/2667 1542/218/2667 1535/213/2667
f 1543/220/2668 1538/215/2669 1535/213/2668
f 1535/213/2668 1542/218/2669 1543/220/2668
f 1538/215/2665 1543/220/2670 1544/221/2670
f 1544/221/2670 1540/217/2666 1538/215/2665
f 1545/222/2671 1542/218/2671 1541/219/2672
f 1541/219/2672 1546/223/2672 1545/222/2671
f 1542/218/2673 1545/222/2673 1547/224/2673
f 1547/224/2673 1543/220/2673 1542/218/2673
f 1544/221/2674 1543/220/2674 1547/224/2675
f 1547/224/2675 1548/225/2676 1544/221/2674
f 1546/223/2677 1549/226/2678 1550/227/2679
f 1550/227/2679 1545/222/2677 1546/223/2677
f 1547/224/2680 1545/222/2681 1550/227/2682
f 1550/227/2682 1551/228/2681 1547/224/2680
f 1552/229/2683 1548/225/2676 1547/224/2675
f 1547/224/2675 1551/228/2683 1552/229/2683
f 1550/227/2684 1549/226/2685 1553/231/2684
f 1553/231/2684 1554/230/2686 1550/227/2684
f 1555/232/2687 1551/228/2687 1550/227/2687
f 1550/227/2687 1554/230/2687 1555/232/2687
f 1551/228/2688 1555/232/2689 1556/233/2690
f 1556/233/2690 1552/229/2691 1551/228/2688
f 1554/230/2692 1553/231/2693 1557/235/2694
f 1557/235/2694 1558/234/2692 1554/230/2692
f 1554/230/2695 1558/234/2695 1559/236/2696
f 1559/236/2696 1555/232/2696 1554/230/2695
f 1556/233/2690 1555/232/2689 1559/236/2697
f 1559/236/2697 1560/237/2698 1556/233/2690
f 1557/235/2699 1561/238/2699 1562/239/2700
f 1562/239/2700 1558/234/2699 1557/235/2699
f 1559/236/2701 1558/234/2701 1562/239/2701
f 1562/239/2701 1563/240/2702 1559/236/2701
f 1564/241/2703 1560/237/2704 1559/236/2704
f 1559/236/2704 1563/240/2705 1564/241/2703
f 1562/239/2706 1561/238/2706 1565/243/2706
f 1565/243/2706 1566/242/2706 1562/239/2706
f 1566/242/2707 1567/244/2708 1563/240/2707
f 1563/240/2707 1562/239/2708 1566/242/2707
f 1563/240/2705 1567/244/2709 1568/245/2709
f 1568/245/2709 1564/241/2703 1563/240/2705
f 1569/246/2710 1566/242/2711 1565/243/2711
f 1565/243/2711 1570/247/2711 1569/246/2710
f 1566/242/2712 1569/246/2712 1571/248/2712
f 1571/248/2712 1567/244/2712 1566/242/2712
f 1568/245/2713 1567/244/2713 1571/248/2713
f 1571/248/2713 1572/249/2713 1568/245/2713
f 1570/247/2714 1573/250/2714 1574/251/2715
f 1574/251/2715 1569/246/2714 1570/247/2714
f 1571/248/2716 1569/246/2716 1574/251/2716
f 1574/251/2716 1575/252/2716 1571/248/2716
f 1572/249/2717 1571/248/2717 1575/252/2717
f 1575/252/2717 1576/253/2717 1572/249/2717
f 1574/251/2718 1573/250/2719 1577/255/2720
f 1577/255/2720 1578/254/2720 1574/251/2718
f 1579/256/2721 1575/252/2721 1574/251/2721
f 1574/251/2721 1578/254/2722 1579/256/2721
f 1575/252/2723 1579/256/2724 1580/257/2724
f 1580/257/2724 1576/253/2725 1575/252/2723
f 1581/258/2726 1578/254/2726 1577/255/2726
f 1577/255/2726 1582/259/2726 1581/258/2726
f 1578/254/2727 1581/258/2728 1583/260/2727
f 1583/260/2727 1579/256/2727 1578/254/2727
f 1580/257/2729 1579/256/2730 1583/260/2730
f 1583/260/2730 1584/261/2729 1580/257/2729
f 1582/259/2731 1585/262/2731 1586/263/2731
f 1586/263/2731 1581/258/2732 1582/259/2731
f 1583/260/2733 1581/258/2733 1586/263/2733
f 1586/263/2733 1587/264/2733 1583/260/2733
f 1588/265/2734 1584/261/2735 1583/260/2736
f 1583/260/2736 1587/264/2734 1588/265/2734
f 1586/263/2737 1585/262/2737 1589/267/2737
f 1589/267/2737 1590/266/2737 1586/263/2737
f 1591/268/2738 1587/264/2739 1586/263/2739
f 1586/263/2739 1590/266/2738 1591/268/2738
f 1587/264/2740 1591/268/2740 1592/269/2741
f 1592/269/2741 1588/265/2740 1587/264/2740
f 1593/271/2742 1594/270/2742 1533/211/2742
f 1533/211/2742 1595/272/2742 1593/271/2742
f 1536/212/2743 1596/273/2744 1595/272/2744
f 1595/272/2744 1533/211/2744 1536/212/2743
f 1596/273/2745 1536/212/2746 1537/214/2746
f 1537/214/2746 1597/274/2745 1596/273/2745
f 1598/275/2747 1597/274/2748 1537/214/2747
f 1537/214/2747 1539/216/2747 1598/275/2747
f 1497/276/2749 1592/269/2749 1591/268/2749
f 1591/268/2749 1496/277/2750 1497/276/2749
f 1590/266/2751 1495/278/2752 1496/277/2752
f 1496/277/2752 1591/268/2751 1590/266/2751
f 1590/266/2753 1589/267/2753 1494/279/2753
f 1494/279/2753 1495/278/2753 1590/266/2753
f 1599/281/2754 1492/280/2754 1494/279/2754
f 1494/279/2754 1589/267/2754 1599/281/2754
f 1585/262/2755 1600/282/2756 1599/281/2756
f 1599/281/2756 1589/267/2756 1585/262/2755
f 1601/283/2757 1600/282/2757 1585/262/2757
f 1585/262/2757 1582/259/2757 1601/283/2757
f 1582/259/2758 1577/255/2759 1602/284/2759
f 1602/284/2759 1601/283/2758 1582/259/2758
f 1577/255/2760 1573/250/2760 1603/285/2761
f 1603/285/2761 1602/284/2762 1577/255/2760
f 1604/286/2763 1603/285/2763 1573/250/2763
f 1573/250/2763 1570/247/2763 1604/286/2763
f 1565/243/2764 1605/287/2765 1604/286/2766
f 1604/286/2766 1570/247/2767 1565/243/2764
f 1561/238/2768 1606/288/2768 1605/287/2769
f 1605/287/2769 1565/243/2768 1561/238/2768
f 1561/238/2770 1557/235/2770 1607/289/2771
f 1607/289/2771 1606/288/2770 1561/238/2770
f 1607/289/2772 1557/235/2772 1553/231/2773
f 1553/231/2773 1608/290/2772 1607/289/2772
f 1549/226/2774 1609/291/2775 1608/290/2776
f 1608/290/2776 1553/231/2777 1549/226/2774
f 1610/292/2778 1609/291/2779 1549/226/2778
f 1549/226/2778 1546/223/2780 1610/292/2778
f 1546/223/2781 1541/219/2781 1611/293/2781
f 1611/293/2781 1610/292/2782 1546/223/2781
f 1541/219/2783 1534/210/2784 1612/294/2784
f 1612/294/2784 1611/293/2784 1541/219/2783
f 1594/270/2785 1612/294/2786 1534/210/2785
f 1534/210/2785 1533/211/2785 1594/270/2785
f 1613/296/2787 1614/295/2787 1615/298/2788
f 1615/298/2788 1616/297/2788 1613/296/2787
f 1617/300/2789 1618/299/2789 1616/297/2789
f 1616/297/2789 1615/298/2789 1617/300/2789
f 1619/302/2790 1620/301/2791 1618/299/2790
f 1618/299/2790 1617/300/2790 1619/302/2790
f 1620/301/2792 1619/302/2792 1621/304/2792
f 1621/304/2792 1622/303/2792 1620/301/2792
f 1615/298/2793 1614/295/2793 1623/306/2793
f 1623/306/2793 1624/305/2793 1615/298/2793
f 1625/307/2794 1617/300/2795 1615/298/2794
f 1615/298/2794 1624/305/2795 1625/307/2794
f 1626/308/2796 1619/302/2797 1617/300/2797
f 1617/300/2797 1625/307/2797 1626/308/2796
f 1621/304/2798 1619/302/2798 1626/308/2799
f 1626/308/2799 1627/309/2798 1621/304/2798
f 1628/310/2800 1624/305/2801 1623/306/2801
f 1623/306/2801 1629/311/2801 1628/310/2800
f 1630/312/2802 1625/307/2802 1624/305/2802
f 1624/305/2802 1628/310/2802 1630/312/2802
f 1625/307/2803 1630/312/2803 1631/313/2804
f 1631/313/2804 1626/308/2805 1625/307/2803
f 1631/313/2804 1632/314/2806 1627/309/2807
f 1627/309/2807 1626/308/2805 1631/313/2804
f 1629/311/2808 1633/316/2809 1634/315/2809
f 1634/315/2809 1628/310/2809 1629/311/2808
f 1635/317/2810 1630/312/2810 1628/310/2810
f 1628/310/2810 1634/315/2810 1635/317/2810
f 1631/313/2811 1630/312/2812 1635/317/2812
f 1635/317/2812 1636/318/2813 1631/313/2811
f 1631/313/2811 1636/318/2813 1637/319/2814
f 1637/319/2814 1632/314/2815 1631/313/2811
f 1638/320/2816 1634/315/2816 1633/316/2816
f 1633/316/2816 1639/321/2816 1638/320/2816
f 1634/315/2817 1638/320/2817 1640/322/2817
f 1640/322/2817 1635/317/2817 1634/315/2817
f 1640/322/2818 1641/323/2818 1636/318/2819
f 1636/318/2819 1635/317/2819 1640/322/2818
f 1637/319/2820 1636/318/2821 1641/323/2821
f 1641/323/2821 1642/324/2821 1637/319/2820
f 1643/325/2822 1638/320/2823 1639/321/2822
f 1639/321/2822 1644/326/2822 1643/325/2822
f 1640/322/2824 1638/320/2825 1643/325/2826
f 1643/325/2826 1645/327/2826 1640/322/2824
f 1640/322/2827 1645/327/2827 1646/328/2828
f 1646/328/2828 1641/323/2828 1640/322/2827
f 1647/329/2829 1642/324/2830 1641/323/2829
f 1641/323/2829 1646/328/2831 1647/329/2829
f 1644/326/2832 1648/331/2832 1649/330/2832
f 1649/330/2832 1643/325/2833 1644/326/2832
f 1649/330/2834 1650/332/2834 1645/327/2835
f 1645/327/2835 1643/325/2835 1649/330/2834
f 1646/328/2836 1645/327/2837 1650/332/2837
f 1650/332/2837 1651/333/2837 1646/328/2836
f 1646/328/2838 1651/333/2838 1652/334/2839
f 1652/334/2839 1647/329/2838 1646/328/2838
f 1649/330/2840 1648/331/2841 1653/336/2842
f 1653/336/2842 1654/335/2843 1649/330/2840
f 1649/330/2844 1654/335/2844 1655/337/2844
f 1655/337/2844 1650/332/2844 1649/330/2844
f 1656/338/2845 1651/333/2846 1650/332/2845
f 1650/332/2845 1655/337/2846 1656/338/2845
f 1657/339/2847 1652/334/2847 1651/333/2847
f 1651/333/2847 1656/338/2848 1657/339/2847
f 1658/341/2849 1659/340/2850 1654/335/2850
f 1654/335/2850 1653/336/2850 1658/341/2849
f 1655/337/2851 1654/335/2852 1659/340/2853
f 1659/340/2853 1660/342/2854 1655/337/2851
f 1661/343/2855 1656/338/2855 1655/337/2855
f 1655/337/2855 1660/342/2856 1661/343/2855
f 1662/344/2857 1657/339/2858 1656/338/2857
f 1656/338/2857 1661/343/2857 1662/344/2857
f 1658/341/2859 1663/346/2860 1664/345/2861
f 1664/345/2861 1659/340/2859 1658/341/2859
f 1665/347/2862 1660/342/2863 1659/340/2863
f 1659/340/2863 1664/345/2862 1665/347/2862
f 1666/348/2864 1661/343/2864 1660/342/2864
f 1660/342/2864 1665/347/2864 1666/348/2864
f 1661/343/2865 1666/348/2865 1667/349/2866
f 1667/349/2866 1662/344/2867 1661/343/2865
f 1664/345/2868 1663/346/2868 1668/351/2868
f 1668/351/2868 1669/350/2868 1664/345/2868
f 1664/345/2869 1669/350/2869 1670/352/2869
f 1670/352/2869 1665/347/2869 1664/345/2869
f 1671/353/2870 1666/348/2871 1665/347/2871
f 1665/347/2871 1670/352/2871 1671/353/2870
f 1667/349/2872 1666/348/2873 1671/353/2873
f 1671/353/2873 1672/354/2873 1667/349/2872
f 1673/355/2874 1669/350/2874 1668/351/2875
f 1668/351/2875 1674/356/2874 1673/355/2874
f 1675/357/2876 1670/352/2877 1669/350/2877
f 1669/350/2877 1673/355/2877 1675/357/2876
f 1670/352/2878 1675/357/2878 1676/358/2878
f 1676/358/2878 1671/353/2879 1670/352/2878
f 1676/358/2880 1677/359/2881 1672/354/2882
f 1672/354/2882 1671/353/2882 1676/358/2880
f 1678/360/2883 1673/355/2884 1674/356/2884
f 1674/356/2884 1679/361/2883 1678/360/2883
f 1680/362/2885 1675/357/2885 1673/355/2885
f 1673/355/2885 1678/360/2885 1680/362/2885
f 1676/358/2886 1675/357/2886 1680/362/2886
f 1680/362/2886 1681/363/2886 1676/358/2886
f 1676/358/2880 1681/363/2887 1682/364/2887
f 1682/364/2887 1677/359/2881 1676/358/2880
f 1683/365/2888 1678/360/2888 1679/361/2889
f 1679/361/2889 1684/366/2888 1683/365/2888
f 1678/360/2890 1683/365/2891 1685/367/2891
f 1685/367/2891 1680/362/2891 1678/360/2890
f 1685/367/2892 1686/368/2893 1681/363/2892
f 1681/363/2892 1680/362/2892 1685/367/2892
f 1682/364/2894 1681/363/2894 1686/368/2894
f 1686/368/2894 1687/369/2894 1682/364/2894
f 1613/296/2895 1505/182/2895 1504/183/2895
f 1504/183/2895 1688/370/2896 1613/296/2895
f 1505/182/2897 1613/296/2897 1616/297/2897
f 1616/297/2897 1514/191/2897 1505/182/2897
f 1515/192/2898 1514/191/2898 1616/297/2898
f 1616/297/2898 1618/299/2898 1515/192/2898
f 1516/193/2899 1515/192/2900 1618/299/2899
f 1618/299/2899 1620/301/2900 1516/193/2899
f 1517/194/2901 1516/193/2901 1620/301/2901
f 1620/301/2901 1622/303/2901 1517/194/2901
f 1686/368/2902 1685/367/2903 1689/372/2903
f 1689/372/2903 1690/371/2903 1686/368/2902
f 1689/372/2904 1685/367/2905 1683/365/2904
f 1683/365/2904 1691/373/2904 1689/372/2904
f 1683/365/2906 1684/366/2906 1692/374/2907
f 1692/374/2907 1691/373/2906 1683/365/2906
f 1693/376/2908 1694/375/2909 1692/374/2909
f 1692/374/2909 1684/366/2908 1693/376/2908
f 1679/361/2910 1695/377/2910 1693/376/2910
f 1693/376/2910 1684/366/2910 1679/361/2910
f 1696/378/2911 1695/377/2911 1679/361/2911
f 1679/361/2911 1674/356/2911 1696/378/2911
f 1668/351/2912 1697/379/2912 1696/378/2912
f 1696/378/2912 1674/356/2913 1668/351/2912
f 1698/380/2914 1697/379/2915 1668/351/2916
f 1668/351/2916 1663/346/2917 1698/380/2914
f 1698/380/2918 1663/346/2919 1658/341/2920
f 1658/341/2920 1699/381/2921 1698/380/2918
f 1700/382/2922 1699/381/2923 1658/341/2922
f 1658/341/2922 1653/336/2922 1700/382/2922
f 1653/336/2924 1648/331/2924 1701/383/2924
f 1701/383/2924 1700/382/2924 1653/336/2924
f 1648/331/2925 1644/326/2925 1702/384/2925
f 1702/384/2925 1701/383/2925 1648/331/2925
f 1703/385/2926 1702/384/2927 1644/326/2928
f 1644/326/2928 1639/321/2926 1703/385/2926
f 1633/316/2929 1704/386/2930 1703/385/2931
f 1703/385/2931 1639/321/2931 1633/316/2929
f 1705/387/2932 1704/386/2932 1633/316/2932
f 1633/316/2932 1629/311/2932 1705/387/2932
f 1623/306/2933 1706/388/2933 1705/387/2934
f 1705/387/2934 1629/311/2933 1623/306/2933
f 1707/389/2935 1706/388/2935 1623/306/2935
f 1623/306/2935 1614/295/2935 1707/389/2935
f 1688/370/2936 1707/389/2936 1614/295/2936
f 1614/295/2936 1613/296/2936 1688/370/2936
f 1708/392/2937 1709/391/2937 1710/390/2937
f 1710/390/2937 1711/393/2937 1708/392/2937
f 1712/395/2938 1713/394/2938 1710/390/2939
f 1710/390/2939 1709/391/2939 1712/395/2938
f 1714/397/2940 1715/396/2940 1713/394/2940
f 1713/394/2940 1712/395/2940 1714/397/2940
f 1716/398/2941 1715/396/2941 1714/397/2942
f 1714/397/2942 1717/399/2941 1716/398/2941
f 1718/401/2943 1719/400/2943 1716/398/2944
f 1716/398/2944 1717/399/2943 1718/401/2943
f 1720/403/2945 1721/402/2946 1719/400/2946
f 1719/400/2946 1718/401/2947 1720/403/2945
f 1721/402/2948 1720/403/2949 1722/405/2950
f 1722/405/2950 1723/404/2951 1721/402/2948
f 1724/406/2952 1723/404/2953 1722/405/2953
f 1722/405/2953 1725/407/2953 1724/406/2952
f 1726/408/2954 1724/406/2955 1725/407/2956
f 1725/407/2956 1727/409/2957 1726/408/2954
f 1728/411/2958 1729/410/2958 1726/408/2958
f 1726/408/2958 1727/409/2958 1728/411/2958
f 1730/412/2959 1729/410/2959 1728/411/2959
f 1728/411/2959 1731/413/2959 1730/412/2959
f 1732/414/2960 1730/412/2960 1731/413/2960
f 1731/413/2960 1733/415/2960 1732/414/2960
f 1734/417/2961 1735/416/2962 1732/414/2961
f 1732/414/2961 1733/415/2961 1734/417/2961
f 1736/418/2963 1735/416/2963 1734/417/2963
f 1734/417/2963 1737/419/2963 1736/418/2963
f 1708/392/2964 1738/421/2964 1739/420/2965
f 1739/420/2965 1709/391/2964 1708/392/2964
f 1712/395/2966 1709/391/2966 1739/420/2966
f 1739/420/2966 1740/422/2966 1712/395/2966
f 1714/397/2967 1712/395/2967 1740/422/2967
f 1740/422/2967 1741/423/2967 1714/397/2967
f 1741/423/2968 1742/424/2968 1717/399/2968
f 1717/399/2968 1714/397/2968 1741/423/2968
f 1743/425/2969 1718/401/2969 1717/399/2969
f 1717/399/2969 1742/424/2970 1743/425/2969
f 1744/426/2971 1720/403/2972 1718/401/2973
f 1718/401/2973 1743/425/2974 1744/426/2971
f 1722/405/2975 1720/403/2976 1744/426/2977
f 1744/426/2977 1745/427/2978 1722/405/2975
f 1746/428/2979 1725/407/2979 1722/405/2979
f 1722/405/2979 1745/427/2979 1746/428/2979
f 1747/429/2980 1727/409/2981 1725/407/2982
f 1725/407/2982 1746/428/2981 1747/429/2980
f 1727/409/2983 1747/429/2983 1748/430/2983
f 1748/430/2983 1728/411/2983 1727/409/2983
f 1731/413/2984 1728/411/2984 1748/430/2984
f 1748/430/2984 1749/431/2984 1731/413/2984
f 1733/415/2985 1731/413/2985 1749/431/2985
f 1749/431/2985 1750/432/2985 1733/415/2985
f 1751/433/2986 1734/417/2986 1733/415/2986
f 1733/415/2986 1750/432/2986 1751/433/2986
f 1737/419/2987 1734/417/2988 1751/433/2988
f 1751/433/2988 1752/434/2988 1737/419/2987
f 1753/435/2989 1739/420/2990 1738/421/2989
f 1738/421/2989 1754/436/2990 1753/435/2989
f 1740/422/2991 1739/420/2991 1753/435/2991
f 1753/435/2991 1755/437/2991 1740/422/2991
f 1741/423/2992 1740/422/2992 1755/437/2992
f 1755/437/2992 1756/438/2992 1741/423/2992
f 1741/423/2993 1756/438/2993 1757/439/2993
f 1757/439/2993 1742/424/2993 1741/423/2993
f 1743/425/2994 1742/424/2995 1757/439/2995
f 1757/439/2995 1758/440/2994 1743/425/2994
f 1744/426/2996 1743/425/2997 1758/440/2998
f 1758/440/2998 1759/441/2996 1744/426/2996
f 1759/441/2999 1760/442/3000 1745/427/3001
f 1745/427/3001 1744/426/3002 1759/441/2999
f 1761/443/3003 1746/428/3004 1745/427/3003
f 1745/427/3003 1760/442/3003 1761/443/3003
f 1762/444/3005 1747/429/3005 1746/428/3006
f 1746/428/3006 1761/443/3006 1762/444/3005
f 1748/430/3007 1747/429/3007 1762/444/3007
f 1762/444/3007 1763/445/3007 1748/430/3007
f 1764/446/3008 1749/431/3008 1748/430/3009
f 1748/430/3009 1763/445/3008 1764/446/3008
f 1765/447/3010 1750/432/3010 1749/431/3010
f 1749/431/3010 1764/446/3010 1765/447/3010
f 1750/432/3011 1765/447/3011 1766/448/3012
f 1766/448/3012 1751/433/3012 1750/432/3011
f 1752/434/3013 1751/433/3014 1766/448/3013
f 1766/448/3013 1767/449/3013 1752/434/3013
f 1768/450/3015 1753/435/3016 1754/436/3016
f 1754/436/3016 1769/451/3016 1768/450/3015
f 1755/437/3017 1753/435/3017 1768/450/3017
f 1768/450/3017 1770/452/3017 1755/437/3017
f 1756/438/3018 1755/437/3019 1770/452/3020
f 1770/452/3020 1771/453/3018 1756/438/3018
f 1772/454/3021 1757/439/3021 1756/438/3021
f 1756/438/3021 1771/453/3021 1772/454/3021
f 1758/440/3022 1757/439/3023 1772/454/3023
f 1772/454/3023 1773/455/3023 1758/440/3022
f 1759/441/3024 1758/440/3024 1773/455/3024
f 1773/455/3024 1774/456/3024 1759/441/3024
f 1759/441/3025 1774/456/3025 1775/457/3026
f 1775/457/3026 1760/442/3026 1759/441/3025
f 1761/443/3027 1760/442/3028 1775/457/3029
f 1775/457/3029 1776/458/3030 1761/443/3027
f 1762/444/3031 1761/443/3031 1776/458/3031
f 1776/458/3031 1777/459/3032 1762/444/3031
f 1777/459/3033 1778/460/3034 1763/445/3035
f 1763/445/3035 1762/444/3033 1777/459/3033
f 1779/461/3036 1764/446/3036 1763/445/3036
f 1763/445/3036 1778/460/3036 1779/461/3036
f 1780/462/3037 1765/447/3037 1764/446/3037
f 1764/446/3037 1779/461/3037 1780/462/3037
f 1766/448/3038 1765/447/3039 1780/462/3039
f 1780/462/3039 1781/463/3038 1766/448/3038
f 1782/464/3040 1767/449/3040 1766/448/3040
f 1766/448/3040 1781/463/3040 1782/464/3040
f 1769/451/3041 1783/466/3041 1784/465/3041
f 1784/465/3041 1768/450/3041 1769/451/3041
f 1770/452/3042 1768/450/3042 1784/465/3042
f 1784/465/3042 1785/467/3042 1770/452/3042
f 1771/453/3043 1770/452/3043 1785/467/3043
f 1785/467/3043 1786/468/3043 1771/453/3043
f 1787/469/3044 1772/454/3044 1771/453/3044
f 1771/453/3044 1786/468/3044 1787/469/3044
f 1773/455/3045 1772/454/3045 1787/469/3045
f 1787/469/3045 1788/470/3045 1773/455/3045
f 1774/456/3046 1773/455/3046 1788/470/3046
f 1788/470/3046 1789/471/3047 1774/456/3046
f 1790/472/3048 1775/457/3049 1774/456/3049
f 1774/456/3049 1789/471/3049 1790/472/3048
f 1776/458/3050 1775/457/3051 1790/472/3050
f 1790/472/3050 1791/473/3052 1776/458/3050
f 1777/459/3053 1776/458/3053 1791/473/3053
f 1791/473/3053 1792/474/3053 1777/459/3053
f 1777/459/3054 1792/474/3054 1793/475/3054
f 1793/475/3054 1778/460/3054 1777/459/3054
f 1779/461/3055 1778/460/3055 1793/475/3056
f 1793/475/3056 1794/476/3057 1779/461/3055
f 1780/462/3058 1779/461/3058 1794/476/3058
f 1794/476/3058 1795/477/3058 1780/462/3058
f 1795/477/3059 1796/478/3060 1781/463/3060
f 1781/463/3060 1780/462/3060 1795/477/3059
f 1797/479/3061 1782/464/3061 1781/463/3061
f 1781/463/3061 1796/478/3061 1797/479/3061
f 1784/465/3062 1783/466/3062 1798/481/3063
f 1798/481/3063 1799/480/3062 1784/465/3062
f 1800/482/3064 1785/467/3065 1784/465/3065
f 1784/465/3065 1799/480/3065 1800/482/3064
f 1801/483/3066 1786/468/3066 1785/467/3067
f 1785/467/3067 1800/482/3068 1801/483/3066
f 1786/468/3069 1801/483/3070 1802/484/3071
f 1802/484/3071 1787/469/3069 1786/468/3069
f 1788/470/3072 1787/469/3073 1802/484/3074
f 1802/484/3074 1803/485/3075 1788/470/3072
f 1789/471/3076 1788/470/3076 1803/485/3076
f 1803/485/3076 1804/486/3077 1789/471/3076
f 1790/472/3078 1789/471/3079 1804/486/3080
f 1804/486/3080 1805/487/3081 1790/472/3078
f 1791/473/3082 1790/472/3083 1805/487/3083
f 1805/487/3083 1806/488/3083 1791/473/3082
f 1792/474/3084 1791/473/3084 1806/488/3084
f 1806/488/3084 1807/489/3084 1792/474/3084
f 1793/475/3085 1792/474/3085 1807/489/3085
f 1807/489/3085 1808/490/3085 1793/475/3085
f 1794/476/3086 1793/475/3087 1808/490/3088
f 1808/490/3088 1809/491/3086 1794/476/3086
f 1795/477/3089 1794/476/3089 1809/491/3089
f 1809/491/3089 1810/492/3089 1795/477/3089
f 1795/477/3090 1810/492/3090 1811/493/3090
f 1811/493/3090 1796/478/3090 1795/477/3090
f 1812/494/3091 1797/479/3091 1796/478/3091
f 1796/478/3091 1811/493/3091 1812/494/3091
f 1813/495/3092 1799/480/3093 1798/481/3093
f 1798/481/3093 1814/496/3093 1813/495/3092
f 1800/482/3094 1799/480/3095 1813/495/3094
f 1813/495/3094 1815/497/3096 1800/482/3094
f 1801/483/3097 1800/482/3098 1815/497/3099
f 1815/497/3099 1816/498/3100 1801/483/3097
f 1802/484/3101 1801/483/3101 1816/498/3101
f 1816/498/3101 1817/499/3101 1802/484/3101
f 1803/485/3102 1802/484/3102 1817/499/3103
f 1817/499/3103 1818/500/3102 1803/485/3102
f 1804/486/3104 1803/485/3105 1818/500/3105
f 1818/500/3105 1819/501/3105 1804/486/3104
f 1820/502/3106 1805/487/3107 1804/486/3108
f 1804/486/3108 1819/501/3108 1820/502/3106
f 1806/488/3109 1805/487/3110 1820/502/3111
f 1820/502/3111 1821/503/3109 1806/488/3109
f 1807/489/3112 1806/488/3112 1821/503/3113
f 1821/503/3113 1822/504/3112 1807/489/3112
f 1823/505/3114 1808/490/3115 1807/489/3116
f 1807/489/3116 1822/504/3117 1823/505/3114
f 1824/506/3118 1809/491/3118 1808/490/3118
f 1808/490/3118 1823/505/3118 1824/506/3118
f 1825/507/3119 1810/492/3119 1809/491/3120
f 1809/491/3120 1824/506/3121 1825/507/3119
f 1826/508/3122 1811/493/3122 1810/492/3122
f 1810/492/3122 1825/507/3122 1826/508/3122
f 1811/493/3123 1826/508/3123 1827/509/3124
f 1827/509/3124 1812/494/3124 1811/493/3123
f 1814/496/3125 1828/511/3126 1829/510/3125
f 1829/510/3125 1813/495/3125 1814/496/3125
f 1815/497/3127 1813/495/3128 1829/510/3127
f 1829/510/3127 1830/512/3127 1815/497/3127
f 1816/498/3129 1815/497/3129 1830/512/3130
f 1830/512/3130 1831/513/3129 1816/498/3129
f 1817/499/3131 1816/498/3132 1831/513/3133
f 1831/513/3133 1832/514/3131 1817/499/3131
f 1818/500/3134 1817/499/3134 1832/514/3134
f 1832/514/3134 1833/515/3134 1818/500/3134
f 1819/501/3135 1818/500/3136 1833/515/3136
f 1833/515/3136 1834/516/3136 1819/501/3135
f 1820/502/3137 1819/501/3137 1834/516/3137
f 1834/516/3137 1835/517/3137 1820/502/3137
f 1821/503/3138 1820/502/3139 1835/517/3139
f 1835/517/3139 1836/518/3139 1821/503/3138
f 1822/504/3140 1821/503/3141 1836/518/3142
f 1836/518/3142 1837/519/3140 1822/504/3140
f 1822/504/3143 1837/519/3144 1838/520/3145
f 1838/520/3145 1823/505/3143 1822/504/3143
f 1839/521/3146 1824/506/3147 1823/505/3146
f 1823/505/3146 1838/520/3146 1839/521/3146
f 1840/522/3148 1825/507/3149 1824/506/3148
f 1824/506/3148 1839/521/3150 1840/522/3148
f 1841/523/3151 1826/508/3151 1825/507/3152
f 1825/507/3152 1840/522/3152 1841/523/3151
f 1827/509/3153 1826/508/3153 1841/523/3154
f 1841/523/3154 1842/524/3155 1827/509/3153
f 1829/510/3156 1828/511/3156 1843/526/3156
f 1843/526/3156 1844/525/3157 1829/510/3156
f 1830/512/3158 1829/510/3158 1844/525/3158
f 1844/525/3158 1845/527/3158 1830/512/3158
f 1831/513/3159 1830/512/3159 1845/527/3159
f 1845/527/3159 1846/528/3159 1831/513/3159
f 1847/529/3160 1832/514/3160 1831/513/3161
f 1831/513/3161 1846/528/3162 1847/529/3160
f 1833/515/3163 1832/514/3164 1847/529/3164
f 1847/529/3164 1848/530/3163 1833/515/3163
f 1834/516/3165 1833/515/3165 1848/530/3165
f 1848/530/3165 1849/531/3166 1834/516/3165
f 1850/532/3167 1835/517/3168 1834/516/3168
f 1834/516/3168 1849/531/3168 1850/532/3167
f 1851/533/3169 1836/518/3169 1835/517/3169
f 1835/517/3169 1850/532/3169 1851/533/3169
f 1852/534/3170 1837/519/3170 1836/518/3170
f 1836/518/3170 1851/533/3170 1852/534/3170
f 1853/535/3171 1838/520/3172 1837/519/3173
f 1837/519/3173 1852/534/3174 1853/535/3171
f 1838/520/3175 1853/535/3176 1854/536/3175
f 1854/536/3175 1839/521/3176 1838/520/3175
f 1839/521/3177 1854/536/3177 1855/537/3177
f 1855/537/3177 1840/522/3177 1839/521/3177
f 1840/522/3178 1855/537/3179 1856/538/3178
f 1856/538/3178 1841/523/3179 1840/522/3178
f 1842/524/3180 1841/523/3180 1856/538/3180
f 1856/538/3180 1857/539/3180 1842/524/3180
f 1844/525/3181 1843/526/3181 1858/540/3181
f 1858/540/3181 1859/541/3181 1844/525/3181
f 1845/527/3182 1844/525/3182 1859/541/3182
f 1859/541/3182 1860/542/3182 1845/527/3182
f 1846/528/3183 1845/527/3184 1860/542/3183
f 1860/542/3183 1861/543/3183 1846/528/3183
f 1847/529/3185 1846/528/3185 1861/543/3185
f 1861/543/3185 1862/544/3185 1847/529/3185
f 1848/530/3186 1847/529/3186 1862/544/3186
f 1862/544/3186 1863/545/3186 1848/530/3186
f 1849/531/3187 1848/530/3188 1863/545/3188
f 1863/545/3188 1864/546/3187 1849/531/3187
f 1849/531/3189 1864/546/3190 1865/547/3191
f 1865/547/3191 1850/532/3189 1849/531/3189
f 1866/548/3192 1851/533/3193 1850/532/3192
f 1850/532/3192 1865/547/3194 1866/548/3192
f 1867/549/3195 1852/534/3195 1851/533/3196
f 1851/533/3196 1866/548/3196 1867/549/3195
f 1868/550/3197 1853/535/3198 1852/534/3198
f 1852/534/3198 1867/549/3199 1868/550/3197
f 1854/536/3200 1853/535/3201 1868/550/3201
f 1868/550/3201 1869/551/3201 1854/536/3200
f 1855/537/3202 1854/536/3202 1869/551/3202
f 1869/551/3202 1870/552/3202 1855/537/3202
f 1856/538/3203 1855/537/3203 1870/552/3203
f 1870/552/3203 1871/553/3203 1856/538/3203
f 1857/539/3204 1856/538/3204 1871/553/3204
f 1871/553/3204 1872/554/3204 1857/539/3204
f 1873/556/3205 1859/541/3205 1858/540/3206
f 1858/540/3206 1874/555/3206 1873/556/3205
f 1860/542/3207 1859/541/3208 1873/556/3208
f 1873/556/3208 1875/557/3207 1860/542/3207
f 1861/543/3209 1860/542/3209 1875/557/3209
f 1875/557/3209 1876/558/3209 1861/543/3209
f 1877/559/3210 1862/544/3210 1861/543/3210
f 1861/543/3210 1876/558/3210 1877/559/3210
f 1878/560/3211 1863/545/3211 1862/544/3211
f 1862/544/3211 1877/559/3212 1878/560/3211
f 1879/561/3213 1864/546/3213 1863/545/3213
f 1863/545/3213 1878/560/3213 1879/561/3213
f 1880/562/3214 1865/547/3215 1864/546/3215
f 1864/546/3215 1879/561/3214 1880/562/3214
f 1865/547/3216 1880/562/3217 1881/563/3218
f 1881/563/3218 1866/548/3218 1865/547/3216
f 1866/548/3219 1881/563/3220 1882/564/3221
f 1882/564/3221 1867/549/3222 1866/548/3219
f 1867/549/3223 1882/564/3223 1883/565/3223
f 1883/565/3223 1868/550/3223 1867/549/3223
f 1869/551/3224 1868/550/3224 1883/565/3224
f 1883/565/3224 1884/566/3224 1869/551/3224
f 1870/552/3225 1869/551/3226 1884/566/3226
f 1884/566/3226 1885/567/3226 1870/552/3225
f 1871/553/3227 1870/552/3227 1885/567/3227
f 1885/567/3227 1886/568/3227 1871/553/3227
f 1872/554/3228 1871/553/3229 1886/568/3229
f 1886/568/3229 1887/569/3228 1872/554/3228
f 1873/556/3230 1874/555/3230 1888/570/3230
f 1888/570/3230 1889/571/3230 1873/556/3230
f 1875/557/3231 1873/556/3232 1889/571/3232
f 1889/571/3232 1890/572/3232 1875/557/3231
f 1876/558/3233 1875/557/3233 1890/572/3233
f 1890/572/3233 1891/573/3233 1876/558/3233
f 1876/558/3234 1891/573/3234 1892/574/3234
f 1892/574/3234 1877/559/3234 1876/558/3234
f 1893/575/3235 1878/560/3235 1877/559/3235
f 1877/559/3235 1892/574/3235 1893/575/3235
f 1894/576/3236 1879/561/3236 1878/560/3236
f 1878/560/3236 1893/575/3236 1894/576/3236
f 1895/577/3237 1880/562/3237 1879/561/3238
f 1879/561/3238 1894/576/3239 1895/577/3237
f 1881/563/3240 1880/562/3241 1895/577/3242
f 1895/577/3242 1896/578/3240 1881/563/3240
f 1882/564/3243 1881/563/3243 1896/578/3244
f 1896/578/3244 1897/579/3243 1882/564/3243
f 1883/565/3245 1882/564/3245 1897/579/3245
f 1897/579/3245 1898/580/3245 1883/565/3245
f 1884/566/3246 1883/565/3246 1898/580/3246
f 1898/580/3246 1899/581/3246 1884/566/3246
f 1885/567/3247 1884/566/3247 1899/581/3247
f 1899/581/3247 1900/582/3247 1885/567/3247
f 1901/583/3248 1886/568/3248 1885/567/3248
f 1885/567/3248 1900/582/3248 1901/583/3248
f 1887/569/3249 1886/568/3249 1901/583/3249
f 1901/583/3249 1902/584/3249 1887/569/3249
f 1903/586/3250 1889/571/3250 1888/570/3250
f 1888/570/3250 1904/585/3250 1903/586/3250
f 1905/587/3251 1890/572/3251 1889/571/3251
f 1889/571/3251 1903/586/3251 1905/587/3251
f 1906/588/3252 1891/573/3252 1890/572/3252
f 1890/572/3252 1905/587/3252 1906/588/3252
f 1907/589/3253 1892/574/3253 1891/573/3253
f 1891/573/3253 1906/588/3253 1907/589/3253
f 1892/574/3254 1907/589/3254 1908/590/3254
f 1908/590/3254 1893/575/3254 1892/574/3254
f 1893/575/3255 1908/590/3255 1909/591/3255
f 1909/591/3255 1894/576/3256 1893/575/3255
f 1894/576/3257 1909/591/3258 1910/592/3259
f 1910/592/3259 1895/577/3257 1894/576/3257
f 1896/578/3260 1895/577/3261 1910/592/3262
f 1910/592/3262 1911/593/3263 1896/578/3260
f 1897/579/3264 1896/578/3264 1911/593/3264
f 1911/593/3264 1912/594/3264 1897/579/3264
f 1898/580/3265 1897/579/3265 1912/594/3265
f 1912/594/3265 1913/595/3265 1898/580/3265
f 1899/581/3266 1898/580/3266 1913/595/3266
f 1913/595/3266 1914/596/3266 1899/581/3266
f 1900/582/3267 1899/581/3267 1914/596/3268
f 1914/596/3268 1915/597/3267 1900/582/3267
f 1901/583/3269 1900/582/3269 1915/597/3269
f 1915/597/3269 1916/598/3269 1901/583/3269
f 1902/584/3270 1901/583/3271 1916/598/3271
f 1916/598/3271 1917/599/3270 1902/584/3270
f 1904/585/3272 1918/600/3272 1919/601/3272
f 1919/601/3272 1903/586/3272 1904/585/3272
f 1920/602/3273 1905/587/3274 1903/586/3274
f 1903/586/3274 1919/601/3274 1920/602/3273
f 1921/603/3275 1906/588/3275 1905/587/3276
f 1905/587/3276 1920/602/3275 1921/603/3275
f 1921/603/3277 1922/604/3278 1907/589/3277
f 1907/589/3277 1906/588/3277 1921/603/3277
f 1923/605/3279 1908/590/3279 1907/589/3279
f 1907/589/3279 1922/604/3279 1923/605/3279
f 1924/606/3280 1909/591/3280 1908/590/3281
f 1908/590/3281 1923/605/3282 1924/606/3280
f 1910/592/3283 1909/591/3284 1924/606/3285
f 1924/606/3285 1925/607/3286 1910/592/3283
f 1926/608/3287 1911/593/3287 1910/592/3288
f 1910/592/3288 1925/607/3289 1926/608/3287
f 1927/609/3290 1912/594/3290 1911/593/3290
f 1911/593/3290 1926/608/3290 1927/609/3290
f 1928/610/3291 1913/595/3291 1912/594/3292
f 1912/594/3292 1927/609/3291 1928/610/3291
f 1929/611/3293 1914/596/3294 1913/595/3294
f 1913/595/3294 1928/610/3294 1929/611/3293
f 1930/612/3295 1915/597/3295 1914/596/3295
f 1914/596/3295 1929/611/3295 1930/612/3295
f 1931/613/3296 1916/598/3296 1915/597/3296
f 1915/597/3296 1930/612/3297 1931/613/3296
f 1932/614/3298 1917/599/3298 1916/598/3298
f 1916/598/3298 1931/613/3298 1932/614/3298
f 1933/616/3299 1476/615/3299 1475/617/3299
f 1475/617/3299 1711/393/3299 1933/616/3299
f 1710/390/3300 1934/618/3300 1933/616/3300
f 1933/616/3300 1711/393/3300 1710/390/3300
f 1713/394/3301 1935/619/3301 1934/618/3301
f 1934/618/3301 1710/390/3301 1713/394/3301
f 1935/619/3302 1713/394/3303 1715/396/3304
f 1715/396/3304 1936/620/3304 1935/619/3302
f 1716/398/3305 1937/621/3306 1936/620/3307
f 1936/620/3307 1715/396/3308 1716/398/3305
f 1719/400/3309 1938/622/3309 1937/621/3310
f 1937/621/3310 1716/398/3311 1719/400/3309
f 1938/622/3312 1719/400/3312 1721/402/3313
f 1721/402/3313 1939/623/3314 1938/622/3312
f 1940/624/3315 1939/623/3315 1721/402/3315
f 1721/402/3315 1723/404/3315 1940/624/3315
f 1941/625/3316 1940/624/3317 1723/404/3316
f 1723/404/3316 1724/406/3318 1941/625/3316
f 1941/625/3319 1724/406/3320 1726/408/3319
f 1726/408/3319 1942/626/3320 1941/625/3319
f 1729/410/3321 1943/627/3321 1942/626/3322
f 1942/626/3322 1726/408/3323 1729/410/3321
f 1944/628/3324 1943/627/3324 1729/410/3325
f 1729/410/3325 1730/412/3324 1944/628/3324
f 1732/414/3326 1945/629/3327 1944/628/3327
f 1944/628/3327 1730/412/3327 1732/414/3326
f 1735/416/3328 1946/630/3329 1945/629/3330
f 1945/629/3330 1732/414/3328 1735/416/3328
f 1947/631/3331 1946/630/3332 1735/416/3332
f 1735/416/3332 1736/418/3332 1947/631/3331
f 1948/632/3333 1949/633/3333 1947/631/3333
f 1947/631/3333 1736/418/3333 1948/632/3333
f 1948/632/3334 1736/418/3334 1737/419/3334
f 1737/419/3334 1950/634/3334 1948/632/3334
f 1950/634/3335 1737/419/3335 1752/434/3336
f 1752/434/3336 1951/635/3337 1950/634/3335
f 1951/635/3338 1752/434/3338 1767/449/3338
f 1767/449/3338 1952/636/3338 1951/635/3338
f 1953/637/3339 1952/636/3339 1767/449/3339
f 1767/449/3339 1782/464/3339 1953/637/3339
f 1954/638/3340 1953/637/3340 1782/464/3340
f 1782/464/3340 1797/479/3340 1954/638/3340
f 1812/494/3341 1955/639/3341 1954/638/3342
f 1954/638/3342 1797/479/3341 1812/494/3341
f 1827/509/3343 1956/640/3343 1955/639/3343
f 1955/639/3343 1812/494/3343 1827/509/3343
f 1842/524/3344 1957/641/3345 1956/640/3346
f 1956/640/3346 1827/509/3344 1842/524/3344
f 1842/524/3347 1857/539/3347 1958/642/3347
f 1958/642/3347 1957/641/3347 1842/524/3347
f 1872/554/3348 1959/643/3348 1958/642/3348
f 1958/642/3348 1857/539/3348 1872/554/3348
f 1887/569/3349 1960/644/3350 1959/643/3350
f 1959/643/3350 1872/554/3350 1887/569/3349
f 1887/569/3351 1902/584/3351 1961/645/3351
f 1961/645/3351 1960/644/3351 1887/569/3351
f 1917/599/3352 1962/646/3352 1961/645/3352
f 1961/645/3352 1902/584/3352 1917/599/3352
f 1932/614/3353 1963/647/3354 1962/646/3354
f 1962/646/3354 1917/599/3353 1932/614/3353
f 1594/649/3355 1593/648/3356 1963/647/3356
f 1963/647/3356 1932/614/3355 1594/649/3355
f 1931/613/3357 1612/650/3358 1594/649/3358
f 1594/649/3358 1932/614/3358 1931/613/3357
f 1930/612/3359 1611/651/3359 1612/650/3359
f 1612/650/3359 1931/613/3359 1930/612/3359
f 1930/612/3360 1929/611/3361 1610/652/3361
f 1610/652/3361 1611/651/3360 1930/612/3360
f 1928/610/3362 1609/653/3362 1610/652/3362
f 1610/652/3362 1929/611/3362 1928/610/3362
f 1927/609/3363 1608/654/3364 1609/653/3365
f 1609/653/3365 1928/610/3366 1927/609/3363
f 1927/609/3367 1926/608/3367 1607/655/3367
f 1607/655/3367 1608/654/3367 1927/609/3367
f 1925/607/3368 1606/656/3368 1607/655/3369
f 1607/655/3369 1926/608/3368 1925/607/3368
f 1924/606/3370 1605/657/3371 1606/656/3371
f 1606/656/3371 1925/607/3371 1924/606/3370
f 1924/606/3372 1923/605/3372 1604/658/3372
f 1604/658/3372 1605/657/3373 1924/606/3372
f 1922/604/3374 1603/659/3375 1604/658/3375
f 1604/658/3375 1923/605/3375 1922/604/3374
f 1603/659/3376 1922/604/3376 1921/603/3377
f 1921/603/3377 1602/660/3377 1603/659/3376
f 1602/660/3378 1921/603/3378 1920/602/3378
f 1920/602/3378 1601/661/3378 1602/660/3378
f 1920/602/3379 1919/601/3379 1600/662/3379
f 1600/662/3379 1601/661/3379 1920/602/3379
f 1918/600/3380 1599/663/3380 1600/662/3380
f 1600/662/3380 1919/601/3380 1918/600/3380
f 1493/665/3381 1492/664/3381 1599/663/3382
f 1599/663/3382 1918/600/3383 1493/665/3381
f 1498/666/3384 1493/665/3385 1918/600/3384
f 1918/600/3384 1904/585/3386 1498/666/3384
f 1904/585/3387 1888/570/3387 1499/667/3388
f 1499/667/3388 1498/666/3389 1904/585/3387
f 1874/555/3390 1500/668/3390 1499/667/3390
f 1499/667/3390 1888/570/3390 1874/555/3390
f 1874/555/3391 1858/540/3391 1501/669/3391
f 1501/669/3391 1500/668/3391 1874/555/3391
f 1502/670/3392 1501/669/3392 1858/540/3392
f 1858/540/3392 1843/526/3392 1502/670/3392
f 1503/671/3393 1502/670/3393 1843/526/3393
f 1843/526/3393 1828/511/3394 1503/671/3393
f 1828/511/3395 1814/496/3396 1484/672/3395
f 1484/672/3395 1503/671/3395 1828/511/3395
f 1483/673/3397 1484/672/3397 1814/496/3397
f 1814/496/3397 1798/481/3397 1483/673/3397
f 1783/466/3398 1482/674/3398 1483/673/3398
f 1483/673/3398 1798/481/3398 1783/466/3398
f 1481/675/3399 1482/674/3399 1783/466/3400
f 1783/466/3400 1769/451/3399 1481/675/3399
f 1754/436/3401 1480/676/3401 1481/675/3401
f 1481/675/3401 1769/451/3401 1754/436/3401
f 1479/677/3402 1480/676/3403 1754/436/3402
f 1754/436/3402 1738/421/3402 1479/677/3402
f 1478/678/3404 1479/677/3404 1738/421/3405
f 1738/421/3405 1708/392/3405 1478/678/3404
f 1475/617/3406 1478/678/3406 1708/392/3406
f 1708/392/3406 1711/393/3406 1475/617/3406
f 1964/682/3407 1965/681/3407 1966/680/3407
f 1966/680/3407 1967/679/3407 1964/682/3407
f 1965/681/3408 1964/682/3408 1968/684/3408
f 1968/684/3408 1969/683/3408 1965/681/3408
f 1970/686/3409 1971/685/3409 1969/683/3409
f 1969/683/3409 1968/684/3410 1970/686/3409
f 1972/688/3411 1973/687/3411 1971/685/3411
f 1971/685/3411 1970/686/3411 1972/688/3411
f 1973/687/3412 1972/688/3412 1974/690/3412
f 1974/690/3412 1975/689/3413 1973/687/3412
f 1975/689/3414 1974/690/3414 1976/691/3414
f 1976/691/3414 1977/692/3414 1975/689/3414
f 1978/694/3415 1979/693/3416 1977/692/3415
f 1977/692/3415 1976/691/3415 1978/694/3415
f 1980/695/3417 1964/682/3417 1967/679/3417
f 1967/679/3417 1981/696/3417 1980/695/3417
f 1964/682/3418 1980/695/3419 1982/697/3419
f 1982/697/3419 1968/684/3418 1964/682/3418
f 1983/698/3420 1970/686/3420 1968/684/3420
f 1968/684/3420 1982/697/3420 1983/698/3420
f 1970/686/3421 1983/698/3422 1984/699/3421
f 1984/699/3421 1972/688/3421 1970/686/3421
f 1985/700/3423 1974/690/3424 1972/688/3423
f 1972/688/3423 1984/699/3425 1985/700/3423
f 1976/691/3426 1974/690/3426 1985/700/3426
f 1985/700/3426 1986/701/3426 1976/691/3426
f 1987/702/3427 1978/694/3427 1976/691/3427
f 1976/691/3427 1986/701/3427 1987/702/3427
f 1981/696/3428 1988/703/3428 1989/704/3428
f 1989/704/3428 1980/695/3428 1981/696/3428
f 1980/695/3429 1989/704/3429 1990/705/3429
f 1990/705/3429 1982/697/3429 1980/695/3429
f 1982/697/3430 1990/705/3430 1991/706/3430
f 1991/706/3430 1983/698/3430 1982/697/3430
f 1983/698/3431 1991/706/3431 1992/707/3431
f 1992/707/3431 1984/699/3431 1983/698/3431
f 1984/699/3432 1992/707/3432 1993/708/3432
f 1993/708/3432 1985/700/3432 1984/699/3432
f 1986/701/3433 1985/700/3433 1993/708/3433
f 1993/708/3433 1994/709/3433 1986/701/3433
f 1986/701/3434 1994/709/3434 1995/710/3435
f 1995/710/3435 1987/702/3435 1986/701/3434
f 1996/711/3436 1989/704/3436 1988/703/3436
f 1988/703/3436 1997/712/3436 1996/711/3436
f 1989/704/3437 1996/711/3437 1998/713/3438
f 1998/713/3438 1990/705/3438 1989/704/3437
f 1990/705/3439 1998/713/3439 1999/714/3439
f 1999/714/3439 1991/706/3439 1990/705/3439
f 2000/715/3440 1992/707/3440 1991/706/3440
f 1991/706/3440 1999/714/3440 2000/715/3440
f 1992/707/3441 2000/715/3441 2001/716/3442
f 2001/716/3442 1993/708/3441 1992/707/3441
f 2002/717/3443 1994/709/3443 1993/708/3443
f 1993/708/3443 2001/716/3443 2002/717/3443
f 1994/709/3444 2002/717/3444 2003/718/3444
f 2003/718/3444 1995/710/3444 1994/709/3444
f 2004/719/3445 1996/711/3446 1997/712/3446
f 1997/712/3446 2005/720/3447 2004/719/3445
f 1996/711/3448 2004/719/3449 2006/721/3449
f 2006/721/3449 1998/713/3448 1996/711/3448
f 2007/722/3450 1999/714/3450 1998/713/3450
f 1998/713/3450 2006/721/3450 2007/722/3450
f 2008/723/3451 2000/715/3451 1999/714/3451
f 1999/714/3451 2007/722/3451 2008/723/3451
f 2000/715/3452 2008/723/3452 2009/724/3452
f 2009/724/3452 2001/716/3452 2000/715/3452
f 2001/716/3453 2009/724/3453 2010/725/3454
f 2010/725/3454 2002/717/3453 2001/716/3453
f 2002/717/3455 2010/725/3456 2011/726/3457
f 2011/726/3457 2003/718/3455 2002/717/3455
f 2012/727/3458 2004/719/3445 2005/720/3447
f 2005/720/3447 2013/728/3459 2012/727/3458
f 2004/719/3460 2012/727/3460 2014/729/3460
f 2014/729/3460 2006/721/3460 2004/719/3460
f 2006/721/3461 2014/729/3461 2015/730/3461
f 2015/730/3461 2007/722/3461 2006/721/3461
f 2016/731/3462 2008/723/3462 2007/722/3462
f 2007/722/3462 2015/730/3462 2016/731/3462
f 2017/732/3463 2009/724/3463 2008/723/3463
f 2008/723/3463 2016/731/3463 2017/732/3463
f 2010/725/3464 2009/724/3464 2017/732/3464
f 2017/732/3464 2018/733/3464 2010/725/3464
f 2019/736/3465 2020/735/3466 2021/734/3466
f 2021/734/3466 2022/737/3465 2019/736/3465
f 2020/735/3467 2019/736/3468 2023/739/3468
f 2023/739/3468 2024/738/3467 2020/735/3467
f 2024/738/3469 2023/739/3469 2025/741/3470
f 2025/741/3470 2026/740/3469 2024/738/3469
f 2027/742/3471 2019/736/3472 2022/737/3471
f 2022/737/3471 2028/743/3471 2027/742/3471
f 2029/744/3473 2023/739/3474 2019/736/3474
f 2019/736/3474 2027/742/3473 2029/744/3473
f 2023/739/3475 2029/744/3476 2030/745/3476
f 2030/745/3476 2025/741/3477 2023/739/3475
f 2031/746/3478 2027/742/3479 2028/743/3478
f 2028/743/3478 2032/747/3480 2031/746/3478
f 2027/742/3481 2031/746/3482 2033/748/3482
f 2033/748/3482 2029/744/3483 2027/742/3481
f 2029/744/3484 2033/748/3485 2034/749/3484
f 2034/749/3484 2030/745/3484 2029/744/3484
f 2030/745/3486 2034/749/3486 2035/750/3487
f 2035/750/3487 2036/751/3487 2030/745/3486
f 2037/752/3488 2031/746/3488 2032/747/3488
f 2032/747/3488 2038/753/3489 2037/752/3488
f 2031/746/3490 2037/752/3490 2039/754/3490
f 2039/754/3490 2033/748/3490 2031/746/3490
f 2033/748/3491 2039/754/3491 2040/755/3492
f 2040/755/3492 2034/749/3491 2033/748/3491
f 2034/749/3493 2040/755/3494 2041/756/3495
f 2041/756/3495 2035/750/3495 2034/749/3493
f 2042/757/3496 2037/752/3496 2038/753/3496
f 2038/753/3496 2043/758/3496 2042/757/3496
f 2037/752/3497 2042/757/3498 2044/759/3497
f 2044/759/3497 2039/754/3497 2037/752/3497
f 2045/760/3499 2040/755/3499 2039/754/3499
f 2039/754/3499 2044/759/3499 2045/760/3499
f 2046/761/3500 2041/756/3501 2040/755/3502
f 2040/755/3502 2045/760/3500 2046/761/3500
f 2047/762/3503 2042/757/3503 2043/758/3503
f 2043/758/3503 2048/763/3504 2047/762/3503
f 2049/764/3505 2044/759/3506 2042/757/3505
f 2042/757/3505 2047/762/3507 2049/764/3505
f 2045/760/3508 2044/759/3509 2049/764/3509
f 2049/764/3509 2050/765/3508 2045/760/3508
f 2051/766/3510 2046/761/3510 2045/760/3510
f 2045/760/3510 2050/765/3510 2051/766/3510
f 2052/768/3511 2053/767/3511 2054/770/3512
f 2054/770/3512 2055/769/3511 2052/768/3511
f 2056/772/3513 2057/771/3513 2055/769/3513
f 2055/769/3513 2054/770/3513 2056/772/3513
f 2057/771/3514 2056/772/3514 2058/774/3514
f 2058/774/3514 2059/773/3514 2057/771/3514
f 2060/776/3515 2061/775/3516 2059/773/3516
f 2059/773/3516 2058/774/3515 2060/776/3515
f 2061/775/3517 2060/776/3517 2062/778/3517
f 2062/778/3517 2063/777/3517 2061/775/3517
f 2064/780/3518 2065/779/3518 2063/777/3518
f 2063/777/3518 2062/778/3518 2064/780/3518
f 2065/779/3519 2064/780/3519 2066/782/3519
f 2066/782/3519 2067/781/3520 2065/779/3519
f 2068/783/3521 2054/770/3521 2053/767/3521
f 2053/767/3521 2069/784/3521 2068/783/3521
f 2054/770/3522 2068/783/3523 2070/785/3522
f 2070/785/3522 2056/772/3522 2054/770/3522
f 2071/786/3524 2058/774/3525 2056/772/3524
f 2056/772/3524 2070/785/3524 2071/786/3524
f 2072/787/3526 2060/776/3526 2058/774/3526
f 2058/774/3526 2071/786/3527 2072/787/3526
f 2060/776/3528 2072/787/3528 2073/788/3529
f 2073/788/3529 2062/778/3528 2060/776/3528
f 2074/789/3530 2064/780/3531 2062/778/3532
f 2062/778/3532 2073/788/3531 2074/789/3530
f 2064/780/3533 2074/789/3533 2075/790/3533
f 2075/790/3533 2066/782/3533 2064/780/3533
f 2069/784/3534 2076/792/3535 2077/791/3534
f 2077/791/3534 2068/783/3536 2069/784/3534
f 2078/793/3537 2070/785/3538 2068/783/3537
f 2068/783/3537 2077/791/3538 2078/793/3537
f 2070/785/3539 2078/793/3540 2079/794/3539
f 2079/794/3539 2071/786/3539 2070/785/3539
f 2080/795/3541 2072/787/3542 2071/786/3541
f 2071/786/3541 2079/794/3541 2080/795/3541
f 2081/796/3543 2073/788/3543 2072/787/3543
f 2072/787/3543 2080/795/3543 2081/796/3543
f 2074/789/3544 2073/788/3545 2081/796/3546
f 2081/796/3546 2082/797/3547 2074/789/3544
f 2075/790/3548 2074/789/3548 2082/797/3548
f 2082/797/3548 2083/798/3548 2075/790/3548
f 2080/795/3549 2084/800/3549 2085/799/3550
f 2085/799/3550 2081/796/3550 2080/795/3549
f 2082/797/3551 2081/796/3552 2085/799/3552
f 2085/799/3552 2086/801/3552 2082/797/3551
f 2083/798/3553 2082/797/3553 2086/801/3553
f 2086/801/3553 2087/802/3553 2083/798/3553
f 2088/803/3554 2089/806/3554 2090/805/3554
f 2090/805/3554 2091/804/3554 2088/803/3554
f 2092/807/3555 2088/803/3556 2091/804/3556
f 2091/804/3556 2093/808/3556 2092/807/3555
f 2094/810/3557 2095/809/3558 2092/807/3558
f 2092/807/3558 2093/808/3558 2094/810/3557
f 2096/811/3559 2095/809/3560 2094/810/3560
f 2094/810/3560 2097/812/3560 2096/811/3559
f 2098/813/3561 2096/811/3561 2097/812/3561
f 2097/812/3561 2099/814/3561 2098/813/3561
f 2098/813/3562 2099/814/3562 2100/816/3563
f 2100/816/3563 2101/815/3562 2098/813/3562
f 2102/817/3564 2101/815/3565 2100/816/3566
f 2100/816/3566 2103/818/3567 2102/817/3564
f 2104/820/3568 2091/804/3568 2090/805/3568
f 2090/805/3568 2105/819/3568 2104/820/3568
f 2093/808/3569 2091/804/3569 2104/820/3569
f 2104/820/3569 2106/821/3569 2093/808/3569
f 2094/810/3570 2093/808/3570 2106/821/3571
f 2106/821/3571 2107/822/3570 2094/810/3570
f 2108/823/3572 2097/812/3572 2094/810/3573
f 2094/810/3573 2107/822/3574 2108/823/3572
f 2099/814/3575 2097/812/3575 2108/823/3575
f 2108/823/3575 2109/824/3575 2099/814/3575
f 2100/816/3576 2099/814/3576 2109/824/3576
f 2109/824/3576 2110/825/3577 2100/816/3576
f 2100/816/3578 2110/825/3579 2111/826/3580
f 2111/826/3580 2103/818/3579 2100/816/3578
f 2104/820/3581 2105/819/3582 2112/828/3582
f 2112/828/3582 2113/827/3582 2104/820/3581
f 2114/829/3583 2106/821/3584 2104/820/3584
f 2104/820/3584 2113/827/3584 2114/829/3583
f 2107/822/3585 2106/821/3586 2114/829/3586
f 2114/829/3586 2115/830/3587 2107/822/3585
f 2108/823/3588 2107/822/3589 2115/830/3589
f 2115/830/3589 2116/831/3590 2108/823/3588
f 2117/832/3591 2109/824/3591 2108/823/3591
f 2108/823/3591 2116/831/3591 2117/832/3591
f 2110/825/3592 2109/824/3593 2117/832/3594
f 2117/832/3594 2118/833/3593 2110/825/3592
f 2111/826/3595 2110/825/3595 2118/833/3595
f 2118/833/3595 2119/834/3595 2111/826/3595
f 2113/827/3596 2112/828/3596 2120/836/3596
f 2120/836/3596 2121/835/3596 2113/827/3596
f 2114/829/3597 2113/827/3597 2121/835/3597
f 2121/835/3597 2122/837/3598 2114/829/3597
f 2114/829/3599 2122/837/3599 2123/838/3599
f 2123/838/3599 2115/830/3599 2114/829/3599
f 2116/831/3600 2115/830/3600 2123/838/3601
f 2123/838/3601 2124/839/3600 2116/831/3600
f 2117/832/3602 2116/831/3602 2124/839/3602
f 2124/839/3602 2125/840/3603 2117/832/3602
f 2117/832/3604 2125/840/3604 2126/841/3604
f 2126/841/3604 2118/833/3604 2117/832/3604
f 2119/834/3605 2118/833/3606 2126/841/3606
f 2126/841/3606 2127/842/3606 2119/834/3605
f 2120/836/3607 2128/844/3607 2129/843/3607
f 2129/843/3607 2121/835/3607 2120/836/3607
f 2122/837/3608 2121/835/3608 2129/843/3608
f 2129/843/3608 2130/845/3608 2122/837/3608
f 2123/838/3609 2122/837/3609 2130/845/3609
f 2130/845/3609 2131/846/3609 2123/838/3609
f 2123/838/3610 2131/846/3610 2132/847/3610
f 2132/847/3610 2124/839/3610 2123/838/3610
f 2125/840/3611 2124/839/3611 2132/847/3611
f 2132/847/3611 2133/848/3611 2125/840/3611
f 2126/841/3612 2125/840/3613 2133/848/3613
f 2133/848/3613 2134/849/3612 2126/841/3612
f 2135/850/3614 2127/842/3614 2126/841/3614
f 2126/841/3614 2134/849/3614 2135/850/3614
f 2129/843/3615 2128/844/3615 2136/852/3615
f 2136/852/3615 2137/851/3615 2129/843/3615
f 2138/853/3616 2130/845/3616 2129/843/3616
f 2129/843/3616 2137/851/3616 2138/853/3616
f 2131/846/3617 2130/845/3618 2138/853/3618
f 2138/853/3618 2139/854/3617 2131/846/3617
f 2132/847/3619 2131/846/3619 2139/854/3619
f 2139/854/3619 2140/855/3619 2132/847/3619
f 2141/856/3620 2133/848/3620 2132/847/3620
f 2132/847/3620 2140/855/3621 2141/856/3620
f 2134/849/3622 2133/848/3622 2141/856/3622
f 2141/856/3622 2142/857/3623 2134/849/3622
f 2135/850/3624 2134/849/3624 2142/857/3625
f 2142/857/3625 2143/858/3625 2135/850/3624
f 1978/694/3626 2047/762/3626 2048/763/3627
f 2048/763/3627 1979/693/3626 1978/694/3626
f 1987/702/3628 2049/764/3628 2047/762/3628
f 2047/762/3628 1978/694/3628 1987/702/3628
f 2050/765/3629 2049/764/3630 1987/702/3630
f 1987/702/3630 1995/710/3630 2050/765/3629
f 2003/718/3631 2051/766/3631 2050/765/3631
f 2050/765/3631 1995/710/3631 2003/718/3631
f 2136/852/3632 2067/781/3633 2066/782/3633
f 2066/782/3633 2137/851/3633 2136/852/3632
f 2075/790/3634 2138/853/3634 2137/851/3634
f 2137/851/3634 2066/782/3635 2075/790/3634
f 2139/854/3636 2138/853/3637 2075/790/3637
f 2075/790/3637 2083/798/3638 2139/854/3636
f 2087/802/3639 2140/855/3639 2139/854/3639
f 2139/854/3639 2083/798/3639 2087/802/3639
f 2140/855/3640 2087/802/3640 2144/859/3640
f 2144/859/3640 2141/856/3640 2140/855/3640
f 2103/818/3567 2012/727/3458 2013/728/3459
f 2013/728/3459 2102/817/3564 2103/818/3567
f 2111/826/3641 2014/729/3641 2012/727/3642
f 2012/727/3642 2103/818/3641 2111/826/3641
f 2119/834/3643 2015/730/3643 2014/729/3643
f 2014/729/3643 2111/826/3643 2119/834/3643
f 2127/842/3644 2016/731/3644 2015/730/3644
f 2015/730/3644 2119/834/3644 2127/842/3644
f 2135/850/3645 2017/732/3645 2016/731/3645
f 2016/731/3645 2127/842/3645 2135/850/3645
f 2143/858/3646 2018/733/3646 2017/732/3646
f 2017/732/3646 2135/850/3646 2143/858/3646
f 2145/862/3647 2146/861/3648 2147/860/3648
f 2147/860/3648 1966/680/3647 2145/862/3647
f 1965/681/3649 2148/863/3649 2145/862/3649
f 2145/862/3649 1966/680/3649 1965/681/3649
f 1969/683/3650 2149/864/3650 2148/863/3650
f 2148/863/3650 1965/681/3650 1969/683/3650
f 1969/683/3651 1971/685/3651 2150/865/3651
f 2150/865/3651 2149/864/3652 1969/683/3651
f 1973/687/3653 2151/866/3653 2150/865/3653
f 2150/865/3653 1971/685/3654 1973/687/3653
f 1975/689/3655 2152/867/3655 2151/866/3655
f 2151/866/3655 1973/687/3655 1975/689/3655
f 1975/689/3656 1977/692/3656 2153/868/3656
f 2153/868/3656 2152/867/3656 1975/689/3656
f 1979/693/3657 2154/869/3657 2153/868/3657
f 2153/868/3657 1977/692/3657 1979/693/3657
f 2147/860/3658 2155/870/3658 1967/679/3659
f 1967/679/3659 1966/680/3658 2147/860/3658
f 1967/679/3660 2155/870/3660 2156/871/3660
f 2156/871/3660 1981/696/3660 1967/679/3660
f 2156/871/3661 2157/872/3661 1988/703/3662
f 1988/703/3662 1981/696/3661 2156/871/3661
f 1997/712/3663 1988/703/3663 2157/872/3663
f 2157/872/3663 2158/873/3663 1997/712/3663
f 2159/874/3664 2005/720/3665 1997/712/3666
f 1997/712/3666 2158/873/3666 2159/874/3664
f 2160/875/3667 2013/728/3668 2005/720/3665
f 2005/720/3665 2159/874/3664 2160/875/3667
f 2161/876/3669 2102/817/3670 2013/728/3668
f 2013/728/3668 2160/875/3667 2161/876/3669
f 1692/374/3671 1694/375/3671 2162/877/3671
f 2162/877/3671 2021/734/3672 1692/374/3671
f 2020/735/3673 1691/373/3674 1692/374/3674
f 1692/374/3674 2021/734/3673 2020/735/3673
f 2024/738/3675 1689/372/3675 1691/373/3676
f 1691/373/3676 2020/735/3675 2024/738/3675
f 2026/740/3677 1690/371/3677 1689/372/3677
f 1689/372/3677 2024/738/3677 2026/740/3677
f 2021/734/3678 2162/877/3678 2163/878/3679
f 2163/878/3679 2022/737/3679 2021/734/3678
f 2163/878/3680 2164/879/3681 2028/743/3680
f 2028/743/3680 2022/737/3680 2163/878/3680
f 2164/879/3682 2165/880/3683 2032/747/3683
f 2032/747/3683 2028/743/3683 2164/879/3682
f 2166/881/3684 2038/753/3685 2032/747/3684
f 2032/747/3684 2165/880/3686 2166/881/3684
f 2038/753/3687 2166/881/3687 2167/882/3687
f 2167/882/3687 2043/758/3688 2038/753/3687
f 2167/882/3689 2168/883/3689 2048/763/3689
f 2048/763/3689 2043/758/3689 2167/882/3689
f 2154/869/3690 1979/693/3690 2048/763/3691
f 2048/763/3691 2168/883/3690 2154/869/3690
f 2052/768/3692 1963/884/3693 1593/271/3694
f 1593/271/3694 1595/272/3694 2052/768/3692
f 2055/769/3695 1962/885/3696 1963/884/3696
f 1963/884/3696 2052/768/3695 2055/769/3695
f 2057/771/3697 1961/886/3697 1962/885/3697
f 1962/885/3697 2055/769/3697 2057/771/3697
f 2059/773/3698 1960/887/3698 1961/886/3698
f 1961/886/3698 2057/771/3698 2059/773/3698
f 2061/775/3699 1959/888/3699 1960/887/3699
f 1960/887/3699 2059/773/3699 2061/775/3699
f 2063/777/3700 1958/889/3700 1959/888/3700
f 1959/888/3700 2061/775/3700 2063/777/3700
f 2065/779/3701 1957/890/3701 1958/889/3701
f 1958/889/3701 2063/777/3701 2065/779/3701
f 2067/781/3702 1956/891/3702 1957/890/3702
f 1957/890/3702 2065/779/3702 2067/781/3702
f 2053/767/3703 2052/768/3703 1595/272/3703
f 1595/272/3703 1596/273/3704 2053/767/3703
f 2069/784/3705 2053/767/3705 1596/273/3706
f 1596/273/3706 1597/274/3705 2069/784/3705
f 2069/784/3707 1597/274/3707 1598/275/3707
f 1598/275/3707 2076/792/3707 2069/784/3707
f 1949/633/3708 1948/893/3709 2089/806/3709
f 2089/806/3709 2169/892/3709 1949/633/3708
f 2088/803/3710 2170/894/3710 2169/892/3711
f 2169/892/3711 2089/806/3710 2088/803/3710
f 2171/895/3712 2170/894/3712 2088/803/3712
f 2088/803/3712 2092/807/3712 2171/895/3712
f 2095/809/3713 2172/896/3713 2171/895/3713
f 2171/895/3713 2092/807/3713 2095/809/3713
f 2172/896/3714 2095/809/3714 2096/811/3714
f 2096/811/3714 2173/897/3714 2172/896/3714
f 2174/898/3715 2173/897/3716 2096/811/3716
f 2096/811/3716 2098/813/3717 2174/898/3715
f 2101/815/3718 2175/899/3719 2174/898/3715
f 2174/898/3715 2098/813/3717 2101/815/3718
f 2175/899/3719 2101/815/3718 2102/817/3670
f 2102/817/3670 2161/876/3669 2175/899/3719
f 2090/805/3720 2089/806/3720 1948/893/3721
f 1948/893/3721 1950/900/3721 2090/805/3720
f 2105/819/3722 2090/805/3722 1950/900/3722
f 1950/900/3722 1951/901/3722 2105/819/3722
f 1952/902/3723 2112/828/3723 2105/819/3723
f 2105/819/3723 1951/901/3723 1952/902/3723
f 1952/902/3724 1953/903/3724 2120/836/3724
f 2120/836/3724 2112/828/3725 1952/902/3724
f 1953/903/3726 1954/904/3726 2128/844/3726
f 2128/844/3726 2120/836/3726 1953/903/3726
f 2128/844/3727 1954/904/3727 1955/905/3727
f 1955/905/3727 2136/852/3727 2128/844/3727
f 2136/852/3728 1955/905/3728 1956/891/3728
f 1956/891/3728 2067/781/3728 2136/852/3728
f 2176/909/3729 2177/908/3729 2178/907/3729
f 2178/907/3729 2179/906/3729 2176/909/3729
f 2177/908/3730 2176/909/3730 2180/911/3730
f 2180/911/3730 2181/910/3730 2177/908/3730
f 2181/910/3731 2180/911/3731 2182/913/3732
f 2182/913/3732 2183/912/3731 2181/910/3731
f 2184/915/3733 2185/914/3733 2183/912/3733
f 2183/912/3733 2182/913/3733 2184/915/3733
f 2185/914/3734 2184/915/3735 2186/917/3735
f 2186/917/3735 2187/916/3735 2185/914/3734
f 2187/916/3736 2186/917/3737 2188/919/3737
f 2188/919/3737 2189/918/3737 2187/916/3736
f 2190/921/3738 2191/920/3738 2189/918/3738
f 2189/918/3738 2188/919/3738 2190/921/3738
f 2191/920/3739 2190/921/3739 2192/923/3740
f 2192/923/3740 2193/922/3740 2191/920/3739
f 2193/922/3741 2192/923/3741 2194/924/3742
f 2194/924/3742 2195/925/3742 2193/922/3741
f 2196/926/3743 2197/927/3743 2195/925/3744
f 2195/925/3744 2194/924/3745 2196/926/3743
f 2197/927/3746 2196/926/3747 2198/928/3748
f 2198/928/3748 2199/929/3747 2197/927/3746
f 2199/929/3749 2198/928/3749 2200/930/3749
f 2200/930/3749 2201/931/3749 2199/929/3749
f 2202/932/3750 2203/933/3750 2201/931/3750
f 2201/931/3750 2200/930/3750 2202/932/3750
f 2203/933/3751 2202/932/3751 2204/935/3751
f 2204/935/3751 2205/934/3751 2203/933/3751
f 2206/937/3752 2176/909/3752 2179/906/3752
f 2179/906/3752 2207/936/3752 2206/937/3752
f 2176/909/3753 2206/937/3753 2208/938/3753
f 2208/938/3753 2180/911/3753 2176/909/3753
f 2209/939/3754 2182/913/3754 2180/911/3754
f 2180/911/3754 2208/938/3754 2209/939/3754
f 2210/940/3755 2184/915/3755 2182/913/3755
f 2182/913/3755 2209/939/3755 2210/940/3755
f 2211/941/3756 2186/917/3756 2184/915/3757
f 2184/915/3757 2210/940/3756 2211/941/3756
f 2212/942/3758 2188/919/3758 2186/917/3758
f 2186/917/3758 2211/941/3758 2212/942/3758
f 2213/943/3759 2190/921/3760 2188/919/3760
f 2188/919/3760 2212/942/3759 2213/943/3759
f 2214/944/3761 2192/923/3762 2190/921/3763
f 2190/921/3763 2213/943/3761 2214/944/3761
f 2215/945/3764 2194/924/3765 2192/923/3766
f 2192/923/3766 2214/944/3767 2215/945/3764
f 2216/946/3768 2196/926/3768 2194/924/3769
f 2194/924/3769 2215/945/3768 2216/946/3768
f 2217/947/3770 2198/928/3770 2196/926/3770
f 2196/926/3770 2216/946/3770 2217/947/3770
f 2218/948/3771 2200/930/3771 2198/928/3771
f 2198/928/3771 2217/947/3771 2218/948/3771
f 2219/949/3772 2202/932/3772 2200/930/3772
f 2200/930/3772 2218/948/3772 2219/949/3772
f 2220/950/3773 2204/935/3773 2202/932/3774
f 2202/932/3774 2219/949/3773 2220/950/3773
f 2221/952/3775 2206/937/3775 2207/936/3775
f 2207/936/3775 2222/951/3775 2221/952/3775
f 2206/937/3776 2221/952/3776 2223/953/3776
f 2223/953/3776 2208/938/3776 2206/937/3776
f 2208/938/3777 2223/953/3777 2224/954/3777
f 2224/954/3777 2209/939/3777 2208/938/3777
f 2225/955/3778 2210/940/3778 2209/939/3779
f 2209/939/3779 2224/954/3779 2225/955/3778
f 2210/940/3780 2225/955/3780 2226/956/3780
f 2226/956/3780 2211/941/3780 2210/940/3780
f 2211/941/3781 2226/956/3782 2227/957/3783
f 2227/957/3783 2212/942/3781 2211/941/3781
f 2228/958/3784 2213/943/3784 2212/942/3784
f 2212/942/3784 2227/957/3784 2228/958/3784
f 2213/943/3785 2228/958/3785 2229/959/3785
f 2229/959/3785 2214/944/3786 2213/943/3785
f 2214/944/3787 2229/959/3788 2230/960/3788
f 2230/960/3788 2215/945/3788 2214/944/3787
f 2231/961/3789 2216/946/3789 2215/945/3789
f 2215/945/3789 2230/960/3789 2231/961/3789
f 2216/946/3790 2231/961/3790 2232/962/3790
f 2232/962/3790 2217/947/3790 2216/946/3790
f 2217/947/3791 2232/962/3791 2233/963/3791
f 2233/963/3791 2218/948/3791 2217/947/3791
f 2218/948/3792 2233/963/3792 2234/964/3792
f 2234/964/3792 2219/949/3792 2218/948/3792
f 2219/949/3793 2234/964/3793 2235/965/3793
f 2235/965/3793 2220/950/3793 2219/949/3793
f 2236/967/3794 2221/952/3794 2222/951/3794
f 2222/951/3794 2237/966/3794 2236/967/3794
f 2238/968/3795 2223/953/3795 2221/952/3795
f 2221/952/3795 2236/967/3795 2238/968/3795
f 2223/953/3796 2238/968/3796 2239/969/3796
f 2239/969/3796 2224/954/3796 2223/953/3796
f 2240/970/3797 2225/955/3798 2224/954/3798
f 2224/954/3798 2239/969/3798 2240/970/3797
f 2225/955/3799 2240/970/3800 2241/971/3800
f 2241/971/3800 2226/956/3801 2225/955/3799
f 2226/956/3802 2241/971/3803 2242/972/3803
f 2242/972/3803 2227/957/3803 2226/956/3802
f 2243/973/3804 2228/958/3805 2227/957/3806
f 2227/957/3806 2242/972/3807 2243/973/3804
f 2244/974/3808 2229/959/3808 2228/958/3808
f 2228/958/3808 2243/973/3808 2244/974/3808
f 2229/959/3809 2244/974/3810 2245/975/3810
f 2245/975/3810 2230/960/3809 2229/959/3809
f 2246/976/3811 2231/961/3812 2230/960/3811
f 2230/960/3811 2245/975/3811 2246/976/3811
f 2247/977/3813 2232/962/3814 2231/961/3815
f 2231/961/3815 2246/976/3815 2247/977/3813
f 2232/962/3816 2247/977/3816 2248/978/3816
f 2248/978/3816 2233/963/3816 2232/962/3816
f 2249/979/3817 2234/964/3817 2233/963/3817
f 2233/963/3817 2248/978/3817 2249/979/3817
f 2250/980/3818 2235/965/3818 2234/964/3818
f 2234/964/3818 2249/979/3818 2250/980/3818
f 2251/982/3819 2236/967/3819 2237/966/3819
f 2237/966/3819 2252/981/3819 2251/982/3819
f 2236/967/3820 2251/982/3820 2253/983/3820
f 2253/983/3820 2238/968/3821 2236/967/3820
f 2238/968/3822 2253/983/3822 2254/984/3822
f 2254/984/3822 2239/969/3822 2238/968/3822
f 2255/985/3823 2240/970/3823 2239/969/3823
f 2239/969/3823 2254/984/3823 2255/985/3823
f 2240/970/3824 2255/985/3824 2256/986/3825
f 2256/986/3825 2241/971/3824 2240/970/3824
f 2241/971/3826 2256/986/3826 2257/987/3826
f 2257/987/3826 2242/972/3826 2241/971/3826
f 2258/988/3827 2243/973/3828 2242/972/3829
f 2242/972/3829 2257/987/3828 2258/988/3827
f 2243/973/3830 2258/988/3831 2259/989/3832
f 2259/989/3832 2244/974/3833 2243/973/3830
f 2244/974/3834 2259/989/3834 2260/990/3834
f 2260/990/3834 2245/975/3835 2244/974/3834
f 2261/991/3836 2246/976/3836 2245/975/3837
f 2245/975/3837 2260/990/3837 2261/991/3836
f 2246/976/3838 2261/991/3839 2262/992/3839
f 2262/992/3839 2247/977/3839 2246/976/3838
f 2247/977/3840 2262/992/3841 2263/993/3841
f 2263/993/3841 2248/978/3841 2247/977/3840
f 2264/994/3842 2249/979/3842 2248/978/3842
f 2248/978/3842 2263/993/3842 2264/994/3842
f 2265/995/3843 2250/980/3844 2249/979/3843
f 2249/979/3843 2264/994/3843 2265/995/3843
f 2266/997/3845 2251/982/3845 2252/981/3846
f 2252/981/3846 2267/996/3846 2266/997/3845
f 2251/982/3847 2266/997/3847 2268/998/3847
f 2268/998/3847 2253/983/3848 2251/982/3847
f 2253/983/3849 2268/998/3849 2269/999/3849
f 2269/999/3849 2254/984/3849 2253/983/3849
f 2270/1000/3850 2255/985/3851 2254/984/3850
f 2254/984/3850 2269/999/3851 2270/1000/3850
f 2255/985/3852 2270/1000/3852 2271/1001/3852
f 2271/1001/3852 2256/986/3852 2255/985/3852
f 2256/986/3853 2271/1001/3853 2272/1002/3853
f 2272/1002/3853 2257/987/3853 2256/986/3853
f 2273/1003/3854 2258/988/3854 2257/987/3854
f 2257/987/3854 2272/1002/3855 2273/1003/3854
f 2258/988/3856 2273/1003/3857 2274/1004/3856
f 2274/1004/3856 2259/989/3856 2258/988/3856
f 2259/989/3858 2274/1004/3859 2275/1005/3860
f 2275/1005/3860 2260/990/3858 2259/989/3858
f 2276/1006/3861 2261/991/3861 2260/990/3861
f 2260/990/3861 2275/1005/3861 2276/1006/3861
f 2261/991/3862 2276/1006/3863 2277/1007/3862
f 2277/1007/3862 2262/992/3864 2261/991/3862
f 2262/992/3865 2277/1007/3865 2278/1008/3866
f 2278/1008/3866 2263/993/3867 2262/992/3865
f 2279/1009/3868 2264/994/3868 2263/993/3868
f 2263/993/3868 2278/1008/3868 2279/1009/3868
f 2280/1010/3869 2265/995/3869 2264/994/3869
f 2264/994/3869 2279/1009/3870 2280/1010/3869
f 2267/996/3871 2281/1011/3872 2282/1012/3871
f 2282/1012/3871 2266/997/3871 2267/996/3871
f 2266/997/3873 2282/1012/3873 2283/1013/3874
f 2283/1013/3874 2268/998/3874 2266/997/3873
f 2268/998/3875 2283/1013/3875 2284/1014/3875
f 2284/1014/3875 2269/999/3876 2268/998/3875
f 2285/1015/3877 2270/1000/3877 2269/999/3878
f 2269/999/3878 2284/1014/3877 2285/1015/3877
f 2270/1000/3879 2285/1015/3880 2286/1016/3879
f 2286/1016/3879 2271/1001/3879 2270/1000/3879
f 2271/1001/3881 2286/1016/3882 2287/1017/3883
f 2287/1017/3883 2272/1002/3884 2271/1001/3881
f 2288/1018/3885 2273/1003/3886 2272/1002/3885
f 2272/1002/3885 2287/1017/3886 2288/1018/3885
f 2289/1019/3887 2274/1004/3887 2273/1003/3888
f 2273/1003/3888 2288/1018/3888 2289/1019/3887
f 2274/1004/3889 2289/1019/3890 2290/1020/3891
f 2290/1020/3891 2275/1005/3892 2274/1004/3889
f 2291/1021/3893 2276/1006/3894 2275/1005/3895
f 2275/1005/3895 2290/1020/3896 2291/1021/3893
f 2276/1006/3897 2291/1021/3898 2292/1022/3899
f 2292/1022/3899 2277/1007/3899 2276/1006/3897
f 2277/1007/3900 2292/1022/3900 2293/1023/3900
f 2293/1023/3900 2278/1008/3901 2277/1007/3900
f 2294/1024/3902 2279/1009/3902 2278/1008/3902
f 2278/1008/3902 2293/1023/3902 2294/1024/3902
f 2279/1009/3903 2294/1024/3903 2295/1025/3904
f 2295/1025/3904 2280/1010/3903 2279/1009/3903
f 2296/1027/3905 2282/1012/3906 2281/1011/3907
f 2281/1011/3907 2297/1026/3907 2296/1027/3905
f 2298/1028/3908 2283/1013/3909 2282/1012/3910
f 2282/1012/3910 2296/1027/3910 2298/1028/3908
f 2283/1013/3911 2298/1028/3912 2299/1029/3913
f 2299/1029/3913 2284/1014/3913 2283/1013/3911
f 2300/1030/3914 2285/1015/3914 2284/1014/3914
f 2284/1014/3914 2299/1029/3914 2300/1030/3914
f 2285/1015/3915 2300/1030/3916 2301/1031/3916
f 2301/1031/3916 2286/1016/3917 2285/1015/3915
f 2286/1016/3918 2301/1031/3918 2302/1032/3919
f 2302/1032/3919 2287/1017/3920 2286/1016/3918
f 2303/1033/3921 2288/1018/3922 2287/1017/3923
f 2287/1017/3923 2302/1032/3923 2303/1033/3921
f 2304/1034/3924 2289/1019/3924 2288/1018/3924
f 2288/1018/3924 2303/1033/3924 2304/1034/3924
f 2305/1035/3925 2290/1020/3925 2289/1019/3925
f 2289/1019/3925 2304/1034/3925 2305/1035/3925
f 2306/1036/3926 2291/1021/3926 2290/1020/3926
f 2290/1020/3926 2305/1035/3926 2306/1036/3926
f 2292/1022/3927 2291/1021/3927 2306/1036/3928
f 2306/1036/3928 2307/1037/3927 2292/1022/3927
f 2308/1038/3929 2293/1023/3930 2292/1022/3931
f 2292/1022/3931 2307/1037/3931 2308/1038/3929
f 2309/1039/3932 2294/1024/3933 2293/1023/3933
f 2293/1023/3933 2308/1038/3933 2309/1039/3932
f 2310/1040/3934 2295/1025/3935 2294/1024/3935
f 2294/1024/3935 2309/1039/3935 2310/1040/3934
f 2311/1042/3936 2296/1027/3937 2297/1026/3936
f 2297/1026/3936 2312/1041/3936 2311/1042/3936
f 2296/1027/3938 2311/1042/3938 2313/1043/3938
f 2313/1043/3938 2298/1028/3938 2296/1027/3938
f 2314/1044/3939 2299/1029/3940 2298/1028/3940
f 2298/1028/3940 2313/1043/3940 2314/1044/3939
f 2315/1045/3941 2300/1030/3941 2299/1029/3942
f 2299/1029/3942 2314/1044/3941 2315/1045/3941
f 2300/1030/3943 2315/1045/3943 2316/1046/3944
f 2316/1046/3944 2301/1031/3943 2300/1030/3943
f 2317/1047/3945 2302/1032/3946 2301/1031/3946
f 2301/1031/3946 2316/1046/3946 2317/1047/3945
f 2318/1048/3947 2303/1033/3947 2302/1032/3948
f 2302/1032/3948 2317/1047/3949 2318/1048/3947
f 2303/1033/3950 2318/1048/3950 2319/1049/3951
f 2319/1049/3951 2304/1034/3952 2303/1033/3950
f 2305/1035/3953 2304/1034/3953 2319/1049/3953
f 2319/1049/3953 2320/1050/3953 2305/1035/3953
f 2306/1036/3954 2305/1035/3955 2320/1050/3954
f 2320/1050/3954 2321/1051/3954 2306/1036/3954
f 2307/1037/3956 2306/1036/3956 2321/1051/3956
f 2321/1051/3956 2322/1052/3956 2307/1037/3956
f 2323/1053/3957 2308/1038/3957 2307/1037/3957
f 2307/1037/3957 2322/1052/3957 2323/1053/3957
f 2324/1054/3958 2309/1039/3958 2308/1038/3958
f 2308/1038/3958 2323/1053/3959 2324/1054/3958
f 2309/1039/3960 2324/1054/3960 2325/1055/3961
f 2325/1055/3961 2310/1040/3960 2309/1039/3960
f 2311/1042/3962 2312/1041/3962 2326/1056/3962
f 2326/1056/3962 2327/1057/3962 2311/1042/3962
f 2311/1042/3963 2327/1057/3963 2328/1058/3963
f 2328/1058/3963 2313/1043/3963 2311/1042/3963
f 2314/1044/3964 2313/1043/3965 2328/1058/3965
f 2328/1058/3965 2329/1059/3964 2314/1044/3964
f 2315/1045/3966 2314/1044/3966 2329/1059/3966
f 2329/1059/3966 2330/1060/3966 2315/1045/3966
f 2315/1045/3967 2330/1060/3968 2331/1061/3967
f 2331/1061/3967 2316/1046/3967 2315/1045/3967
f 2317/1047/3969 2316/1046/3969 2331/1061/3969
f 2331/1061/3969 2332/1062/3969 2317/1047/3969
f 2318/1048/3970 2317/1047/3971 2332/1062/3970
f 2332/1062/3970 2333/1063/3972 2318/1048/3970
f 2318/1048/3973 2333/1063/3974 2334/1064/3975
f 2334/1064/3975 2319/1049/3973 2318/1048/3973
f 2320/1050/3976 2319/1049/3976 2334/1064/3976
f 2334/1064/3976 2335/1065/3976 2320/1050/3976
f 2321/1051/3977 2320/1050/3977 2335/1065/3977
f 2335/1065/3977 2336/1066/3977 2321/1051/3977
f 2321/1051/3978 2336/1066/3979 2337/1067/3978
f 2337/1067/3978 2322/1052/3978 2321/1051/3978
f 2323/1053/3980 2322/1052/3980 2337/1067/3980
f 2337/1067/3980 2338/1068/3980 2323/1053/3980
f 2324/1054/3981 2323/1053/3981 2338/1068/3981
f 2338/1068/3981 2339/1069/3981 2324/1054/3981
f 2324/1054/3982 2339/1069/3982 2340/1070/3982
f 2340/1070/3982 2325/1055/3982 2324/1054/3982
f 2327/1057/3983 2326/1056/3983 2341/1071/3984
f 2341/1071/3984 2342/1072/3983 2327/1057/3983
f 2327/1057/3985 2342/1072/3985 2343/1073/3985
f 2343/1073/3985 2328/1058/3985 2327/1057/3985
f 2329/1059/3986 2328/1058/3986 2343/1073/3986
f 2343/1073/3986 2344/1074/3986 2329/1059/3986
f 2330/1060/3987 2329/1059/3988 2344/1074/3987
f 2344/1074/3987 2345/1075/3987 2330/1060/3987
f 2330/1060/3989 2345/1075/3989 2346/1076/3989
f 2346/1076/3989 2331/1061/3990 2330/1060/3989
f 2332/1062/3991 2331/1061/3991 2346/1076/3991
f 2346/1076/3991 2347/1077/3991 2332/1062/3991
f 2333/1063/3992 2332/1062/3992 2347/1077/3992
f 2347/1077/3992 2348/1078/3992 2333/1063/3992
f 2333/1063/3993 2348/1078/3993 2349/1079/3993
f 2349/1079/3993 2334/1064/3993 2333/1063/3993
f 2335/1065/3994 2334/1064/3994 2349/1079/3995
f 2349/1079/3995 2350/1080/3995 2335/1065/3994
f 2336/1066/3996 2335/1065/3997 2350/1080/3996
f 2350/1080/3996 2351/1081/3997 2336/1066/3996
f 2336/1066/3998 2351/1081/3998 2352/1082/3998
f 2352/1082/3998 2337/1067/3998 2336/1066/3998
f 2338/1068/3999 2337/1067/3999 2352/1082/3999
f 2352/1082/3999 2353/1083/3999 2338/1068/3999
f 2339/1069/4000 2338/1068/4000 2353/1083/4000
f 2353/1083/4000 2354/1084/4000 2339/1069/4000
f 2339/1069/4001 2354/1084/4001 2355/1085/4002
f 2355/1085/4002 2340/1070/4002 2339/1069/4001
f 2342/1072/4003 2341/1071/4003 2356/1086/4003
f 2356/1086/4003 2357/1087/4003 2342/1072/4003
f 2342/1072/4004 2357/1087/4005 2358/1088/4006
f 2358/1088/4006 2343/1073/4006 2342/1072/4004
f 2344/1074/4007 2343/1073/4007 2358/1088/4007
f 2358/1088/4007 2359/1089/4007 2344/1074/4007
f 2345/1075/4008 2344/1074/4008 2359/1089/4008
f 2359/1089/4008 2360/1090/4008 2345/1075/4008
f 2345/1075/4009 2360/1090/4009 2361/1091/4009
f 2361/1091/4009 2346/1076/4009 2345/1075/4009
f 2347/1077/4010 2346/1076/4010 2361/1091/4011
f 2361/1091/4011 2362/1092/4010 2347/1077/4010
f 2348/1078/4012 2347/1077/4013 2362/1092/4012
f 2362/1092/4012 2363/1093/4013 2348/1078/4012
f 2348/1078/4014 2363/1093/4014 2364/1094/4015
f 2364/1094/4015 2349/1079/4016 2348/1078/4014
f 2350/1080/4017 2349/1079/4017 2364/1094/4017
f 2364/1094/4017 2365/1095/4018 2350/1080/4017
f 2351/1081/4019 2350/1080/4019 2365/1095/4019
f 2365/1095/4019 2366/1096/4019 2351/1081/4019
f 2351/1081/4020 2366/1096/4020 2367/1097/4020
f 2367/1097/4020 2352/1082/4020 2351/1081/4020
f 2353/1083/4021 2352/1082/4022 2367/1097/4022
f 2367/1097/4022 2368/1098/4022 2353/1083/4021
f 2354/1084/4023 2353/1083/4024 2368/1098/4024
f 2368/1098/4024 2369/1099/4023 2354/1084/4023
f 2354/1084/4025 2369/1099/4025 2370/1100/4025
f 2370/1100/4025 2355/1085/4025 2354/1084/4025
f 2357/1087/4026 2356/1086/4026 2371/1101/4026
f 2371/1101/4026 2372/1102/4026 2357/1087/4026
f 2357/1087/4027 2372/1102/4027 2373/1103/4027
f 2373/1103/4027 2358/1088/4027 2357/1087/4027
f 2359/1089/4028 2358/1088/4028 2373/1103/4028
f 2373/1103/4028 2374/1104/4028 2359/1089/4028
f 2360/1090/4029 2359/1089/4029 2374/1104/4029
f 2374/1104/4029 2375/1105/4029 2360/1090/4029
f 2360/1090/4030 2375/1105/4030 2376/1106/4030
f 2376/1106/4030 2361/1091/4031 2360/1090/4030
f 2362/1092/4032 2361/1091/4033 2376/1106/4033
f 2376/1106/4033 2377/1107/4032 2362/1092/4032
f 2363/1093/4034 2362/1092/4035 2377/1107/4036
f 2377/1107/4036 2378/1108/4037 2363/1093/4034
f 2363/1093/4038 2378/1108/4038 2379/1109/4039
f 2379/1109/4039 2364/1094/4038 2363/1093/4038
f 2365/1095/4040 2364/1094/4040 2379/1109/4041
f 2379/1109/4041 2380/1110/4042 2365/1095/4040
f 2366/1096/4043 2365/1095/4043 2380/1110/4044
f 2380/1110/4044 2381/1111/4043 2366/1096/4043
f 2366/1096/4045 2381/1111/4046 2382/1112/4046
f 2382/1112/4046 2367/1097/4046 2366/1096/4045
f 2368/1098/4047 2367/1097/4047 2382/1112/4048
f 2382/1112/4048 2383/1113/4047 2368/1098/4047
f 2369/1099/4049 2368/1098/4049 2383/1113/4049
f 2383/1113/4049 2384/1114/4050 2369/1099/4049
f 2369/1099/4051 2384/1114/4051 2385/1115/4051
f 2385/1115/4051 2370/1100/4051 2369/1099/4051
f 2372/1102/4052 2371/1101/4052 2386/1116/4052
f 2386/1116/4052 2387/1117/4052 2372/1102/4052
f 2372/1102/4053 2387/1117/4053 2388/1118/4053
f 2388/1118/4053 2373/1103/4053 2372/1102/4053
f 2374/1104/4054 2373/1103/4055 2388/1118/4054
f 2388/1118/4054 2389/1119/4054 2374/1104/4054
f 2375/1105/4056 2374/1104/4056 2389/1119/4056
f 2389/1119/4056 2390/1120/4056 2375/1105/4056
f 2375/1105/4057 2390/1120/4057 2391/1121/4057
f 2391/1121/4057 2376/1106/4057 2375/1105/4057
f 2377/1107/4058 2376/1106/4058 2391/1121/4059
f 2391/1121/4059 2392/1122/4060 2377/1107/4058
f 2378/1108/4061 2377/1107/4062 2392/1122/4062
f 2392/1122/4062 2393/1123/4061 2378/1108/4061
f 2378/1108/4063 2393/1123/4064 2394/1124/4065
f 2394/1124/4065 2379/1109/4066 2378/1108/4063
f 2380/1110/4067 2379/1109/4067 2394/1124/4067
f 2394/1124/4067 2395/1125/4067 2380/1110/4067
f 2381/1111/4068 2380/1110/4068 2395/1125/4068
f 2395/1125/4068 2396/1126/4068 2381/1111/4068
f 2381/1111/4069 2396/1126/4069 2397/1127/4069
f 2397/1127/4069 2382/1112/4069 2381/1111/4069
f 2383/1113/4070 2382/1112/4070 2397/1127/4070
f 2397/1127/4070 2398/1128/4070 2383/1113/4070
f 2384/1114/4071 2383/1113/4072 2398/1128/4071
f 2398/1128/4071 2399/1129/4071 2384/1114/4071
f 2400/1130/4073 2385/1115/4073 2384/1114/4074
f 2384/1114/4074 2399/1129/4073 2400/1130/4073
f 2145/1132/4075 2178/907/4075 2401/1131/4075
f 2401/1131/4075 2146/861/4075 2145/1132/4075
f 2402/1133/4076 2401/1131/4076 2178/907/4076
f 2178/907/4076 2177/908/4076 2402/1133/4076
f 2403/1134/4077 2402/1133/4077 2177/908/4077
f 2177/908/4077 2181/910/4077 2403/1134/4077
f 2403/1134/4078 2181/910/4079 2183/912/4078
f 2183/912/4078 2404/1135/4078 2403/1134/4078
f 2405/1136/4080 2404/1135/4080 2183/912/4080
f 2183/912/4080 2185/914/4080 2405/1136/4080
f 2406/1137/4081 2405/1136/4082 2185/914/4082
f 2185/914/4082 2187/916/4083 2406/1137/4081
f 2189/918/4084 2407/1138/4085 2406/1137/4086
f 2406/1137/4086 2187/916/4086 2189/918/4084
f 2407/1138/4087 2189/918/4088 2191/920/4089
f 2191/920/4089 2408/1139/4089 2407/1138/4087
f 2409/1140/4090 2408/1139/4091 2191/920/4090
f 2191/920/4090 2193/922/4091 2409/1140/4090
f 2195/925/4092 2410/1141/4093 2409/1140/4094
f 2409/1140/4094 2193/922/4095 2195/925/4092
f 2410/1141/4096 2195/925/4097 2197/927/4098
f 2197/927/4098 2411/1142/4099 2410/1141/4096
f 2199/929/4100 2412/1143/4101 2411/1142/4102
f 2411/1142/4102 2197/927/4103 2199/929/4100
f 2201/931/4104 2413/1144/4105 2412/1143/4106
f 2412/1143/4106 2199/929/4107 2201/931/4104
f 2413/1144/4108 2201/931/4109 2203/933/4108
f 2203/933/4108 2414/1145/4108 2413/1144/4108
f 2205/934/4110 2415/1146/4110 2414/1145/4110
f 2414/1145/4110 2203/933/4111 2205/934/4110
f 2415/1146/4112 2205/934/4112 1518/1147/4112
f 1518/1147/4112 1520/1148/4112 2415/1146/4112
f 1527/1149/4113 1518/1147/4113 2205/934/4113
f 2205/934/4113 2204/935/4113 1527/1149/4113
f 2220/950/4114 1528/1150/4115 1527/1149/4115
f 1527/1149/4115 2204/935/4116 2220/950/4114
f 2235/965/4117 1529/1151/4117 1528/1150/4117
f 1528/1150/4117 2220/950/4117 2235/965/4117
f 2250/980/4118 1530/1152/4118 1529/1151/4118
f 1529/1151/4118 2235/965/4118 2250/980/4118
f 1531/1153/4119 1530/1152/4119 2250/980/4119
f 2250/980/4119 2265/995/4119 1531/1153/4119
f 1532/1154/4120 1531/1153/4120 2265/995/4120
f 2265/995/4120 2280/1010/4120 1532/1154/4120
f 1513/1155/4121 1532/1154/4121 2280/1010/4121
f 2280/1010/4121 2295/1025/4121 1513/1155/4121
f 2310/1040/4122 1512/1156/4122 1513/1155/4122
f 1513/1155/4122 2295/1025/4122 2310/1040/4122
f 2325/1055/4123 1511/1157/4123 1512/1156/4123
f 1512/1156/4123 2310/1040/4123 2325/1055/4123
f 1511/1157/4124 2325/1055/4124 2340/1070/4124
f 2340/1070/4124 1510/1158/4124 1511/1157/4124
f 1510/1158/4125 2340/1070/4126 2355/1085/4125
f 2355/1085/4125 1509/1159/4125 1510/1158/4125
f 1508/1160/4127 1509/1159/4127 2355/1085/4127
f 2355/1085/4127 2370/1100/4127 1508/1160/4127
f 1507/1161/4128 1508/1160/4128 2370/1100/4128
f 2370/1100/4128 2385/1115/4128 1507/1161/4128
f 2400/1130/4129 1506/1162/4130 1507/1161/4130
f 1507/1161/4130 2385/1115/4129 2400/1130/4129
f 1688/1164/4131 1504/1163/4131 1506/1162/4131
f 1506/1162/4131 2400/1130/4132 1688/1164/4131
f 2399/1129/4133 1707/1165/4133 1688/1164/4134
f 1688/1164/4134 2400/1130/4133 2399/1129/4133
f 2399/1129/4135 2398/1128/4135 1706/1166/4136
f 1706/1166/4136 1707/1165/4135 2399/1129/4135
f 2398/1128/4137 2397/1127/4137 1705/1167/4138
f 1705/1167/4138 1706/1166/4138 2398/1128/4137
f 2396/1126/4139 1704/1168/4139 1705/1167/4139
f 1705/1167/4139 2397/1127/4139 2396/1126/4139
f 2396/1126/4140 2395/1125/4141 1703/1169/4142
f 1703/1169/4142 1704/1168/4140 2396/1126/4140
f 2395/1125/4143 2394/1124/4143 1702/1170/4143
f 1702/1170/4143 1703/1169/4143 2395/1125/4143
f 2393/1123/4144 1701/1171/4145 1702/1170/4144
f 1702/1170/4144 2394/1124/4146 2393/1123/4144
f 2393/1123/4147 2392/1122/4147 1700/1172/4147
f 1700/1172/4147 1701/1171/4147 2393/1123/4147
f 2392/1122/4148 2391/1121/4148 1699/1173/4148
f 1699/1173/4148 1700/1172/4148 2392/1122/4148
f 1699/1173/4149 2391/1121/4150 2390/1120/4150
f 2390/1120/4150 1698/1174/4150 1699/1173/4149
f 2389/1119/4151 1697/1175/4151 1698/1174/4151
f 1698/1174/4151 2390/1120/4152 2389/1119/4151
f 2388/1118/4153 1696/1176/4154 1697/1175/4153
f 1697/1175/4153 2389/1119/4153 2388/1118/4153
f 1696/1176/4155 2388/1118/4155 2387/1117/4155
f 2387/1117/4155 1695/1177/4155 1696/1176/4155
f 2386/1116/4156 1693/1178/4156 1695/1177/4156
f 1695/1177/4156 2387/1117/4156 2386/1116/4156
f 2162/1179/4157 1694/1180/4157 1693/1178/4157
f 1693/1178/4157 2386/1116/4158 2162/1179/4157
f 2162/1179/4159 2386/1116/4159 2371/1101/4160
f 2371/1101/4160 2163/1181/4160 2162/1179/4159
f 2164/1182/4161 2163/1181/4161 2371/1101/4161
f 2371/1101/4161 2356/1086/4161 2164/1182/4161
f 2164/1182/4162 2356/1086/4162 2341/1071/4162
f 2341/1071/4162 2165/1183/4162 2164/1182/4162
f 2341/1071/4163 2326/1056/4163 2166/1184/4164
f 2166/1184/4164 2165/1183/4164 2341/1071/4163
f 2166/1184/4165 2326/1056/4166 2312/1041/4166
f 2312/1041/4166 2167/1185/4166 2166/1184/4165
f 2297/1026/4167 2168/1186/4168 2167/1185/4168
f 2167/1185/4168 2312/1041/4167 2297/1026/4167
f 2154/1187/4169 2168/1186/4170 2297/1026/4169
f 2297/1026/4169 2281/1011/4169 2154/1187/4169
f 2153/1188/4171 2154/1187/4171 2281/1011/4172
f 2281/1011/4172 2267/996/4172 2153/1188/4171
f 2153/1188/4173 2267/996/4173 2252/981/4173
f 2252/981/4173 2152/1189/4174 2153/1188/4173
f 2252/981/4175 2237/966/4175 2151/1190/4175
f 2151/1190/4175 2152/1189/4175 2252/981/4175
f 2237/966/4176 2222/951/4176 2150/1191/4176
f 2150/1191/4176 2151/1190/4176 2237/966/4176
f 2207/936/4177 2149/1192/4177 2150/1191/4177
f 2150/1191/4177 2222/951/4177 2207/936/4177
f 2148/1193/4178 2149/1192/4178 2207/936/4178
f 2207/936/4178 2179/906/4178 2148/1193/4178
f 2178/907/4179 2145/1132/4179 2148/1193/4179
f 2148/1193/4179 2179/906/4179 2178/907/4179
f 2416/1197/4180 2417/1196/4180 2418/1195/4180
f 2418/1195/4180 2419/1194/4180 2416/1197/4180
f 2417/1196/4181 2416/1197/4182 2420/1198/4182
f 2420/1198/4182 2421/1199/4182 2417/1196/4181
f 2421/1199/4183 2420/1198/4183 2422/1201/4183
f 2422/1201/4183 2423/1200/4183 2421/1199/4183
f 2424/1203/4184 2425/1202/4185 2423/1200/4186
f 2423/1200/4186 2422/1201/4186 2424/1203/4184
f 2426/1205/4187 2427/1204/4188 2425/1202/4189
f 2425/1202/4189 2424/1203/4190 2426/1205/4187
f 2427/1204/4191 2426/1205/4191 2428/1207/4191
f 2428/1207/4191 2429/1206/4192 2427/1204/4191
f 2430/1209/4193 2431/1208/4194 2429/1206/4195
f 2429/1206/4195 2428/1207/4196 2430/1209/4193
f 2431/1208/4197 2430/1209/4198 2432/1211/4198
f 2432/1211/4198 2433/1210/4198 2431/1208/4197
f 2433/1210/4199 2432/1211/4199 2434/1213/4200
f 2434/1213/4200 2435/1212/4200 2433/1210/4199
f 2436/1215/4201 2437/1214/4201 2435/1212/4202
f 2435/1212/4202 2434/1213/4201 2436/1215/4201
f 2437/1214/4203 2436/1215/4204 2438/1216/4205
f 2438/1216/4205 2439/1217/4205 2437/1214/4203
f 2439/1217/4206 2438/1216/4206 2440/1219/4207
f 2440/1219/4207 2441/1218/4206 2439/1217/4206
f 2442/1221/4208 2443/1220/4208 2441/1218/4208
f 2441/1218/4208 2440/1219/4208 2442/1221/4208
f 2444/1223/4209 2445/1222/4209 2443/1220/4209
f 2443/1220/4209 2442/1221/4209 2444/1223/4209
f 2446/1225/4210 2416/1197/4210 2419/1194/4210
f 2419/1194/4210 2447/1224/4210 2446/1225/4210
f 2416/1197/4211 2446/1225/4211 2448/1226/4211
f 2448/1226/4211 2420/1198/4211 2416/1197/4211
f 2420/1198/4212 2448/1226/4213 2449/1227/4213
f 2449/1227/4213 2422/1201/4213 2420/1198/4212
f 2450/1228/4214 2424/1203/4214 2422/1201/4214
f 2422/1201/4214 2449/1227/4214 2450/1228/4214
f 2451/1229/4215 2426/1205/4215 2424/1203/4215
f 2424/1203/4215 2450/1228/4215 2451/1229/4215
f 2426/1205/4216 2451/1229/4216 2452/1230/4216
f 2452/1230/4216 2428/1207/4216 2426/1205/4216
f 2453/1231/4217 2430/1209/4217 2428/1207/4217
f 2428/1207/4217 2452/1230/4218 2453/1231/4217
f 2454/1232/4219 2432/1211/4220 2430/1209/4221
f 2430/1209/4221 2453/1231/4222 2454/1232/4219
f 2432/1211/4223 2454/1232/4224 2455/1233/4225
f 2455/1233/4225 2434/1213/4225 2432/1211/4223
f 2456/1234/4226 2436/1215/4227 2434/1213/4228
f 2434/1213/4228 2455/1233/4228 2456/1234/4226
f 2457/1235/4229 2438/1216/4229 2436/1215/4229
f 2436/1215/4229 2456/1234/4229 2457/1235/4229
f 2438/1216/4230 2457/1235/4230 2458/1236/4230
f 2458/1236/4230 2440/1219/4230 2438/1216/4230
f 2459/1237/4231 2442/1221/4231 2440/1219/4231
f 2440/1219/4231 2458/1236/4231 2459/1237/4231
f 2460/1238/4232 2444/1223/4232 2442/1221/4232
f 2442/1221/4232 2459/1237/4232 2460/1238/4232
f 2461/1240/4233 2446/1225/4234 2447/1224/4233
f 2447/1224/4233 2462/1239/4233 2461/1240/4233
f 2446/1225/4235 2461/1240/4236 2463/1241/4237
f 2463/1241/4237 2448/1226/4235 2446/1225/4235
f 2448/1226/4238 2463/1241/4239 2464/1242/4240
f 2464/1242/4240 2449/1227/4238 2448/1226/4238
f 2465/1243/4241 2450/1228/4242 2449/1227/4242
f 2449/1227/4242 2464/1242/4243 2465/1243/4241
f 2450/1228/4244 2465/1243/4245 2466/1244/4246
f 2466/1244/4246 2451/1229/4244 2450/1228/4244
f 2451/1229/4247 2466/1244/4248 2467/1245/4249
f 2467/1245/4249 2452/1230/4247 2451/1229/4247
f 2468/1246/4250 2453/1231/4251 2452/1230/4251
f 2452/1230/4251 2467/1245/4252 2468/1246/4250
f 2453/1231/4253 2468/1246/4254 2469/1247/4255
f 2469/1247/4255 2454/1232/4256 2453/1231/4253
f 2454/1232/4257 2469/1247/4258 2470/1248/4259
f 2470/1248/4259 2455/1233/4257 2454/1232/4257
f 2471/1249/4260 2456/1234/4261 2455/1233/4262
f 2455/1233/4262 2470/1248/4263 2471/1249/4260
f 2472/1250/4264 2457/1235/4265 2456/1234/4265
f 2456/1234/4265 2471/1249/4266 2472/1250/4264
f 2457/1235/4267 2472/1250/4268 2473/1251/4269
f 2473/1251/4269 2458/1236/4267 2457/1235/4267
f 2474/1252/4270 2459/1237/4271 2458/1236/4271
f 2458/1236/4271 2473/1251/4272 2474/1252/4270
f 2475/1253/4273 2460/1238/4273 2459/1237/4273
f 2459/1237/4273 2474/1252/4273 2475/1253/4273
f 2476/1255/4274 2461/1240/4275 2462/1239/4275
f 2462/1239/4275 2477/1254/4276 2476/1255/4274
f 2461/1240/4236 2476/1255/4277 2478/1256/4278
f 2478/1256/4278 2463/1241/4237 2461/1240/4236
f 2463/1241/4239 2478/1256/4279 2479/1257/4280
f 2479/1257/4280 2464/1242/4240 2463/1241/4239
f 2480/1258/4281 2465/1243/4241 2464/1242/4243
f 2464/1242/4243 2479/1257/4282 2480/1258/4281
f 2465/1243/4245 2480/1258/4283 2481/1259/4284
f 2481/1259/4284 2466/1244/4246 2465/1243/4245
f 2466/1244/4248 2481/1259/4285 2482/1260/4286
f 2482/1260/4286 2467/1245/4249 2466/1244/4248
f 2467/1245/4252 2482/1260/4287 2483/1261/4288
f 2483/1261/4288 2468/1246/4250 2467/1245/4252
f 2468/1246/4254 2483/1261/4289 2484/1262/4290
f 2484/1262/4290 2469/1247/4255 2468/1246/4254
f 2469/1247/4258 2484/1262/4291 2485/1263/4292
f 2485/1263/4292 2470/1248/4259 2469/1247/4258
f 2486/1264/4293 2471/1249/4260 2470/1248/4263
f 2470/1248/4263 2485/1263/4294 2486/1264/4293
f 2487/1265/4295 2472/1250/4264 2471/1249/4266
f 2471/1249/4266 2486/1264/4296 2487/1265/4295
f 2472/1250/4268 2487/1265/4297 2488/1266/4298
f 2488/1266/4298 2473/1251/4269 2472/1250/4268
f 2489/1267/4299 2474/1252/4270 2473/1251/4272
f 2473/1251/4272 2488/1266/4300 2489/1267/4299
f 2490/1268/4301 2475/1253/4302 2474/1252/4302
f 2474/1252/4302 2489/1267/4303 2490/1268/4301
f 2491/1270/4304 2476/1255/4274 2477/1254/4276
f 2477/1254/4276 2492/1269/4305 2491/1270/4304
f 2476/1255/4277 2491/1270/4306 2493/1271/4307
f 2493/1271/4307 2478/1256/4278 2476/1255/4277
f 2478/1256/4279 2493/1271/4308 2494/1272/4309
f 2494/1272/4309 2479/1257/4280 2478/1256/4279
f 2495/1273/4310 2480/1258/4281 2479/1257/4282
f 2479/1257/4282 2494/1272/4311 2495/1273/4310
f 2496/1274/4312 2481/1259/4284 2480/1258/4283
f 2480/1258/4283 2495/1273/4313 2496/1274/4312
f 2481/1259/4285 2496/1274/4314 2497/1275/4315
f 2497/1275/4315 2482/1260/4286 2481/1259/4285
f 2498/1276/4316 2483/1261/4288 2482/1260/4287
f 2482/1260/4287 2497/1275/4317 2498/1276/4316
f 2483/1261/4289 2498/1276/4318 2499/1277/4319
f 2499/1277/4319 2484/1262/4290 2483/1261/4289
f 2484/1262/4291 2499/1277/4320 2500/1278/4321
f 2500/1278/4321 2485/1263/4292 2484/1262/4291
f 2501/1279/4322 2486/1264/4293 2485/1263/4294
f 2485/1263/4294 2500/1278/4323 2501/1279/4322
f 2502/1280/4324 2487/1265/4295 2486/1264/4296
f 2486/1264/4296 2501/1279/4325 2502/1280/4324
f 2487/1265/4297 2502/1280/4326 2503/1281/4327
f 2503/1281/4327 2488/1266/4298 2487/1265/4297
f 2504/1282/4328 2489/1267/4299 2488/1266/4300
f 2488/1266/4300 2503/1281/4329 2504/1282/4328
f 2505/1283/4330 2490/1268/4301 2489/1267/4303
f 2489/1267/4303 2504/1282/4331 2505/1283/4330
f 2506/1284/4332 2491/1270/4304 2492/1269/4305
f 2492/1269/4305 2507/1285/4333 2506/1284/4332
f 2491/1270/4306 2506/1284/4334 2508/1286/4335
f 2508/1286/4335 2493/1271/4307 2491/1270/4306
f 2493/1271/4308 2508/1286/4336 2509/1287/4337
f 2509/1287/4337 2494/1272/4309 2493/1271/4308
f 2510/1288/4338 2495/1273/4310 2494/1272/4311
f 2494/1272/4311 2509/1287/4339 2510/1288/4338
f 2495/1273/4313 2510/1288/4340 2511/1289/4341
f 2511/1289/4341 2496/1274/4312 2495/1273/4313
f 2512/1290/4342 2497/1275/4315 2496/1274/4314
f 2496/1274/4314 2511/1289/4343 2512/1290/4342
f 2513/1291/4344 2498/1276/4316 2497/1275/4317
f 2497/1275/4317 2512/1290/4345 2513/1291/4344
f 2514/1292/4346 2499/1277/4319 2498/1276/4318
f 2498/1276/4318 2513/1291/4347 2514/1292/4346
f 2515/1293/4348 2500/1278/4321 2499/1277/4320
f 2499/1277/4320 2514/1292/4349 2515/1293/4348
f 2516/1294/4350 2501/1279/4322 2500/1278/4323
f 2500/1278/4323 2515/1293/4351 2516/1294/4350
f 2517/1295/4352 2502/1280/4324 2501/1279/4325
f 2501/1279/4325 2516/1294/4353 2517/1295/4352
f 2518/1296/4354 2503/1281/4327 2502/1280/4326
f 2502/1280/4326 2517/1295/4355 2518/1296/4354
f 2519/1297/4356 2504/1282/4328 2503/1281/4329
f 2503/1281/4329 2518/1296/4357 2519/1297/4356
f 2520/1298/4358 2505/1283/4330 2504/1282/4331
f 2504/1282/4331 2519/1297/4359 2520/1298/4358
f 2521/1299/4360 2506/1284/4332 2507/1285/4333
f 2507/1285/4333 2522/1300/4361 2521/1299/4360
f 2523/1301/4362 2508/1286/4335 2506/1284/4334
f 2506/1284/4334 2521/1299/4363 2523/1301/4362
f 2524/1302/4364 2509/1287/4337 2508/1286/4336
f 2508/1286/4336 2523/1301/4365 2524/1302/4364
f 2525/1303/4366 2510/1288/4338 2509/1287/4339
f 2509/1287/4339 2524/1302/4367 2525/1303/4366
f 2510/1288/4340 2525/1303/4368 2526/1304/4369
f 2526/1304/4369 2511/1289/4341 2510/1288/4340
f 2511/1289/4343 2526/1304/4370 2527/1305/4371
f 2527/1305/4371 2512/1290/4342 2511/1289/4343
f 2528/1306/4372 2513/1291/4344 2512/1290/4345
f 2512/1290/4345 2527/1305/4372 2528/1306/4372
f 2529/1307/4373 2514/1292/4346 2513/1291/4347
f 2513/1291/4347 2528/1306/4374 2529/1307/4373
f 2514/1292/4349 2529/1307/4375 2530/1308/4376
f 2530/1308/4376 2515/1293/4348 2514/1292/4349
f 2531/1309/4377 2516/1294/4350 2515/1293/4351
f 2515/1293/4351 2530/1308/4378 2531/1309/4377
f 2516/1294/4353 2531/1309/4379 2532/1310/4380
f 2532/1310/4380 2517/1295/4352 2516/1294/4353
f 2517/1295/4355 2532/1310/4381 2533/1311/4382
f 2533/1311/4382 2518/1296/4354 2517/1295/4355
f 2534/1312/4383 2519/1297/4356 2518/1296/4357
f 2518/1296/4357 2533/1311/4384 2534/1312/4383
f 2535/1313/4385 2520/1298/4358 2519/1297/4359
f 2519/1297/4359 2534/1312/4386 2535/1313/4385
f 2536/1314/4387 2521/1299/4360 2522/1300/4361
f 2522/1300/4361 2537/1315/4388 2536/1314/4387
f 2521/1299/4363 2536/1314/4389 2538/1316/4390
f 2538/1316/4390 2523/1301/4362 2521/1299/4363
f 2523/1301/4365 2538/1316/4391 2539/1317/4392
f 2539/1317/4392 2524/1302/4364 2523/1301/4365
f 2540/1318/4393 2525/1303/4366 2524/1302/4367
f 2524/1302/4367 2539/1317/4394 2540/1318/4393
f 2525/1303/4368 2540/1318/4395 2541/1319/4396
f 2541/1319/4396 2526/1304/4369 2525/1303/4368
f 2526/1304/4370 2541/1319/4397 2542/1320/4370
f 2542/1320/4370 2527/1305/4371 2526/1304/4370
f 2543/1321/4398 2528/1306/4372 2527/1305/4372
f 2527/1305/4372 2542/1320/4399 2543/1321/4398
f 2544/1322/4400 2529/1307/4373 2528/1306/4374
f 2528/1306/4374 2543/1321/4401 2544/1322/4400
f 2529/1307/4375 2544/1322/4402 2545/1323/4403
f 2545/1323/4403 2530/1308/4376 2529/1307/4375
f 2546/1324/4404 2531/1309/4377 2530/1308/4378
f 2530/1308/4378 2545/1323/4405 2546/1324/4404
f 2547/1325/4406 2532/1310/4380 2531/1309/4379
f 2531/1309/4379 2546/1324/4407 2547/1325/4406
f 2532/1310/4381 2547/1325/4408 2548/1326/4409
f 2548/1326/4409 2533/1311/4382 2532/1310/4381
f 2549/1327/4410 2534/1312/4383 2533/1311/4384
f 2533/1311/4384 2548/1326/4411 2549/1327/4410
f 2534/1312/4386 2549/1327/4412 2550/1328/4413
f 2550/1328/4413 2535/1313/4385 2534/1312/4386
f 2551/1329/4414 2536/1314/4387 2537/1315/4388
f 2537/1315/4388 2552/1330/4415 2551/1329/4414
f 2553/1331/4416 2538/1316/4390 2536/1314/4389
f 2536/1314/4389 2551/1329/4417 2553/1331/4416
f 2538/1316/4391 2553/1331/4418 2554/1332/4419
f 2554/1332/4419 2539/1317/4392 2538/1316/4391
f 2555/1333/4420 2540/1318/4393 2539/1317/4394
f 2539/1317/4394 2554/1332/4421 2555/1333/4420
f 2540/1318/4395 2555/1333/4422 2556/1334/4423
f 2556/1334/4423 2541/1319/4396 2540/1318/4395
f 2541/1319/4397 2556/1334/4424 2557/1335/4425
f 2557/1335/4425 2542/1320/4370 2541/1319/4397
f 2558/1336/4426 2543/1321/4398 2542/1320/4399
f 2542/1320/4399 2557/1335/4427 2558/1336/4426
f 2543/1321/4401 2558/1336/4428 2559/1337/4429
f 2559/1337/4429 2544/1322/4400 2543/1321/4401
f 2544/1322/4402 2559/1337/4430 2560/1338/4431
f 2560/1338/4431 2545/1323/4403 2544/1322/4402
f 2561/1339/4432 2546/1324/4404 2545/1323/4405
f 2545/1323/4405 2560/1338/4433 2561/1339/4432
f 2546/1324/4407 2561/1339/4434 2562/1340/4435
f 2562/1340/4435 2547/1325/4406 2546/1324/4407
f 2547/1325/4408 2562/1340/4436 2563/1341/4437
f 2563/1341/4437 2548/1326/4409 2547/1325/4408
f 2564/1342/4438 2549/1327/4410 2548/1326/4411
f 2548/1326/4411 2563/1341/4439 2564/1342/4438
f 2549/1327/4412 2564/1342/4440 2565/1343/4441
f 2565/1343/4441 2550/1328/4413 2549/1327/4412
f 2566/1344/4442 2551/1329/4414 2552/1330/4415
f 2552/1330/4415 2567/1345/4443 2566/1344/4442
f 2568/1346/4444 2553/1331/4416 2551/1329/4417
f 2551/1329/4417 2566/1344/4445 2568/1346/4444
f 2553/1331/4418 2568/1346/4446 2569/1347/4447
f 2569/1347/4447 2554/1332/4419 2553/1331/4418
f 2570/1348/4448 2555/1333/4420 2554/1332/4421
f 2554/1332/4421 2569/1347/4449 2570/1348/4448
f 2555/1333/4422 2570/1348/4450 2571/1349/4451
f 2571/1349/4451 2556/1334/4423 2555/1333/4422
f 2556/1334/4424 2571/1349/4452 2572/1350/4453
f 2572/1350/4453 2557/1335/4425 2556/1334/4424
f 2573/1351/4454 2558/1336/4426 2557/1335/4427
f 2557/1335/4427 2572/1350/4455 2573/1351/4454
f 2574/1352/4456 2559/1337/4429 2558/1336/4428
f 2558/1336/4428 2573/1351/4457 2574/1352/4456
f 2559/1337/4430 2574/1352/4458 2575/1353/4459
f 2575/1353/4459 2560/1338/4431 2559/1337/4430
f 2576/1354/4460 2561/1339/4432 2560/1338/4433
f 2560/1338/4433 2575/1353/4461 2576/1354/4460
f 2561/1339/4434 2576/1354/4462 2577/1355/4463
f 2577/1355/4463 2562/1340/4435 2561/1339/4434
f 2562/1340/4436 2577/1355/4464 2578/1356/4465
f 2578/1356/4465 2563/1341/4437 2562/1340/4436
f 2579/1357/4466 2564/1342/4438 2563/1341/4439
f 2563/1341/4439 2578/1356/4467 2579/1357/4466
f 2564/1342/4440 2579/1357/4468 2580/1358/4469
f 2580/1358/4469 2565/1343/4441 2564/1342/4440
f 2581/1359/4470 2566/1344/4442 2567/1345/4443
f 2567/1345/4443 2582/1360/4470 2581/1359/4470
f 2583/1361/4471 2568/1346/4444 2566/1344/4445
f 2566/1344/4445 2581/1359/4472 2583/1361/4471
f 2568/1346/4446 2583/1361/4473 2584/1362/4474
f 2584/1362/4474 2569/1347/4447 2568/1346/4446
f 2585/1363/4475 2570/1348/4448 2569/1347/4449
f 2569/1347/4449 2584/1362/4476 2585/1363/4475
f 2586/1364/4477 2571/1349/4451 2570/1348/4450
f 2570/1348/4450 2585/1363/4478 2586/1364/4477
f 2571/1349/4452 2586/1364/4479 2587/1365/4480
f 2587/1365/4480 2572/1350/4453 2571/1349/4452
f 2588/1366/4481 2573/1351/4454 2572/1350/4455
f 2572/1350/4455 2587/1365/4482 2588/1366/4481
f 2589/1367/4483 2574/1352/4456 2573/1351/4457
f 2573/1351/4457 2588/1366/4484 2589/1367/4483
f 2574/1352/4458 2589/1367/4485 2590/1368/4486
f 2590/1368/4486 2575/1353/4459 2574/1352/4458
f 2591/1369/4487 2576/1354/4460 2575/1353/4461
f 2575/1353/4461 2590/1368/4488 2591/1369/4487
f 2576/1354/4462 2591/1369/4489 2592/1370/4490
f 2592/1370/4490 2577/1355/4463 2576/1354/4462
f 2577/1355/4464 2592/1370/4491 2593/1371/4491
f 2593/1371/4491 2578/1356/4465 2577/1355/4464
f 2594/1372/4492 2579/1357/4466 2578/1356/4467
f 2578/1356/4467 2593/1371/4492 2594/1372/4492
f 2579/1357/4468 2594/1372/4493 2595/1373/4493
f 2595/1373/4493 2580/1358/4469 2579/1357/4468
f 2596/1374/4494 2581/1359/4494 2582/1360/4495
f 2582/1360/4495 2597/1375/4495 2596/1374/4494
f 2598/1376/4496 2583/1361/4471 2581/1359/4472
f 2581/1359/4472 2596/1374/4496 2598/1376/4496
f 2583/1361/4473 2598/1376/4497 2599/1377/4497
f 2599/1377/4497 2584/1362/4474 2583/1361/4473
f 2600/1378/4498 2585/1363/4475 2584/1362/4476
f 2584/1362/4476 2599/1377/4498 2600/1378/4498
f 2601/1379/4499 2586/1364/4477 2585/1363/4478
f 2585/1363/4478 2600/1378/4500 2601/1379/4499
f 2602/1380/4501 2587/1365/4480 2586/1364/4479
f 2586/1364/4479 2601/1379/4502 2602/1380/4501
f 2603/1381/4503 2588/1366/4481 2587/1365/4482
f 2587/1365/4482 2602/1380/4504 2603/1381/4503
f 2588/1366/4484 2603/1381/4505 2604/1382/4505
f 2604/1382/4505 2589/1367/4483 2588/1366/4484
f 2589/1367/4485 2604/1382/4506 2605/1383/4507
f 2605/1383/4507 2590/1368/4486 2589/1367/4485
f 2606/1384/4508 2591/1369/4487 2590/1368/4488
f 2590/1368/4488 2605/1383/4509 2606/1384/4508
f 2607/1385/4510 2592/1370/4490 2591/1369/4489
f 2591/1369/4489 2606/1384/4511 2607/1385/4510
f 2608/1386/4512 2593/1371/4513 2592/1370/4514
f 2592/1370/4514 2607/1385/4513 2608/1386/4512
f 2609/1387/4515 2594/1372/4515 2593/1371/4515
f 2593/1371/4515 2608/1386/4515 2609/1387/4515
f 2595/1373/4516 2594/1372/4517 2609/1387/4517
f 2609/1387/4517 2610/1388/4516 2595/1373/4516
f 2611/1389/4518 2596/1374/4518 2597/1375/4518
f 2597/1375/4518 2612/1390/4518 2611/1389/4518
f 2613/1391/4519 2598/1376/4519 2596/1374/4519
f 2596/1374/4519 2611/1389/4519 2613/1391/4519
f 2614/1392/4520 2599/1377/4520 2598/1376/4520
f 2598/1376/4520 2613/1391/4520 2614/1392/4520
f 2615/1393/4521 2600/1378/4521 2599/1377/4521
f 2599/1377/4521 2614/1392/4521 2615/1393/4521
f 2600/1378/4522 2615/1393/4522 2616/1394/4523
f 2616/1394/4523 2601/1379/4522 2600/1378/4522
f 2617/1395/4524 2602/1380/4525 2601/1379/4524
f 2601/1379/4524 2616/1394/4525 2617/1395/4524
f 2618/1396/4526 2603/1381/4526 2602/1380/4527
f 2602/1380/4527 2617/1395/4528 2618/1396/4526
f 2603/1381/4529 2618/1396/4530 2619/1397/4531
f 2619/1397/4531 2604/1382/4531 2603/1381/4529
f 2620/1398/4532 2605/1383/4533 2604/1382/4534
f 2604/1382/4534 2619/1397/4535 2620/1398/4532
f 2621/1399/4536 2606/1384/4537 2605/1383/4537
f 2605/1383/4537 2620/1398/4537 2621/1399/4536
f 2606/1384/4538 2621/1399/4538 2622/1400/4539
f 2622/1400/4539 2607/1385/4538 2606/1384/4538
f 2608/1386/4540 2607/1385/4540 2622/1400/4540
f 2622/1400/4540 2623/1401/4540 2608/1386/4540
f 2609/1387/4541 2608/1386/4541 2623/1401/4541
f 2623/1401/4541 2624/1402/4541 2609/1387/4541
f 2610/1388/4542 2609/1387/4542 2624/1402/4543
f 2624/1402/4543 2625/1403/4542 2610/1388/4542
f 2626/1404/4544 2611/1389/4545 2612/1390/4544
f 2612/1390/4544 2627/1405/4544 2626/1404/4544
f 2611/1389/4546 2626/1404/4546 2628/1406/4546
f 2628/1406/4546 2613/1391/4546 2611/1389/4546
f 2614/1392/4547 2613/1391/4547 2628/1406/4547
f 2628/1406/4547 2629/1407/4547 2614/1392/4547
f 2615/1393/4548 2614/1392/4549 2629/1407/4550
f 2629/1407/4550 2630/1408/4550 2615/1393/4548
f 2615/1393/4551 2630/1408/4551 2631/1409/4551
f 2631/1409/4551 2616/1394/4551 2615/1393/4551
f 2617/1395/4552 2616/1394/4553 2631/1409/4553
f 2631/1409/4553 2632/1410/4554 2617/1395/4552
f 2618/1396/4555 2617/1395/4556 2632/1410/4557
f 2632/1410/4557 2633/1411/4555 2618/1396/4555
f 2618/1396/4558 2633/1411/4559 2634/1412/4558
f 2634/1412/4558 2619/1397/4560 2618/1396/4558
f 2620/1398/4561 2619/1397/4561 2634/1412/4561
f 2634/1412/4561 2635/1413/4562 2620/1398/4561
f 2621/1399/4563 2620/1398/4564 2635/1413/4565
f 2635/1413/4565 2636/1414/4563 2621/1399/4563
f 2621/1399/4566 2636/1414/4567 2637/1415/4568
f 2637/1415/4568 2622/1400/4569 2621/1399/4566
f 2623/1401/4570 2622/1400/4571 2637/1415/4571
f 2637/1415/4571 2638/1416/4571 2623/1401/4570
f 2624/1402/4572 2623/1401/4572 2638/1416/4572
f 2638/1416/4572 2639/1417/4572 2624/1402/4572
f 2624/1402/4573 2639/1417/4573 2640/1418/4573
f 2640/1418/4573 2625/1403/4573 2624/1402/4573
f 2415/1146/4574 1520/1148/4574 1519/1419/4574
f 1519/1419/4574 2418/1195/4574 2415/1146/4574
f 2417/1196/4575 2414/1145/4575 2415/1146/4575
f 2415/1146/4575 2418/1195/4575 2417/1196/4575
f 2421/1199/4576 2413/1144/4576 2414/1145/4576
f 2414/1145/4576 2417/1196/4577 2421/1199/4576
f 2423/1200/4578 2412/1143/4579 2413/1144/4580
f 2413/1144/4580 2421/1199/4581 2423/1200/4578
f 2425/1202/4582 2411/1142/4583 2412/1143/4584
f 2412/1143/4584 2423/1200/4584 2425/1202/4582
f 2427/1204/4585 2410/1141/4585 2411/1142/4585
f 2411/1142/4585 2425/1202/4585 2427/1204/4585
f 2429/1206/4586 2409/1140/4586 2410/1141/4586
f 2410/1141/4586 2427/1204/4587 2429/1206/4586
f 2431/1208/4588 2408/1139/4589 2409/1140/4590
f 2409/1140/4590 2429/1206/4591 2431/1208/4588
f 2433/1210/4592 2407/1138/4593 2408/1139/4592
f 2408/1139/4592 2431/1208/4594 2433/1210/4592
f 2435/1212/4595 2406/1137/4596 2407/1138/4597
f 2407/1138/4597 2433/1210/4596 2435/1212/4595
f 2437/1214/4598 2405/1136/4599 2406/1137/4600
f 2406/1137/4600 2435/1212/4601 2437/1214/4598
f 2439/1217/4602 2404/1135/4603 2405/1136/4604
f 2405/1136/4604 2437/1214/4605 2439/1217/4602
f 2441/1218/4606 2403/1134/4607 2404/1135/4606
f 2404/1135/4606 2439/1217/4608 2441/1218/4606
f 2443/1220/4609 2402/1133/4609 2403/1134/4609
f 2403/1134/4609 2441/1218/4610 2443/1220/4609
f 2445/1222/4611 2401/1131/4611 2402/1133/4611
f 2402/1133/4611 2443/1220/4611 2445/1222/4611
f 2147/860/4612 2146/861/4612 2401/1131/4612
f 2401/1131/4612 2445/1222/4612 2147/860/4612
f 2147/860/4613 2445/1222/4613 2444/1223/4613
f 2444/1223/4613 2155/870/4613 2147/860/4613
f 2155/870/4614 2444/1223/4614 2460/1238/4614
f 2460/1238/4614 2156/871/4614 2155/870/4614
f 2460/1238/4615 2475/1253/4615 2157/872/4615
f 2157/872/4615 2156/871/4615 2460/1238/4615
f 2490/1268/4616 2158/873/4616 2157/872/4616
f 2157/872/4616 2475/1253/4616 2490/1268/4616
f 2490/1268/4617 2505/1283/4618 2159/874/4619
f 2159/874/4619 2158/873/4617 2490/1268/4617
f 2520/1298/4620 2160/875/4621 2159/874/4619
f 2159/874/4619 2505/1283/4618 2520/1298/4620
f 2520/1298/4620 2535/1313/4622 2161/876/4623
f 2161/876/4623 2160/875/4621 2520/1298/4620
f 2550/1328/4624 2175/899/4625 2161/876/4623
f 2161/876/4623 2535/1313/4622 2550/1328/4624
f 2550/1328/4624 2565/1343/4626 2174/898/4627
f 2174/898/4627 2175/899/4625 2550/1328/4624
f 2173/897/4628 2174/898/4627 2565/1343/4626
f 2565/1343/4626 2580/1358/4628 2173/897/4628
f 2172/896/4629 2173/897/4629 2580/1358/4630
f 2580/1358/4630 2595/1373/4629 2172/896/4629
f 2171/895/4631 2172/896/4632 2595/1373/4632
f 2595/1373/4632 2610/1388/4632 2171/895/4631
f 2625/1403/4633 2170/894/4633 2171/895/4633
f 2171/895/4633 2610/1388/4633 2625/1403/4633
f 2640/1418/4634 2169/892/4634 2170/894/4634
f 2170/894/4634 2625/1403/4634 2640/1418/4634
f 2640/1418/4635 1947/631/4635 1949/633/4635
f 1949/633/4635 2169/892/4635 2640/1418/4635
f 2640/1418/4636 2639/1417/4636 1946/630/4636
f 1946/630/4636 1947/631/4636 2640/1418/4636
f 1946/630/4637 2639/1417/4638 2638/1416/4638
f 2638/1416/4638 1945/629/4638 1946/630/4637
f 1945/629/4639 2638/1416/4640 2637/1415/4640
f 2637/1415/4640 1944/628/4641 1945/629/4639
f 2637/1415/4642 2636/1414/4643 1943/627/4644
f 1943/627/4644 1944/628/4645 2637/1415/4642
f 1943/627/4646 2636/1414/4647 2635/1413/4648
f 2635/1413/4648 1942/626/4649 1943/627/4646
f 1942/626/4650 2635/1413/4650 2634/1412/4651
f 2634/1412/4651 1941/625/4652 1942/626/4650
f 2634/1412/4653 2633/1411/4653 1940/624/4654
f 1940/624/4654 1941/625/4653 2634/1412/4653
f 1940/624/4655 2633/1411/4656 2632/1410/4657
f 2632/1410/4657 1939/623/4658 1940/624/4655
f 2632/1410/4659 2631/1409/4660 1938/622/4661
f 1938/622/4661 1939/623/4660 2632/1410/4659
f 2631/1409/4662 2630/1408/4663 1937/621/4664
f 1937/621/4664 1938/622/4665 2631/1409/4662
f 1937/621/4666 2630/1408/4666 2629/1407/4666
f 2629/1407/4666 1936/620/4666 1937/621/4666
f 2629/1407/4667 2628/1406/4668 1935/619/4667
f 1935/619/4667 1936/620/4669 2629/1407/4667
f 2628/1406/4670 2626/1404/4670 1934/618/4670
f 1934/618/4670 1935/619/4670 2628/1406/4670
f 1934/618/4671 2626/1404/4671 2627/1405/4671
f 2627/1405/4671 1933/616/4671 1934/618/4671
f 1477/1420/4672 1476/615/4673 1933/616/4673
f 1933/616/4673 2627/1405/4673 1477/1420/4672
f 1485/1421/4674 1477/1420/4674 2627/1405/4674
f 2627/1405/4674 2612/1390/4674 1485/1421/4674
f 1486/1422/4675 1485/1421/4675 2612/1390/4675
f 2612/1390/4675 2597/1375/4675 1486/1422/4675
f 1487/1423/4676 1486/1422/4676 2597/1375/4676
f 2597/1375/4676 2582/1360/4676 1487/1423/4676
f 2567/1345/4677 1488/1424/4678 1487/1423/4679
f 1487/1423/4679 2582/1360/4679 2567/1345/4677
f 1489/1425/4680 1488/1424/4678 2567/1345/4677
f 2567/1345/4677 2552/1330/4681 1489/1425/4680
f 1490/1426/4682 1489/1425/4680 2552/1330/4681
f 2552/1330/4681 2537/1315/4683 1490/1426/4682
f 1491/1427/4684 1490/1426/4682 2537/1315/4683
f 2537/1315/4683 2522/1300/4685 1491/1427/4684
f 2507/1285/4686 1526/1428/4687 1491/1427/4684
f 1491/1427/4684 2522/1300/4685 2507/1285/4686
f 2492/1269/4688 1525/1429/4689 1526/1428/4687
f 1526/1428/4687 2507/1285/4686 2492/1269/4688
f 1524/1430/4690 1525/1429/4689 2492/1269/4688
f 2492/1269/4688 2477/1254/4691 1524/1430/4690
f 1523/1431/4692 1524/1430/4690 2477/1254/4691
f 2477/1254/4691 2462/1239/4693 1523/1431/4692
f 1522/1432/4694 1523/1431/4695 2462/1239/4694
f 2462/1239/4694 2447/1224/4694 1522/1432/4694
f 1521/1433/4696 1522/1432/4696 2447/1224/4697
f 2447/1224/4697 2419/1194/4696 1521/1433/4696
f 2419/1194/4698 2418/1195/4698 1519/1419/4699
f 1519/1419/4699 1521/1433/4698 2419/1194/4698
f 1373/47/4700 56/47/4700 57/48/4700
f 57/48/4700 1374/48/4701 1373/47/4700
f 1373/47/4702 1379/53/4702 62/53/4702
f 62/53/4702 56/47/4702 1373/47/4702
f 63/54/4703 62/53/4703 1379/53/4703
f 1379/53/4703 1380/54/4703 63/54/4703
f 1385/59/4704 68/59/4704 63/54/4704
f 63/54/4704 1380/54/4704 1385/59/4704
f 73/64/4705 68/59/4706 1385/59/4707
f 1385/59/4707 1390/64/4706 73/64/4705
f 1395/69/4708 78/69/4708 73/64/4709
f 73/64/4709 1390/64/4708 1395/69/4708
f 1432/107/4710 116/107/4710 117/108/4711
f 117/108/4711 1433/108/4710 1432/107/4710
f 118/109/4712 1434/109/4712 1433/108/4712
f 1433/108/4712 117/108/4712 118/109/4712
f 118/109/4713 119/110/4714 1435/110/4714
f 1435/110/4714 1434/109/4714 118/109/4713
f 1435/110/4715 119/110/4715 120/111/4715
f 120/111/4715 1436/111/4715 1435/110/4715
f 121/112/4716 1437/112/4717 1436/111/4717
f 1436/111/4717 120/111/4717 121/112/4716
f 1437/112/4718 121/112/4719 123/1435/4720
f 1497/174/4721 1374/48/4722 57/48/4721
f 57/48/4721 184/174/4721 1497/174/4721
f 1432/107/4723 1517/194/4724 204/194/4724
f 204/194/4724 116/107/4725 1432/107/4723
f 1539/216/4726 1540/217/4727 227/217/4727
f 227/217/4727 226/216/4727 1539/216/4726
f 1540/217/4728 1544/221/4728 231/221/4729
f 231/221/4729 227/217/4728 1540/217/4728
f 231/221/4730 1544/221/4730 1548/225/4730
f 1548/225/4730 235/225/4730 231/221/4730
f 1548/225/4731 1552/229/4732 239/229/4732
f 239/229/4732 235/225/4731 1548/225/4731
f 239/229/4733 1552/229/4733 1556/233/4733
f 1556/233/4733 243/233/4733 239/229/4733
f 247/237/4734 243/233/4734 1556/233/4734
f 1556/233/4734 1560/237/4734 247/237/4734
f 1564/241/4735 251/241/4735 247/237/4735
f 247/237/4735 1560/237/4735 1564/241/4735
f 1564/241/4736 1568/245/4737 255/245/4737
f 255/245/4737 251/241/4737 1564/241/4736
f 255/245/4738 1568/245/4739 1572/249/4740
f 1572/249/4740 259/249/4738 255/245/4738
f 263/253/4741 259/249/4742 1572/249/4742
f 1572/249/4742 1576/253/4742 263/253/4741
f 1580/257/4743 267/257/4743 263/253/4744
f 263/253/4744 1576/253/4744 1580/257/4743
f 1584/261/4745 271/261/4745 267/257/4746
f 267/257/4746 1580/257/4745 1584/261/4745
f 1584/261/4747 1588/265/4747 275/265/4747
f 275/265/4747 271/261/4747 1584/261/4747
f 275/265/4748 1588/265/4748 1592/269/4748
f 1592/269/4748 279/269/4748 275/265/4748
f 1598/275/4749 1539/216/4750 226/216/4750
f 226/216/4750 285/275/4750 1598/275/4749
f 184/276/4751 279/269/4752 1592/269/4753
f 1592/269/4753 1497/276/4752 184/276/4751
f 1622/303/4754 1621/304/4754 309/304/4754
f 309/304/4754 308/303/4754 1622/303/4754
f 1627/309/4755 314/309/4755 309/304/4755
f 309/304/4755 1621/304/4755 1627/309/4755
f 319/314/4756 314/309/4756 1627/309/4756
f 1627/309/4756 1632/314/4757 319/314/4756
f 1632/314/4758 1637/319/4758 324/319/4758
f 324/319/4758 319/314/4758 1632/314/4758
f 1642/324/4759 329/324/4759 324/319/4759
f 324/319/4759 1637/319/4759 1642/324/4759
f 1642/324/4760 1647/329/4760 334/329/4760
f 334/329/4760 329/324/4760 1642/324/4760
f 339/334/4761 334/329/4761 1647/329/4761
f 1647/329/4761 1652/334/4761 339/334/4761
f 1652/334/4762 1657/339/4762 344/339/4762
f 344/339/4762 339/334/4762 1652/334/4762
f 349/344/4763 344/339/4763 1657/339/4763
f 1657/339/4763 1662/344/4763 349/344/4763
f 1667/349/4764 354/349/4764 349/344/4764
f 349/344/4764 1662/344/4764 1667/349/4764
f 354/349/4765 1667/349/4765 1672/354/4765
f 1672/354/4765 359/354/4765 354/349/4765
f 364/359/4766 359/354/4766 1672/354/4766
f 1672/354/4766 1677/359/4766 364/359/4766
f 364/359/4767 1677/359/4767 1682/364/4767
f 1682/364/4767 369/364/4767 364/359/4767
f 1687/369/4768 374/369/4769 369/364/4770
f 369/364/4770 1682/364/4769 1687/369/4768
f 1686/368/4771 373/368/4771 374/369/4771
f 374/369/4771 1687/369/4771 1686/368/4771
f 1517/194/4772 1622/303/4773 308/303/4774
f 308/303/4774 204/194/4774 1517/194/4772
f 376/371/4775 373/368/4775 1686/368/4775
f 1686/368/4775 1690/371/4775 376/371/4775
f 2003/718/4776 2011/726/4776 698/726/4776
f 698/726/4776 690/718/4776 2003/718/4776
f 2010/725/4777 697/725/4778 698/726/4777
f 698/726/4777 2011/726/4777 2010/725/4777
f 2010/725/4779 2018/733/4779 705/733/4779
f 705/733/4779 697/725/4780 2010/725/4779
f 2026/740/4781 2025/741/4782 713/741/4782
f 713/741/4782 712/740/4782 2026/740/4781
f 717/745/4783 713/741/4783 2025/741/4784
f 2025/741/4784 2030/745/4783 717/745/4783
f 2036/751/4785 723/751/4786 717/745/4787
f 717/745/4787 2030/745/4786 2036/751/4785
f 2036/751/4788 2035/750/4788 722/750/4788
f 722/750/4788 723/751/4788 2036/751/4788
f 728/756/4789 722/750/4789 2035/750/4789
f 2035/750/4789 2041/756/4789 728/756/4789
f 733/761/4790 728/756/4790 2041/756/4790
f 2041/756/4790 2046/761/4790 733/761/4790
f 738/766/4791 733/761/4791 2046/761/4791
f 2046/761/4791 2051/766/4791 738/766/4791
f 2076/792/4792 764/792/4793 763/791/4793
f 763/791/4793 2077/791/4793 2076/792/4792
f 2078/793/4794 2077/791/4794 763/791/4795
f 763/791/4795 765/793/4794 2078/793/4794
f 2078/793/4796 765/793/4797 766/794/4798
f 2079/794/4799 766/794/4800 767/795/4799
f 767/795/4799 2080/795/4801 2079/794/4799
f 767/795/4802 772/800/4803 2084/800/4802
f 2084/800/4802 2080/795/4803 767/795/4802
f 2084/800/4804 772/800/4805 771/799/4805
f 771/799/4805 2085/799/4806 2084/800/4804
f 2085/799/4807 771/799/4807 773/801/4808
f 773/801/4808 2086/801/4808 2085/799/4807
f 774/802/4809 2087/802/4809 2086/801/4809
f 2086/801/4809 773/801/4809 774/802/4809
f 2087/802/4810 774/802/4810 831/859/4810
f 831/859/4810 2144/859/4810 2087/802/4810
f 2142/857/4811 2141/856/4811 828/856/4811
f 828/856/4811 829/857/4811 2142/857/4811
f 830/858/4812 2143/858/4813 2142/857/4812
f 2142/857/4812 829/857/4813 830/858/4812
f 738/766/4814 2051/766/4814 2003/718/4814
f 2003/718/4814 690/718/4814 738/766/4814
f 2141/856/4815 2144/859/4816 831/859/4815
f 831/859/4815 828/856/4815 2141/856/4815
f 2143/858/4817 830/858/4817 705/733/4817
f 705/733/4817 2018/733/4817 2143/858/4817
f 1690/371/4818 2026/740/4818 712/740/4818
f 712/740/4818 376/371/4818 1690/371/4818
f 764/792/4819 2076/792/4820 1598/275/4820
f 1598/275/4820 285/275/4820 764/792/4819
f 2641/1/1 2642/1/1 2643/1/1
f 2641/1/1 2643/1/1 2644/1/1
f 2641/1/1 2644/1/1 2645/1/1
f 2646/1/2 2647/1/2 2648/1/2
f 2646/1/2 2648/1/2 2649/1/2
f 2646/1/2 2649/1/2 2650/1/2
f 2650/1/3 2649/1/3 2643/1/3
f 2643/1/3 2642/1/3 2650/1/3
f 2648/1/4821 2647/1/4822 2645/1/4821
f 2645/1/4821 2644/1/4821 2648/1/4821
f 2650/1/4823 2642/1/6 2641/1/6
f 2641/1/6 2646/1/4824 2650/1/4823
f 2644/1/4825 2643/1/4825 2649/1/4825
f 2649/1/4825 2648/1/4826 2644/1/4825
f 2645/1/8 2647/1/8 2646/1/4827
f 2646/1/4827 2641/1/4827 2645/1/8
