# Blender 5.0.1
# www.blender.org
mtllib P5-2.mtl
o C_rculo_008_C_rculo_009.001
v 0.105177 0.322204 0.224238
v 0.047777 0.322204 0.271338
v -0.088724 0.322204 0.327838
v -0.017723 0.322204 0.306338
v 0.152277 0.322204 0.166838
v -0.533924 0.322204 -0.117362
v -0.541224 0.322204 -0.043562
v -0.533924 0.322204 0.030338
v -0.512424 0.322204 0.101338
v -0.477423 0.322204 0.166838
v -0.430323 0.322204 0.224238
v -0.372923 0.322204 0.271338
v -0.307523 0.322204 0.306338
v -0.236423 0.322204 0.327838
vn -0.0000 1.0000 -0.0000
vt 0.000000 0.000000
s 1
usemtl Goddard_None
f 3/1/1 4/1/1 2/1/1
f 2/1/1 1/1/1 5/1/1
f 3/1/1 2/1/1 5/1/1
f 6/1/1 7/1/1 8/1/1
f 8/1/1 9/1/1 10/1/1
f 10/1/1 11/1/1 12/1/1
f 8/1/1 10/1/1 12/1/1
f 12/1/1 13/1/1 14/1/1
o C_rculo.001
v 0.182477 2.160003 0.327638
v 0.118777 2.187303 0.290638
v 0.062877 2.211203 0.240738
v 0.017076 2.230803 0.180038
v -0.017023 2.245403 0.110738
v -0.037923 2.254303 0.035538
v -0.045023 2.257403 -0.042662
v -0.037923 2.254303 -0.120862
v -0.017023 2.245403 -0.196062
v 0.017076 2.230803 -0.265362
v 0.062877 2.211204 -0.326162
v 0.118777 2.187304 -0.375962
v 0.182477 2.160004 -0.413062
v 0.251576 2.130504 -0.435862
v 0.323476 2.099704 -0.443562
v 0.323076 1.917704 0.315238
v 0.257677 1.945703 0.322238
v 0.385976 1.890803 0.294438
v 0.443977 1.866003 0.260738
v 0.494877 1.844303 0.215338
v 0.192177 1.973803 0.315238
v 0.536577 1.826403 0.160038
v 0.567577 1.813104 0.096938
v 0.586676 1.805004 0.028538
v 0.320777 1.897704 0.344138
v 0.249977 1.927904 0.351738
v 0.388777 1.868604 0.321738
v 0.451477 1.841704 0.285238
v 0.506477 1.818204 0.236238
v 0.551576 1.798904 0.176438
v 0.585077 1.784603 0.108238
v 0.297877 1.697203 0.282738
v 0.225177 1.674904 0.343138
v 0.293077 1.645804 0.320738
v -0.480323 0.388703 -0.174562
v -0.448524 0.388604 -0.234162
v -0.094723 0.387704 -0.380662
v -0.161924 0.387803 -0.387362
v -0.229223 0.388003 -0.380662
v -0.405623 0.388504 -0.286362
v -0.499923 0.388703 -0.109962
v -0.506624 0.388703 -0.042662
v -0.499923 0.388703 0.024538
v -0.480323 0.388703 0.089138
v -0.448524 0.388604 0.148738
v -0.405623 0.388504 0.201038
v -0.353423 0.388304 0.243838
v -0.293823 0.388204 0.275738
vn -0.3951 -0.9186 0.0031
vn -0.3933 -0.9194 -0.0000
vn -0.3954 -0.9185 0.0033
vn -0.3931 -0.9195 -0.0005
vn -0.3934 -0.9193 0.0002
vn -0.3933 -0.9194 0.0001
vn -0.3915 -0.9202 -0.0005
vn -0.3925 -0.9197 0.0003
vn -0.3931 -0.9195 0.0002
vn -0.3934 -0.9194 -0.0001
vn -0.3934 -0.9194 0.0001
vn -0.3934 -0.9194 -0.0006
vn -0.3780 -0.7465 -0.5476
vn -0.3782 -0.7464 -0.5476
vn -0.3780 -0.7464 -0.5478
vn -0.3780 -0.7465 -0.5475
vn -0.4752 -0.7049 -0.5266
vn -0.4753 -0.7049 -0.5266
vn -0.4752 -0.7048 -0.5266
vn -0.4752 -0.7048 -0.5267
vn -0.5669 -0.6657 -0.4852
vn -0.5669 -0.6657 -0.4853
vn -0.5669 -0.6658 -0.4852
vn -0.6494 -0.6304 -0.4254
vn -0.6494 -0.6304 -0.4253
vn -0.7197 -0.6003 -0.3489
vn -0.7195 -0.6005 -0.3488
vn -0.7196 -0.6003 -0.3489
vn -0.7196 -0.6003 -0.3491
vn -0.2780 -0.7891 -0.5477
vn -0.2789 -0.7889 -0.5476
vn -0.2796 -0.7889 -0.5472
vn -0.7746 -0.5769 -0.2593
vn -0.7746 -0.5768 -0.2594
vn -0.7746 -0.5770 -0.2590
vn -0.8122 -0.5611 -0.1598
vn -0.8125 -0.5607 -0.1597
vn -0.8116 -0.5618 -0.1601
vn -0.4566 -0.5014 -0.7349
vn -0.4569 -0.5010 -0.7350
vn -0.4567 -0.5015 -0.7348
vn 0.0047 1.0000 -0.0076
vn 0.0026 1.0000 -0.0000
vn 0.0037 1.0000 -0.0075
vn 0.0029 1.0000 0.0004
vn 0.0028 1.0000 0.0003
vn 0.0021 1.0000 0.0006
vn 0.0024 1.0000 0.0001
vn 0.0016 1.0000 -0.0002
vn 0.0027 1.0000 -0.0000
vn 0.0026 1.0000 0.0001
vn 0.0022 1.0000 0.0010
vn 0.0005 1.0000 0.0022
vt 0.000000 0.000000
s 1
usemtl Goddard_None
f 15/2/2 16/2/3 17/2/4
f 17/2/5 18/2/6 19/2/7
f 19/2/7 20/2/3 21/2/8
f 17/2/5 19/2/7 21/2/8
f 21/2/9 22/2/3 23/2/10
f 23/2/10 24/2/11 25/2/12
f 21/2/9 23/2/10 25/2/12
f 25/2/12 26/2/3 27/2/3
f 27/2/3 28/2/3 29/2/13
f 25/2/12 27/2/3 29/2/13
f 21/2/9 25/2/12 29/2/13
f 30/2/14 39/2/15 40/2/16
f 40/2/16 31/2/17 30/2/14
f 32/2/18 41/2/19 39/2/20
f 39/2/20 30/2/21 32/2/18
f 33/2/22 42/2/23 41/2/22
f 41/2/22 32/2/24 33/2/22
f 34/2/25 43/2/25 42/2/25
f 42/2/25 33/2/26 34/2/25
f 36/2/27 44/2/28 43/2/29
f 43/2/29 34/2/30 36/2/27
f 35/2/31 31/2/32 40/2/33
f 37/2/34 45/2/35 44/2/34
f 44/2/34 36/2/36 37/2/34
f 45/2/37 37/2/38 38/2/39
f 46/2/40 48/2/41 47/2/42
f 51/2/43 52/2/44 53/2/45
f 50/2/46 49/2/44 55/2/47
f 54/2/48 50/2/46 55/2/47
f 54/2/48 55/2/47 56/2/49
f 54/2/48 56/2/49 57/2/50
f 59/2/51 60/2/44 61/2/52
f 58/2/53 59/2/51 61/2/52
f 58/2/53 61/2/52 62/2/54
o C_rculo_009_C_rculo_010.001
v -0.162024 0.323304 0.332138
v -0.235623 0.323304 0.324938
v -0.306424 0.323304 0.303438
v -0.371624 0.323304 0.268538
v -0.428823 0.323304 0.221638
v -0.475724 0.323304 0.164438
v -0.510623 0.323304 0.099238
v -0.532123 0.323304 0.028438
v -0.539323 0.323304 -0.045162
v -0.532123 0.323304 -0.118862
v -0.510623 0.323304 -0.189662
v -0.475724 0.323304 -0.254862
v -0.428823 0.323304 -0.312062
v -0.371624 0.323304 -0.358962
v -0.306424 0.323304 -0.393862
v -0.235623 0.323304 -0.415362
v -0.162024 0.323304 -0.422562
v -0.017523 0.323304 -0.393862
v 0.104877 0.323304 -0.312062
v 0.215376 0.323304 -0.045162
v 0.104877 0.323304 0.221638
v -0.088323 0.323304 0.324938
vn -0.0000 -1.0000 -0.0000
vt 0.000000 0.000000
s 1
usemtl Goddard_None
f 63/3/55 64/3/55 65/3/55
f 65/3/55 66/3/55 67/3/55
f 63/3/55 65/3/55 67/3/55
f 67/3/55 68/3/55 69/3/55
f 69/3/55 70/3/55 71/3/55
f 67/3/55 69/3/55 71/3/55
f 63/3/55 67/3/55 71/3/55
f 71/3/55 72/3/55 73/3/55
f 73/3/55 74/3/55 75/3/55
f 71/3/55 73/3/55 75/3/55
f 75/3/55 76/3/55 77/3/55
f 77/3/55 78/3/55 79/3/55
f 75/3/55 77/3/55 79/3/55
f 71/3/55 75/3/55 79/3/55
f 79/3/55 80/3/55 81/3/55
f 79/3/55 81/3/55 82/3/55
f 71/3/55 79/3/55 82/3/55
f 63/3/55 82/3/55 83/3/55
f 84/3/55 63/3/55 83/3/55
o C_rculo_010_C_rculo_011.001
v -0.642524 0.145404 -0.045562
v -0.163224 0.145404 -0.524862
v 0.175677 0.145404 -0.384562
v 0.316077 0.145404 -0.045562
vn -0.0000 -1.0000 -0.0000
vt 0.000000 0.000000
s 1
usemtl Goddard_None
f 86/4/56 87/4/56 88/4/56
f 85/4/56 86/4/56 88/4/56
o Cilindro_002.001
v -0.610723 0.096303 0.214538
v -0.614624 0.096303 0.216038
v -0.614624 0.021904 0.216038
v -0.610723 0.021904 0.214538
v -0.634223 0.096303 0.211538
v -0.637123 0.096303 0.208438
v -0.639323 0.096303 0.204938
v -0.636323 0.021904 0.181438
v -0.633224 0.021904 0.178538
v -0.629723 0.021904 0.176338
v -0.629723 0.096303 0.176338
v -0.625823 0.096303 0.174838
v -0.630823 0.114704 0.200738
v -0.607224 0.021904 0.212338
v -0.622223 0.102304 0.181238
v -0.624624 0.104004 0.181438
v -0.625324 0.113204 0.207138
v -0.631523 0.110703 0.187338
v -0.627524 0.114004 0.205338
v -0.628724 0.107504 0.183438
v -0.632623 0.113204 0.192438
v -0.629323 0.114504 0.203138
v -0.626824 0.105803 0.182238
v -0.632324 0.112003 0.189838
v -0.621223 0.113904 0.179438
v -0.618724 0.119104 0.179438
v -0.617224 0.121503 0.180238
v -0.615623 0.123504 0.181438
v -0.613923 0.125203 0.183138
v -0.609324 0.127504 0.190038
v -0.608223 0.127203 0.192738
v -0.607224 0.126503 0.195338
v -0.606624 0.125203 0.197838
v -0.618724 0.021904 -0.270262
v -0.616423 0.021904 -0.266762
v -0.614923 0.021904 -0.262862
v -0.614223 0.021904 -0.254562
v -0.614223 0.096303 -0.254562
v -0.615023 0.096303 -0.250462
v -0.615023 0.021904 -0.250462
v -0.616724 0.096303 -0.246662
v -0.616724 0.021904 -0.246662
v -0.679523 0.021904 -0.005062
v -0.671423 0.021904 -0.006962
v -0.675323 0.021904 -0.005662
v -0.686424 0.110703 -0.013862
v -0.670424 0.121503 -0.014462
v -0.669523 0.123504 -0.016362
v -0.688223 0.112003 -0.015562
v -0.687323 0.110703 -0.038462
v -0.691023 0.114004 -0.020262
v -0.672423 0.119104 -0.040362
v -0.671324 0.121503 -0.039062
v -0.668224 0.127203 -0.023962
v -0.668424 0.126503 -0.021162
v -0.668923 0.125203 -0.018562
v -0.671324 0.119104 -0.013062
vn 0.3549 -0.0000 0.9349
vn 0.3550 -0.0000 0.9349
vn 0.5308 0.0009 0.8475
vn 0.5305 -0.0000 0.8477
vn 0.5306 -0.0000 0.8477
vn -0.0000 -1.0000 -0.0000
vn 0.4265 0.6233 -0.6554
vn 0.0799 0.7021 -0.7076
vn 0.1662 0.6723 -0.7214
vn -0.6254 0.4555 0.6335
vn -0.6383 0.4584 0.6184
vn -0.6362 0.4584 0.6206
vn -0.7602 0.4661 0.4527
vn -0.7503 0.4606 0.4742
vn -0.7522 0.4601 0.4716
vn -0.1195 0.6037 -0.7882
vn -0.2360 0.8531 0.4654
vn -0.2405 0.8072 0.5390
vn -0.2483 0.8109 0.5299
vn -0.3925 0.8779 0.2743
vn -0.3901 0.8780 0.2772
vn -0.4178 0.8764 0.2396
vn -0.5905 0.8027 -0.0837
vn -0.6226 0.7314 -0.2783
vn -0.6247 0.7354 -0.2625
vn -0.6404 0.7306 -0.2368
vn -0.6564 0.6232 -0.4251
vn -0.6626 0.6281 -0.4080
vn -0.6862 0.6173 -0.3849
vn -0.6664 0.4793 -0.5711
vn -0.6761 0.4873 -0.5527
vn -0.4765 0.0432 -0.8781
vn -0.5377 0.0998 -0.8372
vn -0.5303 0.0955 -0.8424
vn 0.9812 0.0145 0.1923
vn 0.9786 -0.0000 0.2058
vn 0.9786 -0.0005 0.2058
vn 0.9131 -0.0171 0.4074
vn 0.9197 -0.0000 0.3927
vn 0.9197 0.0006 0.3927
vn -0.0000 -1.0000 -0.0001
vn -0.0000 -1.0000 -0.0003
vn -0.3811 0.7659 0.5178
vn -0.3730 0.6232 0.6874
vn -0.3912 0.6457 0.6558
vn -0.3587 0.8172 0.4510
vn -0.4135 0.7315 0.5422
vn -0.4219 0.7411 0.5223
vn -0.4426 0.8794 0.1752
vn -0.4584 0.8550 0.2426
vn -0.4600 0.8563 0.2350
vn -0.4726 0.6185 -0.6278
vn -0.3730 0.4795 -0.7943
vn -0.3893 0.4879 -0.7813
vn -0.3277 0.4870 0.8096
vn -0.3118 0.4795 0.8203
vn -0.4108 0.6067 0.6806
vt 1.000000 1.000000
vt 0.968800 1.000000
vt 0.968800 0.500000
vt 1.000000 0.500000
vt 0.000000 1.000000
vt 0.000000 0.500000
vt 0.031200 0.500000
vt 0.841800 0.028300
vt 0.796800 0.014600
vt 0.750000 0.010000
vt 0.468800 1.000000
vt 0.437500 1.000000
vt 0.812500 1.000000
vt 0.781200 1.000000
vt 0.750000 1.000000
vt 0.500000 1.000000
vt 0.843800 1.000000
vt 0.656200 1.000000
vt 0.625000 1.000000
vt 0.593800 1.000000
vt 0.562500 1.000000
vt 0.531200 1.000000
vt 0.343800 0.500000
vt 0.343800 1.000000
vt 0.312500 1.000000
vt 0.281200 1.000000
vt 0.281200 0.500000
vt 0.312500 0.500000
vt 0.703200 0.014600
vt 0.658200 0.028300
vt 0.616700 0.050400
vt 0.750000 0.490000
vt 0.658200 0.471700
vt 0.703200 0.485400
vt 0.906200 1.000000
vt 0.875000 1.000000
vt 0.937500 1.000000
s 1
usemtl Goddard_None
f 89/5/57 90/6/57 91/7/58
f 91/7/58 92/8/58 89/5/57
f 89/9/59 92/10/60 102/11/61
f 96/12/62 97/13/62 98/14/62
f 100/15/63 104/15/64 103/16/65
f 93/17/66 107/17/67 110/18/68
f 101/19/69 95/19/70 94/18/71
f 104/15/72 100/15/72 99/20/72
f 99/20/72 111/20/72 104/15/72
f 105/21/73 121/21/74 120/17/75
f 119/18/76 118/19/77 101/19/78
f 109/22/79 117/22/80 116/23/81
f 112/23/82 116/23/83 115/24/84
f 106/24/85 115/24/86 114/25/87
f 113/20/88 111/20/89 108/26/90
f 125/27/91 126/28/92 127/29/93
f 129/30/94 130/31/95 128/32/96
f 122/33/97 123/34/97 124/35/97
f 131/36/98 132/37/98 133/38/98
f 134/39/99 135/39/100 136/40/101
f 137/40/102 136/40/103 144/21/104
f 139/17/105 143/17/106 142/18/107
f 138/24/108 141/24/109 140/25/110
f 145/41/111 135/39/112 134/39/113
o Cilindro_002.002
v -0.614624 0.096303 0.216038
v -0.614624 0.021904 0.216038
v -0.618724 0.096303 0.216738
v -0.618724 0.021904 0.216738
v -0.622923 0.096303 0.216638
v -0.622923 0.021904 0.216638
v -0.627023 0.096303 0.215638
v -0.627023 0.021904 0.215638
v -0.630823 0.096303 0.213938
v -0.630823 0.021904 0.213938
v -0.634223 0.021904 0.211538
v -0.634223 0.096303 0.211538
v -0.637123 0.021904 0.208438
v -0.637123 0.096303 0.208438
v -0.639323 0.096303 0.204938
v -0.639323 0.021904 0.204938
v -0.640823 0.021904 0.201038
v -0.640823 0.096303 0.201038
v -0.641523 0.021904 0.196938
v -0.641523 0.096303 0.196938
v -0.641423 0.021904 0.192738
v -0.641423 0.096303 0.192738
v -0.640424 0.096303 0.188638
v -0.640424 0.021904 0.188638
v -0.638723 0.021904 0.184838
v -0.638723 0.096303 0.184838
v -0.636323 0.021904 0.181438
v -0.636323 0.096303 0.181438
v -0.633224 0.021904 0.178538
v -0.633224 0.096303 0.178538
v -0.629723 0.021904 0.176338
v -0.629723 0.096303 0.176338
v -0.625823 0.021904 0.174838
v -0.625823 0.096303 0.174838
v -0.621724 0.021904 0.174138
v -0.606223 0.021904 0.179338
v -0.598923 0.021904 0.193938
v -0.600024 0.021904 0.202238
v -0.604123 0.021904 0.209438
v -0.630823 0.114704 0.200738
v -0.631923 0.114504 0.198038
v -0.620623 0.110703 0.209338
v -0.606323 0.123504 0.200238
v -0.623024 0.112003 0.208538
v -0.625324 0.113204 0.207138
v -0.630324 0.109203 0.185238
v -0.631523 0.110703 0.187338
v -0.632524 0.114004 0.195238
v -0.627524 0.114004 0.205338
v -0.628724 0.107504 0.183438
v -0.632623 0.113204 0.192438
v -0.629323 0.114504 0.203138
v -0.626824 0.105803 0.182238
v -0.632324 0.112003 0.189838
v -0.620124 0.116603 0.179138
v -0.618724 0.119104 0.179438
v -0.617224 0.121503 0.180238
v -0.615623 0.123504 0.181438
v -0.613923 0.125203 0.183138
v -0.612324 0.126503 0.185138
v -0.610723 0.127203 0.187538
v -0.609324 0.127504 0.190038
v -0.608223 0.127203 0.192738
v -0.607224 0.126503 0.195338
v -0.606624 0.125203 0.197838
v -0.652023 0.096303 -0.243562
v -0.652023 0.021904 -0.243562
v -0.649123 0.021904 -0.240562
v -0.649123 0.096303 -0.240562
v -0.654323 0.021904 -0.247062
v -0.654323 0.096303 -0.247062
v -0.655923 0.096303 -0.250962
v -0.655923 0.021904 -0.250962
v -0.656623 0.021904 -0.255062
v -0.656623 0.096303 -0.255062
v -0.656623 0.096303 -0.259262
v -0.656623 0.021904 -0.259262
v -0.655723 0.021904 -0.263262
v -0.655723 0.096303 -0.263262
v -0.654124 0.021904 -0.267162
v -0.654124 0.096303 -0.267162
v -0.651724 0.096303 -0.270562
v -0.651724 0.021904 -0.270562
v -0.648723 0.021904 -0.273562
v -0.648723 0.096303 -0.273562
v -0.645223 0.096303 -0.275862
v -0.645223 0.021904 -0.275862
v -0.641323 0.096303 -0.277362
v -0.641323 0.021904 -0.277362
v -0.637223 0.021904 -0.278162
v -0.637223 0.096303 -0.278162
v -0.633024 0.096303 -0.278062
v -0.633024 0.021904 -0.278062
v -0.628924 0.096303 -0.277262
v -0.628924 0.021904 -0.277262
v -0.625124 0.021904 -0.275562
v -0.621624 0.021904 -0.273262
v -0.618724 0.021904 -0.270262
v -0.614923 0.021904 -0.262862
v -0.614123 0.021904 -0.258762
v -0.615023 0.021904 -0.250462
v -0.616724 0.021904 -0.246662
v -0.622023 0.021904 -0.240262
v -0.625523 0.096303 -0.237962
v -0.625523 0.021904 -0.237962
v -0.629423 0.021904 -0.236362
v -0.633523 0.021904 -0.235662
v -0.637723 0.096303 -0.235662
v -0.637723 0.021904 -0.235662
v -0.641824 0.021904 -0.236562
v -0.641824 0.096303 -0.236562
v -0.642424 0.114504 -0.266562
v -0.644423 0.114704 -0.264462
v -0.645623 0.096303 -0.238162
v -0.645623 0.021904 -0.238162
v -0.648523 0.112003 -0.254262
v -0.648324 0.110703 -0.251662
v -0.636024 0.121503 -0.241362
v -0.634123 0.123504 -0.242162
v -0.648224 0.113204 -0.256862
v -0.632524 0.110703 -0.270562
v -0.630023 0.109203 -0.270262
v -0.644923 0.105803 -0.245562
v -0.646523 0.107504 -0.247262
v -0.642923 0.104004 -0.244262
v -0.640123 0.114004 -0.268262
v -0.647424 0.114004 -0.259562
v -0.647624 0.109203 -0.249362
v -0.637623 0.113204 -0.269462
v -0.646124 0.114504 -0.262162
v -0.635023 0.112003 -0.270262
v -0.640723 0.102304 -0.243562
v -0.640924 0.111303 -0.242562
v -0.641223 0.108804 -0.243862
v -0.620224 0.121503 -0.260262
v -0.621624 0.125203 -0.256062
v -0.622823 0.126503 -0.253762
v -0.624323 0.127203 -0.251362
v -0.626123 0.127504 -0.249062
v -0.628024 0.127203 -0.246962
v -0.630123 0.126503 -0.245062
v -0.632123 0.125203 -0.243462
v -0.637723 0.119104 -0.240962
v -0.639123 0.116603 -0.241062
v -0.683723 0.096303 -0.005262
v -0.683723 0.021904 -0.005262
v -0.679523 0.021904 -0.005062
v -0.679523 0.096303 -0.005062
v -0.687724 0.021904 -0.006362
v -0.687724 0.096303 -0.006362
v -0.691523 0.096303 -0.008162
v -0.691523 0.021904 -0.008162
v -0.694824 0.096303 -0.010762
v -0.694824 0.021904 -0.010762
v -0.697623 0.021904 -0.013862
v -0.697623 0.096303 -0.013862
v -0.699723 0.096303 -0.017462
v -0.699723 0.021904 -0.017462
v -0.701123 0.096303 -0.021462
v -0.701123 0.021904 -0.021462
v -0.701623 0.021904 -0.025562
v -0.701623 0.096303 -0.025562
v -0.701424 0.096303 -0.029762
v -0.701424 0.021904 -0.029762
v -0.700323 0.096303 -0.033762
v -0.700323 0.021904 -0.033762
v -0.698524 0.021904 -0.037562
v -0.698524 0.096303 -0.037562
v -0.695923 0.096303 -0.040862
v -0.695923 0.021904 -0.040862
v -0.692824 0.096303 -0.043662
v -0.692824 0.021904 -0.043662
v -0.689224 0.021904 -0.045762
v -0.689224 0.096303 -0.045762
v -0.685223 0.021904 -0.047162
v -0.685223 0.096303 -0.047162
v -0.681123 0.096303 -0.047662
v -0.681123 0.021904 -0.047662
v -0.676924 0.021904 -0.047462
v -0.676924 0.096303 -0.047462
v -0.672923 0.021904 -0.046362
v -0.669124 0.021904 -0.044562
v -0.663023 0.021904 -0.038862
v -0.660923 0.021904 -0.035262
v -0.659523 0.021904 -0.031362
v -0.659024 0.021904 -0.027162
v -0.659223 0.021904 -0.022962
v -0.662123 0.021904 -0.015162
v -0.664623 0.021904 -0.011862
v -0.671423 0.021904 -0.006962
v -0.692124 0.114704 -0.025962
v -0.692024 0.114504 -0.028862
v -0.675323 0.096303 -0.005662
v -0.675323 0.021904 -0.005662
v -0.686424 0.110703 -0.013862
v -0.688223 0.112003 -0.015562
v -0.689824 0.113204 -0.017762
v -0.687323 0.110703 -0.038462
v -0.685323 0.109203 -0.039862
v -0.682024 0.107504 -0.011762
v -0.691424 0.114004 -0.031662
v -0.691023 0.114004 -0.020262
v -0.683123 0.107504 -0.040762
v -0.684323 0.109203 -0.012562
v -0.690423 0.113204 -0.034262
v -0.691823 0.114504 -0.023062
v -0.680923 0.105803 -0.041162
v -0.689023 0.112003 -0.036562
v -0.674724 0.113904 -0.041362
v -0.672423 0.119104 -0.040362
v -0.671324 0.121503 -0.039062
v -0.670323 0.123504 -0.037262
v -0.669523 0.125203 -0.034962
v -0.668923 0.126503 -0.032462
v -0.668424 0.127203 -0.029762
v -0.668224 0.127504 -0.026862
v -0.668224 0.127203 -0.023962
v -0.668923 0.125203 -0.018562
v -0.671324 0.119104 -0.013062
vn 0.1657 -0.0000 0.9862
vn -0.0299 -0.0000 0.9996
vn -0.0298 -0.0000 0.9996
vn -0.2243 -0.0000 0.9745
vn -0.4101 -0.0000 0.9120
vn -0.4101 -0.0000 0.9121
vn -0.4102 -0.0000 0.9120
vn -0.5801 -0.0000 0.8145
vn -0.5802 -0.0000 0.8145
vn -0.7279 -0.0000 0.6857
vn -0.8476 -0.0000 0.5306
vn -0.8477 -0.0000 0.5305
vn -0.8476 -0.0000 0.5307
vn -0.9349 -0.0000 0.3549
vn -0.9862 -0.0000 0.1657
vn -0.9996 -0.0000 -0.0299
vn -0.9745 -0.0000 -0.2243
vn -0.9120 -0.0000 -0.4101
vn -0.9121 -0.0000 -0.4100
vn -0.8145 -0.0000 -0.5802
vn -0.6857 -0.0000 -0.7279
vn -0.6856 -0.0000 -0.7279
vn -0.5305 -0.0000 -0.8477
vn -0.3549 -0.0000 -0.9349
vn -0.8312 0.4607 0.3113
vn -0.8312 0.4607 0.3112
vn -0.0000 -1.0000 -0.0000
vn -0.0000 -1.0000 0.0001
vn -0.3330 0.4516 0.8278
vn -0.3330 0.4516 0.8277
vn -0.7581 0.4092 -0.5078
vn -0.6770 0.4608 -0.5738
vn -0.6878 0.4667 -0.5560
vn -0.8784 0.4584 0.1349
vn -0.4980 0.4548 0.7383
vn -0.5216 0.4843 -0.7024
vn -0.8892 0.4548 -0.0493
vn -0.6512 0.4573 0.6057
vn -0.6383 0.4584 0.6184
vn -0.6395 0.4594 0.6164
vn -0.0825 0.5027 -0.8605
vn -0.3304 0.5300 -0.7810
vn -0.2863 0.5178 -0.8062
vn -0.0820 0.4587 0.8848
vn 0.0482 0.4608 0.8862
vn 0.0309 0.4643 0.8851
vn -0.8607 0.4517 -0.2348
vn -0.7334 0.4641 0.4966
vn -0.7503 0.4606 0.4742
vn -0.7492 0.4582 0.4783
vn -0.1484 0.4520 0.8796
vn -0.1484 0.4521 0.8795
vn -0.7905 0.4521 -0.4132
vn -0.7905 0.4521 -0.4131
vn -0.1821 0.8232 0.5378
vn -0.1545 0.7314 0.6642
vn -0.1721 0.7425 0.6473
vn -0.2027 0.7544 0.6243
vn -0.2405 0.8072 0.5390
vn -0.2359 0.8050 0.5444
vn -0.3179 0.8242 0.4687
vn -0.3184 0.8550 0.4093
vn -0.3151 0.8542 0.4136
vn -0.3868 0.8786 0.2802
vn -0.3901 0.8780 0.2774
vn -0.3647 0.8746 0.3195
vn -0.4567 0.8780 0.1431
vn -0.4567 0.8780 0.1433
vn -0.4567 0.8780 0.1432
vn -0.5185 0.8550 0.0064
vn -0.5186 0.8550 0.0064
vn -0.5186 0.8550 0.0065
vn -0.5748 0.8072 -0.1342
vn -0.5748 0.8072 -0.1341
vn -0.6090 0.6435 -0.4637
vn -0.6226 0.7314 -0.2783
vn -0.6211 0.7244 -0.2991
vn -0.5969 0.5348 -0.5981
vn -0.6564 0.6232 -0.4251
vn -0.6537 0.6124 -0.4446
vn -0.5723 0.3653 -0.7342
vn -0.6664 0.4793 -0.5711
vn -0.6589 0.4649 -0.5914
vn -0.6363 0.3010 -0.7103
vn -0.6363 0.3011 -0.7103
vn -0.7148 -0.0000 0.6994
vn -0.7147 -0.0000 0.6994
vn -0.8375 -0.0000 0.5465
vn -0.9280 -0.0000 0.3726
vn -0.9829 -0.0000 0.1844
vn -0.9999 -0.0000 -0.0109
vn -0.9786 -0.0000 -0.2057
vn -0.9197 -0.0000 -0.3927
vn -0.8254 -0.0000 -0.5646
vn -0.6993 -0.0000 -0.7148
vn -0.5465 -0.0000 -0.8375
vn -0.5465 -0.0000 -0.8374
vn -0.3726 -0.0000 -0.9280
vn -0.3725 -0.0000 -0.9280
vn -0.1844 -0.0000 -0.9828
vn -0.1844 -0.0000 -0.9829
vn 0.0109 -0.0000 -0.9999
vn 0.1923 0.0145 -0.9812
vn 0.2058 -0.0000 -0.9786
vn 0.2058 -0.0005 -0.9786
vn 0.3927 -0.0000 -0.9197
vn 0.3946 0.0083 -0.9188
vn 0.5468 0.0016 0.8373
vn 0.5465 -0.0000 0.8374
vn 0.3726 0.0003 0.9280
vn 0.3726 -0.0000 0.9280
vn 0.3792 -0.0075 0.9253
vn -0.2058 -0.0000 0.9786
vn -0.6179 0.4606 -0.6372
vn -0.3927 -0.0000 0.9197
vn -0.3926 -0.0000 0.9197
vn -0.5647 -0.0000 0.8253
vn -0.5649 -0.0000 0.8252
vn -0.5646 -0.0000 0.8253
vn -0.5645 -0.0000 0.8254
vn -0.0000 -1.0000 -0.0002
vn -0.7379 0.6232 0.2590
vn -0.8918 0.4517 0.0260
vn -0.8918 0.4517 0.0261
vn -0.5046 0.5300 0.6815
vn -0.5047 0.5300 0.6815
vn -0.3512 0.6232 0.6988
vn -0.3013 0.6037 0.7381
vn -0.5246 0.5062 0.6845
vn -0.4751 0.4584 -0.7511
vn -0.8759 0.4548 -0.1610
vn -0.7879 0.4740 0.3932
vn -0.6720 0.4843 0.5603
vn -0.6902 0.4880 0.5342
vn -0.3106 0.4548 -0.8347
vn -0.8222 0.4584 -0.3376
vn -0.8221 0.4584 -0.3376
vn -0.8222 0.4583 -0.3375
vn -0.8223 0.4582 -0.3375
vn -0.7929 0.4608 0.3987
vn -0.7929 0.4608 0.3988
vn -0.1292 0.4517 -0.8828
vn -0.1293 0.4517 -0.8827
vn -0.2994 0.7262 0.6189
vn 0.0896 0.8075 0.5830
vn -0.0298 0.8016 0.5970
vn -0.7348 0.4606 -0.4979
vn -0.7349 0.4606 -0.4978
vn -0.7348 0.4606 -0.4978
vn -0.8654 0.4521 0.2160
vn 0.0624 0.4521 -0.8898
vn 0.0045 -0.0850 0.9964
vn 0.0687 -0.1055 0.9920
vn -0.3094 -0.7875 0.5331
vn -0.6706 0.7314 0.1242
vn -0.6706 0.7313 0.1242
vn -0.6705 0.7314 0.1242
vn -0.5267 -0.0768 0.8466
vn -0.5157 -0.0879 0.8523
vn -0.6432 -0.2025 0.7384
vn -0.5902 0.8072 -0.0047
vn -0.5065 0.8539 -0.1201
vn -0.5026 0.8550 -0.1280
vn -0.5360 0.8435 -0.0344
vn -0.4102 0.8781 -0.2464
vn -0.4102 0.8781 -0.2465
vn -0.4101 0.8781 -0.2464
vn -0.3140 0.8780 -0.3612
vn -0.2078 0.8539 -0.4771
vn -0.2134 0.8550 -0.4727
vn -0.1985 0.8119 -0.5491
vn -0.1010 0.8048 -0.5849
vn -0.1071 0.8073 -0.5804
vn -0.0455 0.7516 -0.6580
vn 0.0157 0.7260 -0.6875
vn 0.0059 0.7313 -0.6820
vn 0.1089 0.6164 -0.7799
vn 0.2688 0.4698 -0.8409
vn 0.2568 0.4794 -0.8392
vn 0.4015 0.2960 -0.8667
vn -0.6612 0.0308 0.7496
vn -0.7193 0.0998 0.6876
vn -0.7148 0.0951 0.6929
vn -0.7853 0.3010 0.5410
vn -0.7853 0.3010 0.5411
vn -0.7819 0.4793 0.3986
vn -0.7819 0.4794 0.3986
vn -0.0602 -0.0000 0.9982
vn -0.2538 -0.0000 0.9673
vn -0.4375 -0.0000 0.8992
vn -0.4376 -0.0000 0.8992
vn -0.6047 -0.0000 0.7965
vn -0.6046 -0.0000 0.7965
vn -0.7484 -0.0000 0.6632
vn -0.7483 -0.0000 0.6633
vn -0.8634 -0.0000 0.5044
vn -0.8635 -0.0000 0.5044
vn -0.8634 -0.0000 0.5045
vn -0.9452 -0.0000 0.3264
vn -0.9452 -0.0000 0.3265
vn -0.9908 -0.0000 0.1357
vn -0.9982 -0.0000 -0.0602
vn -0.9673 -0.0000 -0.2538
vn -0.8992 -0.0000 -0.4376
vn -0.7965 -0.0000 -0.6046
vn -0.6633 -0.0000 -0.7484
vn -0.5045 -0.0000 -0.8634
vn -0.5044 -0.0000 -0.8635
vn -0.3264 -0.0000 -0.9452
vn -0.3265 -0.0000 -0.9452
vn -0.1356 -0.0000 -0.9908
vn -0.1357 -0.0000 -0.9908
vn 0.0601 0.0005 -0.9982
vn 0.0601 -0.0000 -0.9982
vn 0.0483 -0.0127 -0.9988
vn -0.8857 0.4606 -0.0574
vn -0.8858 0.4606 -0.0574
vn 0.3168 -0.0107 0.9484
vn 0.3264 -0.0000 0.9452
vn 0.3264 0.0004 0.9452
vn 0.1357 -0.0000 0.9908
vn 0.1357 -0.0000 0.9907
vn -0.0000 -1.0000 -0.0001
vn -0.6435 0.4517 0.6180
vn -0.6434 0.4517 0.6181
vn -0.3818 0.4608 -0.8012
vn -0.1836 0.5055 0.8431
vn 0.0836 0.5300 0.8439
vn 0.0348 0.5321 0.8460
vn -0.8564 0.4584 -0.2376
vn -0.8564 0.4584 -0.2375
vn -0.7805 0.4581 0.4253
vn -0.7572 0.4548 0.4688
vn -0.7598 0.4559 0.4635
vn 0.0154 0.4715 -0.8817
vn -0.1871 0.4843 -0.8546
vn -0.1522 0.4761 -0.8661
vn -0.3364 0.4720 0.8149
vn -0.1219 0.4843 0.8664
vn -0.1561 0.4888 0.8583
vn -0.7906 0.4548 -0.4101
vn -0.7906 0.4548 -0.4100
vn -0.8359 0.4584 0.3019
vn 0.0194 0.5301 -0.8477
vn -0.3199 0.4608 0.8279
vn -0.3198 0.4607 0.8279
vn -0.3198 0.4608 0.8279
vn -0.3199 0.4608 0.8278
vn -0.6884 0.4516 -0.5676
vn -0.6885 0.4516 -0.5675
vn -0.8788 0.4606 0.1244
vn 0.1360 0.6022 -0.7867
vn 0.2146 0.6037 -0.7678
vn -0.1302 0.5437 -0.8291
vn -0.4964 0.4521 0.7411
vn -0.5512 0.4521 -0.7013
vn -0.5512 0.4520 -0.7013
vn -0.3813 0.6300 0.6766
vn -0.4135 0.7314 0.5424
vn -0.4097 0.7265 0.5516
vn -0.4353 0.8048 0.4035
vn -0.4406 0.8072 0.3929
vn -0.3917 0.7718 0.5008
vn -0.4850 0.8202 0.3034
vn -0.4584 0.8550 0.2425
vn -0.4570 0.8541 0.2485
vn -0.4667 0.8777 0.1088
vn -0.4695 0.8781 0.0927
vn -0.4693 0.8780 0.0938
vn -0.4752 0.8780 -0.0569
vn -0.4752 0.8780 -0.0570
vn -0.4755 0.8550 -0.2070
vn -0.4755 0.8550 -0.2072
vn -0.4755 0.8550 -0.2071
vn -0.4691 0.8072 -0.3582
vn -0.4494 0.7256 -0.5210
vn -0.4534 0.7314 -0.5094
vn -0.4422 0.6081 -0.6593
vn -0.4240 0.6232 -0.6572
vn -0.4240 0.6231 -0.6572
vn -0.2771 0.2900 -0.9161
vn -0.2886 0.3010 -0.9089
vn -0.1395 0.0989 -0.9853
vn -0.0654 0.0763 -0.9949
vn -0.1465 0.0998 -0.9842
vn -0.1398 0.0944 -0.9857
vn -0.2966 0.4663 0.8334
vn -0.3118 0.4794 0.8204
vn -0.1656 0.3707 0.9139
vt 0.968800 1.000000
vt 0.937500 1.000000
vt 0.937500 0.500000
vt 0.968800 0.500000
vt 0.906200 1.000000
vt 0.906200 0.500000
vt 0.875000 1.000000
vt 0.875000 0.500000
vt 0.843800 1.000000
vt 0.843800 0.500000
vt 0.812500 0.500000
vt 0.812500 1.000000
vt 0.781200 0.500000
vt 0.781200 1.000000
vt 0.750000 1.000000
vt 0.750000 0.500000
vt 0.718800 0.500000
vt 0.718800 1.000000
vt 0.687500 0.500000
vt 0.687500 1.000000
vt 0.656200 0.500000
vt 0.656200 1.000000
vt 0.625000 1.000000
vt 0.625000 0.500000
vt 0.593800 0.500000
vt 0.593800 1.000000
vt 0.562500 0.500000
vt 0.562500 1.000000
vt 0.531200 0.500000
vt 0.531200 1.000000
vt 0.500000 0.500000
vt 0.500000 1.000000
vt 0.468800 0.500000
vt 0.468800 1.000000
vt 0.919700 0.419700
vt 0.971700 0.341800
vt 0.971700 0.158200
vt 0.658200 0.028300
vt 0.528300 0.158200
vt 0.528300 0.341800
vt 0.841800 0.028300
vt 0.580300 0.419700
vt 0.658200 0.471700
vt 0.796800 0.485400
vt 1.000000 0.500000
vt 1.000000 1.000000
vt 0.187500 1.000000
vt 0.187500 0.500000
vt 0.218800 0.500000
vt 0.156200 0.500000
vt 0.062500 0.500000
vt 0.093800 0.500000
vt 0.093800 1.000000
vt 0.062500 1.000000
vt 0.031200 1.000000
vt 0.031200 0.500000
vt 0.000000 1.000000
vt 0.000000 0.500000
vt 0.985400 0.296800
vt 0.990000 0.250000
vt 0.949600 0.116700
vt 0.883300 0.050400
vt 0.750000 0.010000
vt 0.703200 0.014600
vt 0.616700 0.050400
vt 0.580300 0.080300
vt 0.514600 0.203200
vt 0.514600 0.296800
vt 0.616700 0.449600
vt 0.750000 0.490000
vt 0.883300 0.449600
vt 0.985400 0.203200
vt 0.919700 0.080300
vt 0.796800 0.014600
vt 0.550400 0.116700
vt 0.510000 0.250000
vt 0.550400 0.383300
s 1
usemtl Goddard_None
f 146/42/114 148/43/114 149/44/114
f 149/44/114 147/45/114 146/42/114
f 148/43/115 150/46/115 151/47/115
f 151/47/115 149/44/116 148/43/115
f 150/46/117 152/48/117 153/49/117
f 153/49/117 151/47/117 150/46/117
f 154/50/118 155/51/119 153/49/119
f 153/49/119 152/48/120 154/50/118
f 156/52/121 155/51/121 154/50/122
f 154/50/122 157/53/122 156/52/121
f 158/54/123 156/52/123 157/53/123
f 157/53/123 159/55/123 158/54/123
f 160/56/124 161/57/125 158/54/124
f 158/54/124 159/55/126 160/56/124
f 162/58/127 161/57/127 160/56/127
f 160/56/127 163/59/127 162/58/127
f 164/60/128 162/58/128 163/59/128
f 163/59/128 165/61/128 164/60/128
f 166/62/129 164/60/129 165/61/129
f 165/61/129 167/63/129 166/62/129
f 168/64/130 169/65/130 166/62/130
f 166/62/130 167/63/130 168/64/130
f 170/66/131 169/65/131 168/64/131
f 168/64/131 171/67/132 170/66/131
f 172/68/133 170/66/133 171/67/133
f 171/67/133 173/69/133 172/68/133
f 174/70/134 172/68/135 173/69/134
f 173/69/134 175/71/134 174/70/134
f 176/72/136 174/70/136 175/71/136
f 175/71/136 177/73/136 176/72/136
f 178/74/137 176/72/137 177/73/137
f 177/73/137 179/75/137 178/74/137
f 160/56/138 185/56/139 186/59/139
f 186/59/139 163/59/138 160/56/138
f 153/76/140 156/77/140 164/78/140
f 180/79/140 181/80/140 182/81/140
f 172/82/140 180/79/140 182/81/140
f 164/78/140 172/82/140 182/81/140
f 153/76/140 164/78/140 182/81/140
f 182/81/140 183/83/141 184/84/140
f 153/76/140 182/81/140 184/84/140
f 147/85/140 153/76/140 184/84/140
f 190/50/142 154/50/143 152/48/142
f 152/48/142 189/48/143 190/50/142
f 191/69/144 173/69/145 171/67/146
f 193/61/147 165/61/147 163/59/147
f 163/59/147 186/59/147 193/61/147
f 194/53/148 157/53/148 154/50/148
f 154/50/148 190/50/148 194/53/148
f 195/71/149 175/71/149 173/69/149
f 173/69/149 191/69/149 195/71/149
f 196/63/150 167/63/150 165/61/150
f 165/61/150 193/61/150 196/63/150
f 197/55/151 159/55/152 157/53/153
f 175/71/154 195/71/155 198/73/156
f 187/46/157 150/46/158 148/43/159
f 199/64/160 168/64/160 167/63/160
f 167/63/160 196/63/160 199/64/160
f 159/55/161 197/55/162 185/56/163
f 152/48/164 150/46/164 187/46/165
f 187/46/165 189/48/165 152/48/164
f 192/67/166 171/67/167 168/64/166
f 168/64/166 199/64/166 192/67/166
f 189/48/168 188/48/169 210/50/170
f 209/53/171 194/53/172 190/50/173
f 208/55/174 197/55/175 194/53/176
f 185/56/177 197/55/178 208/55/179
f 185/56/180 207/56/181 206/59/182
f 206/59/182 186/59/180 185/56/180
f 186/59/183 206/59/184 205/61/185
f 205/61/185 193/61/183 186/59/183
f 193/61/186 205/61/187 204/63/187
f 204/63/187 196/63/186 193/61/186
f 203/64/188 199/64/189 196/63/190
f 202/67/191 192/67/192 199/64/193
f 201/69/194 191/69/195 192/67/196
f 191/69/197 201/69/197 200/71/198
f 200/71/198 195/71/197 191/69/197
f 211/42/199 212/45/200 213/86/199
f 213/86/199 214/87/200 211/42/199
f 215/44/201 212/45/201 211/42/201
f 211/42/201 216/43/201 215/44/201
f 217/46/202 218/47/202 215/44/202
f 215/44/202 216/43/202 217/46/202
f 219/49/203 218/47/203 217/46/203
f 217/46/203 220/48/203 219/49/203
f 221/50/204 222/51/204 219/49/204
f 219/49/204 220/48/204 221/50/204
f 223/52/205 222/51/205 221/50/205
f 221/50/205 224/53/205 223/52/205
f 225/54/206 223/52/206 224/53/206
f 224/53/206 226/55/206 225/54/206
f 227/56/207 228/57/207 225/54/207
f 225/54/207 226/55/207 227/56/207
f 229/58/208 228/57/208 227/56/208
f 227/56/208 230/59/208 229/58/208
f 231/61/209 232/60/209 229/58/209
f 229/58/209 230/59/210 231/61/209
f 233/63/211 234/62/211 232/60/211
f 232/60/211 231/61/212 233/63/211
f 235/65/213 234/62/213 233/63/214
f 233/63/214 236/64/214 235/65/213
f 237/67/215 238/66/215 235/65/215
f 235/65/215 236/64/215 237/67/215
f 238/66/216 237/67/217 239/69/218
f 241/70/219 240/68/219 239/69/220
f 249/88/221 250/89/222 248/90/222
f 251/91/223 250/89/224 249/88/225
f 255/92/226 254/93/226 253/94/226
f 253/94/226 256/95/226 255/92/226
f 257/59/227 230/59/227 227/56/227
f 227/56/227 258/56/227 257/59/227
f 259/96/228 260/97/229 255/92/229
f 255/92/229 256/95/228 259/96/228
f 259/96/230 214/98/231 213/99/232
f 213/99/232 260/97/233 259/96/230
f 219/76/140 225/100/140 228/101/140
f 219/76/140 228/101/140 232/78/140
f 219/76/140 234/102/140 238/103/140
f 219/76/140 238/103/140 240/82/140
f 219/76/140 240/82/140 242/104/140
f 219/76/140 242/104/140 243/105/140
f 219/76/140 243/105/140 244/106/140
f 219/76/140 244/106/140 245/107/140
f 219/76/140 245/107/140 246/80/140
f 219/76/140 246/80/140 247/108/140
f 219/76/140 247/108/140 248/109/140
f 219/76/140 248/109/140 250/81/140
f 219/76/140 250/81/140 252/83/140
f 219/76/140 252/83/140 254/110/140
f 213/111/140 219/76/140 254/110/140
f 213/111/140 254/110/140 255/84/234
f 261/48/235 262/46/235 263/46/235
f 263/46/235 264/48/235 261/48/235
f 220/48/236 261/48/237 265/50/237
f 265/50/237 221/50/236 220/48/236
f 214/87/238 268/87/238 269/42/238
f 269/42/238 211/42/239 214/87/238
f 214/98/240 259/96/241 270/96/242
f 257/59/243 271/61/243 231/61/243
f 231/61/243 230/59/243 257/59/243
f 272/53/244 224/53/244 221/50/244
f 221/50/244 265/50/244 272/53/244
f 273/43/245 216/43/246 211/42/247
f 231/61/248 271/61/248 274/63/248
f 274/63/248 233/63/248 231/61/248
f 272/53/249 275/55/250 226/55/251
f 226/55/251 224/53/252 272/53/249
f 216/43/253 273/43/254 262/46/254
f 262/46/254 217/46/253 216/43/253
f 276/64/255 236/64/256 233/63/256
f 233/63/256 274/63/255 276/64/255
f 277/95/257 256/95/258 253/94/259
f 226/55/260 275/55/260 258/56/261
f 258/56/261 227/56/262 226/55/260
f 261/48/263 220/48/263 217/46/263
f 217/46/263 262/46/263 261/48/263
f 276/64/264 266/67/264 237/67/264
f 237/67/264 236/64/264 276/64/264
f 270/96/265 277/95/266 279/95/267
f 265/50/268 261/48/269 264/48/270
f 264/48/270 287/50/268 265/50/268
f 268/98/271 270/96/272 278/96/273
f 286/53/274 272/53/274 265/50/274
f 265/50/274 287/50/274 286/53/274
f 275/55/275 272/53/276 286/53/277
f 258/56/278 275/55/278 285/55/279
f 285/55/279 284/56/280 258/56/278
f 284/56/281 283/59/281 257/59/281
f 257/59/281 258/56/281 284/56/281
f 271/61/282 257/59/283 283/59/284
f 274/63/285 271/61/286 282/61/287
f 276/64/288 274/63/289 281/63/290
f 267/69/291 266/67/292 280/67/293
f 289/42/294 269/42/295 268/87/296
f 288/43/297 273/43/297 269/42/297
f 269/42/297 289/42/298 288/43/297
f 263/46/299 262/46/299 273/43/299
f 273/43/299 288/43/300 263/46/299
f 290/42/301 291/45/301 292/86/301
f 292/86/301 293/87/301 290/42/301
f 294/44/302 291/45/302 290/42/302
f 290/42/302 295/43/302 294/44/302
f 296/46/303 297/47/304 294/44/304
f 294/44/304 295/43/303 296/46/303
f 298/48/305 299/49/306 297/47/306
f 297/47/306 296/46/305 298/48/305
f 300/51/307 299/49/307 298/48/308
f 298/48/308 301/50/308 300/51/307
f 302/53/309 303/52/309 300/51/310
f 300/51/310 301/50/311 302/53/309
f 304/55/312 305/54/313 303/52/312
f 303/52/312 302/53/312 304/55/312
f 306/57/314 305/54/314 304/55/314
f 304/55/314 307/56/314 306/57/314
f 308/59/315 309/58/315 306/57/315
f 306/57/315 307/56/315 308/59/315
f 310/61/316 311/60/316 309/58/316
f 309/58/316 308/59/316 310/61/316
f 312/62/317 311/60/317 310/61/317
f 310/61/317 313/63/317 312/62/317
f 314/64/318 315/65/318 312/62/318
f 312/62/318 313/63/318 314/64/318
f 316/67/319 317/66/319 315/65/319
f 315/65/319 314/64/319 316/67/319
f 318/68/320 317/66/320 316/67/321
f 316/67/321 319/69/320 318/68/320
f 320/70/322 318/68/322 319/69/322
f 319/69/322 321/71/323 320/70/322
f 322/73/324 323/72/325 320/70/325
f 320/70/325 321/71/325 322/73/324
f 324/74/326 323/72/327 322/73/328
f 307/56/329 336/56/330 337/59/330
f 337/59/330 308/59/329 307/56/329
f 338/96/331 339/97/332 335/92/333
f 338/96/334 293/98/334 292/99/335
f 292/99/335 339/97/335 338/96/334
f 292/111/336 297/112/336 299/76/336
f 292/111/140 303/77/140 305/100/140
f 292/111/140 305/100/140 309/113/140
f 292/111/140 309/113/140 311/78/140
f 292/111/140 311/78/140 315/114/140
f 292/111/140 315/114/140 317/103/140
f 292/111/140 317/103/140 320/115/140
f 292/111/140 320/115/140 323/104/140
f 292/111/140 323/104/140 326/79/140
f 292/111/140 326/79/140 327/106/140
f 292/111/140 327/106/140 328/116/140
f 292/111/140 328/116/140 329/80/140
f 329/80/140 330/108/336 331/117/140
f 292/111/140 329/80/140 331/117/140
f 292/111/140 331/117/140 332/109/140
f 292/111/140 332/109/140 333/118/140
f 292/111/141 334/83/141 335/84/141
f 298/48/337 341/48/338 342/50/337
f 342/50/337 301/50/337 298/48/337
f 319/69/339 316/67/339 343/67/339
f 343/67/339 344/69/339 319/69/339
f 345/42/340 290/42/341 293/87/342
f 308/59/343 337/59/343 346/61/343
f 346/61/343 310/61/344 308/59/343
f 347/53/345 302/53/346 301/50/347
f 319/69/348 344/69/349 348/71/350
f 349/43/351 295/43/352 290/42/353
f 346/61/354 350/63/355 313/63/355
f 313/63/355 310/61/355 346/61/354
f 302/53/356 347/53/356 351/55/356
f 351/55/356 304/55/356 302/53/356
f 352/73/357 322/73/357 321/71/357
f 321/71/357 348/71/357 352/73/357
f 295/43/358 349/43/359 340/46/360
f 340/46/360 296/46/361 295/43/358
f 350/63/362 353/64/362 314/64/363
f 314/64/363 313/63/363 350/63/362
f 304/55/364 351/55/364 336/56/364
f 336/56/364 307/56/364 304/55/364
f 325/75/365 322/73/366 352/73/367
f 296/46/368 340/46/368 341/48/368
f 341/48/368 298/48/368 296/46/368
f 316/67/369 314/64/369 353/64/370
f 353/64/370 343/67/370 316/67/369
f 363/50/371 342/50/372 341/48/373
f 347/53/374 342/50/375 363/50/376
f 362/55/377 351/55/378 347/53/379
f 361/56/380 336/56/381 351/55/382
f 337/59/383 336/56/383 361/56/383
f 361/56/383 360/59/384 337/59/383
f 337/59/385 360/59/386 359/61/387
f 359/61/387 346/61/385 337/59/385
f 346/61/388 359/61/388 358/63/388
f 358/63/388 350/63/388 346/61/388
f 353/64/389 350/63/390 358/63/391
f 356/67/392 343/67/393 353/64/393
f 353/64/393 357/64/392 356/67/392
f 348/71/394 344/69/395 355/69/396
f 354/73/397 352/73/398 348/71/399
f 340/46/400 349/43/401 364/43/402
o C_rculo_008_C_rculo_009.002
v -0.162624 0.387904 0.314638
v -0.232424 0.387904 0.307738
v -0.299623 0.387904 0.287338
v -0.361524 0.387904 0.254238
v -0.415823 0.387904 0.209738
v -0.460423 0.387904 0.155438
v -0.493523 0.387904 0.093538
v -0.513824 0.387904 0.026338
v -0.520723 0.387904 -0.043562
v -0.513824 0.387904 -0.113362
v -0.493523 0.387904 -0.180562
v -0.460423 0.387904 -0.242562
v -0.415823 0.387904 -0.296762
v -0.361524 0.387904 -0.341362
v -0.299623 0.387904 -0.374462
v -0.232424 0.387904 -0.394862
v -0.162624 0.387904 -0.401662
v -0.092723 0.387904 -0.394862
v -0.025523 0.387904 -0.374462
v 0.036377 0.387904 -0.341362
v 0.090677 0.387904 -0.296762
v 0.135177 0.387904 -0.242562
v 0.168277 0.387904 -0.180562
v 0.188677 0.387904 -0.113362
v 0.195577 0.387904 -0.043562
v 0.188677 0.387904 0.026338
v 0.168277 0.387904 0.093538
v 0.135177 0.387904 0.155438
v 0.090677 0.387904 0.209738
v -0.092723 0.387904 0.307738
v 0.036377 0.387904 0.254238
v -0.025523 0.387904 0.287338
v 0.105177 0.357004 0.224238
v 0.105177 0.322204 0.224238
v 0.047777 0.322204 0.271338
v 0.047777 0.357004 0.271338
v 0.216076 0.357004 -0.043562
v 0.208777 0.357004 -0.117362
v -0.533924 0.357004 -0.117362
v -0.512424 0.357004 -0.188462
v 0.187277 0.357004 -0.188462
v -0.541224 0.357004 -0.043562
v 0.152277 0.357004 -0.253862
v -0.533924 0.357004 0.030338
v 0.105177 0.357004 -0.311262
v -0.512424 0.357004 0.101338
v 0.047777 0.357004 -0.358362
v -0.477423 0.357004 0.166838
v -0.017723 0.357004 -0.393362
v -0.162624 0.357004 0.335138
v -0.088724 0.357004 0.327838
v -0.430323 0.357004 0.224238
v -0.088724 0.357004 -0.414862
v -0.017723 0.357004 0.306338
v -0.372923 0.357004 0.271338
v -0.162624 0.357004 -0.422162
v -0.307523 0.357004 0.306338
v -0.236423 0.357004 -0.414862
v -0.236423 0.357004 0.327838
v -0.307523 0.357004 -0.393362
v 0.152277 0.357004 0.166838
v -0.372923 0.357004 -0.358362
v 0.187277 0.357004 0.101338
v -0.430323 0.357004 -0.311262
v 0.208777 0.357004 0.030338
v -0.477423 0.357004 -0.253862
v -0.088724 0.322204 0.327838
v -0.017723 0.322204 0.306338
v 0.152277 0.322204 0.166838
v 0.187277 0.322204 0.101338
v 0.208777 0.322204 0.030338
v 0.216076 0.322204 -0.043562
v 0.208777 0.322204 -0.117362
v 0.187277 0.322204 -0.188462
v 0.152277 0.322204 -0.253862
v 0.105177 0.322204 -0.311262
v 0.047777 0.322204 -0.358362
v -0.017723 0.322204 -0.393362
v -0.088724 0.322204 -0.414862
v -0.162624 0.322204 -0.422162
v -0.236423 0.322204 -0.414862
v -0.307523 0.322204 -0.393362
v -0.372923 0.322204 -0.358362
v -0.430323 0.322204 -0.311262
v -0.477423 0.322204 -0.253862
v -0.512424 0.322204 -0.188462
v -0.533924 0.322204 -0.117362
v -0.541224 0.322204 -0.043562
v -0.533924 0.322204 0.030338
v -0.512424 0.322204 0.101338
v -0.477423 0.322204 0.166838
v -0.430323 0.322204 0.224238
v -0.372923 0.322204 0.271338
v -0.307523 0.322204 0.306338
v -0.236423 0.322204 0.327838
v -0.162624 0.322204 0.335138
vn -0.0000 -1.0000 -0.0000
vn -0.6343 -0.0000 -0.7731
vn -0.8305 -0.5509 0.0821
vn -0.8305 -0.5510 0.0821
vn -0.8305 -0.5509 0.0822
vn 0.7989 -0.5505 0.2423
vn -0.7989 -0.5506 0.2422
vn -0.7989 -0.5505 0.2423
vn -0.7989 -0.5505 0.2422
vn 0.8308 -0.5505 0.0817
vn 0.8308 -0.5506 0.0818
vn 0.8307 -0.5506 0.0818
vn -0.7362 -0.5506 0.3936
vn -0.7357 -0.5511 0.3937
vn -0.7361 -0.5507 0.3935
vn -0.7362 -0.5506 0.3935
vn 0.8307 -0.5507 -0.0819
vn 0.8308 -0.5505 -0.0818
vn -0.6453 -0.5506 0.5295
vn -0.6451 -0.5511 0.5293
vn -0.6454 -0.5505 0.5295
vn -0.6455 -0.5504 0.5296
vn 0.7989 -0.5505 -0.2424
vn 0.7989 -0.5505 -0.2423
vn -0.5296 -0.5506 0.6452
vn -0.5296 -0.5505 0.6454
vn -0.5296 -0.5505 0.6453
vn 0.7364 -0.5502 -0.3936
vn 0.7361 -0.5507 -0.3935
vn 0.7363 -0.5503 -0.3936
vn 0.7362 -0.5505 -0.3935
vn -0.3937 -0.5500 0.7365
vn -0.3936 -0.5502 0.7365
vn -0.3937 -0.5502 0.7364
vn -0.3937 -0.5503 0.7363
vn -0.0818 -0.5506 -0.8308
vn -0.0817 -0.5505 -0.8309
vn -0.0818 -0.5505 -0.8308
vn 0.6454 -0.5505 -0.5296
vn 0.6453 -0.5506 -0.5296
vn 0.6451 -0.5506 -0.5297
vn 0.6454 -0.5505 -0.5295
vn -0.2423 -0.5505 0.7989
vn -0.2423 -0.5504 -0.7989
vn -0.2423 -0.5505 -0.7989
vn 0.5297 -0.5504 -0.6453
vn 0.5296 -0.5506 -0.6453
vn 0.5297 -0.5505 -0.6453
vn -0.0817 -0.5504 0.8309
vn -0.0820 -0.5510 0.8305
vn -0.0818 -0.5505 0.8308
vn -0.3935 -0.5507 -0.7362
vn -0.3935 -0.5506 -0.7362
vn 0.3935 -0.5506 -0.7362
vn 0.3935 -0.5505 -0.7362
vn 0.3935 -0.5505 -0.7363
vn 0.0818 -0.5505 0.8308
vn 0.0813 -0.5504 0.8309
vn 0.0817 -0.5506 0.8308
vn -0.5296 -0.5506 -0.6453
vn -0.5295 -0.5507 -0.6453
vn -0.5296 -0.5505 -0.6453
vn 0.2422 -0.5506 -0.7989
vn 0.2416 -0.5509 -0.7988
vn 0.2423 -0.5505 -0.7989
vn 0.2423 -0.5505 0.7989
vn -0.6453 -0.5506 -0.5296
vn -0.6453 -0.5505 -0.5296
vn -0.6453 -0.5506 -0.5295
vn 0.0819 -0.5507 -0.8307
vn 0.0821 -0.5510 -0.8305
vn 0.0819 -0.5506 -0.8307
vn 0.0822 -0.5509 -0.8305
vn 0.3938 -0.5505 0.7361
vn 0.3935 -0.5505 0.7362
vn 0.3937 -0.5507 0.7361
vn 0.3935 -0.5506 0.7362
vn -0.7362 -0.5506 -0.3935
vn -0.7362 -0.5507 -0.3935
vn -0.7361 -0.5507 -0.3935
vn 0.5297 -0.5505 0.6452
vn 0.5296 -0.5505 0.6453
vn 0.5297 -0.5506 0.6451
vn 0.5299 -0.5504 0.6452
vn -0.7988 -0.5506 -0.2422
vn -0.7988 -0.5509 -0.2419
vn -0.7989 -0.5506 -0.2422
vn -0.7990 -0.5504 -0.2423
vn 0.6453 -0.5505 0.5296
vn 0.6452 -0.5505 0.5297
vn 0.6452 -0.5506 0.5297
vn -0.8308 -0.5505 -0.0818
vn -0.8307 -0.5506 -0.0819
vn 0.7362 -0.5504 0.3937
vn 0.7361 -0.5506 0.3936
vn 0.7363 -0.5505 0.3935
vn 0.7363 -0.5504 0.3935
vn -0.0000 1.0000 -0.0000
vn 0.2903 -0.0000 -0.9569
vn 0.2901 -0.0000 -0.9570
vn 0.2903 -0.0000 0.9569
vn 0.2901 -0.0000 0.9570
vn -0.7731 -0.0000 -0.6343
vn 0.0981 -0.0000 -0.9952
vn 0.0984 -0.0000 -0.9951
vn 0.0980 -0.0000 -0.9952
vn 0.4716 -0.0000 0.8818
vn 0.4718 -0.0000 0.8817
vn 0.4713 -0.0000 0.8820
vn -0.8820 -0.0000 -0.4713
vn 0.6343 -0.0000 0.7731
vn -0.9570 -0.0000 -0.2901
vn -0.9571 -0.0000 -0.2898
vn 0.7731 -0.0000 0.6343
vn -0.9952 -0.0000 -0.0983
vn -0.9952 -0.0000 -0.0980
vn 0.8817 -0.0000 0.4718
vn -0.9952 -0.0000 0.0981
vn -0.9951 -0.0000 0.0984
vn -0.9952 -0.0000 0.0980
vn 0.9569 -0.0000 0.2903
vn -0.9569 -0.0000 0.2903
vn -0.9570 -0.0000 0.2900
vn 0.9952 -0.0000 0.0981
vn 0.9952 -0.0000 0.0980
vn 0.9951 -0.0000 0.0984
vn -0.8817 -0.0000 0.4718
vn 0.9952 -0.0000 -0.0983
vn 0.9952 -0.0000 -0.0980
vn -0.7731 -0.0000 0.6343
vn 0.9571 -0.0000 -0.2898
vn 0.9569 -0.0000 -0.2903
vn 0.9570 -0.0000 -0.2901
vn -0.6343 -0.0000 0.7731
vn 0.8820 -0.0000 -0.4713
vn -0.4713 -0.0000 0.8820
vn -0.0983 -0.0000 -0.9952
vn 0.7731 -0.0000 -0.6343
vn -0.2903 -0.0000 0.9569
vn -0.2901 -0.0000 -0.9570
vn -0.2903 -0.0000 -0.9569
vn 0.6343 -0.0000 -0.7731
vn -0.0983 -0.0000 0.9952
vn -0.4713 -0.0000 -0.8820
vn 0.4716 -0.0000 -0.8818
vn 0.4718 -0.0000 -0.8817
vn 0.4713 -0.0000 -0.8820
vn 0.0981 -0.0000 0.9952
vn 0.0980 -0.0000 0.9952
vn 0.0984 -0.0000 0.9951
vt 0.000000 0.000000
s 1
usemtl Goddard_None
f 365/119/403 366/119/403 367/119/403
f 367/119/403 368/119/403 369/119/403
f 365/119/403 367/119/403 369/119/403
f 369/119/403 370/119/403 371/119/403
f 371/119/403 372/119/403 373/119/403
f 369/119/403 371/119/403 373/119/403
f 365/119/403 369/119/403 373/119/403
f 373/119/403 374/119/403 375/119/403
f 375/119/403 376/119/403 377/119/403
f 373/119/403 375/119/403 377/119/403
f 377/119/403 378/119/403 379/119/403
f 379/119/403 380/119/403 381/119/403
f 377/119/403 379/119/403 381/119/403
f 373/119/403 377/119/403 381/119/403
f 381/119/403 382/119/403 383/119/403
f 381/119/403 383/119/403 385/119/403
f 381/119/403 385/119/403 389/119/403
f 373/119/403 381/119/403 389/119/403
f 365/119/403 373/119/403 389/119/403
f 397/119/404 398/119/404 399/119/404
f 399/119/404 400/119/404 397/119/404
f 401/119/405 389/119/406 388/119/405
f 388/119/405 402/119/407 401/119/405
f 374/119/408 403/119/408 404/119/408
f 404/119/408 375/119/408 374/119/408
f 388/119/409 387/119/410 405/119/410
f 405/119/410 402/119/411 388/119/409
f 373/119/412 406/119/413 403/119/414
f 403/119/414 374/119/412 373/119/412
f 386/119/415 407/119/416 405/119/417
f 405/119/417 387/119/418 386/119/415
f 372/119/419 408/119/420 406/119/419
f 406/119/419 373/119/420 372/119/419
f 385/119/421 409/119/422 407/119/423
f 407/119/423 386/119/424 385/119/421
f 371/119/425 410/119/426 408/119/426
f 408/119/426 372/119/426 371/119/425
f 384/119/427 411/119/428 409/119/429
f 409/119/429 385/119/428 384/119/427
f 370/119/430 412/119/431 410/119/432
f 410/119/432 371/119/433 370/119/430
f 383/119/434 413/119/435 411/119/436
f 411/119/436 384/119/437 383/119/434
f 414/119/438 365/119/439 394/119/438
f 394/119/438 415/119/440 414/119/438
f 369/119/441 416/119/442 412/119/443
f 412/119/443 370/119/444 369/119/441
f 382/119/445 417/119/445 413/119/445
f 413/119/445 383/119/445 382/119/445
f 415/119/446 394/119/447 396/119/447
f 396/119/447 418/119/447 415/119/446
f 368/119/448 419/119/449 416/119/450
f 416/119/450 369/119/450 368/119/448
f 381/119/451 420/119/452 417/119/453
f 417/119/453 382/119/453 381/119/451
f 418/119/454 396/119/455 395/119/455
f 395/119/455 400/119/454 418/119/454
f 367/119/456 421/119/456 419/119/457
f 419/119/457 368/119/458 367/119/456
f 380/119/459 422/119/459 420/119/460
f 420/119/460 381/119/461 380/119/459
f 395/119/462 393/119/463 397/119/462
f 397/119/462 400/119/464 395/119/462
f 366/119/465 423/119/466 421/119/465
f 421/119/465 367/119/467 366/119/465
f 379/119/468 424/119/468 422/119/468
f 422/119/468 380/119/468 379/119/468
f 392/119/469 425/119/469 397/119/470
f 397/119/470 393/119/471 392/119/469
f 366/119/472 365/119/473 414/119/474
f 414/119/474 423/119/475 366/119/472
f 378/119/476 426/119/477 424/119/478
f 424/119/478 379/119/479 378/119/476
f 427/119/480 425/119/481 392/119/480
f 392/119/480 391/119/482 427/119/480
f 377/119/483 428/119/484 426/119/485
f 426/119/485 378/119/486 377/119/483
f 390/119/487 429/119/488 427/119/489
f 427/119/489 391/119/490 390/119/487
f 376/119/491 430/119/491 428/119/492
f 428/119/492 377/119/493 376/119/491
f 401/119/494 429/119/495 390/119/494
f 390/119/494 389/119/494 401/119/494
f 375/119/496 404/119/497 430/119/498
f 430/119/498 376/119/499 375/119/496
f 433/119/500 434/119/500 435/119/500
f 457/119/500 459/119/500 460/119/500
f 453/119/500 457/119/500 460/119/500
f 431/119/500 437/119/500 460/119/500
f 423/119/501 459/119/502 458/119/501
f 458/119/501 421/119/501 423/119/501
f 424/119/503 446/119/504 445/119/503
f 445/119/503 422/119/503 424/119/503
f 425/119/505 433/119/505 398/119/505
f 398/119/505 397/119/505 425/119/505
f 423/119/506 414/119/507 460/119/507
f 460/119/507 459/119/508 423/119/506
f 426/119/509 447/119/510 446/119/510
f 446/119/510 424/119/511 426/119/509
f 427/119/512 434/119/512 433/119/512
f 433/119/512 425/119/512 427/119/512
f 428/119/513 448/119/513 447/119/513
f 447/119/513 426/119/513 428/119/513
f 429/119/514 435/119/515 434/119/514
f 434/119/514 427/119/515 429/119/514
f 430/119/516 449/119/516 448/119/516
f 448/119/516 428/119/516 430/119/516
f 401/119/517 436/119/518 435/119/517
f 435/119/517 429/119/518 401/119/517
f 404/119/519 450/119/519 449/119/519
f 449/119/519 430/119/519 404/119/519
f 402/119/520 437/119/521 436/119/520
f 436/119/520 401/119/522 402/119/520
f 403/119/523 451/119/523 450/119/523
f 450/119/523 404/119/523 403/119/523
f 405/119/524 438/119/525 437/119/524
f 437/119/524 402/119/524 405/119/524
f 406/119/526 452/119/527 451/119/528
f 451/119/528 403/119/528 406/119/526
f 407/119/529 439/119/529 438/119/529
f 438/119/529 405/119/529 407/119/529
f 408/119/530 453/119/531 452/119/530
f 452/119/530 406/119/531 408/119/530
f 409/119/532 440/119/532 439/119/532
f 439/119/532 407/119/532 409/119/532
f 410/119/533 454/119/534 453/119/535
f 453/119/535 408/119/533 410/119/533
f 411/119/536 441/119/536 440/119/536
f 440/119/536 409/119/536 411/119/536
f 412/119/537 455/119/537 454/119/537
f 454/119/537 410/119/537 412/119/537
f 413/119/538 442/119/538 441/119/538
f 441/119/538 411/119/538 413/119/538
f 415/119/539 431/119/539 460/119/539
f 460/119/539 414/119/539 415/119/539
f 416/119/540 456/119/540 455/119/540
f 455/119/540 412/119/540 416/119/540
f 417/119/541 443/119/541 442/119/541
f 442/119/541 413/119/541 417/119/541
f 418/119/542 432/119/543 431/119/542
f 431/119/542 415/119/543 418/119/542
f 419/119/544 457/119/544 456/119/544
f 456/119/544 416/119/544 419/119/544
f 420/119/545 444/119/545 443/119/545
f 443/119/545 417/119/545 420/119/545
f 400/119/546 399/119/546 432/119/546
f 432/119/546 418/119/546 400/119/546
f 421/119/547 458/119/548 457/119/548
f 457/119/548 419/119/549 421/119/547
f 422/119/550 445/119/551 444/119/550
f 444/119/550 420/119/552 422/119/550
o C_rculo.002
v 0.323476 2.099703 0.358138
v 0.251576 2.130503 0.350438
v 0.182477 2.160003 0.327638
v 0.118777 2.187303 0.290638
v 0.062877 2.211203 0.240738
v 0.017076 2.230803 0.180038
v -0.017023 2.245403 0.110738
v -0.037923 2.254303 0.035538
v -0.045023 2.257403 -0.042662
v -0.037923 2.254303 -0.120862
v -0.017023 2.245403 -0.196062
v 0.017076 2.230803 -0.265362
v 0.062877 2.211204 -0.326162
v 0.118777 2.187304 -0.375962
v 0.182477 2.160004 -0.413062
v 0.251576 2.130504 -0.435862
v 0.323476 2.099704 -0.443562
v 0.395377 2.068904 -0.435862
v 0.464577 2.039404 -0.413062
v 0.528277 2.012104 -0.375962
v 0.584077 1.988203 -0.326162
v 0.629977 1.968603 -0.265362
v 0.663977 1.954003 -0.196062
v 0.684977 1.945104 -0.120862
v 0.692077 1.942003 -0.042662
v 0.684977 1.945104 0.035538
v 0.663977 1.954003 0.110738
v 0.629977 1.968603 0.180038
v 0.584077 1.988203 0.240738
v 0.395377 2.068903 0.350438
v 0.528277 2.012103 0.290638
v 0.464577 2.039403 0.327638
v 0.633277 1.824204 -0.120862
v 0.586676 1.805004 -0.113862
v 0.593077 1.802204 -0.042662
v 0.640277 1.821103 -0.042662
v 0.412777 1.918503 -0.413062
v 0.476577 1.891204 -0.375962
v 0.271776 1.978804 0.358138
v 0.343677 1.948104 0.350438
v 0.011177 2.090303 0.240738
v -0.034624 2.109903 0.180038
v 0.343677 1.948104 -0.435862
v 0.412777 1.918503 0.327638
v 0.066977 2.066403 0.290638
v 0.271776 1.978804 -0.443562
v 0.476577 1.891204 0.290638
v 0.130777 2.039203 0.327638
v 0.199877 2.009604 -0.435862
v 0.532377 1.867303 0.240738
v 0.199877 2.009603 0.350438
v 0.130777 2.039204 -0.413062
v 0.578176 1.847704 0.180038
v 0.066977 2.066404 -0.375962
v 0.612277 1.833104 0.110738
v 0.011177 2.090303 -0.326162
v 0.633277 1.824204 0.035538
v -0.034624 2.109903 -0.265362
v -0.068723 2.124503 -0.196062
v -0.089723 2.133503 -0.120862
v 0.612277 1.833104 -0.196062
v -0.096723 2.136503 -0.042662
v 0.578176 1.847704 -0.265362
v -0.089723 2.133503 0.035538
v 0.532377 1.867303 -0.326162
v -0.068723 2.124503 0.110738
v 0.494877 1.844303 -0.300762
v 0.506477 1.818204 -0.321662
v 0.551576 1.798904 -0.261862
v 0.536577 1.826403 -0.245462
v -0.071424 2.086503 -0.113862
v -0.052323 2.078403 -0.182362
v 0.567577 1.813104 -0.182362
v -0.077824 2.089303 -0.042662
v -0.071424 2.086503 0.028538
v -0.052323 2.078403 0.096938
v 0.443977 1.866003 -0.346062
v -0.021323 2.065103 0.160038
v 0.385976 1.890803 -0.379862
v 0.323076 1.917704 0.315238
v 0.257677 1.945703 0.322238
v 0.020377 2.047203 0.215338
v 0.323076 1.917704 -0.400562
v 0.385976 1.890803 0.294438
v 0.071277 2.025503 0.260738
v 0.257677 1.945703 -0.407562
v 0.443977 1.866003 0.260738
v 0.129277 2.000703 0.294438
v 0.192177 1.973803 -0.400562
v 0.494877 1.844303 0.215338
v 0.192177 1.973803 0.315238
v 0.129277 2.000704 -0.379862
v 0.536577 1.826403 0.160038
v 0.071277 2.025504 -0.346062
v 0.567577 1.813104 0.096938
v 0.020377 2.047204 -0.300762
v 0.586676 1.805004 0.028538
v -0.021323 2.065103 -0.245462
v 0.388777 1.868604 -0.407162
v 0.320777 1.897704 -0.429562
v 0.261177 1.758304 -0.429562
v 0.329176 1.729204 -0.407162
v -0.085024 2.071303 0.108238
v -0.105724 2.080103 0.034238
v 0.451477 1.841704 -0.370662
v -0.051523 2.056903 0.176438
v 0.320777 1.897704 0.344138
v 0.249977 1.927904 0.351738
v -0.006423 2.037603 0.236238
v 0.388777 1.868604 0.321738
v 0.048477 2.014103 0.285238
v 0.249977 1.927904 -0.437162
v 0.451477 1.841704 0.285238
v 0.111176 1.987303 0.321738
v 0.179277 1.958203 -0.429562
v 0.506477 1.818204 0.236238
v 0.179277 1.958203 0.344138
v 0.111176 1.987303 -0.407162
v 0.551576 1.798904 0.176438
v 0.048477 2.014104 -0.370662
v 0.585077 1.784603 0.108238
v -0.006423 2.037604 -0.321662
v 0.605677 1.775803 0.034238
v -0.051523 2.056904 -0.261862
v 0.612677 1.772803 -0.042662
v -0.085024 2.071303 -0.193662
v 0.605677 1.775803 -0.119662
v -0.105724 2.080103 -0.119662
v 0.585077 1.784603 -0.193662
v -0.112623 2.083103 -0.042662
v 0.051576 1.847904 -0.407162
v 0.050076 1.803203 -0.368162
v 0.110777 1.777203 -0.388162
v 0.119577 1.818803 -0.429562
v 0.329176 1.729203 0.321738
v 0.261177 1.758303 0.344138
v -0.011123 1.874803 0.285238
v -0.066023 1.898303 0.236238
v 0.190377 1.788603 -0.437162
v 0.391877 1.702403 0.285238
v 0.051576 1.847904 0.321738
v 0.446777 1.678804 0.236238
v 0.119577 1.818803 0.344138
v 0.491877 1.659504 0.176438
v 0.190377 1.788603 0.351738
v -0.011123 1.874803 -0.370662
v 0.525477 1.645203 0.108238
v -0.066023 1.898303 -0.321662
v 0.546077 1.636403 0.034238
v -0.111123 1.917604 -0.261862
v 0.553077 1.633403 -0.042662
v -0.144724 1.931903 -0.193662
v 0.546077 1.636403 -0.119662
v -0.165323 1.940704 -0.119662
v 0.525477 1.645203 -0.193662
v -0.172323 1.943704 -0.042662
v 0.491877 1.659504 -0.261862
v -0.165323 1.940704 0.034238
v 0.446777 1.678804 -0.321662
v -0.144724 1.931903 0.108238
v 0.391877 1.702403 -0.370662
v -0.111123 1.917604 0.176438
v -0.095323 1.865404 -0.238362
v -0.146124 1.833703 -0.261262
v -0.101123 1.814504 -0.320862
v -0.055023 1.848204 -0.291762
v 0.443277 1.635003 0.153038
v 0.402977 1.652203 0.206438
v 0.110777 1.777203 0.302838
v 0.173977 1.750203 0.309538
v -0.005924 1.827203 -0.335562
v 0.473177 1.622203 0.092138
v 0.491577 1.614303 0.026038
v 0.497877 1.611704 -0.042662
v -0.125224 1.878204 -0.177462
v 0.491577 1.614303 -0.111462
v -0.143623 1.886104 -0.111462
v 0.473177 1.622203 -0.177462
v -0.149923 1.888804 -0.042662
v 0.443277 1.635003 -0.238362
v -0.143623 1.886104 0.026038
v 0.402977 1.652203 -0.291762
v -0.125224 1.878204 0.092138
v 0.353877 1.673204 -0.335562
v -0.095323 1.865404 0.153038
v 0.297877 1.697204 -0.368162
v 0.237177 1.723203 0.302838
v -0.055023 1.848204 0.206438
v 0.237177 1.723204 -0.388162
v 0.297877 1.697203 0.282738
v -0.005924 1.827203 0.250238
v 0.173977 1.750203 -0.394962
v 0.353877 1.673204 0.250238
v 0.050076 1.803203 0.282738
v -0.266024 1.722103 -0.042662
v -0.259023 1.719103 -0.119462
v -0.200123 1.856804 -0.119462
v -0.207024 1.859804 -0.042662
v 0.509377 1.553304 0.034038
v 0.516376 1.550304 -0.042662
v -0.179523 1.848004 -0.193262
v 0.509377 1.553304 -0.119462
v 0.488877 1.562103 -0.193262
v 0.455377 1.576403 -0.261262
v -0.200123 1.856804 0.034038
v 0.410376 1.595604 -0.320862
v -0.179523 1.848004 0.107838
v 0.355577 1.619104 -0.369862
v -0.146124 1.833703 0.175838
v 0.293077 1.645804 -0.406162
v 0.225177 1.674904 0.343138
v 0.154677 1.705003 0.350738
v -0.101123 1.814504 0.235538
v 0.225177 1.674904 -0.428562
v 0.293077 1.645804 0.320738
v -0.046323 1.791004 0.284438
v 0.154677 1.705004 -0.436162
v 0.355577 1.619104 0.284438
v 0.016177 1.764303 0.320738
v 0.084077 1.735204 -0.428562
v 0.410376 1.595604 0.235538
v 0.084077 1.735204 0.343138
v 0.016177 1.764304 -0.406162
v 0.455377 1.576403 0.175838
v -0.046323 1.791004 -0.369862
v 0.488877 1.562103 0.107838
v -0.205024 1.696004 0.175838
v -0.189023 1.616104 0.145238
v -0.218323 1.626804 0.086738
v -0.238423 1.710303 0.107838
v 0.396477 1.438703 -0.261262
v 0.429877 1.424404 -0.193262
v -0.259023 1.719103 0.034038
v 0.351476 1.457904 -0.320862
v 0.296677 1.481403 -0.369862
v 0.234177 1.508103 -0.406162
v 0.166277 1.537104 0.343138
v 0.095777 1.567304 0.350738
v -0.160023 1.676803 0.235538
v 0.166277 1.537104 -0.428562
v 0.234177 1.508103 0.320738
v -0.105224 1.653304 0.284438
v 0.095777 1.567304 -0.436162
v 0.296677 1.481403 0.284438
v -0.042723 1.626603 0.320738
v 0.025177 1.597504 -0.428562
v 0.351476 1.457904 0.235538
v 0.025177 1.597504 0.343138
v -0.042723 1.626603 -0.406162
v 0.396477 1.438703 0.175838
v -0.105224 1.653304 -0.369862
v 0.429877 1.424404 0.107838
v -0.160023 1.676803 -0.320862
v 0.450477 1.415604 0.034038
v -0.205024 1.696004 -0.261262
v 0.457477 1.412603 -0.042662
v -0.238423 1.710303 -0.193262
v 0.450477 1.415604 -0.119462
v -0.297724 1.612003 -0.118662
v -0.276924 1.604303 -0.191762
v -0.218323 1.626804 -0.172162
v -0.236423 1.633403 -0.108662
v 0.196676 1.474604 -0.355262
v 0.251676 1.454503 -0.324062
v 0.137076 1.496503 0.289138
v 0.075177 1.519204 0.295638
v -0.149523 1.601603 0.196538
v 0.137076 1.496503 -0.374562
v 0.196676 1.474604 0.269938
v -0.101323 1.583903 0.238638
v 0.075177 1.519204 -0.381062
v 0.251676 1.454503 0.238638
v -0.046423 1.563804 0.269938
v 0.013177 1.541904 -0.374562
v 0.299776 1.436904 0.196538
v 0.013177 1.541904 0.289138
v -0.046423 1.563804 -0.355262
v 0.339276 1.422403 0.145238
v -0.101323 1.583903 -0.324062
v 0.368676 1.411604 0.086738
v -0.149523 1.601603 -0.281962
v 0.386676 1.405003 0.023338
v -0.189023 1.616104 -0.230662
v 0.392776 1.402804 -0.042662
v 0.386676 1.405003 -0.108662
v 0.368676 1.411604 -0.172162
v -0.242523 1.635703 -0.042662
v 0.339276 1.422403 -0.230662
v -0.236423 1.633403 0.023338
v 0.299776 1.436904 -0.281962
v -0.276924 1.604303 0.106338
v -0.325223 1.472403 0.106338
v -0.346023 1.480104 0.033238
v -0.297724 1.612003 0.033238
v 0.398777 1.356604 -0.191762
v 0.419577 1.349003 -0.118662
v -0.304724 1.614603 -0.042662
v 0.364977 1.369003 -0.259062
v 0.319476 1.385703 -0.318062
v 0.264077 1.406004 -0.366562
v -0.243124 1.592003 0.173638
v 0.200877 1.429204 -0.402562
v 0.132277 1.454304 0.339338
v 0.060977 1.480503 0.346738
v -0.197623 1.575303 0.232738
v 0.132277 1.454304 -0.424662
v 0.200877 1.429203 0.317138
v -0.142223 1.555004 0.281138
v 0.060977 1.480503 -0.432162
v 0.264077 1.406004 0.281138
v -0.079023 1.531803 0.317138
v -0.010423 1.506604 -0.424662
v 0.319476 1.385703 0.232738
v -0.010423 1.506604 0.339338
v -0.079023 1.531803 -0.402562
v 0.364977 1.369003 0.173638
v -0.142223 1.555004 -0.366562
v 0.398777 1.356604 0.106338
v -0.197623 1.575303 -0.318062
v 0.419577 1.349003 0.033238
v -0.243124 1.592003 -0.259062
v 0.426677 1.346403 -0.042662
v -0.233624 1.360904 0.193138
v -0.246024 1.443404 0.232738
v -0.190624 1.423004 0.281138
v -0.185223 1.346304 0.234538
v 0.215777 1.274104 -0.366562
v 0.271177 1.253804 -0.318062
v -0.291423 1.460003 0.173638
v 0.152477 1.297304 -0.402562
v 0.083876 1.322404 0.339338
v 0.012577 1.348604 0.346738
v 0.083876 1.322404 -0.424662
v 0.152477 1.297304 0.317138
v 0.012577 1.348604 -0.432162
v 0.215777 1.274104 0.281138
v -0.127324 1.399903 0.317138
v -0.058723 1.374704 -0.424662
v 0.271177 1.253804 0.232738
v -0.058723 1.374704 0.339338
v -0.127324 1.399904 -0.402562
v 0.316676 1.237104 0.173638
v -0.190624 1.423004 -0.366562
v 0.350477 1.224703 0.106338
v -0.246024 1.443404 -0.318062
v 0.371276 1.217104 0.033238
v -0.291423 1.460003 -0.259062
v 0.378277 1.214503 -0.042662
v -0.325223 1.472403 -0.191762
v 0.371276 1.217104 -0.118662
v -0.346023 1.480104 -0.118662
v 0.350477 1.224703 -0.191762
v -0.353124 1.482603 -0.042662
v 0.316676 1.237104 -0.259062
v -0.019223 1.255004 0.334438
v -0.089723 1.276303 0.327238
v -0.070123 1.311603 0.284338
v -0.007823 1.292803 0.290738
v -0.007823 1.292803 -0.376162
v 0.054476 1.274104 -0.369762
v 0.169577 1.239404 0.234538
v 0.114377 1.256003 0.265338
v -0.130023 1.329703 0.265338
v -0.070123 1.311603 -0.369762
v 0.217877 1.224804 0.193138
v -0.130023 1.329703 -0.350762
v 0.257577 1.212803 0.142538
v -0.185223 1.346304 -0.319962
v 0.287077 1.203904 0.084938
v -0.233624 1.360904 -0.278462
v 0.305277 1.198504 0.022338
v -0.273324 1.372804 -0.227962
v 0.311477 1.196603 -0.042662
v -0.302824 1.381703 -0.170262
v 0.305277 1.198504 -0.107762
v -0.321023 1.387204 -0.107762
v 0.287077 1.203904 -0.170262
v -0.327124 1.389104 -0.042662
v 0.257577 1.212803 -0.227962
v -0.321023 1.387204 0.022338
v 0.217877 1.224804 -0.278462
v -0.302824 1.381703 0.084938
v 0.169577 1.239404 -0.319962
v -0.273324 1.372804 0.142538
v 0.114377 1.256003 -0.350762
v 0.054476 1.274104 0.284338
v -0.352823 1.355604 -0.187062
v -0.390123 1.231903 -0.187062
v -0.356723 1.221804 -0.252262
v -0.319523 1.345503 -0.252262
v -0.219823 1.315503 -0.356262
v -0.157423 1.296703 -0.391162
v 0.280977 1.164503 0.166838
v 0.314377 1.154503 0.101638
v -0.274624 1.332003 -0.309362
v 0.334877 1.148303 0.030838
v 0.341877 1.146203 -0.042662
v 0.334877 1.148303 -0.116262
v -0.373423 1.361803 -0.116262
v 0.314377 1.154503 -0.187062
v -0.380324 1.363903 -0.042662
v 0.280977 1.164503 -0.252262
v -0.373423 1.361803 0.030838
v 0.236077 1.178104 -0.309362
v -0.352823 1.355604 0.101638
v 0.181377 1.194604 -0.356262
v -0.319523 1.345503 0.166838
v 0.118977 1.213404 -0.391162
v 0.051177 1.233803 0.327238
v -0.274624 1.332003 0.223938
v 0.051177 1.233804 -0.412562
v 0.118977 1.213404 0.305738
v -0.219823 1.315503 0.270838
v -0.019223 1.255004 -0.419862
v 0.181377 1.194604 0.270838
v -0.157423 1.296703 0.305738
v -0.089723 1.276304 -0.412562
v 0.236077 1.178104 0.223938
v -0.378724 1.152504 -0.042662
v -0.417624 1.240203 -0.042662
v -0.410723 1.238104 0.030838
v -0.372823 1.151204 0.018838
v 0.297677 1.024603 -0.116262
v 0.304577 1.022503 -0.042662
v -0.410723 1.238104 -0.116262
v 0.277077 1.030804 -0.187062
v 0.243676 1.040903 -0.252262
v 0.198776 1.054403 -0.309362
v -0.390123 1.231903 0.101638
v 0.144077 1.070903 -0.356262
v -0.356723 1.221804 0.166838
v 0.081676 1.089703 -0.391162
v -0.056523 1.131303 0.334438
v 0.013877 1.110103 0.327238
v -0.311823 1.208304 0.223938
v 0.013877 1.110104 -0.412562
v 0.081676 1.089703 0.305738
v -0.257123 1.191804 0.270838
v -0.056523 1.131304 -0.419862
v 0.144077 1.070903 0.270838
v -0.194723 1.173004 0.305738
v -0.126923 1.152604 -0.412562
v 0.198776 1.054403 0.223938
v -0.126923 1.152604 0.327238
v -0.194723 1.173004 -0.391162
v 0.243676 1.040903 0.166838
v -0.257123 1.191804 -0.356262
v 0.277077 1.030804 0.101638
v -0.311823 1.208304 -0.309362
v 0.297677 1.024603 0.030838
v -0.070223 1.086003 0.272938
v -0.010023 1.073003 0.266838
v -0.013023 1.013404 0.314938
v -0.082623 1.028403 0.322038
v 0.147977 1.038904 -0.265862
v 0.186377 1.030703 -0.218062
v -0.355224 1.147404 0.078038
v 0.101177 1.049003 -0.305162
v -0.326723 1.141303 0.132638
v 0.047877 1.060504 -0.334262
v -0.288324 1.133004 0.180438
v -0.010023 1.073003 -0.352262
v 0.047877 1.060504 0.248838
v -0.241624 1.122903 0.219738
v -0.070223 1.086003 -0.358262
v 0.101177 1.049003 0.219738
v -0.188223 1.111404 0.248838
v -0.130424 1.098904 -0.352262
v 0.147977 1.038904 0.180438
v -0.130424 1.098904 0.266838
v -0.188223 1.111404 -0.334262
v 0.186377 1.030703 0.132638
v -0.241624 1.122903 -0.305162
v 0.214877 1.024504 0.078038
v -0.288324 1.133004 -0.265862
v 0.232377 1.020703 0.018838
v -0.326723 1.141303 -0.218062
v 0.238277 1.019503 -0.042662
v -0.355224 1.147404 -0.163462
v 0.232377 1.020703 -0.104262
v -0.372823 1.151204 -0.104262
v 0.214877 1.024504 -0.163462
v 0.169477 0.974103 0.215138
v 0.142277 0.848104 0.215138
v 0.088277 0.859703 0.260538
v 0.115476 0.985704 0.260538
v -0.334723 1.082804 0.215138
v -0.379023 1.092303 0.159938
v -0.013023 1.013404 -0.400362
v 0.053777 0.999003 -0.379662
v 0.053777 0.999003 0.294238
v -0.280623 1.071103 0.260538
v -0.082623 1.028404 -0.407362
v -0.219023 1.057804 0.294238
v -0.152123 1.043404 -0.400362
v -0.152123 1.043404 0.314938
v -0.219023 1.057804 -0.379662
v 0.213777 0.964503 0.159938
v -0.280623 1.071103 -0.345962
v 0.246777 0.957403 0.096838
v -0.334723 1.082804 -0.300562
v 0.267076 0.953003 0.028438
v -0.379023 1.092303 -0.245262
v 0.273876 0.951503 -0.042662
v -0.411924 1.099404 -0.182262
v 0.267076 0.953003 -0.113862
v -0.432223 1.103804 -0.113862
v 0.246777 0.957403 -0.182262
v -0.439124 1.105303 -0.042662
v 0.213777 0.964503 -0.245262
v -0.432223 1.103804 0.028438
v 0.169477 0.974103 -0.300562
v -0.411924 1.099404 0.096838
v 0.115476 0.985704 -0.345962
v 0.180077 0.825404 0.016938
v 0.162977 0.828404 0.074238
v 0.219577 0.831403 0.096838
v 0.239877 0.827103 0.028438
v -0.179323 0.917404 0.314938
v -0.246223 0.931903 0.294238
v -0.246223 0.931903 -0.379662
v -0.179323 0.917404 -0.400362
v 0.186677 0.838503 0.159938
v -0.109723 0.902403 0.322038
v -0.307824 0.945203 -0.345962
v -0.361823 0.956803 -0.300562
v -0.406224 0.966403 -0.245262
v 0.246777 0.825603 -0.042662
v -0.439124 0.973503 -0.182262
v 0.239877 0.827103 -0.113862
v -0.459424 0.977803 -0.113862
v 0.219577 0.831403 -0.182262
v -0.466223 0.979304 -0.042662
v 0.186677 0.838503 -0.245262
v -0.459424 0.977803 0.028438
v 0.142277 0.848104 -0.300562
v -0.439124 0.973503 0.096838
v 0.088277 0.859703 -0.345962
v -0.406224 0.966403 0.159938
v 0.026677 0.873003 -0.379662
v -0.040223 0.887504 0.314938
v -0.361823 0.956803 0.215138
v -0.040223 0.887504 -0.400362
v 0.026677 0.873003 0.294238
v -0.307824 0.945203 0.260538
v -0.109723 0.902403 -0.407362
v 0.162977 0.828404 -0.159662
v 0.202877 0.787503 -0.178862
v 0.222777 0.784003 -0.112062
v 0.180077 0.825404 -0.102362
v -0.365723 0.920103 -0.212562
v -0.328323 0.913603 -0.258862
v 0.185876 0.824404 -0.042662
v -0.393623 0.924904 -0.159662
v -0.410723 0.927904 -0.102362
v -0.416523 0.928903 -0.042662
v 0.135077 0.833203 -0.212562
v -0.410723 0.927904 0.016938
v 0.097677 0.839703 -0.258862
v -0.393623 0.924904 0.074238
v 0.051977 0.847603 -0.296862
v -0.365723 0.920103 0.127138
v -0.000023 0.856704 -0.325062
v -0.056523 0.866504 0.257138
v -0.115324 0.876704 0.263038
v -0.328323 0.913603 0.173438
v -0.056523 0.866504 -0.342462
v -0.000023 0.856704 0.239738
v -0.282624 0.905703 0.211438
v -0.115324 0.876704 -0.348362
v 0.051977 0.847603 0.211438
v -0.230623 0.896603 0.239738
v -0.174124 0.886804 -0.342462
v 0.097677 0.839703 0.173438
v -0.174124 0.886804 0.257138
v -0.230623 0.896603 -0.325062
v 0.135077 0.833203 0.127138
v -0.282624 0.905703 -0.296862
v 0.073677 0.809904 -0.338562
v 0.052077 0.684904 -0.338562
v 0.105177 0.675704 -0.294262
v 0.126877 0.800604 -0.294262
v -0.471624 0.904404 -0.042662
v -0.464924 0.903304 -0.112062
v 0.170477 0.793104 -0.240362
v -0.464924 0.903304 0.026738
v -0.444924 0.899804 0.093438
v -0.412524 0.894204 0.154938
v 0.013077 0.820403 -0.371462
v -0.052624 0.831803 0.306238
v -0.121024 0.843603 0.313138
v -0.368924 0.886603 0.208938
v -0.052624 0.831803 -0.391662
v 0.013077 0.820403 0.286038
v -0.315823 0.877403 0.253138
v -0.121024 0.843603 -0.398462
v 0.073677 0.809904 0.253138
v -0.255224 0.866903 0.286038
v -0.189423 0.855503 -0.391662
v 0.126877 0.800604 0.208938
v -0.189423 0.855503 0.306238
v -0.255224 0.866903 -0.371462
v 0.170477 0.793104 0.154938
v -0.315823 0.877403 -0.338562
v 0.202877 0.787503 0.093438
v -0.368924 0.886603 -0.294262
v 0.222777 0.784003 0.026738
v -0.412524 0.894204 -0.240362
v 0.229577 0.782804 -0.042662
v -0.444924 0.899804 -0.178862
v -0.142723 0.718704 -0.398462
v -0.151124 0.670004 -0.352762
v -0.090824 0.666504 -0.346762
v -0.074324 0.706904 -0.391662
v -0.434224 0.769303 0.154938
v -0.466624 0.774904 0.093438
v -0.008523 0.695504 -0.371462
v -0.074324 0.706904 0.306238
v -0.142723 0.718704 0.313138
v -0.390623 0.761703 0.208938
v -0.008523 0.695504 0.286038
v -0.337523 0.752504 0.253138
v 0.052077 0.684904 0.253138
v -0.276824 0.742004 0.286038
v -0.211123 0.730604 -0.391662
v 0.105177 0.675704 0.208938
v -0.211123 0.730604 0.306238
v -0.276824 0.742004 -0.371462
v 0.148777 0.668203 0.154938
v -0.337523 0.752504 -0.338562
v 0.181177 0.662603 0.093438
v -0.390623 0.761703 -0.294262
v 0.201177 0.659104 0.026738
v -0.434224 0.769303 -0.240362
v 0.207877 0.657904 -0.042662
v -0.466624 0.774904 -0.178862
v 0.201177 0.659104 -0.112062
v -0.486524 0.778304 -0.112062
v 0.181177 0.662603 -0.178862
v -0.493323 0.779503 -0.042662
v 0.148777 0.668203 -0.240362
v -0.486524 0.778304 0.026738
v -0.323123 0.679704 -0.300462
v -0.347224 0.657404 -0.334562
v -0.286623 0.654004 -0.366962
v -0.269624 0.676704 -0.329162
v 0.020777 0.660204 0.215138
v -0.032723 0.663203 0.243738
v -0.269624 0.676704 0.243738
v -0.323123 0.679704 0.215138
v -0.211524 0.673404 -0.346762
v 0.067677 0.657503 0.176538
v -0.211524 0.673404 0.261438
v 0.106176 0.655303 0.129538
v -0.151124 0.670004 0.267338
v 0.134777 0.653704 0.075938
v -0.370023 0.682403 -0.261962
v 0.152477 0.652704 0.017838
v -0.408523 0.684604 -0.214962
v 0.158377 0.652304 -0.042662
v -0.437124 0.686203 -0.161362
v 0.152477 0.652704 -0.103162
v -0.454723 0.687204 -0.103162
v 0.134777 0.653704 -0.161362
v -0.460724 0.687604 -0.042662
v 0.106176 0.655303 -0.214962
v -0.454723 0.687204 0.017838
v 0.067677 0.657503 -0.261962
v -0.437124 0.686203 0.075938
v 0.020777 0.660204 -0.300462
v -0.408523 0.684604 0.129538
v -0.032723 0.663203 -0.329162
v -0.090824 0.666504 0.261438
v -0.370023 0.682403 0.176538
v -0.476323 0.664804 -0.177062
v -0.483323 0.541803 -0.177062
v -0.450923 0.539904 -0.237762
v -0.443923 0.662903 -0.237762
v 0.138877 0.629704 0.152338
v 0.171277 0.627904 0.091638
v -0.400324 0.660403 -0.290862
v 0.191177 0.626804 0.025738
v 0.197977 0.626403 -0.042662
v 0.191177 0.626804 -0.111162
v -0.496223 0.665903 -0.111162
v 0.171277 0.627904 -0.177062
v -0.502923 0.666304 -0.042662
v 0.138877 0.629704 -0.237762
v -0.496223 0.665903 0.025738
v 0.095277 0.632203 -0.290862
v -0.476323 0.664804 0.091638
v 0.042176 0.635203 -0.334562
v -0.443923 0.662903 0.152338
v -0.018423 0.638703 -0.366962
v -0.084123 0.642403 0.301538
v -0.152524 0.646304 0.308338
v -0.400324 0.660403 0.205538
v -0.084123 0.642403 -0.386962
v -0.018423 0.638703 0.281638
v -0.347224 0.657404 0.249138
v -0.152524 0.646304 -0.393762
v 0.042176 0.635203 0.249138
v -0.286623 0.654004 0.281638
v -0.220924 0.650204 -0.386962
v 0.095277 0.632203 0.205538
v -0.220924 0.650204 0.301538
v -0.503224 0.542904 0.025738
v -0.467723 0.487903 0.018238
v -0.473724 0.487903 -0.042662
v -0.510023 0.543303 -0.042662
v 0.184177 0.503803 -0.111162
v 0.190977 0.503404 -0.042662
v -0.503224 0.542904 -0.111162
v 0.164277 0.504903 -0.177062
v 0.131877 0.506703 -0.237762
v 0.088277 0.509204 -0.290862
v -0.483323 0.541803 0.091638
v 0.035177 0.512204 -0.334562
v -0.450923 0.539904 0.152338
v -0.025423 0.515704 -0.366962
v -0.159523 0.523304 0.308338
v -0.091123 0.519404 0.301538
v -0.407323 0.537403 0.205538
v -0.091123 0.519404 -0.386962
v -0.025423 0.515704 0.281638
v -0.354223 0.534403 0.249138
v -0.159523 0.523304 -0.393762
v 0.035177 0.512204 0.249138
v -0.293623 0.531004 0.281638
v -0.227924 0.527203 -0.386962
v 0.088277 0.509204 0.205538
v -0.227924 0.527203 0.301538
v -0.293623 0.531004 -0.366962
v 0.131877 0.506703 0.152338
v -0.354223 0.534403 -0.334562
v 0.164277 0.504903 0.091638
v -0.407323 0.537403 -0.290862
v 0.184177 0.503803 0.025738
v -0.353124 0.454003 -0.329262
v -0.293523 0.453803 -0.361062
v -0.281024 0.487404 -0.331062
v -0.335024 0.487504 -0.302262
v 0.059177 0.486503 -0.263462
v 0.097977 0.486404 -0.216162
v -0.449924 0.487804 0.076738
v 0.011877 0.486704 -0.302262
v -0.421124 0.487804 0.130738
v -0.042123 0.486804 -0.331062
v -0.100724 0.486904 0.263438
v -0.161623 0.487104 0.269438
v -0.382324 0.487703 0.178038
v -0.100724 0.486904 -0.348862
v -0.042123 0.486804 0.245738
v -0.335024 0.487504 0.216838
v -0.161623 0.487104 -0.354862
v 0.011877 0.486704 0.216838
v -0.281024 0.487404 0.245738
v -0.222523 0.487303 -0.348862
v 0.059177 0.486503 0.178038
v -0.222523 0.487303 0.263438
v 0.097977 0.486404 0.130738
v 0.126777 0.486404 0.076738
v -0.382324 0.487703 -0.263462
v 0.144577 0.486303 0.018238
v -0.421124 0.487804 -0.216162
v 0.150577 0.486303 -0.042662
v -0.449924 0.487804 -0.162162
v 0.144577 0.486303 -0.103562
v -0.467723 0.487903 -0.103562
v 0.126777 0.486404 -0.162162
v -0.448223 0.454203 -0.234162
v -0.480024 0.454304 -0.174562
v -0.480323 0.388703 -0.174562
v -0.448524 0.388604 -0.234162
v 0.156777 0.452704 0.089138
v 0.124876 0.452803 0.148738
v -0.405324 0.454104 -0.286362
v 0.176377 0.452603 0.024538
v 0.182976 0.452603 -0.042662
v 0.176377 0.452603 -0.109962
v -0.499624 0.454404 -0.109962
v 0.156777 0.452704 -0.174562
v -0.506323 0.454404 -0.042662
v 0.124876 0.452803 -0.234162
v -0.499624 0.454404 0.024538
v 0.081977 0.452904 -0.286362
v -0.480024 0.454304 0.089138
v 0.029777 0.453004 -0.329262
v -0.448223 0.454203 0.148738
v -0.029823 0.453204 -0.361062
v -0.094424 0.453303 0.295338
v -0.161623 0.453503 0.301938
v -0.405324 0.454104 0.201038
v -0.094424 0.453303 -0.380662
v -0.029823 0.453204 0.275738
v -0.353124 0.454003 0.243838
v -0.161623 0.453503 -0.387362
v 0.029777 0.453004 0.243838
v -0.293523 0.453803 0.275738
v -0.228923 0.453704 -0.380662
v 0.081977 0.452904 0.201038
v -0.228923 0.453704 0.295338
v -0.094723 0.387704 0.295338
v -0.030023 0.387504 0.275738
v 0.029477 0.387403 0.243838
v 0.081776 0.387204 0.201038
v 0.124577 0.387103 0.148738
v 0.156476 0.387004 0.089138
v 0.176077 0.387004 0.024538
v 0.182677 0.387004 -0.042662
v 0.176077 0.387004 -0.109962
v 0.156476 0.387004 -0.174562
v 0.124577 0.387103 -0.234162
v 0.081776 0.387204 -0.286362
v 0.029477 0.387403 -0.329262
v -0.030023 0.387504 -0.361062
v -0.094723 0.387704 -0.380662
v -0.161924 0.387803 -0.387362
v -0.229223 0.388003 -0.380662
v -0.293823 0.388204 -0.361062
v -0.353423 0.388304 -0.329262
v -0.405623 0.388504 -0.286362
v -0.499923 0.388703 -0.109962
v -0.506624 0.388703 -0.042662
v -0.499923 0.388703 0.024538
v -0.480323 0.388703 0.089138
v -0.448524 0.388604 0.148738
v -0.405623 0.388504 0.201038
v -0.353423 0.388304 0.243838
v -0.293823 0.388204 0.275738
v -0.229223 0.388003 0.295338
v -0.161924 0.387803 0.301938
vn -0.3712 0.9260 0.0696
vn -0.3710 0.9260 0.0698
vn -0.3711 0.9260 0.0696
vn -0.3714 0.9259 0.0693
vn -0.4334 0.1853 0.8820
vn -0.4334 0.1852 0.8820
vn -0.4334 0.1854 0.8819
vn -0.0901 0.0385 -0.9952
vn -0.0901 0.0386 -0.9952
vn 0.7107 -0.3039 -0.6344
vn -0.2667 0.1142 0.9570
vn -0.2668 0.1142 0.9570
vn -0.2671 0.1142 0.9569
vn -0.2671 0.1142 -0.9569
vn -0.2667 0.1141 -0.9570
vn -0.2670 0.1142 -0.9569
vn -0.2670 0.1141 -0.9569
vn 0.5835 -0.2497 -0.7728
vn 0.5833 -0.2495 -0.7730
vn 0.5832 -0.2494 -0.7730
vn -0.0901 0.0385 0.9952
vn -0.4336 0.1854 -0.8818
vn -0.4337 0.1854 -0.8818
vn -0.4335 0.1854 -0.8819
vn -0.4335 0.1854 -0.8818
vn 0.4334 -0.1854 -0.8819
vn 0.4335 -0.1854 -0.8819
vn 0.0901 -0.0385 0.9952
vn -0.5835 0.2495 -0.7729
vn -0.5835 0.2495 -0.7728
vn -0.5834 0.2495 -0.7729
vn 0.2669 -0.1142 -0.9569
vn 0.2669 -0.1141 -0.9570
vn 0.2670 -0.1143 -0.9569
vn 0.2669 -0.1142 0.9569
vn 0.2668 -0.1142 0.9570
vn 0.2670 -0.1142 0.9569
vn -0.7106 0.3041 -0.6345
vn -0.7107 0.3041 -0.6344
vn -0.7104 0.3042 -0.6347
vn -0.7105 0.3040 -0.6346
vn 0.0901 -0.0385 -0.9952
vn 0.4335 -0.1854 0.8819
vn 0.4334 -0.1853 0.8819
vn 0.4334 -0.1854 0.8819
vn -0.8106 0.3471 -0.4716
vn -0.8109 0.3469 -0.4713
vn -0.8108 0.3470 -0.4713
vn -0.8111 0.3468 -0.4710
vn 0.5832 -0.2495 0.7731
vn 0.5832 -0.2494 0.7731
vn 0.5833 -0.2495 0.7730
vn 0.5832 -0.2495 0.7730
vn -0.8799 0.3763 -0.2902
vn 0.7108 -0.3041 0.6343
vn 0.7109 -0.3041 0.6342
vn 0.7106 -0.3041 0.6344
vn -0.9150 0.3915 -0.0978
vn -0.9150 0.3914 -0.0978
vn -0.9150 0.3914 -0.0979
vn -0.9150 0.3914 -0.0980
vn 0.8108 -0.3469 0.4714
vn 0.8108 -0.3469 0.4715
vn 0.8106 -0.3466 0.4719
vn -0.9150 0.3913 0.0981
vn -0.9150 0.3914 0.0980
vn -0.9150 0.3915 0.0980
vn -0.9150 0.3914 0.0978
vn 0.8798 -0.3764 0.2902
vn 0.8798 -0.3764 0.2903
vn -0.8799 0.3763 0.2902
vn 0.9149 -0.3916 0.0980
vn 0.9150 -0.3914 0.0978
vn 0.9149 -0.3916 0.0975
vn 0.9150 -0.3914 0.0980
vn -0.8108 0.3470 0.4713
vn -0.8108 0.3469 0.4715
vn -0.8106 0.3471 0.4716
vn -0.8111 0.3468 0.4710
vn 0.9150 -0.3913 -0.0981
vn 0.9149 -0.3915 -0.0978
vn 0.9150 -0.3914 -0.0981
vn 0.9150 -0.3913 -0.0986
vn -0.7105 0.3042 0.6345
vn -0.7108 0.3041 0.6342
vn -0.7106 0.3042 0.6344
vn -0.7105 0.3044 0.6345
vn 0.8798 -0.3764 -0.2904
vn 0.8798 -0.3765 -0.2903
vn -0.5832 0.2494 0.7731
vn 0.8108 -0.3469 -0.4713
vn 0.8108 -0.3469 -0.4715
vn 0.8108 -0.3468 -0.4715
vn 0.8109 -0.3470 -0.4712
vn -0.7199 -0.5999 0.3491
vn -0.7196 -0.6002 0.3491
vn -0.7198 -0.6002 0.3487
vn -0.7196 -0.6004 0.3489
vn 0.9011 0.3816 0.2061
vn 0.9011 0.3817 0.2056
vn 0.9012 0.3816 0.2057
vn 0.9013 0.3813 0.2055
vn -0.3463 0.9153 0.2059
vn -0.3463 0.9153 0.2060
vn -0.3463 0.9153 0.2058
vn -0.3463 0.9153 0.2055
vn 0.9261 0.3709 0.0695
vn 0.9261 0.3709 0.0693
vn 0.9261 0.3709 0.0694
vn 0.9261 0.3709 0.0696
vn -0.2975 0.8942 0.3344
vn -0.2975 0.8943 0.3343
vn -0.2974 0.8943 0.3344
vn 0.9261 0.3709 -0.0692
vn 0.9261 0.3709 -0.0693
vn -0.2261 0.8641 0.4497
vn -0.2264 0.8640 0.4497
vn -0.2266 0.8640 0.4497
vn 0.9009 0.3819 -0.2062
vn 0.9011 0.3817 -0.2058
vn 0.9011 0.3815 -0.2059
vn 0.9011 0.3815 -0.2060
vn -0.1359 0.8254 0.5480
vn -0.1361 0.8253 0.5480
vn 0.8522 0.4026 -0.3341
vn 0.8525 0.4022 -0.3340
vn 0.8521 0.4028 -0.3342
vn 0.8519 0.4031 -0.3343
vn -0.0297 0.7800 0.6251
vn -0.0299 0.7799 0.6252
vn -0.0297 0.7800 0.6250
vn 0.2135 0.6758 -0.7055
vn 0.7813 0.4329 -0.4496
vn 0.7813 0.4329 -0.4497
vn 0.7813 0.4331 -0.4495
vn 0.0882 0.7293 0.6785
vn 0.0882 0.7294 0.6784
vn 0.0881 0.7293 -0.6784
vn 0.0882 0.7294 -0.6784
vn 0.6909 0.4716 -0.5480
vn 0.6909 0.4715 -0.5480
vn 0.6911 0.4714 -0.5479
vn 0.2135 0.6758 0.7055
vn 0.2132 0.6757 0.7057
vn 0.2133 0.6758 0.7056
vn -0.0299 0.7798 -0.6253
vn -0.0300 0.7797 -0.6254
vn -0.0299 0.7799 -0.6252
vn -0.0298 0.7799 -0.6252
vn 0.5847 0.5167 -0.6254
vn 0.5845 0.5167 -0.6256
vn 0.5846 0.5168 -0.6254
vn 0.5847 0.5170 -0.6252
vn 0.3414 0.6212 0.7054
vn 0.3412 0.6210 0.7056
vn 0.3413 0.6211 0.7055
vn 0.3417 0.6213 0.7051
vn -0.1361 0.8253 -0.5480
vn -0.1361 0.8254 -0.5479
vn -0.1361 0.8254 -0.5480
vn -0.1361 0.8252 -0.5482
vn 0.4665 0.5677 -0.6783
vn 0.4664 0.5678 -0.6782
vn 0.4666 0.5676 -0.6784
vn 0.4664 0.5676 0.6785
vn 0.4666 0.5675 0.6784
vn 0.4667 0.5674 0.6784
vn 0.4667 0.5677 0.6782
vn -0.2263 0.8641 -0.4496
vn -0.2264 0.8640 -0.4497
vn -0.2260 0.8642 -0.4495
vn 0.3412 0.6212 -0.7055
vn 0.3413 0.6211 -0.7055
vn 0.5847 0.5171 0.6251
vn 0.5847 0.5170 0.6251
vn 0.5845 0.5172 0.6252
vn 0.5846 0.5170 0.6252
vn -0.2970 0.8944 -0.3345
vn -0.2969 0.8944 -0.3344
vn -0.2974 0.8944 -0.3342
vn 0.6909 0.4715 0.5480
vn 0.6909 0.4716 0.5480
vn -0.3463 0.9152 -0.2059
vn -0.3463 0.9153 -0.2058
vn -0.3463 0.9153 -0.2059
vn -0.3463 0.9152 -0.2060
vn 0.7813 0.4329 0.4497
vn 0.7813 0.4328 0.4497
vn -0.3711 0.9260 -0.0696
vn -0.3708 0.9261 -0.0698
vn -0.3709 0.9260 -0.0699
vn -0.3712 0.9259 -0.0695
vn 0.8523 0.4025 0.3341
vn 0.8524 0.4025 0.3339
vn 0.8523 0.4025 0.3340
vn 0.8522 0.4025 0.3342
vn -0.2670 0.1142 0.9569
vn -0.2669 0.1142 0.9569
vn -0.2668 0.1141 0.9570
vn 0.1559 -0.9748 -0.1595
vn 0.1561 -0.9747 -0.1597
vn 0.1558 -0.9748 -0.1596
vn 0.1555 -0.9750 -0.1589
vn -0.6494 -0.6304 0.4254
vn 0.1177 -0.9586 -0.2594
vn -0.5669 -0.6657 0.4853
vn -0.5670 -0.6657 0.4852
vn 0.0627 -0.9350 -0.3492
vn 0.0627 -0.9350 -0.3491
vn 0.0626 -0.9350 -0.3492
vn -0.4753 -0.7048 0.5266
vn -0.4753 -0.7049 0.5266
vn -0.4753 -0.7049 0.5265
vn -0.0075 -0.9050 -0.4254
vn -0.3780 -0.7464 0.5477
vn -0.3780 -0.7465 0.5476
vn -0.3780 -0.7465 0.5475
vn -0.2790 -0.7887 0.5478
vn -0.2789 -0.7887 0.5478
vn -0.2792 -0.7888 0.5476
vn -0.2789 -0.7889 0.5476
vn -0.1816 -0.8305 0.5265
vn -0.1816 -0.8305 0.5266
vn -0.2776 -0.7886 -0.5487
vn -0.2789 -0.7889 -0.5476
vn -0.2788 -0.7887 -0.5479
vn -0.0898 -0.8697 0.4853
vn -0.0899 -0.8697 0.4853
vn -0.0900 -0.8697 0.4853
vn -0.0077 -0.9050 0.4254
vn -0.0076 -0.9049 0.4255
vn -0.0071 -0.9049 0.4256
vn -0.0075 -0.9050 0.4254
vn -0.8129 -0.5601 -0.1597
vn -0.8132 -0.5594 -0.1603
vn 0.0626 -0.9350 0.3491
vn 0.0626 -0.9350 0.3492
vn -0.8319 -0.5524 -0.0539
vn -0.8318 -0.5525 -0.0539
vn -0.8319 -0.5523 -0.0539
vn -0.8319 -0.5523 -0.0540
vn 0.1177 -0.9586 0.2594
vn -0.8320 -0.5522 0.0540
vn -0.8320 -0.5521 0.0541
vn -0.8319 -0.5522 0.0540
vn -0.8319 -0.5523 0.0539
vn 0.1556 -0.9749 0.1595
vn 0.1555 -0.9749 0.1596
vn 0.1556 -0.9748 0.1597
vn 0.1556 -0.9748 0.1598
vn -0.8124 -0.5608 0.1597
vn -0.8124 -0.5608 0.1596
vn -0.8125 -0.5607 0.1597
vn -0.8125 -0.5606 0.1599
vn 0.1749 -0.9831 0.0541
vn 0.1751 -0.9831 0.0540
vn 0.1748 -0.9831 0.0541
vn 0.1748 -0.9831 0.0540
vn -0.7743 -0.5773 0.2592
vn -0.7744 -0.5771 0.2594
vn -0.7745 -0.5769 0.2594
vn -0.7746 -0.5768 0.2594
vn 0.1749 -0.9831 -0.0539
vn 0.1745 -0.9832 -0.0540
vn 0.1749 -0.9831 -0.0540
vn 0.1750 -0.9831 -0.0539
vn 0.4672 0.5718 0.6743
vn 0.4672 0.5719 0.6743
vn 0.4672 0.5720 0.6742
vn 0.4673 0.5718 0.6743
vn -0.2670 0.1143 -0.9569
vn 0.5835 -0.2495 -0.7729
vn 0.5832 -0.2495 -0.7731
vn 0.5837 -0.2495 -0.7727
vn -0.0903 0.0386 0.9952
vn -0.0903 0.0387 0.9952
vn -0.0900 0.0386 0.9952
vn -0.4334 0.1854 -0.8820
vn -0.4333 0.1854 -0.8820
vn 0.0900 -0.0386 0.9952
vn 0.0904 -0.0387 0.9952
vn 0.0903 -0.0387 0.9952
vn -0.5832 0.2495 -0.7730
vn -0.5833 0.2495 -0.7730
vn 0.2668 -0.1142 -0.9570
vn 0.2671 -0.1143 0.9569
vn -0.7107 0.3044 -0.6342
vn -0.7107 0.3040 -0.6345
vn 0.0900 -0.0386 -0.9952
vn 0.0901 -0.0386 -0.9952
vn 0.0904 -0.0387 -0.9952
vn 0.0903 -0.0387 -0.9952
vn -0.8108 0.3471 -0.4714
vn -0.8108 0.3468 -0.4715
vn -0.8108 0.3469 -0.4715
vn -0.8108 0.3473 -0.4711
vn 0.5836 -0.2495 0.7728
vn -0.8799 0.3763 -0.2900
vn -0.8799 0.3764 -0.2901
vn 0.7108 -0.3041 0.6342
vn -0.9150 0.3914 -0.0981
vn -0.9149 0.3915 -0.0979
vn 0.8109 -0.3468 0.4714
vn 0.8107 -0.3469 0.4716
vn -0.9150 0.3912 0.0984
vn -0.9150 0.3914 0.0981
vn 0.8798 -0.3763 0.2905
vn -0.8799 0.3763 0.2900
vn -0.8800 0.3763 0.2897
vn -0.8799 0.3764 0.2902
vn -0.8798 0.3764 0.2902
vn 0.9150 -0.3915 0.0978
vn 0.9150 -0.3914 0.0981
vn 0.9150 -0.3912 0.0984
vn -0.8108 0.3471 0.4714
vn -0.8108 0.3473 0.4711
vn -0.8108 0.3468 0.4715
vn 0.9150 -0.3914 -0.0979
vn 0.9150 -0.3914 -0.0980
vn 0.9149 -0.3915 -0.0982
vn -0.7107 0.3044 0.6342
vn -0.7107 0.3041 0.6344
vn 0.8799 -0.3764 -0.2901
vn 0.8800 -0.3763 -0.2897
vn 0.8797 -0.3765 -0.2905
vn 0.8798 -0.3764 -0.2903
vn -0.5832 0.2495 0.7731
vn -0.5832 0.2495 0.7730
vn -0.5830 0.2494 0.7733
vn 0.8107 -0.3469 -0.4717
vn 0.8108 -0.3469 -0.4714
vn 0.8109 -0.3469 -0.4713
vn -0.4335 0.1854 0.8819
vn -0.0903 0.0386 -0.9952
vn -0.0903 0.0387 -0.9952
vn 0.7108 -0.3041 -0.6342
vn 0.2939 -0.8224 0.4871
vn 0.2939 -0.8223 0.4872
vn 0.2939 -0.8226 0.4868
vn 0.2940 -0.8225 0.4868
vn -0.2216 0.8667 -0.4469
vn -0.2219 0.8668 -0.4466
vn -0.2215 0.8667 -0.4470
vn 0.3426 0.6252 -0.7013
vn 0.3426 0.6252 -0.7012
vn 0.3425 0.6252 -0.7013
vn 0.5845 0.5217 0.6214
vn 0.5844 0.5217 0.6215
vn 0.5846 0.5217 0.6214
vn -0.2922 0.8969 -0.3320
vn -0.2923 0.8969 -0.3320
vn 0.6900 0.4767 0.5447
vn 0.6899 0.4766 0.5448
vn 0.6900 0.4768 0.5446
vn 0.6901 0.4765 0.5447
vn -0.3410 0.9176 -0.2044
vn -0.3412 0.9174 -0.2046
vn -0.3411 0.9175 -0.2047
vn -0.3409 0.9176 -0.2046
vn 0.7799 0.4378 0.4473
vn 0.7799 0.4380 0.4471
vn 0.7800 0.4378 0.4472
vn 0.7800 0.4380 0.4469
vn -0.3657 0.9282 -0.0691
vn -0.3654 0.9283 -0.0689
vn -0.3655 0.9282 -0.0691
vn -0.3657 0.9281 -0.0692
vn 0.8506 0.4078 0.3321
vn 0.8506 0.4077 0.3322
vn 0.8503 0.4079 0.3325
vn 0.8505 0.4079 0.3322
vn -0.3657 0.9282 0.0692
vn -0.3657 0.9282 0.0691
vn -0.3654 0.9283 0.0690
vn -0.3655 0.9282 0.0691
vn 0.8991 0.3871 0.2046
vn 0.8990 0.3871 0.2046
vn -0.3408 0.9177 0.2043
vn -0.3412 0.9174 0.2049
vn -0.3409 0.9176 0.2045
vn -0.3408 0.9177 0.2044
vn 0.9238 0.3766 0.0691
vn 0.9239 0.3765 0.0689
vn 0.9238 0.3767 0.0691
vn 0.9237 0.3769 0.0692
vn -0.2920 0.8969 0.3320
vn -0.2918 0.8971 0.3318
vn -0.2921 0.8969 0.3321
vn -0.2920 0.8970 0.3320
vn 0.9238 0.3765 -0.0691
vn 0.9238 0.3766 -0.0692
vn 0.9238 0.3766 -0.0691
vn 0.9238 0.3767 -0.0691
vn -0.2217 0.8666 0.4470
vn 0.8991 0.3871 -0.2046
vn 0.8991 0.3870 -0.2046
vn 0.8991 0.3870 -0.2047
vn -0.1319 0.8282 0.5447
vn -0.1318 0.8282 0.5447
vn 0.8504 0.4080 -0.3321
vn 0.8504 0.4080 -0.3322
vn 0.8504 0.4079 -0.3322
vn 0.8504 0.4079 -0.3323
vn -0.0262 0.7830 0.6215
vn 0.2156 0.6794 -0.7014
vn 0.2156 0.6795 -0.7013
vn 0.2155 0.6793 -0.7015
vn 0.2153 0.6792 -0.7017
vn 0.7799 0.4381 -0.4470
vn 0.7799 0.4383 -0.4469
vn 0.0915 0.7327 0.6744
vn 0.0917 0.7327 0.6743
vn 0.0914 0.7326 0.6745
vn 0.0910 0.7328 -0.6744
vn 0.0907 0.7330 -0.6742
vn 0.0909 0.7327 -0.6745
vn 0.0910 0.7327 -0.6744
vn 0.6901 0.4764 -0.5448
vn 0.6901 0.4765 -0.5448
vn 0.6901 0.4765 -0.5447
vn 0.6901 0.4763 -0.5449
vn 0.2157 0.6795 0.7013
vn 0.2156 0.6795 0.7013
vn 0.2155 0.6795 0.7013
vn -0.0264 0.7829 -0.6215
vn -0.0264 0.7830 -0.6215
vn -0.0263 0.7830 -0.6214
vn -0.0263 0.7830 -0.6215
vn 0.5847 0.5217 -0.6213
vn 0.5845 0.5219 -0.6213
vn 0.5845 0.5217 -0.6215
vn 0.3423 0.6252 0.7014
vn 0.3426 0.6250 0.7015
vn 0.3425 0.6251 0.7014
vn 0.3426 0.6252 0.7013
vn -0.1319 0.8282 -0.5447
vn -0.1319 0.8282 -0.5446
vn 0.4674 0.5716 -0.6744
vn 0.4671 0.5719 -0.6743
vn 0.4672 0.5718 -0.6743
vn 0.9150 -0.3915 0.0980
vn 0.9148 -0.3918 0.0979
vn 0.9149 -0.3916 0.0978
vn -0.9546 -0.2881 -0.0754
vn -0.9546 -0.2881 -0.0753
vn -0.9546 -0.2881 -0.0752
vn -0.9546 -0.2880 -0.0755
vn 0.3706 -0.8554 0.3618
vn 0.3705 -0.8555 0.3619
vn 0.3707 -0.8554 0.3618
vn -0.9546 -0.2882 0.0753
vn -0.9546 -0.2882 0.0754
vn -0.9546 -0.2881 0.0752
vn 0.4236 -0.8780 0.2231
vn 0.4239 -0.8779 0.2229
vn 0.4236 -0.8780 0.2230
vn 0.4237 -0.8779 0.2230
vn -0.9276 -0.2999 0.2227
vn -0.9276 -0.2997 0.2229
vn 0.4508 -0.8894 0.0753
vn 0.4509 -0.8894 0.0753
vn 0.4510 -0.8893 0.0758
vn -0.8747 -0.3222 0.3619
vn -0.8746 -0.3224 0.3620
vn -0.8748 -0.3222 0.3619
vn -0.8748 -0.3220 0.3618
vn 0.4510 -0.8893 -0.0758
vn 0.4506 -0.8895 -0.0753
vn 0.4507 -0.8895 -0.0753
vn 0.4509 -0.8894 -0.0754
vn -0.7977 -0.3552 0.4874
vn -0.7977 -0.3553 0.4872
vn -0.7976 -0.3551 0.4876
vn 0.4238 -0.8779 -0.2229
vn 0.4237 -0.8779 -0.2229
vn 0.4238 -0.8779 -0.2230
vn -0.6999 -0.3971 0.5936
vn -0.6999 -0.3971 0.5937
vn 0.3710 -0.8551 -0.3620
vn 0.3705 -0.8554 -0.3619
vn 0.3710 -0.8552 -0.3620
vn 0.3710 -0.8552 -0.3619
vn -0.5848 -0.4463 0.6773
vn -0.5848 -0.4464 0.6773
vn -0.5848 -0.4463 0.6774
vn -0.3210 -0.5593 -0.7643
vn -0.3211 -0.5592 -0.7643
vn -0.3211 -0.5593 -0.7643
vn -0.3212 -0.5594 -0.7642
vn 0.2939 -0.8223 -0.4873
vn 0.2939 -0.8223 -0.4872
vn 0.2941 -0.8223 -0.4871
vn 0.2940 -0.8223 -0.4872
vn -0.4570 -0.5010 0.7350
vn -0.4572 -0.5011 0.7348
vn -0.4568 -0.5009 0.7352
vn -0.4568 -0.5003 -0.7355
vn -0.4569 -0.5011 -0.7350
vn -0.4577 -0.5005 -0.7348
vn 0.1961 -0.7804 -0.5937
vn 0.1961 -0.7804 -0.5938
vn -0.3212 -0.5594 0.7642
vn -0.3212 -0.5594 0.7641
vn -0.5848 -0.4464 -0.6773
vn -0.5850 -0.4464 -0.6771
vn 0.0810 -0.7313 -0.6773
vn 0.0806 -0.7316 -0.6770
vn 0.0809 -0.7312 -0.6773
vn 0.0810 -0.7312 -0.6774
vn -0.1827 -0.6184 0.7644
vn -0.1827 -0.6184 0.7643
vn -0.6998 -0.3970 -0.5938
vn -0.7000 -0.3968 -0.5938
vn -0.6998 -0.3971 -0.5938
vn -0.6997 -0.3974 -0.5938
vn -0.0469 -0.6763 -0.7351
vn -0.0469 -0.6764 -0.7350
vn -0.0468 -0.6764 -0.7350
vn -0.0467 -0.6769 -0.7346
vn -0.0471 -0.6765 0.7349
vn -0.0468 -0.6765 0.7350
vn -0.0477 -0.6766 0.7348
vn -0.7977 -0.3551 -0.4873
vn -0.7976 -0.3550 -0.4876
vn -0.7978 -0.3550 -0.4874
vn -0.7978 -0.3550 -0.4873
vn -0.1827 -0.6185 -0.7643
vn -0.1827 -0.6184 -0.7643
vn -0.1828 -0.6185 -0.7642
vn 0.0810 -0.7313 0.6773
vn 0.0809 -0.7313 0.6772
vn 0.0809 -0.7313 0.6773
vn 0.0810 -0.7312 0.6773
vn -0.8745 -0.3224 -0.3624
vn -0.8746 -0.3224 -0.3621
vn -0.8746 -0.3223 -0.3623
vn 0.1962 -0.7804 0.5937
vn 0.1961 -0.7804 0.5937
vn -0.9276 -0.2997 -0.2228
vn -0.9277 -0.2997 -0.2226
vn -0.9276 -0.2998 -0.2226
vn -0.9276 -0.3000 -0.2226
vn 0.8745 0.3110 -0.3723
vn 0.8744 0.3110 -0.3723
vn -0.8105 0.3471 0.4719
vn -0.8107 0.3470 0.4716
vn -0.8107 0.3470 0.4715
vn 0.9150 -0.3915 -0.0980
vn -0.7106 0.3040 0.6345
vn 0.8798 -0.3763 -0.2904
vn 0.8798 -0.3765 -0.2902
vn -0.5834 0.2495 0.7729
vn -0.5835 0.2496 0.7728
vn -0.5833 0.2495 0.7730
vn 0.8107 -0.3470 -0.4716
vn 0.8107 -0.3469 -0.4715
vn -0.4332 0.1853 0.8821
vn -0.4337 0.1856 0.8818
vn -0.0902 0.0386 -0.9952
vn 0.7107 -0.3041 -0.6344
vn -0.2669 0.1141 0.9569
vn -0.2669 0.1141 0.9570
vn -0.2671 0.1144 0.9569
vn -0.2669 0.1141 -0.9569
vn -0.2668 0.1140 -0.9570
vn -0.2669 0.1141 -0.9570
vn -0.2669 0.1142 -0.9569
vn 0.5830 -0.2494 -0.7732
vn 0.5834 -0.2495 -0.7729
vn -0.0902 0.0386 0.9952
vn -0.4332 0.1853 -0.8821
vn -0.4334 0.1854 -0.8819
vn -0.4335 0.1855 -0.8818
vn 0.4332 -0.1853 -0.8821
vn 0.0901 -0.0386 0.9952
vn 0.0906 -0.0387 0.9951
vn 0.0902 -0.0386 0.9952
vn -0.5830 0.2494 -0.7732
vn 0.2671 -0.1143 -0.9569
vn 0.2668 -0.1141 -0.9570
vn 0.2672 -0.1145 0.9568
vn 0.2673 -0.1145 0.9568
vn 0.2672 -0.1144 0.9568
vn 0.2673 -0.1146 0.9568
vn -0.7108 0.3041 -0.6342
vn -0.7111 0.3042 -0.6339
vn 0.4332 -0.1853 0.8821
vn -0.8106 0.3472 -0.4715
vn -0.8107 0.3468 -0.4718
vn -0.8108 0.3469 -0.4714
vn 0.5834 -0.2495 0.7729
vn -0.8798 0.3764 -0.2903
vn -0.8798 0.3763 -0.2905
vn -0.8798 0.3763 -0.2904
vn -0.8798 0.3765 -0.2901
vn 0.7106 -0.3040 0.6345
vn -0.9149 0.3914 -0.0985
vn 0.8109 -0.3469 0.4713
vn -0.9150 0.3914 0.0982
vn -0.9150 0.3914 0.0983
vn 0.8798 -0.3763 0.2904
vn -0.8798 0.3765 0.2902
vn -0.8796 0.3769 0.2905
vn -0.8797 0.3767 0.2901
vn -0.8798 0.3764 0.2903
vn 0.2982 -0.9368 0.1830
vn 0.2983 -0.9367 0.1835
vn 0.2983 -0.9367 0.1830
vn 0.2983 -0.9368 0.1828
vn 0.0225 0.8395 0.5429
vn 0.2114 0.7087 -0.6731
vn 0.2115 0.7087 -0.6731
vn 0.2117 0.7089 -0.6728
vn 0.7921 0.3575 -0.4948
vn 0.1083 0.7781 0.6187
vn 0.1085 0.7781 0.6187
vn 0.1084 0.7781 0.6187
vn 0.1083 0.7782 -0.6186
vn 0.1085 0.7781 -0.6187
vn 0.1084 0.7782 -0.6186
vn 0.6898 0.4161 -0.5925
vn 0.2115 0.7087 0.6731
vn 0.2115 0.7086 0.6731
vn 0.0224 0.8395 -0.5429
vn 0.0225 0.8395 -0.5429
vn 0.5737 0.4840 -0.6608
vn 0.3274 0.6340 0.7006
vn -0.0443 0.8907 -0.4525
vn -0.0445 0.8906 -0.4525
vn 0.4505 0.5579 -0.6970
vn 0.4505 0.5579 0.6970
vn -0.0930 0.9306 -0.3539
vn -0.0930 0.9307 -0.3539
vn 0.3274 0.6340 -0.7006
vn 0.5737 0.4840 0.6608
vn -0.1251 0.9596 -0.2521
vn -0.1251 0.9596 -0.2522
vn 0.6898 0.4161 0.5925
vn -0.1441 0.9781 -0.1505
vn -0.1440 0.9781 -0.1505
vn 0.7921 0.3575 0.4948
vn -0.1525 0.9870 -0.0499
vn -0.1526 0.9870 -0.0500
vn -0.1526 0.9870 -0.0501
vn 0.8745 0.3110 0.3723
vn 0.8744 0.3110 0.3723
vn -0.1528 0.9870 0.0497
vn -0.1526 0.9870 0.0500
vn -0.1524 0.9871 0.0500
vn 0.9321 0.2789 0.2311
vn 0.9321 0.2788 0.2312
vn 0.9321 0.2788 0.2313
vn -0.1440 0.9781 0.1505
vn 0.9618 0.2623 0.0783
vn 0.9618 0.2623 0.0784
vn 0.9617 0.2624 0.0787
vn 0.9618 0.2625 0.0782
vn -0.1251 0.9596 0.2522
vn 0.9618 0.2623 -0.0784
vn 0.9618 0.2622 -0.0782
vn 0.9618 0.2624 -0.0784
vn -0.0930 0.9306 0.3539
vn -0.0931 0.9306 0.3540
vn 0.9321 0.2788 -0.2312
vn -0.0446 0.8907 0.4525
vn -0.0445 0.8907 0.4525
vn -0.0445 0.8906 0.4525
vn 0.8986 -0.3290 -0.2903
vn -0.8334 -0.5217 0.1825
vn -0.8332 -0.5219 0.1828
vn -0.8331 -0.5220 0.1828
vn 0.3210 -0.9451 0.0617
vn 0.3211 -0.9450 0.0617
vn -0.7888 -0.5382 0.2969
vn -0.7888 -0.5381 0.2969
vn 0.3210 -0.9451 -0.0617
vn -0.7245 -0.5617 0.3996
vn -0.7245 -0.5616 0.3997
vn -0.7244 -0.5618 0.3995
vn 0.2983 -0.9368 -0.1830
vn 0.2982 -0.9369 -0.1827
vn 0.2980 -0.9368 -0.1831
vn 0.2983 -0.9367 -0.1835
vn -0.6425 -0.5918 0.4868
vn -0.6424 -0.5919 0.4868
vn 0.2542 -0.9205 -0.2966
vn 0.2542 -0.9205 -0.2967
vn 0.2541 -0.9205 -0.2967
vn -0.5461 -0.6272 0.5553
vn -0.3254 -0.7082 -0.6266
vn -0.3255 -0.7082 -0.6265
vn -0.3253 -0.7081 -0.6267
vn 0.1897 -0.8969 -0.3995
vn 0.1897 -0.8969 -0.3996
vn 0.1897 -0.8968 -0.3996
vn -0.4390 -0.6665 0.6026
vn -0.4389 -0.6664 0.6027
vn -0.4390 -0.6664 0.6026
vn -0.4389 -0.6667 -0.6023
vn -0.4389 -0.6668 -0.6023
vn -0.4390 -0.6666 -0.6024
vn 0.1072 -0.8669 -0.4868
vn 0.1076 -0.8669 -0.4868
vn 0.1073 -0.8669 -0.4868
vn 0.1074 -0.8669 -0.4868
vn -0.3254 -0.7080 0.6268
vn -0.3254 -0.7081 0.6267
vn -0.3253 -0.7080 0.6269
vn -0.5460 -0.6271 -0.5555
vn -0.5463 -0.6270 -0.5554
vn -0.5460 -0.6272 -0.5555
vn -0.5461 -0.6272 -0.5553
vn 0.0115 -0.8316 -0.5552
vn 0.0114 -0.8313 -0.5557
vn 0.0114 -0.8315 -0.5554
vn 0.0113 -0.8316 -0.5553
vn -0.2093 -0.7506 0.6268
vn -0.2095 -0.7506 0.6267
vn -0.2092 -0.7505 0.6269
vn -0.6425 -0.5918 -0.4868
vn -0.6424 -0.5916 -0.4872
vn -0.6425 -0.5918 -0.4869
vn -0.6424 -0.5919 -0.4867
vn -0.0957 -0.7923 -0.6026
vn -0.0961 -0.7924 -0.6024
vn -0.0958 -0.7923 -0.6026
vn -0.0958 -0.7923 0.6026
vn -0.0959 -0.7922 0.6026
vn -0.7245 -0.5617 -0.3995
vn -0.7244 -0.5618 -0.3995
vn -0.2093 -0.7507 -0.6266
vn -0.2095 -0.7508 -0.6264
vn -0.2094 -0.7507 -0.6265
vn -0.2096 -0.7505 -0.6267
vn 0.0109 -0.8317 0.5551
vn 0.0112 -0.8316 0.5552
vn 0.0110 -0.8317 0.5551
vn -0.7889 -0.5381 -0.2969
vn -0.7888 -0.5383 -0.2967
vn -0.7888 -0.5382 -0.2968
vn 0.1077 -0.8669 0.4868
vn 0.1078 -0.8669 0.4868
vn -0.8332 -0.5218 -0.1828
vn -0.8333 -0.5218 -0.1827
vn -0.8335 -0.5215 -0.1826
vn 0.1898 -0.8967 0.3999
vn 0.1895 -0.8967 0.4000
vn 0.1899 -0.8968 0.3997
vn -0.8558 -0.5137 -0.0617
vn -0.8557 -0.5137 -0.0621
vn -0.8557 -0.5137 -0.0618
vn -0.8556 -0.5139 -0.0618
vn 0.2541 -0.9206 0.2967
vn 0.2542 -0.9206 0.2965
vn 0.2541 -0.9206 0.2966
vn 0.2542 -0.9206 0.2966
vn -0.8557 -0.5138 0.0618
vn -0.8557 -0.5137 0.0618
vn 0.6722 0.4089 -0.6172
vn 0.6723 0.4089 -0.6172
vn -0.5957 0.2184 0.7730
vn -0.5957 0.2184 0.7729
vn -0.5956 0.2184 0.7730
vn 0.8281 -0.3034 -0.4714
vn 0.8282 -0.3031 -0.4714
vn 0.8281 -0.3032 -0.4716
vn 0.8280 -0.3037 -0.4713
vn -0.4426 0.1622 0.8819
vn -0.4422 0.1623 0.8821
vn -0.4427 0.1622 0.8819
vn -0.4428 0.1621 0.8818
vn -0.0920 0.0337 -0.9952
vn -0.0919 0.0337 -0.9952
vn 0.7258 -0.2661 -0.6344
vn 0.7258 -0.2660 -0.6343
vn 0.7257 -0.2661 -0.6344
vn -0.2725 0.0999 0.9570
vn -0.2723 0.0999 0.9570
vn -0.2727 0.0999 0.9569
vn -0.2727 0.1000 -0.9569
vn -0.2726 0.0999 -0.9569
vn 0.5957 -0.2184 -0.7729
vn 0.5956 -0.2184 -0.7730
vn 0.5957 -0.2184 -0.7730
vn 0.5959 -0.2183 -0.7728
vn -0.0922 0.0338 0.9952
vn -0.4424 0.1621 -0.8820
vn -0.4427 0.1624 -0.8818
vn -0.4426 0.1623 -0.8819
vn -0.4423 0.1620 -0.8821
vn 0.4427 -0.1622 -0.8819
vn 0.4428 -0.1621 -0.8818
vn 0.4425 -0.1622 -0.8820
vn 0.4424 -0.1622 -0.8820
vn 0.0922 -0.0338 0.9952
vn 0.0920 -0.0337 0.9952
vn 0.0923 -0.0338 0.9952
vn -0.5955 0.2181 -0.7732
vn -0.5956 0.2181 -0.7731
vn -0.5955 0.2181 -0.7731
vn 0.2729 -0.0999 -0.9568
vn 0.2726 -0.0999 -0.9569
vn 0.2724 -0.0998 0.9570
vn 0.2725 -0.0999 0.9569
vn 0.2722 -0.0997 0.9571
vn -0.7261 0.2659 -0.6341
vn -0.7259 0.2660 -0.6343
vn 0.0920 -0.0337 -0.9952
vn 0.0919 -0.0337 -0.9952
vn 0.0921 -0.0337 -0.9952
vn 0.4425 -0.1622 0.8820
vn 0.4428 -0.1621 0.8818
vn 0.4427 -0.1622 0.8819
vn 0.4424 -0.1622 0.8820
vn -0.8280 0.3037 -0.4714
vn -0.8280 0.3036 -0.4714
vn 0.5958 -0.2185 0.7729
vn 0.5956 -0.2184 0.7730
vn 0.5957 -0.2184 0.7729
vn 0.5958 -0.2185 0.7728
vn -0.8987 0.3291 -0.2899
vn 0.7258 -0.2658 0.6344
vn 0.7258 -0.2661 0.6344
vn 0.7260 -0.2662 0.6341
vn 0.7259 -0.2661 0.6343
vn -0.9344 0.3425 -0.0981
vn -0.9344 0.3425 -0.0980
vn -0.9343 0.3426 -0.0983
vn 0.8280 -0.3036 0.4714
vn 0.8280 -0.3037 0.4714
vn -0.9344 0.3425 0.0981
vn -0.9344 0.3425 0.0982
vn -0.9343 0.3426 0.0982
vn -0.9343 0.3428 0.0978
vn 0.8986 -0.3290 0.2903
vn 0.8985 -0.3294 0.2903
vn -0.8987 0.3291 0.2899
vn -0.8985 0.3293 0.2902
vn 0.9344 -0.3425 0.0980
vn 0.9344 -0.3426 0.0978
vn 0.9344 -0.3424 0.0983
vn -0.8280 0.3036 0.4714
vn -0.8280 0.3038 0.4713
vn 0.9344 -0.3425 -0.0981
vn 0.9344 -0.3426 -0.0979
vn 0.9344 -0.3425 -0.0982
vn 0.9344 -0.3424 -0.0983
vn -0.7256 0.2657 0.6348
vn -0.1506 -0.7276 -0.6692
vn -0.1505 -0.7276 -0.6693
vn -0.1505 -0.7277 -0.6692
vn 0.1561 0.6844 0.7122
vn -0.0545 0.8122 -0.5808
vn -0.0545 0.8123 -0.5807
vn 0.5483 0.4720 -0.6904
vn 0.5482 0.4720 -0.6904
vn 0.2828 0.6131 0.7377
vn -0.1313 0.8637 -0.4866
vn -0.1312 0.8636 -0.4867
vn 0.4159 0.5411 -0.7309
vn 0.4159 0.5411 0.7309
vn -0.1880 0.9046 -0.3826
vn -0.1880 0.9046 -0.3827
vn -0.1881 0.9047 -0.3823
vn 0.2828 0.6131 -0.7377
vn 0.2828 0.6131 -0.7376
vn 0.5482 0.4720 0.6904
vn -0.2264 0.9348 -0.2737
vn -0.2266 0.9347 -0.2739
vn -0.2267 0.9346 -0.2740
vn 0.6721 0.4089 0.6173
vn 0.6722 0.4089 0.6172
vn 0.6722 0.4089 0.6173
vn -0.2499 0.9543 -0.1639
vn -0.2499 0.9543 -0.1640
vn 0.7807 0.3549 0.5143
vn -0.2606 0.9639 -0.0547
vn -0.2606 0.9639 -0.0546
vn 0.8679 0.3122 0.3864
vn -0.2605 0.9639 0.0550
vn -0.2606 0.9639 0.0546
vn 0.9288 0.2828 0.2396
vn -0.2499 0.9543 0.1640
vn -0.2499 0.9543 0.1638
vn 0.9601 0.2675 0.0814
vn 0.9601 0.2677 0.0812
vn -0.2266 0.9346 0.2740
vn -0.2266 0.9347 0.2739
vn -0.2267 0.9346 0.2740
vn 0.9601 0.2674 -0.0815
vn 0.9601 0.2677 -0.0812
vn 0.9601 0.2676 -0.0813
vn 0.9601 0.2675 -0.0812
vn -0.1877 0.9047 0.3824
vn -0.1880 0.9045 0.3827
vn -0.1878 0.9046 0.3827
vn -0.1880 0.9046 0.3827
vn 0.9288 0.2828 -0.2396
vn -0.1313 0.8636 0.4867
vn 0.8679 0.3122 -0.3864
vn 0.8679 0.3122 -0.3863
vn -0.0545 0.8123 0.5807
vn -0.0541 0.8124 0.5806
vn 0.1561 0.6844 -0.7122
vn 0.7807 0.3549 -0.5143
vn 0.0422 0.7518 0.6580
vn 0.0421 0.7518 0.6580
vn 0.0421 0.7518 -0.6580
vn 0.0423 0.7518 -0.6580
vn 0.8443 -0.2545 0.4716
vn 0.8441 -0.2545 0.4719
vn 0.8444 -0.2544 0.4715
vn 0.8444 -0.2545 0.4714
vn 0.0900 -0.8001 0.5931
vn -0.7813 -0.5376 -0.3170
vn -0.7814 -0.5375 -0.3170
vn -0.7814 -0.5376 -0.3170
vn 0.1947 -0.8318 0.5199
vn 0.1945 -0.8318 0.5199
vn 0.1947 -0.8317 0.5199
vn 0.1949 -0.8317 0.5199
vn -0.8298 -0.5229 -0.1951
vn -0.8298 -0.5229 -0.1952
vn -0.8297 -0.5229 -0.1952
vn 0.2842 -0.8586 0.4266
vn 0.2842 -0.8587 0.4265
vn 0.2841 -0.8587 0.4265
vn -0.8544 -0.5154 -0.0662
vn -0.8544 -0.5153 -0.0666
vn -0.8545 -0.5151 -0.0665
vn 0.3543 -0.8797 0.3170
vn 0.3545 -0.8797 0.3170
vn 0.3544 -0.8797 0.3170
vn 0.3542 -0.8798 0.3169
vn -0.8544 -0.5155 0.0659
vn -0.8544 -0.5154 0.0663
vn -0.8544 -0.5154 0.0659
vn 0.4025 -0.8943 0.1952
vn 0.4026 -0.8943 0.1952
vn 0.4025 -0.8944 0.1952
vn -0.8297 -0.5229 0.1953
vn -0.8297 -0.5230 0.1952
vn -0.8296 -0.5230 0.1953
vn 0.4273 -0.9017 0.0658
vn 0.4272 -0.9017 0.0659
vn 0.4272 -0.9018 0.0658
vn -0.7813 -0.5376 0.3170
vn -0.7811 -0.5377 0.3172
vn -0.7814 -0.5375 0.3171
vn -0.7814 -0.5374 0.3170
vn 0.4273 -0.9017 -0.0659
vn 0.4266 -0.9021 -0.0658
vn 0.4271 -0.9018 -0.0659
vn 0.4272 -0.9017 -0.0660
vn -0.7113 -0.5587 0.4265
vn -0.7112 -0.5590 0.4263
vn -0.7113 -0.5586 0.4266
vn 0.4024 -0.8944 -0.1952
vn 0.4024 -0.8944 -0.1953
vn -0.6222 -0.5853 0.5199
vn -0.6223 -0.5852 0.5199
vn -0.6222 -0.5854 0.5198
vn -0.6221 -0.5855 0.5198
vn 0.3543 -0.8798 -0.3170
vn 0.3541 -0.8798 -0.3170
vn 0.3545 -0.8797 -0.3170
vn -0.5170 -0.6171 0.5932
vn -0.5171 -0.6171 0.5931
vn -0.5170 -0.6173 0.5930
vn -0.5167 -0.6170 0.5935
vn -0.2766 -0.6896 -0.6693
vn -0.2765 -0.6896 -0.6693
vn -0.2764 -0.6897 -0.6692
vn -0.2766 -0.6896 -0.6692
vn 0.2843 -0.8587 -0.4265
vn 0.2843 -0.8586 -0.4266
vn 0.2842 -0.8586 -0.4266
vn -0.4004 -0.6523 0.6435
vn -0.4006 -0.6524 0.6434
vn -0.4002 -0.6522 0.6438
vn -0.4005 -0.6523 0.6436
vn -0.4006 -0.6524 -0.6434
vn -0.4005 -0.6524 -0.6434
vn -0.4005 -0.6522 -0.6435
vn -0.4007 -0.6522 -0.6435
vn 0.1948 -0.8317 -0.5200
vn 0.1947 -0.8316 -0.5201
vn 0.1948 -0.8316 -0.5201
vn 0.1949 -0.8317 -0.5199
vn -0.2768 -0.6897 0.6691
vn -0.2771 -0.6898 0.6689
vn -0.2766 -0.6895 0.6694
vn -0.5170 -0.6174 -0.5929
vn -0.5171 -0.6172 -0.5931
vn -0.5171 -0.6173 -0.5929
vn -0.5175 -0.6168 -0.5930
vn 0.0902 -0.8003 -0.5928
vn 0.0902 -0.8002 -0.5929
vn 0.0900 -0.8001 -0.5931
vn 0.0901 -0.8002 -0.5929
vn -0.1507 -0.7278 0.6691
vn -0.1505 -0.7275 0.6694
vn -0.1505 -0.7276 0.6693
vn -0.6223 -0.5852 -0.5198
vn -0.6222 -0.5853 -0.5198
vn -0.6221 -0.5854 -0.5199
vn -0.0269 -0.7650 -0.6435
vn -0.0267 -0.7649 -0.6436
vn -0.0269 -0.7650 -0.6434
vn -0.0271 -0.7651 -0.6433
vn -0.0268 -0.7650 0.6435
vn -0.0271 -0.7651 0.6434
vn -0.0267 -0.7649 0.6436
vn -0.7114 -0.5586 -0.4264
vn -0.7113 -0.5586 -0.4267
vn -0.7113 -0.5586 -0.4266
vn -0.7115 -0.5585 -0.4264
vn 0.9107 0.4059 -0.0766
vn 0.9107 0.4059 -0.0767
vn -0.9529 0.2871 0.0980
vn -0.9528 0.2872 0.0983
vn -0.9528 0.2872 0.0981
vn -0.9529 0.2870 0.0983
vn 0.9163 -0.2761 0.2902
vn 0.9162 -0.2761 0.2904
vn -0.9162 0.2761 0.2903
vn -0.9161 0.2762 0.2907
vn -0.9162 0.2760 0.2903
vn -0.9162 0.2761 0.2904
vn 0.9528 -0.2872 0.0980
vn 0.9529 -0.2873 0.0975
vn 0.9528 -0.2872 0.0979
vn 0.9528 -0.2872 0.0982
vn -0.8442 0.2546 0.4717
vn -0.8441 0.2547 0.4719
vn -0.8441 0.2547 0.4718
vn -0.8443 0.2546 0.4716
vn 0.9528 -0.2873 -0.0977
vn -0.7398 0.2232 0.6347
vn -0.7401 0.2231 0.6344
vn -0.7398 0.2231 0.6348
vn 0.9162 -0.2761 -0.2903
vn 0.9163 -0.2761 -0.2901
vn 0.9162 -0.2761 -0.2904
vn 0.9161 -0.2762 -0.2907
vn -0.6075 0.1832 0.7729
vn 0.8444 -0.2544 -0.4715
vn 0.8444 -0.2545 -0.4714
vn 0.8443 -0.2546 -0.4715
vn 0.8444 -0.2545 -0.4715
vn -0.4515 0.1361 0.8818
vn -0.4514 0.1361 0.8819
vn -0.0938 0.0283 -0.9952
vn -0.0939 0.0283 -0.9952
vn -0.0936 0.0282 -0.9952
vn 0.7401 -0.2230 -0.6344
vn 0.7401 -0.2231 -0.6344
vn -0.2779 0.0838 0.9570
vn -0.2778 0.0838 0.9570
vn -0.2781 0.0838 0.9569
vn -0.2782 0.0839 -0.9569
vn 0.6074 -0.1831 -0.7730
vn 0.6075 -0.1832 -0.7729
vn 0.6073 -0.1829 -0.7731
vn -0.0937 0.0283 0.9952
vn -0.4520 0.1363 -0.8816
vn -0.4516 0.1361 -0.8818
vn -0.4515 0.1361 -0.8818
vn 0.4514 -0.1360 -0.8819
vn 0.4513 -0.1360 -0.8820
vn 0.4515 -0.1360 -0.8819
vn 0.0937 -0.0283 0.9952
vn 0.0939 -0.0283 0.9952
vn -0.6075 0.1832 -0.7729
vn 0.2780 -0.0838 -0.9569
vn 0.2776 -0.0838 -0.9570
vn 0.2779 -0.0838 -0.9570
vn 0.2781 -0.0838 -0.9569
vn 0.2779 -0.0838 0.9569
vn 0.2778 -0.0838 0.9570
vn -0.7401 0.2232 -0.6344
vn -0.7399 0.2233 -0.6346
vn -0.7398 0.2232 -0.6347
vn -0.7400 0.2231 -0.6346
vn 0.0937 -0.0283 -0.9952
vn 0.0938 -0.0283 -0.9952
vn 0.0937 -0.0282 -0.9952
vn 0.0936 -0.0283 -0.9952
vn 0.4514 -0.1361 0.8819
vn 0.4516 -0.1362 0.8818
vn 0.4515 -0.1361 0.8818
vn -0.8444 0.2544 -0.4714
vn -0.8443 0.2545 -0.4716
vn -0.8444 0.2545 -0.4714
vn 0.6074 -0.1829 0.7731
vn 0.6076 -0.1827 0.7729
vn 0.6074 -0.1828 0.7731
vn 0.6069 -0.1830 0.7735
vn -0.9163 0.2758 -0.2903
vn -0.9162 0.2761 -0.2904
vn -0.9163 0.2761 -0.2903
vn -0.9162 0.2760 -0.2904
vn 0.7401 -0.2232 0.6344
vn 0.7401 -0.2229 0.6345
vn 0.7401 -0.2230 0.6344
vn -0.9528 0.2872 -0.0980
vn -0.9529 0.2871 -0.0981
vn -0.2085 -0.6081 -0.7660
vn -0.2084 -0.6081 -0.7660
vn -0.2083 -0.6081 -0.7660
vn -0.0542 0.9682 0.2441
vn 0.8789 0.4203 -0.2255
vn 0.8790 0.4202 -0.2255
vn -0.0372 0.9418 0.3342
vn -0.0372 0.9417 0.3343
vn 0.8175 0.4482 -0.3617
vn 0.0003 0.9039 0.4277
vn 0.0003 0.9040 0.4275
vn 0.1490 0.7969 -0.5854
vn 0.7300 0.4889 -0.4776
vn 0.0626 0.8552 0.5145
vn 0.0625 0.8552 0.5145
vn 0.0625 0.8552 -0.5145
vn 0.0625 0.8552 -0.5146
vn 0.6223 0.5404 -0.5663
vn 0.1490 0.7969 0.5854
vn 0.1491 0.7969 0.5854
vn 0.0005 0.9040 -0.4275
vn 0.0003 0.9040 -0.4275
vn 0.5016 0.6003 -0.6229
vn 0.2561 0.7324 0.6309
vn -0.0372 0.9417 -0.3343
vn 0.3765 0.6655 -0.6444
vn 0.3765 0.6655 0.6444
vn 0.3765 0.6655 0.6445
vn -0.0542 0.9682 -0.2441
vn 0.2561 0.7324 -0.6309
vn 0.5016 0.6003 0.6229
vn -0.0569 0.9850 -0.1626
vn -0.0571 0.9850 -0.1627
vn -0.0567 0.9850 -0.1628
vn 0.6223 0.5404 0.5663
vn -0.0535 0.9943 -0.0920
vn 0.7300 0.4889 0.4776
vn -0.0499 0.9983 -0.0296
vn -0.0499 0.9983 -0.0295
vn 0.8175 0.4482 0.3617
vn -0.0499 0.9983 0.0295
vn -0.0499 0.9983 0.0296
vn 0.8790 0.4202 0.2255
vn -0.0533 0.9943 0.0921
vn -0.0535 0.9943 0.0920
vn 0.9107 0.4059 0.0765
vn 0.9107 0.4059 0.0766
vn -0.0572 0.9850 0.1628
vn -0.0571 0.9850 0.1627
vn -0.0572 0.9850 0.1629
vn -0.6201 0.1337 -0.7731
vn -0.6202 0.1337 -0.7730
vn 0.4468 -0.7496 -0.4883
vn 0.4471 -0.7494 -0.4883
vn 0.4470 -0.7495 -0.4883
vn 0.4470 -0.7493 -0.4886
vn -0.3531 -0.5771 0.7364
vn -0.3527 -0.5769 0.7368
vn -0.3530 -0.5771 0.7365
vn -0.3535 -0.5773 0.7361
vn -0.3531 -0.5770 -0.7365
vn -0.3530 -0.5770 -0.7366
vn -0.3530 -0.5771 -0.7364
vn -0.3530 -0.5769 -0.7366
vn 0.3426 -0.7272 -0.5949
vn 0.3428 -0.7270 -0.5950
vn 0.3427 -0.7271 -0.5949
vn 0.3430 -0.7270 -0.5949
vn -0.2083 -0.6082 0.7660
vn -0.2081 -0.6082 0.7660
vn -0.2079 -0.6081 0.7661
vn -0.2083 -0.6081 0.7660
vn -0.4888 -0.5480 -0.6788
vn -0.4889 -0.5480 -0.6788
vn 0.2196 -0.7006 -0.6789
vn 0.2201 -0.7005 -0.6788
vn 0.2201 -0.7005 -0.6789
vn -0.0609 -0.6400 0.7660
vn -0.0608 -0.6399 0.7660
vn -0.0606 -0.6398 0.7661
vn -0.6119 -0.5215 -0.5946
vn -0.6119 -0.5211 -0.5950
vn -0.6119 -0.5212 -0.5949
vn -0.6119 -0.5212 -0.5950
vn 0.0837 -0.6712 -0.7366
vn 0.0835 -0.6711 -0.7367
vn 0.0837 -0.6713 -0.7364
vn 0.0839 -0.6714 -0.7363
vn 0.0838 -0.6713 0.7364
vn 0.0838 -0.6712 0.7366
vn 0.0837 -0.6714 0.7364
vn 0.0842 -0.6712 0.7365
vn -0.7160 -0.4985 -0.4887
vn -0.7161 -0.4986 -0.4884
vn -0.7161 -0.4986 -0.4885
vn -0.7162 -0.4986 -0.4883
vn -0.0608 -0.6399 -0.7660
vn -0.0607 -0.6400 -0.7660
vn -0.0607 -0.6399 -0.7660
vn 0.2200 -0.7005 0.6789
vn 0.2202 -0.7005 0.6789
vn 0.2201 -0.7005 0.6788
vn -0.7981 -0.4810 -0.3628
vn -0.7979 -0.4811 -0.3632
vn -0.7981 -0.4811 -0.3628
vn 0.3426 -0.7271 0.5949
vn 0.3425 -0.7268 0.5954
vn 0.3427 -0.7269 0.5952
vn 0.3428 -0.7271 0.5948
vn -0.8546 -0.4689 -0.2232
vn -0.8545 -0.4690 -0.2234
vn -0.8545 -0.4690 -0.2233
vn -0.8547 -0.4688 -0.2231
vn 0.4471 -0.7496 0.4882
vn 0.4472 -0.7494 0.4883
vn 0.4473 -0.7495 0.4881
vn 0.4470 -0.7495 0.4883
vn -0.8832 -0.4629 -0.0751
vn -0.8833 -0.4627 -0.0754
vn -0.8833 -0.4626 -0.0755
vn -0.8833 -0.4626 -0.0754
vn 0.5291 -0.7671 0.3628
vn 0.5290 -0.7672 0.3628
vn -0.8833 -0.4628 0.0751
vn -0.8833 -0.4627 0.0753
vn -0.8834 -0.4625 0.0756
vn 0.5855 -0.7792 0.2236
vn 0.5855 -0.7793 0.2236
vn 0.5855 -0.7793 0.2234
vn -0.8545 -0.4689 0.2233
vn -0.8545 -0.4689 0.2235
vn -0.8545 -0.4690 0.2233
vn -0.8546 -0.4688 0.2234
vn 0.6142 -0.7855 0.0757
vn 0.6141 -0.7856 0.0758
vn 0.6142 -0.7855 0.0758
vn 0.6145 -0.7853 0.0754
vn -0.7981 -0.4809 0.3629
vn -0.7980 -0.4810 0.3630
vn -0.7981 -0.4810 0.3629
vn -0.7981 -0.4811 0.3628
vn 0.6141 -0.7856 -0.0753
vn 0.6143 -0.7855 -0.0752
vn 0.6142 -0.7856 -0.0756
vn 0.6140 -0.7857 -0.0755
vn -0.7162 -0.4985 0.4884
vn -0.7163 -0.4986 0.4882
vn -0.7162 -0.4985 0.4883
vn -0.7162 -0.4986 0.4883
vn 0.5855 -0.7792 -0.2236
vn 0.5855 -0.7793 -0.2234
vn 0.5855 -0.7793 -0.2235
vn 0.5855 -0.7793 -0.2236
vn -0.6119 -0.5215 0.5946
vn -0.6119 -0.5211 0.5950
vn 0.5290 -0.7671 -0.3628
vn 0.5291 -0.7671 -0.3628
vn -0.4889 -0.5480 0.6788
vn -0.4888 -0.5480 0.6788
vn -0.0213 0.9977 -0.0644
vn -0.0211 0.9977 -0.0645
vn 0.2838 -0.0612 -0.9569
vn 0.2837 -0.0612 -0.9570
vn 0.2838 -0.0612 0.9569
vn -0.7555 0.1630 -0.6345
vn -0.7556 0.1629 -0.6345
vn -0.7555 0.1630 -0.6346
vn -0.7554 0.1631 -0.6346
vn 0.0958 -0.0207 -0.9952
vn 0.4609 -0.0996 0.8818
vn 0.4608 -0.0993 0.8819
vn -0.8622 0.1859 -0.4713
vn -0.8620 0.1854 -0.4717
vn -0.8622 0.1857 -0.4714
vn -0.8621 0.1859 -0.4714
vn 0.6202 -0.1338 0.7730
vn 0.6201 -0.1337 0.7730
vn 0.6200 -0.1338 0.7731
vn 0.6199 -0.1339 0.7732
vn -0.9355 0.2016 -0.2902
vn -0.9355 0.2015 -0.2903
vn -0.9354 0.2017 -0.2903
vn 0.7557 -0.1628 0.6344
vn 0.7556 -0.1628 0.6345
vn 0.7557 -0.1629 0.6343
vn 0.7558 -0.1631 0.6341
vn -0.9728 0.2099 -0.0979
vn -0.9728 0.2097 -0.0981
vn -0.9728 0.2096 -0.0984
vn -0.9728 0.2100 -0.0977
vn 0.8621 -0.1863 0.4712
vn 0.8621 -0.1860 0.4714
vn -0.9728 0.2097 0.0983
vn -0.9728 0.2097 0.0981
vn -0.9728 0.2099 0.0978
vn -0.9728 0.2100 0.0976
vn 0.9355 -0.2016 0.2903
vn 0.9355 -0.2015 0.2903
vn 0.9355 -0.2017 0.2903
vn 0.9355 -0.2015 0.2901
vn -0.9353 0.2020 0.2905
vn -0.9354 0.2019 0.2903
vn -0.9354 0.2020 0.2904
vn -0.9354 0.2018 0.2904
vn 0.9729 -0.2098 0.0978
vn 0.9729 -0.2097 0.0980
vn 0.9728 -0.2097 0.0980
vn 0.9728 -0.2097 0.0981
vn -0.8620 0.1859 0.4715
vn -0.8621 0.1859 0.4714
vn -0.8621 0.1856 0.4716
vn -0.8621 0.1859 0.4715
vn 0.9728 -0.2098 -0.0980
vn 0.9728 -0.2098 -0.0979
vn 0.9728 -0.2097 -0.0981
vn -0.7557 0.1630 0.6343
vn -0.7557 0.1631 0.6343
vn -0.7558 0.1630 0.6342
vn -0.7560 0.1632 0.6339
vn 0.9354 -0.2016 -0.2904
vn 0.9355 -0.2016 -0.2903
vn 0.9354 -0.2016 -0.2905
vn 0.9353 -0.2019 -0.2906
vn -0.6202 0.1338 0.7729
vn -0.6201 0.1337 0.7731
vn 0.8621 -0.1859 -0.4713
vn 0.8622 -0.1861 -0.4711
vn 0.8621 -0.1859 -0.4714
vn -0.4606 0.0993 0.8820
vn -0.4610 0.0992 0.8818
vn -0.4608 0.0992 0.8819
vn -0.4604 0.0994 0.8821
vn -0.0958 0.0207 -0.9952
vn -0.0957 0.0207 -0.9952
vn 0.7556 -0.1631 -0.6344
vn 0.7555 -0.1629 -0.6345
vn 0.7555 -0.1632 -0.6344
vn -0.2837 0.0612 0.9570
vn -0.2838 0.0612 0.9569
vn -0.2837 0.0611 -0.9570
vn -0.2838 0.0612 -0.9569
vn -0.2836 0.0611 -0.9570
vn -0.2834 0.0610 -0.9571
vn 0.6200 -0.1337 -0.7731
vn 0.6201 -0.1337 -0.7730
vn 0.6201 -0.1336 -0.7731
vn 0.6200 -0.1333 -0.7732
vn -0.0957 0.0206 0.9952
vn -0.0958 0.0206 0.9952
vn -0.0962 0.0207 0.9951
vn -0.0961 0.0207 0.9952
vn -0.4608 0.0992 -0.8819
vn -0.4610 0.0992 -0.8818
vn -0.4606 0.0993 -0.8820
vn -0.4604 0.0994 -0.8821
vn 0.4609 -0.0996 -0.8818
vn 0.0957 -0.0206 0.9952
vn 0.0956 -0.0206 0.9952
vn 0.0958 -0.0206 0.9952
vn -0.6677 -0.7267 0.1616
vn -0.6677 -0.7266 0.1617
vn -0.6679 -0.7266 0.1613
vn 0.5677 0.7506 0.3381
vn 0.5675 0.7507 0.3383
vn -0.0211 0.9996 -0.0210
vn -0.0210 0.9996 -0.0210
vn 0.6358 0.7273 0.2586
vn 0.6358 0.7273 0.2585
vn 0.6358 0.7271 0.2588
vn -0.0210 0.9996 0.0210
vn -0.0211 0.9996 0.0210
vn 0.6844 0.7108 0.1623
vn 0.6844 0.7108 0.1622
vn -0.0210 0.9977 0.0645
vn -0.0211 0.9977 0.0645
vn -0.0211 0.9977 0.0644
vn 0.7096 0.7025 0.0549
vn 0.7097 0.7023 0.0553
vn 0.7097 0.7023 0.0551
vn -0.0191 0.9935 0.1123
vn -0.0188 0.9935 0.1120
vn 0.7097 0.7023 -0.0552
vn 0.7097 0.7023 -0.0553
vn -0.0120 0.9861 0.1655
vn 0.6845 0.7107 -0.1623
vn 0.6844 0.7108 -0.1622
vn 0.0041 0.9747 0.2236
vn 0.0042 0.9747 0.2236
vn 0.6359 0.7272 -0.2586
vn 0.6358 0.7273 -0.2585
vn 0.6357 0.7273 -0.2586
vn 0.0332 0.9583 0.2838
vn 0.0335 0.9583 0.2838
vn 0.1394 0.9100 -0.3904
vn 0.5675 0.7507 -0.3383
vn 0.5675 0.7507 -0.3382
vn 0.0780 0.9366 0.3415
vn 0.0783 0.9367 0.3413
vn 0.0784 0.9367 0.3413
vn 0.0783 0.9367 -0.3412
vn 0.0783 0.9367 -0.3413
vn 0.4848 0.7796 -0.3965
vn 0.4847 0.7796 -0.3966
vn 0.1393 0.9101 0.3903
vn 0.1394 0.9100 0.3904
vn 0.1393 0.9100 0.3904
vn 0.0335 0.9583 -0.2838
vn 0.3941 0.8120 -0.4306
vn 0.3940 0.8120 -0.4306
vn 0.3941 0.8122 -0.4302
vn 0.2152 0.8793 0.4249
vn 0.2151 0.8793 0.4249
vn 0.0043 0.9747 -0.2237
vn 0.0042 0.9747 -0.2236
vn 0.3019 0.8459 -0.4396
vn 0.3019 0.8460 -0.4395
vn 0.3019 0.8459 0.4396
vn 0.3019 0.8460 0.4395
vn 0.3019 0.8459 0.4397
vn -0.0120 0.9861 -0.1655
vn -0.0120 0.9861 -0.1656
vn 0.2153 0.8793 -0.4249
vn 0.2152 0.8793 -0.4249
vn 0.3940 0.8119 0.4307
vn 0.3940 0.8120 0.4306
vn 0.3942 0.8119 0.4306
vn -0.0191 0.9935 -0.1123
vn 0.4847 0.7796 0.3966
vn 0.4847 0.7796 0.3965
vn -0.6251 0.1084 0.7730
vn -0.6252 0.1083 0.7729
vn 0.4051 -0.9126 0.0546
vn 0.4051 -0.9126 0.0547
vn -0.6265 -0.7338 0.2629
vn -0.6264 -0.7338 0.2629
vn 0.4052 -0.9126 -0.0548
vn 0.4051 -0.9126 -0.0547
vn 0.4052 -0.9126 -0.0547
vn -0.5664 -0.7443 0.3539
vn -0.5666 -0.7442 0.3539
vn -0.5664 -0.7444 0.3538
vn -0.5666 -0.7443 0.3535
vn 0.3841 -0.9090 -0.1619
vn 0.3839 -0.9090 -0.1621
vn -0.4903 -0.7576 0.4309
vn -0.4904 -0.7575 0.4310
vn -0.4903 -0.7575 0.4310
vn -0.4904 -0.7574 0.4311
vn 0.3430 -0.9018 -0.2628
vn 0.3430 -0.9019 -0.2628
vn 0.3429 -0.9019 -0.2627
vn -0.4009 -0.7729 0.4919
vn -0.1957 -0.8085 -0.5550
vn 0.2831 -0.8914 -0.3540
vn 0.2832 -0.8913 -0.3541
vn 0.2831 -0.8914 -0.3539
vn -0.3013 -0.7904 0.5334
vn -0.3012 -0.7903 0.5335
vn -0.3013 -0.7904 0.5333
vn -0.3013 -0.7901 -0.5337
vn -0.3013 -0.7899 -0.5341
vn -0.3014 -0.7900 -0.5339
vn 0.2069 -0.8782 -0.4313
vn 0.2068 -0.8782 -0.4313
vn -0.1958 -0.8086 0.5549
vn -0.1957 -0.8085 0.5550
vn -0.1958 -0.8085 0.5549
vn -0.1959 -0.8086 0.5548
vn -0.4008 -0.7729 -0.4919
vn -0.4009 -0.7729 -0.4919
vn 0.1171 -0.8628 -0.4918
vn 0.1172 -0.8628 -0.4918
vn 0.1171 -0.8627 -0.4920
vn -0.0879 -0.8272 0.5550
vn -0.0880 -0.8272 0.5549
vn -0.0877 -0.8272 0.5550
vn -0.0880 -0.8272 0.5550
vn -0.4904 -0.7575 -0.4310
vn -0.4904 -0.7575 -0.4309
vn -0.4906 -0.7573 -0.4310
vn -0.4905 -0.7573 -0.4311
vn 0.0175 -0.8454 -0.5338
vn 0.0173 -0.8455 -0.5336
vn 0.0174 -0.8457 -0.5334
vn 0.0175 -0.8458 -0.5332
vn 0.0176 -0.8456 0.5336
vn 0.0177 -0.8455 0.5336
vn 0.0176 -0.8456 0.5335
vn -0.5665 -0.7443 -0.3537
vn -0.5666 -0.7442 -0.3538
vn -0.5664 -0.7445 -0.3535
vn -0.0880 -0.8273 -0.5549
vn -0.0880 -0.8273 -0.5548
vn -0.0880 -0.8272 -0.5549
vn -0.0880 -0.8272 -0.5550
vn 0.1174 -0.8627 0.4919
vn 0.1176 -0.8627 0.4919
vn 0.1175 -0.8627 0.4919
vn 0.1172 -0.8627 0.4919
vn -0.6264 -0.7338 -0.2629
vn -0.6263 -0.7339 -0.2629
vn 0.2069 -0.8782 0.4312
vn 0.2068 -0.8783 0.4311
vn 0.2070 -0.8781 0.4314
vn -0.6677 -0.7266 -0.1617
vn -0.6677 -0.7266 -0.1616
vn -0.6677 -0.7267 -0.1617
vn -0.6677 -0.7266 -0.1619
vn 0.2830 -0.8914 0.3539
vn 0.2829 -0.8914 0.3540
vn 0.2830 -0.8915 0.3539
vn 0.2832 -0.8914 0.3538
vn -0.6885 -0.7232 -0.0549
vn -0.6885 -0.7231 -0.0550
vn 0.3430 -0.9019 0.2628
vn 0.3429 -0.9019 0.2628
vn 0.3430 -0.9018 0.2628
vn 0.3426 -0.9019 0.2630
vn -0.6885 -0.7231 0.0549
vn -0.6886 -0.7231 0.0550
vn -0.6885 -0.7232 0.0548
vn 0.3840 -0.9090 0.1621
vn 0.3840 -0.9090 0.1622
vn 0.3841 -0.9090 0.1620
vn 0.3838 -0.9091 0.1622
vn 0.0145 0.7110 0.7031
vn 0.0146 0.7110 0.7030
vn 0.8690 -0.1507 -0.4713
vn 0.8689 -0.1510 -0.4715
vn 0.8690 -0.1507 -0.4714
vn -0.4643 0.0807 0.8820
vn -0.4644 0.0806 0.8820
vn -0.0966 0.0167 -0.9952
vn 0.7617 -0.1322 -0.6342
vn -0.2858 0.0496 0.9570
vn -0.2856 0.0496 0.9571
vn -0.2860 0.0496 0.9570
vn -0.2857 0.0496 -0.9570
vn -0.2856 0.0496 -0.9571
vn -0.2855 0.0495 -0.9571
vn -0.2858 0.0496 -0.9570
vn 0.6252 -0.1084 -0.7729
vn 0.6251 -0.1084 -0.7730
vn 0.6251 -0.1083 -0.7730
vn -0.0961 0.0167 0.9952
vn -0.4644 0.0806 -0.8820
vn -0.4643 0.0807 -0.8820
vn -0.4644 0.0806 -0.8819
vn -0.4648 0.0803 -0.8818
vn 0.4646 -0.0805 -0.8819
vn 0.4648 -0.0804 -0.8818
vn 0.4644 -0.0806 -0.8820
vn 0.0965 -0.0167 0.9952
vn 0.0967 -0.0167 0.9952
vn 0.0966 -0.0167 0.9952
vn -0.6251 0.1084 -0.7730
vn -0.6251 0.1083 -0.7730
vn -0.6249 0.1084 -0.7731
vn 0.2860 -0.0496 -0.9569
vn 0.2860 -0.0496 -0.9570
vn 0.2859 -0.0497 -0.9570
vn 0.2856 -0.0496 -0.9571
vn 0.2857 -0.0496 0.9570
vn 0.2858 -0.0496 0.9570
vn 0.2855 -0.0495 0.9571
vn 0.2856 -0.0496 0.9571
vn -0.7616 0.1321 -0.6344
vn 0.0966 -0.0167 -0.9952
vn 0.4644 -0.0806 0.8820
vn 0.4648 -0.0804 0.8818
vn 0.4646 -0.0805 0.8819
vn 0.4641 -0.0806 0.8821
vn -0.8689 0.1510 -0.4715
vn -0.8690 0.1507 -0.4714
vn 0.6250 -0.1084 0.7730
vn 0.6250 -0.1084 0.7731
vn -0.9429 0.1637 -0.2900
vn -0.9429 0.1635 -0.2903
vn -0.9429 0.1638 -0.2899
vn 0.7614 -0.1323 0.6346
vn -0.9806 0.1700 -0.0980
vn -0.9805 0.1701 -0.0981
vn -0.9806 0.1700 -0.0978
vn 0.8690 -0.1507 0.4713
vn 0.8690 -0.1507 0.4714
vn 0.8689 -0.1510 0.4715
vn -0.9806 0.1700 0.0979
vn -0.9806 0.1700 0.0980
vn -0.9805 0.1701 0.0981
vn 0.9429 -0.1635 0.2903
vn 0.9428 -0.1635 0.2903
vn 0.9428 -0.1636 0.2904
vn -0.9428 0.1636 0.2904
vn -0.9429 0.1635 0.2903
vn -0.9428 0.1635 0.2903
vn 0.9806 -0.1701 0.0979
vn 0.9806 -0.1700 0.0980
vn -0.8690 0.1507 0.4714
vn -0.8690 0.1505 0.4713
vn -0.8689 0.1510 0.4715
vn 0.9806 -0.1699 -0.0982
vn 0.9806 -0.1699 -0.0981
vn 0.9806 -0.1701 -0.0979
vn 0.9806 -0.1700 -0.0980
vn -0.7616 0.1323 0.6344
vn -0.7617 0.1319 0.6344
vn 0.9429 -0.1635 -0.2903
vn 0.9428 -0.1634 -0.2905
vn 0.1871 -0.8770 0.4426
vn 0.1871 -0.8769 0.4427
vn -0.1644 0.8543 -0.4931
vn 0.4563 0.4998 -0.7362
vn 0.1507 0.6353 0.7574
vn -0.1948 0.9100 -0.3659
vn 0.3022 0.5638 -0.7687
vn 0.3022 0.5638 0.7687
vn -0.1909 0.9500 -0.2471
vn 0.1507 0.6353 -0.7574
vn 0.4563 0.4998 0.7362
vn -0.1663 0.9747 -0.1495
vn 0.6018 0.4452 0.6631
vn -0.1377 0.9875 -0.0767
vn 0.7292 0.4010 0.5545
vn -0.1194 0.9926 -0.0232
vn -0.1193 0.9926 -0.0232
vn 0.8311 0.3677 0.4173
vn -0.1194 0.9926 0.0232
vn 0.9020 0.3454 0.2589
vn -0.1377 0.9875 0.0767
vn 0.9384 0.3344 0.0877
vn 0.9384 0.3342 0.0877
vn 0.9384 0.3343 0.0877
vn -0.1663 0.9747 0.1495
vn 0.9384 0.3343 -0.0875
vn 0.9384 0.3342 -0.0877
vn -0.1909 0.9500 0.2471
vn 0.9020 0.3454 -0.2589
vn 0.9020 0.3454 -0.2590
vn -0.1948 0.9100 0.3659
vn 0.8311 0.3677 -0.4173
vn -0.1644 0.8543 0.4931
vn 0.0146 0.7111 -0.7030
vn 0.0146 0.7110 -0.7030
vn 0.7292 0.4010 -0.5545
vn -0.0936 0.7861 0.6110
vn -0.0936 0.7861 -0.6110
vn 0.6018 0.4452 -0.6631
vn 0.8804 -0.0501 0.4715
vn -0.4912 -0.8383 -0.2367
vn -0.4910 -0.8383 -0.2370
vn -0.4911 -0.8383 -0.2368
vn -0.4912 -0.8383 -0.2366
vn 0.2688 -0.8816 0.3880
vn 0.2690 -0.8815 0.3880
vn 0.2689 -0.8816 0.3880
vn -0.5288 -0.8361 -0.1457
vn -0.5290 -0.8360 -0.1458
vn -0.5288 -0.8362 -0.1457
vn -0.5288 -0.8362 -0.1456
vn 0.3382 -0.8854 0.3188
vn 0.3382 -0.8856 0.3184
vn 0.3379 -0.8856 0.3186
vn -0.5478 -0.8351 -0.0491
vn -0.5479 -0.8351 -0.0492
vn -0.5479 -0.8351 -0.0491
vn 0.3928 -0.8887 0.2366
vn -0.5479 -0.8351 0.0492
vn -0.5482 -0.8349 0.0494
vn 0.4303 -0.8908 0.1457
vn 0.4304 -0.8908 0.1457
vn 0.4303 -0.8909 0.1457
vn -0.5287 -0.8361 0.1460
vn -0.5285 -0.8363 0.1456
vn -0.5286 -0.8363 0.1457
vn -0.5288 -0.8361 0.1459
vn 0.4497 -0.8918 0.0493
vn 0.4495 -0.8919 0.0492
vn 0.4497 -0.8918 0.0492
vn 0.4500 -0.8916 0.0492
vn -0.4913 -0.8383 0.2365
vn -0.4912 -0.8383 0.2366
vn -0.4915 -0.8382 0.2364
vn 0.4496 -0.8919 -0.0492
vn 0.4497 -0.8918 -0.0492
vn 0.4496 -0.8919 -0.0494
vn -0.4368 -0.8412 0.3187
vn -0.4367 -0.8414 0.3184
vn -0.4366 -0.8414 0.3183
vn -0.4366 -0.8414 0.3184
vn 0.4303 -0.8909 -0.1456
vn 0.4304 -0.8908 -0.1457
vn 0.4303 -0.8908 -0.1457
vn 0.4301 -0.8910 -0.1456
vn -0.3672 -0.8453 0.3881
vn -0.3671 -0.8454 0.3880
vn 0.3928 -0.8887 -0.2366
vn -0.2856 -0.8500 0.4427
vn -0.2858 -0.8499 0.4427
vn -0.2854 -0.8500 0.4428
vn -0.0983 -0.8606 -0.4996
vn -0.0983 -0.8607 -0.4996
vn 0.3383 -0.8856 -0.3183
vn 0.3383 -0.8855 -0.3184
vn 0.3384 -0.8855 -0.3185
vn -0.1943 -0.8552 0.4806
vn -0.1942 -0.8551 0.4808
vn -0.1943 -0.8552 0.4805
vn -0.1944 -0.8553 0.4803
vn -0.1946 -0.8552 -0.4804
vn -0.1947 -0.8552 -0.4804
vn -0.1947 -0.8551 -0.4804
vn 0.2687 -0.8817 -0.3879
vn 0.2687 -0.8816 -0.3880
vn 0.2687 -0.8816 -0.3881
vn -0.0984 -0.8607 0.4996
vn -0.0983 -0.8607 0.4996
vn -0.2854 -0.8500 -0.4427
vn -0.2852 -0.8501 -0.4427
vn 0.1871 -0.8769 -0.4428
vn 0.1871 -0.8769 -0.4427
vn -0.0001 -0.8663 0.4995
vn -0.0000 -0.8663 0.4996
vn -0.0000 -0.8662 0.4996
vn -0.3671 -0.8453 -0.3882
vn -0.3667 -0.8453 -0.3885
vn -0.3671 -0.8454 -0.3881
vn -0.3671 -0.8454 -0.3880
vn 0.0961 -0.8717 -0.4805
vn 0.0963 -0.8718 -0.4804
vn 0.0960 -0.8719 -0.4803
vn 0.0960 -0.8717 0.4805
vn 0.0961 -0.8717 0.4806
vn 0.0959 -0.8717 0.4805
vn 0.0958 -0.8718 0.4804
vn -0.4367 -0.8414 -0.3184
vn -0.0000 -0.8662 -0.4996
vn -0.0000 -0.8663 -0.4996
vn -0.0000 -0.8662 -0.4997
vn 0.8332 0.5471 -0.0803
vn 0.8331 0.5472 -0.0805
vn 0.8333 0.5469 -0.0801
vn -0.9936 0.0566 0.0981
vn -0.9936 0.0566 0.0980
vn 0.9554 -0.0544 0.2904
vn 0.9554 -0.0544 0.2903
vn -0.9554 0.0544 0.2904
vn 0.9936 -0.0568 0.0980
vn 0.9936 -0.0566 0.0981
vn 0.9936 -0.0566 0.0980
vn -0.8805 0.0501 0.4715
vn 0.9936 -0.0568 -0.0981
vn 0.9936 -0.0566 -0.0981
vn 0.9936 -0.0566 -0.0980
vn 0.9936 -0.0567 -0.0980
vn -0.7717 0.0439 0.6345
vn -0.7716 0.0439 0.6346
vn -0.7718 0.0439 0.6344
vn 0.9554 -0.0544 -0.2904
vn 0.9553 -0.0544 -0.2905
vn -0.6338 0.0361 0.7726
vn -0.6335 0.0361 0.7729
vn 0.8806 -0.0501 -0.4712
vn 0.8804 -0.0501 -0.4715
vn -0.4701 0.0268 0.8822
vn -0.4705 0.0268 0.8820
vn -0.0981 0.0056 -0.9952
vn -0.0979 0.0056 -0.9952
vn -0.0978 0.0056 -0.9952
vn 0.7717 -0.0439 -0.6345
vn -0.2898 0.0165 0.9570
vn -0.2900 0.0165 0.9569
vn -0.2896 0.0165 0.9570
vn -0.2896 0.0165 -0.9570
vn -0.2897 0.0165 -0.9570
vn -0.2898 0.0165 -0.9569
vn 0.6330 -0.0360 -0.7733
vn 0.6333 -0.0361 -0.7730
vn -0.0981 0.0056 0.9952
vn -0.0980 0.0056 0.9952
vn -0.4707 0.0268 -0.8819
vn 0.4707 -0.0268 -0.8819
vn 0.0980 -0.0056 0.9952
vn 0.0978 -0.0056 0.9952
vn 0.0979 -0.0056 0.9952
vn -0.6332 0.0361 -0.7731
vn -0.6333 0.0361 -0.7730
vn 0.2897 -0.0165 -0.9570
vn 0.2898 -0.0165 -0.9569
vn 0.2897 -0.0165 0.9570
vn 0.2898 -0.0165 0.9570
vn -0.7717 0.0439 -0.6345
vn 0.0981 -0.0056 -0.9952
vn 0.0986 -0.0056 -0.9951
vn 0.0980 -0.0056 -0.9952
vn 0.4702 -0.0268 0.8822
vn -0.8805 0.0501 -0.4715
vn 0.6338 -0.0361 0.7726
vn 0.6335 -0.0361 0.7729
vn -0.9554 0.0544 -0.2904
vn 0.7718 -0.0439 0.6344
vn 0.7719 -0.0439 0.6343
vn -0.9936 0.0566 -0.0982
vn 0.3381 -0.6941 0.6356
vn 0.3380 -0.6941 0.6356
vn 0.3381 -0.6941 0.6355
vn -0.3555 0.8803 0.3141
vn 0.7986 0.5533 -0.2368
vn 0.7985 0.5534 -0.2368
vn 0.7986 0.5534 -0.2367
vn -0.3135 0.8544 0.4143
vn 0.7311 0.5659 -0.3810
vn 0.7311 0.5660 -0.3810
vn 0.7310 0.5662 -0.3808
vn -0.2478 0.8228 0.5114
vn -0.0418 0.7486 -0.6617
vn 0.6346 0.5847 -0.5054
vn 0.6345 0.5848 -0.5053
vn -0.1566 0.7869 0.5969
vn -0.1566 0.7869 -0.5969
vn 0.5146 0.6092 -0.6034
vn 0.5147 0.6091 -0.6034
vn -0.0418 0.7486 0.6617
vn -0.2478 0.8228 -0.5114
vn 0.3786 0.6388 -0.6698
vn 0.3784 0.6387 -0.6699
vn 0.0911 0.7099 0.6984
vn -0.3135 0.8544 -0.4143
vn 0.2342 0.6727 -0.7018
vn 0.2342 0.6728 0.7018
vn 0.2342 0.6727 0.7018
vn 0.2342 0.6727 0.7019
vn -0.3555 0.8803 -0.3141
vn 0.0911 0.7099 -0.6984
vn 0.3784 0.6387 0.6700
vn 0.3784 0.6387 0.6699
vn 0.3782 0.6389 0.6700
vn -0.3785 0.8998 -0.2172
vn 0.5147 0.6091 0.6034
vn 0.5147 0.6092 0.6034
vn -0.3889 0.9125 -0.1265
vn -0.3889 0.9126 -0.1265
vn 0.6344 0.5849 0.5055
vn 0.6346 0.5847 0.5054
vn 0.6345 0.5847 0.5055
vn -0.3924 0.9189 -0.0414
vn 0.7311 0.5660 0.3810
vn -0.3924 0.9189 0.0414
vn 0.7985 0.5535 0.2365
vn 0.7985 0.5535 0.2368
vn 0.7986 0.5535 0.2366
vn -0.3889 0.9125 0.1265
vn 0.8330 0.5473 0.0807
vn 0.8331 0.5472 0.0803
vn 0.8332 0.5471 0.0803
vn -0.3785 0.8998 0.2172
vn 0.8820 -0.0039 0.4713
vn 0.8820 -0.0039 0.4712
vn 0.8819 -0.0039 0.4714
vn -0.6372 -0.6918 -0.3397
vn -0.6374 -0.6916 -0.3397
vn -0.6370 -0.6920 -0.3397
vn -0.6370 -0.6920 -0.3398
vn 0.4554 -0.6944 0.5571
vn -0.6913 -0.6917 -0.2090
vn -0.6913 -0.6917 -0.2089
vn -0.6912 -0.6918 -0.2088
vn -0.6914 -0.6915 -0.2092
vn 0.5553 -0.6947 0.4572
vn -0.7192 -0.6913 -0.0705
vn -0.7191 -0.6913 -0.0706
vn -0.7189 -0.6915 -0.0707
vn -0.7192 -0.6913 -0.0704
vn 0.6339 -0.6949 0.3396
vn 0.6338 -0.6949 0.3397
vn 0.6338 -0.6949 0.3396
vn -0.7189 -0.6915 0.0706
vn -0.7188 -0.6916 0.0705
vn -0.7189 -0.6915 0.0707
vn -0.7191 -0.6913 0.0708
vn 0.6878 -0.6950 0.2094
vn 0.6878 -0.6950 0.2097
vn 0.6877 -0.6951 0.2096
vn 0.6879 -0.6950 0.2092
vn -0.6913 -0.6917 0.2089
vn -0.6913 -0.6917 0.2090
vn -0.6914 -0.6916 0.2091
vn 0.7153 -0.6952 0.0709
vn 0.7151 -0.6954 0.0705
vn 0.7152 -0.6954 0.0708
vn 0.7154 -0.6951 0.0707
vn -0.6370 -0.6920 0.3397
vn -0.6370 -0.6920 0.3398
vn 0.7155 -0.6951 -0.0705
vn 0.7153 -0.6952 -0.0706
vn 0.7155 -0.6951 -0.0706
vn 0.7157 -0.6948 -0.0705
vn -0.5588 -0.6919 0.4572
vn -0.5583 -0.6921 0.4575
vn 0.6878 -0.6950 -0.2094
vn 0.6879 -0.6950 -0.2092
vn 0.6878 -0.6950 -0.2093
vn 0.6878 -0.6951 -0.2093
vn -0.4591 -0.6920 0.5571
vn -0.4591 -0.6919 0.5571
vn 0.6338 -0.6949 -0.3397
vn 0.6337 -0.6950 -0.3397
vn 0.6338 -0.6949 -0.3396
vn -0.3415 -0.6924 0.6356
vn -0.3414 -0.6923 0.6357
vn -0.0725 -0.6934 -0.7169
vn -0.0726 -0.6936 -0.7167
vn -0.0724 -0.6931 -0.7172
vn 0.5553 -0.6947 -0.4572
vn 0.5554 -0.6947 -0.4572
vn 0.5554 -0.6946 -0.4572
vn -0.2106 -0.6927 0.6898
vn -0.2111 -0.6926 0.6897
vn -0.2111 -0.6927 0.6897
vn -0.2110 -0.6927 0.6897
vn -0.2108 -0.6928 -0.6897
vn -0.2108 -0.6927 -0.6897
vn -0.2107 -0.6928 -0.6897
vn -0.2103 -0.6928 -0.6897
vn 0.4555 -0.6944 -0.5571
vn 0.4554 -0.6944 -0.5571
vn 0.4554 -0.6944 -0.5572
vn 0.4554 -0.6943 -0.5573
vn -0.0725 -0.6931 0.7172
vn -0.0726 -0.6932 0.7171
vn -0.0726 -0.6931 0.7172
vn -0.0724 -0.6931 0.7172
vn -0.3417 -0.6923 -0.6356
vn -0.3415 -0.6924 -0.6356
vn -0.3416 -0.6923 -0.6356
vn -0.3417 -0.6924 -0.6355
vn 0.3380 -0.6942 -0.6356
vn 0.3377 -0.6945 -0.6353
vn 0.3382 -0.6942 -0.6354
vn 0.3379 -0.6941 -0.6356
vn 0.0689 -0.6935 0.7171
vn 0.0689 -0.6934 0.7172
vn 0.0688 -0.6932 0.7174
vn -0.4589 -0.6921 -0.5571
vn -0.4590 -0.6921 -0.5571
vn 0.2077 -0.6938 -0.6896
vn 0.2074 -0.6937 -0.6897
vn 0.2075 -0.6938 -0.6896
vn 0.2074 -0.6940 -0.6894
vn 0.2075 -0.6937 0.6897
vn 0.2074 -0.6938 0.6897
vn -0.5588 -0.6921 -0.4570
vn -0.5589 -0.6918 -0.4572
vn -0.5588 -0.6920 -0.4570
vn 0.0686 -0.6936 -0.7171
vn 0.0684 -0.6936 -0.7171
vn 0.0688 -0.6935 -0.7172
vn 0.0687 -0.6935 -0.7171
vn -0.9952 0.0044 0.0979
vn -0.9952 0.0044 0.0980
vn -0.9952 0.0043 0.0980
vn 0.9569 -0.0044 0.2903
vn -0.9569 0.0044 0.2903
vn 0.9952 -0.0044 0.0981
vn 0.9951 -0.0044 0.0983
vn 0.9952 -0.0044 0.0980
vn -0.8816 0.0040 0.4719
vn -0.8818 0.0039 0.4716
vn -0.8818 0.0040 0.4716
vn 0.9952 -0.0044 -0.0981
vn 0.9952 -0.0044 -0.0980
vn -0.7729 0.0029 0.6345
vn -0.7730 0.0036 0.6344
vn -0.7730 0.0034 0.6344
vn -0.7732 0.0034 0.6342
vn 0.9569 -0.0044 -0.2903
vn -0.6342 0.0030 0.7731
vn -0.6342 0.0029 0.7732
vn -0.6343 0.0029 0.7731
vn -0.6345 0.0027 0.7729
vn 0.8820 -0.0039 -0.4712
vn 0.8820 -0.0039 -0.4713
vn -0.4714 0.0021 0.8819
vn -0.4712 0.0021 0.8820
vn -0.4713 0.0020 0.8820
vn -0.4714 0.0018 0.8819
vn -0.0977 0.0004 -0.9952
vn -0.0981 0.0004 -0.9952
vn 0.7732 -0.0035 -0.6342
vn -0.2901 0.0011 0.9570
vn -0.2899 0.0009 0.9570
vn -0.2903 0.0013 0.9569
vn -0.2901 0.0011 -0.9570
vn -0.2902 0.0013 -0.9570
vn -0.2903 0.0009 -0.9569
vn 0.6344 -0.0028 -0.7730
vn 0.6340 -0.0029 -0.7733
vn 0.6343 -0.0028 -0.7731
vn -0.0980 0.0004 0.9952
vn -0.0979 0.0004 0.9952
vn -0.4714 0.0021 -0.8819
vn 0.4714 -0.0021 -0.8819
vn 0.4715 -0.0021 -0.8819
vn 0.4716 -0.0021 -0.8818
vn 0.0980 -0.0004 0.9952
vn 0.0978 -0.0004 0.9952
vn 0.0979 -0.0004 0.9952
vn 0.0983 -0.0004 0.9952
vn -0.6344 0.0028 -0.7730
vn 0.2903 -0.0013 -0.9569
vn 0.2903 -0.0013 0.9569
vn -0.7731 0.0035 -0.6343
vn -0.7730 0.0034 -0.6344
vn -0.7731 0.0034 -0.6343
vn -0.7732 0.0035 -0.6342
vn 0.0979 -0.0004 -0.9952
vn 0.0976 -0.0004 -0.9952
vn 0.4715 -0.0021 0.8818
vn 0.4716 -0.0021 0.8818
vn 0.4715 -0.0021 0.8819
vn -0.8818 0.0039 -0.4716
vn -0.8819 0.0039 -0.4715
vn 0.6344 -0.0028 0.7730
vn 0.6345 -0.0028 0.7729
vn 0.6349 -0.0029 0.7726
vn -0.9569 0.0044 -0.2903
vn 0.7729 -0.0034 0.6346
vn 0.7730 -0.0034 0.6344
vn 0.7726 -0.0035 0.6349
vn -0.9952 0.0046 -0.0977
vt 0.000000 0.000000
s 1
usemtl Goddard_None
f 493/120/553 494/120/554 495/120/555
f 495/120/555 496/120/556 493/120/553
f 479/120/557 497/120/558 498/120/559
f 498/120/559 480/120/559 479/120/557
f 499/120/560 461/120/560 490/120/560
f 490/120/560 500/120/561 499/120/560
f 465/120/562 501/120/562 502/120/562
f 502/120/562 466/120/562 465/120/562
f 478/120/563 503/120/564 497/120/564
f 497/120/564 479/120/565 478/120/563
f 500/120/566 490/120/567 492/120/568
f 492/120/568 504/120/569 500/120/566
f 464/120/570 505/120/571 501/120/572
f 501/120/572 465/120/571 464/120/570
f 477/120/573 506/120/573 503/120/573
f 503/120/573 478/120/573 477/120/573
f 504/120/574 492/120/575 491/120/576
f 491/120/576 507/120/577 504/120/574
f 463/120/578 508/120/579 505/120/579
f 505/120/579 464/120/578 463/120/578
f 476/120/580 509/120/580 506/120/580
f 506/120/580 477/120/580 476/120/580
f 491/120/581 489/120/582 510/120/581
f 510/120/581 507/120/583 491/120/581
f 462/120/584 511/120/585 508/120/584
f 508/120/584 463/120/586 462/120/584
f 475/120/587 512/120/588 509/120/587
f 509/120/587 476/120/589 475/120/587
f 488/120/590 513/120/591 510/120/592
f 510/120/592 489/120/593 488/120/590
f 462/120/594 461/120/594 499/120/594
f 499/120/594 511/120/594 462/120/594
f 474/120/595 514/120/596 512/120/597
f 512/120/597 475/120/597 474/120/595
f 515/120/598 513/120/599 488/120/600
f 488/120/600 487/120/601 515/120/598
f 473/120/602 516/120/603 514/120/604
f 514/120/604 474/120/605 473/120/602
f 486/120/606 517/120/606 515/120/606
f 515/120/606 487/120/606 486/120/606
f 472/120/607 518/120/608 516/120/607
f 516/120/607 473/120/609 472/120/607
f 496/120/610 517/120/611 486/120/612
f 486/120/612 485/120/613 496/120/610
f 471/120/614 519/120/615 518/120/615
f 518/120/615 472/120/616 471/120/614
f 496/120/617 485/120/618 484/120/619
f 484/120/619 493/120/620 496/120/617
f 470/120/621 520/120/622 519/120/622
f 519/120/622 471/120/622 470/120/621
f 484/120/623 483/120/623 521/120/623
f 521/120/623 493/120/623 484/120/623
f 469/120/624 522/120/625 520/120/626
f 520/120/626 470/120/627 469/120/624
f 482/120/628 523/120/629 521/120/630
f 521/120/630 483/120/631 482/120/628
f 468/120/632 524/120/633 522/120/634
f 522/120/634 469/120/635 468/120/632
f 481/120/636 525/120/637 523/120/638
f 523/120/638 482/120/639 481/120/636
f 467/120/640 526/120/641 524/120/640
f 524/120/640 468/120/640 467/120/640
f 480/120/642 498/120/642 525/120/642
f 525/120/642 481/120/642 480/120/642
f 466/120/643 502/120/644 526/120/645
f 526/120/645 467/120/646 466/120/643
f 527/120/647 528/120/648 529/120/649
f 529/120/649 530/120/650 527/120/647
f 520/120/651 531/120/652 532/120/653
f 532/120/653 519/120/654 520/120/651
f 521/120/655 533/120/656 494/120/657
f 494/120/657 493/120/658 521/120/655
f 522/120/659 534/120/660 531/120/661
f 531/120/661 520/120/662 522/120/659
f 523/120/663 530/120/664 533/120/663
f 533/120/663 521/120/665 523/120/663
f 524/120/666 535/120/667 534/120/667
f 534/120/667 522/120/666 524/120/666
f 525/120/668 527/120/669 530/120/670
f 530/120/670 523/120/670 525/120/668
f 526/120/671 536/120/672 535/120/673
f 535/120/673 524/120/674 526/120/671
f 498/120/675 537/120/675 527/120/675
f 527/120/675 525/120/676 498/120/675
f 502/120/677 538/120/678 536/120/679
f 536/120/679 526/120/680 502/120/677
f 497/120/681 539/120/682 537/120/681
f 537/120/681 498/120/683 497/120/681
f 500/120/684 540/120/684 541/120/684
f 541/120/684 499/120/684 500/120/684
f 501/120/685 542/120/686 538/120/686
f 538/120/686 502/120/687 501/120/685
f 503/120/688 543/120/689 539/120/688
f 539/120/688 497/120/689 503/120/688
f 504/120/690 544/120/691 540/120/691
f 540/120/691 500/120/691 504/120/690
f 505/120/692 545/120/693 542/120/694
f 542/120/694 501/120/693 505/120/692
f 506/120/695 546/120/695 543/120/696
f 543/120/696 503/120/697 506/120/695
f 507/120/698 547/120/699 544/120/700
f 544/120/700 504/120/701 507/120/698
f 508/120/702 548/120/703 545/120/704
f 545/120/704 505/120/705 508/120/702
f 509/120/706 549/120/707 546/120/708
f 546/120/708 506/120/709 509/120/706
f 510/120/710 550/120/711 547/120/712
f 547/120/712 507/120/713 510/120/710
f 511/120/714 551/120/715 548/120/714
f 548/120/714 508/120/716 511/120/714
f 512/120/717 552/120/718 549/120/719
f 549/120/719 509/120/720 512/120/717
f 513/120/721 553/120/722 550/120/722
f 550/120/722 510/120/723 513/120/721
f 511/120/724 499/120/725 541/120/725
f 541/120/725 551/120/724 511/120/724
f 514/120/726 554/120/727 552/120/728
f 552/120/728 512/120/729 514/120/726
f 515/120/730 555/120/731 553/120/730
f 553/120/730 513/120/732 515/120/730
f 516/120/733 556/120/733 554/120/734
f 554/120/734 514/120/733 516/120/733
f 517/120/735 557/120/736 555/120/737
f 555/120/737 515/120/738 517/120/735
f 518/120/739 558/120/740 556/120/739
f 556/120/739 516/120/740 518/120/739
f 496/120/741 495/120/742 557/120/743
f 557/120/743 517/120/744 496/120/741
f 519/120/745 532/120/746 558/120/747
f 558/120/747 518/120/748 519/120/745
f 559/120/749 560/120/749 561/120/750
f 561/120/750 562/120/751 559/120/749
f 536/120/752 563/120/753 564/120/754
f 564/120/754 535/120/755 536/120/752
f 537/120/756 565/120/756 528/120/756
f 528/120/756 527/120/756 537/120/756
f 538/120/757 566/120/757 563/120/757
f 563/120/757 536/120/757 538/120/757
f 539/120/758 559/120/758 565/120/758
f 565/120/758 537/120/759 539/120/758
f 542/120/760 569/120/761 566/120/761
f 566/120/761 538/120/762 542/120/760
f 543/120/763 560/120/763 559/120/764
f 559/120/764 539/120/765 543/120/763
f 545/120/766 571/120/766 569/120/766
f 569/120/766 542/120/766 545/120/766
f 546/120/767 572/120/768 560/120/769
f 560/120/769 543/120/768 546/120/767
f 549/120/770 575/120/771 572/120/772
f 572/120/772 546/120/773 549/120/770
f 552/120/774 578/120/774 575/120/775
f 575/120/775 549/120/774 552/120/774
f 568/120/776 577/120/777 551/120/778
f 554/120/779 580/120/780 578/120/780
f 578/120/780 552/120/781 554/120/779
f 556/120/782 582/120/783 580/120/784
f 580/120/784 554/120/785 556/120/782
f 557/120/786 583/120/786 581/120/787
f 558/120/788 584/120/788 582/120/789
f 582/120/789 556/120/788 558/120/788
f 495/120/790 585/120/791 583/120/792
f 583/120/792 557/120/793 495/120/790
f 532/120/794 586/120/794 584/120/794
f 584/120/794 558/120/794 532/120/794
f 494/120/795 587/120/796 585/120/797
f 585/120/797 495/120/798 494/120/795
f 531/120/799 588/120/800 586/120/801
f 586/120/801 532/120/802 531/120/799
f 533/120/803 589/120/804 587/120/805
f 587/120/805 494/120/806 533/120/803
f 534/120/807 590/120/808 588/120/809
f 588/120/809 531/120/810 534/120/807
f 530/120/811 529/120/812 589/120/813
f 589/120/813 533/120/814 530/120/811
f 535/120/815 564/120/816 590/120/817
f 590/120/817 534/120/818 535/120/815
f 591/120/819 592/120/820 593/120/821
f 593/120/821 594/120/822 591/120/819
f 570/120/568 595/120/566 596/120/568
f 596/120/568 567/120/823 570/120/568
f 597/120/824 598/120/825 569/120/824
f 569/120/824 571/120/826 597/120/824
f 560/120/827 572/120/828 599/120/829
f 599/120/829 561/120/827 560/120/827
f 573/120/576 600/120/830 595/120/831
f 595/120/831 570/120/831 573/120/576
f 571/120/579 574/120/578 601/120/579
f 601/120/579 597/120/578 571/120/579
f 572/120/832 575/120/833 594/120/833
f 594/120/833 599/120/834 572/120/832
f 576/120/835 602/120/836 600/120/836
f 600/120/836 573/120/836 576/120/835
f 574/120/586 577/120/837 603/120/586
f 603/120/586 601/120/586 574/120/586
f 575/120/838 578/120/588 591/120/589
f 591/120/589 594/120/587 575/120/838
f 579/120/839 604/120/840 602/120/839
f 602/120/839 576/120/839 579/120/839
f 603/120/841 577/120/842 568/120/843
f 568/120/843 605/120/844 603/120/841
f 578/120/597 580/120/597 606/120/597
f 606/120/597 591/120/597 578/120/597
f 581/120/845 607/120/846 604/120/847
f 604/120/847 579/120/848 581/120/845
f 608/120/602 606/120/602 580/120/602
f 580/120/602 582/120/849 608/120/602
f 583/120/850 609/120/851 607/120/850
f 607/120/850 581/120/850 583/120/850
f 582/120/852 584/120/852 610/120/852
f 610/120/852 608/120/852 582/120/852
f 583/120/853 585/120/853 611/120/613
f 611/120/613 609/120/854 583/120/853
f 584/120/614 586/120/855 612/120/856
f 612/120/856 610/120/615 584/120/614
f 585/120/857 587/120/858 613/120/857
f 613/120/857 611/120/857 585/120/857
f 614/120/622 612/120/622 586/120/859
f 586/120/859 588/120/859 614/120/622
f 613/120/860 587/120/861 589/120/862
f 589/120/862 615/120/863 613/120/860
f 588/120/627 590/120/864 616/120/865
f 616/120/865 614/120/866 588/120/627
f 589/120/867 529/120/868 617/120/629
f 617/120/629 615/120/869 589/120/867
f 590/120/634 564/120/870 618/120/871
f 618/120/871 616/120/872 590/120/634
f 617/120/873 529/120/874 528/120/873
f 528/120/873 619/120/874 617/120/873
f 620/120/875 618/120/876 564/120/877
f 564/120/877 563/120/878 620/120/875
f 619/120/879 528/120/880 565/120/642
f 565/120/642 621/120/881 619/120/879
f 563/120/882 566/120/644 622/120/883
f 622/120/883 620/120/884 563/120/882
f 562/120/559 621/120/559 565/120/885
f 565/120/885 559/120/559 562/120/559
f 567/120/886 596/120/886 605/120/886
f 605/120/886 568/120/887 567/120/886
f 566/120/888 569/120/888 598/120/888
f 598/120/888 622/120/888 566/120/888
f 623/120/889 624/120/890 625/120/891
f 625/120/891 626/120/892 623/120/889
f 604/120/893 627/120/894 628/120/893
f 628/120/893 602/120/895 604/120/893
f 629/120/896 603/120/897 605/120/896
f 605/120/896 630/120/898 629/120/896
f 592/120/899 591/120/900 606/120/899
f 606/120/899 631/120/901 592/120/899
f 632/120/902 627/120/903 604/120/902
f 604/120/902 607/120/902 632/120/902
f 608/120/904 626/120/905 631/120/906
f 631/120/906 606/120/907 608/120/904
f 609/120/908 633/120/909 632/120/910
f 632/120/910 607/120/911 609/120/908
f 610/120/912 623/120/913 626/120/914
f 626/120/914 608/120/915 610/120/912
f 611/120/916 634/120/917 633/120/918
f 633/120/918 609/120/919 611/120/916
f 635/120/920 623/120/921 610/120/922
f 610/120/922 612/120/923 635/120/920
f 613/120/924 636/120/925 634/120/926
f 634/120/926 611/120/927 613/120/924
f 614/120/928 637/120/928 635/120/929
f 635/120/929 612/120/928 614/120/928
f 638/120/930 636/120/931 613/120/932
f 613/120/932 615/120/933 638/120/930
f 616/120/934 639/120/935 637/120/936
f 637/120/936 614/120/937 616/120/934
f 617/120/938 640/120/939 638/120/940
f 638/120/940 615/120/941 617/120/938
f 641/120/942 639/120/943 616/120/944
f 616/120/944 618/120/945 641/120/942
f 619/120/946 642/120/946 640/120/946
f 640/120/946 617/120/946 619/120/946
f 620/120/947 643/120/947 641/120/948
f 641/120/948 618/120/949 620/120/947
f 644/120/950 642/120/951 619/120/951
f 619/120/951 621/120/950 644/120/950
f 622/120/952 645/120/953 643/120/954
f 643/120/954 620/120/955 622/120/952
f 562/120/956 646/120/956 644/120/956
f 644/120/956 621/120/956 562/120/956
f 596/120/957 647/120/958 630/120/959
f 630/120/959 605/120/960 596/120/957
f 645/120/961 622/120/961 598/120/961
f 598/120/961 648/120/962 645/120/961
f 561/120/963 649/120/964 646/120/963
f 646/120/963 562/120/965 561/120/963
f 595/120/966 650/120/967 647/120/968
f 647/120/968 596/120/969 595/120/966
f 597/120/970 651/120/971 648/120/972
f 648/120/972 598/120/973 597/120/970
f 652/120/974 649/120/975 561/120/976
f 561/120/976 599/120/975 652/120/974
f 653/120/977 650/120/978 595/120/979
f 595/120/979 600/120/980 653/120/977
f 601/120/981 654/120/982 651/120/983
f 651/120/983 597/120/983 601/120/981
f 594/120/984 593/120/985 652/120/986
f 652/120/986 599/120/987 594/120/984
f 602/120/988 628/120/988 653/120/989
f 653/120/989 600/120/988 602/120/988
f 629/120/990 654/120/991 601/120/991
f 601/120/991 603/120/992 629/120/990
f 655/120/993 656/120/627 657/120/994
f 657/120/994 658/120/995 655/120/993
f 659/120/996 633/120/997 634/120/998
f 634/120/998 660/120/999 659/120/996
f 635/120/1000 661/120/1001 624/120/1000
f 624/120/1000 623/120/1002 635/120/1000
f 636/120/1003 662/120/1004 660/120/1003
f 660/120/1003 634/120/1005 636/120/1003
f 661/120/1006 635/120/1007 637/120/1008
f 637/120/1008 657/120/1009 661/120/1006
f 638/120/1010 663/120/1011 662/120/1010
f 662/120/1010 636/120/1010 638/120/1010
f 639/120/1012 658/120/1013 657/120/1014
f 657/120/1014 637/120/1012 639/120/1012
f 664/120/1015 663/120/1016 638/120/1017
f 638/120/1017 640/120/1018 664/120/1015
f 641/120/1019 665/120/1020 658/120/1021
f 658/120/1021 639/120/1022 641/120/1019
f 642/120/1023 666/120/1024 664/120/1025
f 664/120/1025 640/120/1024 642/120/1023
f 665/120/1026 641/120/1027 643/120/1026
f 643/120/1026 667/120/1028 665/120/1026
f 644/120/1029 668/120/1030 666/120/1030
f 666/120/1030 642/120/1030 644/120/1029
f 645/120/1031 669/120/1032 667/120/1033
f 667/120/1033 643/120/1034 645/120/1031
f 670/120/1035 668/120/1036 644/120/1037
f 644/120/1037 646/120/1036 670/120/1035
f 630/120/1038 647/120/1039 671/120/1040
f 671/120/1040 672/120/1041 630/120/1038
f 648/120/1042 673/120/1043 669/120/1044
f 669/120/1044 645/120/1045 648/120/1042
f 649/120/1046 674/120/1047 670/120/1046
f 670/120/1046 646/120/1048 649/120/1046
f 671/120/1049 647/120/1050 650/120/1051
f 676/120/1052 673/120/1052 648/120/1052
f 648/120/1052 651/120/1053 676/120/1052
f 652/120/1054 677/120/1055 674/120/1054
f 674/120/1054 649/120/1054 652/120/1054
f 653/120/1056 678/120/1056 675/120/1056
f 675/120/1056 650/120/1057 653/120/1056
f 654/120/1058 679/120/1059 676/120/1060
f 676/120/1060 651/120/1061 654/120/1058
f 677/120/1062 652/120/1063 593/120/1062
f 593/120/1062 680/120/1062 677/120/1062
f 628/120/1064 681/120/1065 678/120/1066
f 678/120/1066 653/120/1067 628/120/1064
f 629/120/1068 682/120/1069 679/120/1070
f 679/120/1070 654/120/1071 629/120/1068
f 592/120/1072 683/120/1073 680/120/1072
f 680/120/1072 593/120/1074 592/120/1072
f 681/120/1075 628/120/1076 627/120/1077
f 627/120/1077 684/120/1078 681/120/1075
f 672/120/1079 682/120/1080 629/120/1081
f 629/120/1081 630/120/1080 672/120/1079
f 631/120/1082 685/120/1083 683/120/1084
f 683/120/1084 592/120/1085 631/120/1082
f 632/120/1086 686/120/1087 684/120/1088
f 684/120/1088 627/120/1087 632/120/1086
f 685/120/1089 631/120/1089 626/120/1089
f 626/120/1089 625/120/1090 685/120/1089
f 633/120/1091 659/120/1092 686/120/1093
f 686/120/1093 632/120/1094 633/120/1091
f 687/120/1095 688/120/1095 689/120/1096
f 689/120/1096 690/120/1095 687/120/1095
f 664/120/1097 691/120/1098 692/120/1099
f 692/120/1099 663/120/629 664/120/1097
f 665/120/1100 693/120/870 655/120/634
f 655/120/634 658/120/871 665/120/1100
f 694/120/1101 691/120/1101 664/120/1101
f 664/120/1101 666/120/1101 694/120/1101
f 667/120/1102 690/120/1102 693/120/1102
f 693/120/1102 665/120/1103 667/120/1102
f 668/120/1104 695/120/1105 694/120/1104
f 694/120/1104 666/120/1106 668/120/1104
f 687/120/884 690/120/1107 667/120/1108
f 667/120/1108 669/120/884 687/120/884
f 670/120/1109 696/120/559 695/120/1109
f 695/120/1109 668/120/1110 670/120/1109
f 672/120/1111 671/120/1111 697/120/561
f 697/120/561 698/120/1111 672/120/1111
f 673/120/1112 699/120/1112 687/120/1112
f 687/120/1112 669/120/1112 673/120/1112
f 700/120/1113 696/120/750 670/120/1114
f 670/120/1114 674/120/1115 700/120/1113
f 697/120/1116 671/120/1117 675/120/1118
f 675/120/1118 701/120/1119 697/120/1116
f 676/120/1120 702/120/1121 699/120/1120
f 699/120/1120 673/120/1120 676/120/1120
f 677/120/1122 703/120/1122 700/120/1122
f 700/120/1122 674/120/1122 677/120/1122
f 701/120/1123 675/120/1124 678/120/1125
f 678/120/1125 704/120/1123 701/120/1123
f 705/120/1126 702/120/1126 676/120/1126
f 676/120/1126 679/120/1126 705/120/1126
f 680/120/1127 706/120/1128 703/120/1129
f 703/120/1129 677/120/1129 680/120/1127
f 681/120/583 707/120/1130 704/120/1130
f 704/120/1130 678/120/582 681/120/583
f 682/120/1131 708/120/1132 705/120/1132
f 705/120/1132 679/120/1132 682/120/1131
f 709/120/1133 706/120/1134 680/120/1135
f 680/120/1135 683/120/1136 709/120/1133
f 684/120/1137 710/120/1138 707/120/1137
f 707/120/1137 681/120/1138 684/120/1137
f 698/120/842 708/120/842 682/120/842
f 682/120/842 672/120/842 698/120/842
f 685/120/1139 711/120/1139 709/120/1139
f 709/120/1139 683/120/597 685/120/1139
f 710/120/1140 684/120/1141 686/120/847
f 686/120/847 712/120/1142 710/120/1140
f 625/120/604 713/120/604 711/120/604
f 711/120/604 685/120/1143 625/120/604
f 659/120/1144 714/120/1145 712/120/1146
f 712/120/1146 686/120/1147 659/120/1144
f 715/120/1148 713/120/1148 625/120/1148
f 625/120/1148 624/120/1148 715/120/1148
f 660/120/853 716/120/1149 714/120/853
f 714/120/853 659/120/613 660/120/853
f 661/120/1150 717/120/1150 715/120/1150
f 715/120/1150 624/120/1150 661/120/1150
f 718/120/1151 716/120/1152 660/120/1151
f 660/120/1151 662/120/1152 718/120/1151
f 657/120/1153 656/120/1153 717/120/1153
f 717/120/1153 661/120/1153 657/120/1153
f 663/120/1154 692/120/1155 718/120/1156
f 718/120/1156 662/120/1157 663/120/1154
f 719/120/1158 720/120/1159 721/120/1160
f 721/120/1160 722/120/1161 719/120/1158
f 696/120/1162 723/120/1162 724/120/1162
f 724/120/1162 695/120/1162 696/120/1162
f 725/120/1163 726/120/1164 698/120/1165
f 698/120/1165 697/120/1164 725/120/1163
f 727/120/1166 688/120/1166 687/120/1166
f 687/120/1166 699/120/1166 727/120/1166
f 700/120/1167 728/120/1168 723/120/1169
f 723/120/1169 696/120/1168 700/120/1167
f 701/120/1170 729/120/1171 725/120/1172
f 725/120/1172 697/120/1171 701/120/1170
f 702/120/1173 730/120/1173 727/120/1173
f 727/120/1173 699/120/1173 702/120/1173
f 731/120/1174 728/120/1174 700/120/1175
f 700/120/1175 703/120/1174 731/120/1174
f 704/120/1176 732/120/1177 729/120/1177
f 729/120/1177 701/120/1177 704/120/1176
f 705/120/1178 733/120/1178 730/120/1178
f 730/120/1178 702/120/1178 705/120/1178
f 706/120/1179 734/120/1179 731/120/1179
f 731/120/1179 703/120/1179 706/120/1179
f 735/120/1180 732/120/1181 704/120/1181
f 704/120/1181 707/120/1181 735/120/1180
f 733/120/1182 705/120/1182 708/120/1182
f 708/120/1182 736/120/1182 733/120/1182
f 709/120/1183 737/120/1183 734/120/1183
f 734/120/1183 706/120/1183 709/120/1183
f 710/120/1184 738/120/1184 735/120/1185
f 735/120/1185 707/120/1184 710/120/1184
f 726/120/1186 736/120/1186 708/120/1186
f 708/120/1186 698/120/1186 726/120/1186
f 737/120/1187 709/120/1187 711/120/1187
f 711/120/1187 739/120/1187 737/120/1187
f 712/120/1188 740/120/1189 738/120/1189
f 738/120/1189 710/120/1189 712/120/1188
f 713/120/1190 741/120/1190 739/120/1190
f 739/120/1190 711/120/1190 713/120/1190
f 742/120/1191 740/120/1192 712/120/1192
f 712/120/1192 714/120/1192 742/120/1191
f 715/120/1193 743/120/1193 741/120/1193
f 741/120/1193 713/120/1193 715/120/1193
f 716/120/1194 744/120/1195 742/120/1196
f 742/120/1196 714/120/1195 716/120/1194
f 721/120/1197 743/120/1198 715/120/1197
f 715/120/1197 717/120/1197 721/120/1197
f 718/120/1199 745/120/1200 744/120/1201
f 744/120/1201 716/120/1200 718/120/1199
f 656/120/1202 722/120/1203 721/120/1204
f 721/120/1204 717/120/1203 656/120/1202
f 745/120/1205 718/120/1205 692/120/1205
f 692/120/1205 746/120/1205 745/120/1205
f 655/120/1206 747/120/1207 722/120/1208
f 722/120/1208 656/120/1209 655/120/1206
f 691/120/1210 748/120/1210 746/120/1210
f 746/120/1210 692/120/1210 691/120/1210
f 747/120/1211 655/120/1212 693/120/1213
f 693/120/1213 749/120/1211 747/120/1211
f 694/120/1214 750/120/1214 748/120/1215
f 748/120/1215 691/120/1214 694/120/1214
f 690/120/1216 689/120/1216 749/120/1216
f 749/120/1216 693/120/1216 690/120/1216
f 724/120/1217 750/120/1218 694/120/1218
f 694/120/1218 695/120/1219 724/120/1217
f 751/120/1220 752/120/1220 753/120/1220
f 753/120/1220 754/120/1220 751/120/1220
f 746/120/1221 755/120/1222 756/120/1223
f 756/120/1223 745/120/1223 746/120/1221
f 747/120/1224 757/120/1225 719/120/1224
f 719/120/1224 722/120/1224 747/120/1224
f 758/120/1226 755/120/1227 746/120/1226
f 746/120/1226 748/120/1226 758/120/1226
f 749/120/1228 754/120/1228 757/120/1228
f 757/120/1228 747/120/1228 749/120/1228
f 750/120/1229 759/120/1230 758/120/1229
f 758/120/1229 748/120/1231 750/120/1229
f 754/120/1232 749/120/1233 689/120/1234
f 689/120/1234 751/120/1235 754/120/1232
f 724/120/1236 760/120/1237 759/120/1236
f 759/120/1236 750/120/1236 724/120/1236
f 688/120/1238 761/120/1239 751/120/1239
f 751/120/1239 689/120/1240 688/120/1238
f 760/120/1241 724/120/1241 723/120/1241
f 723/120/1241 762/120/1241 760/120/1241
f 726/120/1242 725/120/1243 763/120/1242
f 763/120/1242 764/120/1244 726/120/1242
f 727/120/1245 765/120/1245 761/120/1246
f 761/120/1246 688/120/1247 727/120/1245
f 728/120/1248 766/120/1249 762/120/1250
f 762/120/1250 723/120/1250 728/120/1248
f 729/120/1251 767/120/1252 763/120/1251
f 763/120/1251 725/120/1253 729/120/1251
f 768/120/1254 765/120/1255 727/120/1256
f 727/120/1256 730/120/1257 768/120/1254
f 731/120/1258 769/120/1259 766/120/1258
f 766/120/1258 728/120/1260 731/120/1258
f 732/120/1261 770/120/1262 767/120/1263
f 767/120/1263 729/120/1264 732/120/1261
f 733/120/1265 771/120/1266 768/120/1267
f 768/120/1267 730/120/1268 733/120/1265
f 772/120/1269 769/120/1270 731/120/1269
f 731/120/1269 734/120/1271 772/120/1269
f 735/120/1272 773/120/1273 770/120/1274
f 770/120/1274 732/120/1275 735/120/1272
f 736/120/1276 774/120/1277 771/120/1278
f 771/120/1278 733/120/1278 736/120/1276
f 737/120/1279 775/120/1279 772/120/1280
f 772/120/1280 734/120/1279 737/120/1279
f 773/120/1281 735/120/1281 738/120/1281
f 738/120/1281 776/120/1282 773/120/1281
f 764/120/1283 774/120/1284 736/120/1285
f 736/120/1285 726/120/1286 764/120/1283
f 739/120/1287 777/120/1288 775/120/1287
f 775/120/1287 737/120/1289 739/120/1287
f 740/120/1290 778/120/1291 776/120/1292
f 776/120/1292 738/120/1292 740/120/1290
f 777/120/1293 739/120/1293 741/120/1294
f 741/120/1294 779/120/1293 777/120/1293
f 742/120/1295 780/120/1295 778/120/1296
f 778/120/1296 740/120/1297 742/120/1295
f 743/120/1298 781/120/1299 779/120/1298
f 779/120/1298 741/120/1300 743/120/1298
f 782/120/1301 780/120/1302 742/120/1303
f 742/120/1303 744/120/1304 782/120/1301
f 721/120/1305 720/120/1306 781/120/1307
f 781/120/1307 743/120/1308 721/120/1305
f 745/120/1309 756/120/1310 782/120/1310
f 782/120/1310 744/120/1309 745/120/1309
f 783/120/1311 784/120/1311 785/120/1312
f 785/120/1312 786/120/1311 783/120/1311
f 760/120/1313 787/120/1314 788/120/1313
f 788/120/1313 759/120/1315 760/120/1313
f 751/120/1316 761/120/1317 789/120/1318
f 789/120/1318 752/120/1319 751/120/1316
f 762/120/1320 790/120/1321 787/120/1322
f 787/120/1322 760/120/1323 762/120/1320
f 764/120/1324 763/120/1324 791/120/1325
f 791/120/1325 792/120/1325 764/120/1324
f 789/120/1326 761/120/1327 765/120/1328
f 765/120/1328 784/120/1326 789/120/1326
f 762/120/1329 766/120/1330 793/120/1329
f 793/120/1329 790/120/1331 762/120/1329
f 791/120/1332 763/120/1332 767/120/1333
f 767/120/1333 794/120/1332 791/120/1332
f 768/120/1334 785/120/1335 784/120/1336
f 784/120/1336 765/120/1337 768/120/1334
f 793/120/1338 766/120/1338 769/120/1338
f 769/120/1338 795/120/1338 793/120/1338
f 794/120/1339 767/120/1340 770/120/1341
f 770/120/1341 796/120/1342 794/120/1339
f 768/120/1343 771/120/1344 797/120/1345
f 797/120/1345 785/120/1346 768/120/1343
f 772/120/1347 798/120/1348 795/120/1349
f 795/120/1349 769/120/1347 772/120/1347
f 773/120/1350 799/120/1351 796/120/1352
f 796/120/1352 770/120/1350 773/120/1350
f 797/120/1353 771/120/1353 774/120/1354
f 774/120/1354 800/120/1353 797/120/1353
f 772/120/1355 775/120/1356 801/120/1355
f 801/120/1355 798/120/1357 772/120/1355
f 776/120/1358 802/120/1358 799/120/1358
f 799/120/1358 773/120/1359 776/120/1358
f 774/120/1360 764/120/1360 792/120/1361
f 792/120/1361 800/120/1362 774/120/1360
f 801/120/1363 775/120/1364 777/120/1365
f 777/120/1365 803/120/1366 801/120/1363
f 802/120/1367 776/120/1368 778/120/1368
f 778/120/1368 804/120/1368 802/120/1367
f 779/120/1369 805/120/1370 803/120/1371
f 803/120/1371 777/120/1372 779/120/1369
f 780/120/1373 806/120/1373 804/120/1373
f 804/120/1373 778/120/1373 780/120/1373
f 779/120/1374 781/120/1375 807/120/1376
f 807/120/1376 805/120/1377 779/120/1374
f 782/120/1378 808/120/1379 806/120/1380
f 806/120/1380 780/120/1379 782/120/1378
f 807/120/1381 781/120/1381 720/120/1382
f 720/120/1382 809/120/1381 807/120/1381
f 782/120/1383 756/120/1384 810/120/1385
f 810/120/1385 808/120/1386 782/120/1383
f 719/120/1387 811/120/1387 809/120/1387
f 809/120/1387 720/120/1388 719/120/1387
f 810/120/1389 756/120/1390 755/120/1389
f 755/120/1389 812/120/1389 810/120/1389
f 719/120/1391 757/120/1392 813/120/1391
f 813/120/1391 811/120/1393 719/120/1391
f 814/120/1394 812/120/1394 755/120/1395
f 755/120/1395 758/120/1394 814/120/1394
f 813/120/1396 757/120/1397 754/120/1398
f 754/120/1398 753/120/1399 813/120/1396
f 814/120/1400 758/120/1400 759/120/1400
f 759/120/1400 788/120/1400 814/120/1400
f 815/120/1401 816/120/1402 817/120/1402
f 817/120/1402 818/120/1403 815/120/1401
f 795/120/1404 819/120/1404 820/120/1404
f 820/120/1404 793/120/1404 795/120/1404
f 796/120/1405 821/120/1406 822/120/1406
f 822/120/1406 794/120/1406 796/120/1405
f 797/120/1407 823/120/1408 786/120/1408
f 786/120/1408 785/120/1408 797/120/1407
f 819/120/1409 795/120/1409 798/120/1409
f 798/120/1409 824/120/1409 819/120/1409
f 796/120/1410 799/120/1411 825/120/1411
f 825/120/1411 821/120/1411 796/120/1410
f 800/120/1412 817/120/1412 823/120/1412
f 823/120/1412 797/120/1412 800/120/1412
f 801/120/1413 826/120/1413 824/120/1413
f 824/120/1413 798/120/1413 801/120/1413
f 825/120/1414 799/120/1415 802/120/1416
f 802/120/1416 827/120/1415 825/120/1414
f 818/120/1417 817/120/1417 800/120/1418
f 800/120/1418 792/120/1417 818/120/1417
f 803/120/1419 828/120/1419 826/120/1419
f 826/120/1419 801/120/1419 803/120/1419
f 804/120/1420 829/120/1421 827/120/1422
f 827/120/1422 802/120/1421 804/120/1420
f 828/120/1423 803/120/1424 805/120/1425
f 805/120/1425 830/120/1423 828/120/1423
f 804/120/1426 806/120/1427 831/120/1427
f 831/120/1427 829/120/1427 804/120/1426
f 807/120/1428 832/120/1428 830/120/1428
f 830/120/1428 805/120/1428 807/120/1428
f 831/120/1429 806/120/1430 808/120/1429
f 808/120/1429 833/120/1430 831/120/1429
f 809/120/1431 834/120/1431 832/120/1431
f 832/120/1431 807/120/1431 809/120/1431
f 810/120/1432 835/120/1433 833/120/1433
f 833/120/1433 808/120/1433 810/120/1432
f 834/120/1434 809/120/1434 811/120/1434
f 811/120/1434 836/120/1434 834/120/1434
f 812/120/1435 837/120/1435 835/120/1436
f 835/120/1436 810/120/1435 812/120/1435
f 813/120/1437 838/120/1438 836/120/1438
f 836/120/1438 811/120/1438 813/120/1437
f 812/120/1439 814/120/1440 839/120/1441
f 839/120/1441 837/120/1440 812/120/1439
f 753/120/1442 840/120/1443 838/120/1444
f 838/120/1444 813/120/1445 753/120/1442
f 841/120/1446 839/120/1447 814/120/1448
f 814/120/1448 788/120/1449 841/120/1446
f 840/120/1450 753/120/1450 752/120/1450
f 752/120/1450 842/120/1450 840/120/1450
f 841/120/1451 788/120/1451 787/120/1451
f 787/120/1451 843/120/1451 841/120/1451
f 789/120/1452 844/120/1452 842/120/1453
f 842/120/1453 752/120/1452 789/120/1452
f 843/120/1454 787/120/1454 790/120/1455
f 790/120/1455 845/120/1454 843/120/1454
f 791/120/1456 846/120/1456 818/120/1456
f 818/120/1456 792/120/1456 791/120/1456
f 784/120/1457 783/120/1457 844/120/1457
f 844/120/1457 789/120/1457 784/120/1457
f 793/120/1458 820/120/1459 845/120/1459
f 845/120/1459 790/120/1459 793/120/1458
f 846/120/1460 791/120/1460 794/120/1461
f 794/120/1461 822/120/1460 846/120/1460
f 847/120/1462 848/120/1463 849/120/1464
f 849/120/1464 850/120/1465 847/120/1462
f 828/120/1466 851/120/1466 852/120/1466
f 852/120/1466 826/120/1466 828/120/1466
f 853/120/1467 827/120/1468 829/120/1469
f 829/120/1469 854/120/1467 853/120/1467
f 830/120/1470 855/120/1471 851/120/1472
f 851/120/1472 828/120/1473 830/120/1470
f 831/120/1474 856/120/1474 854/120/1475
f 854/120/1475 829/120/1476 831/120/1474
f 855/120/1477 830/120/1477 832/120/1478
f 832/120/1478 850/120/1479 855/120/1477
f 833/120/1480 857/120/1481 856/120/1480
f 856/120/1480 831/120/1482 833/120/1480
f 834/120/1483 847/120/1484 850/120/1485
f 850/120/1485 832/120/1486 834/120/1483
f 857/120/1487 833/120/1488 835/120/1489
f 835/120/1489 858/120/1487 857/120/1487
f 836/120/1490 859/120/1491 847/120/1492
f 847/120/1492 834/120/1491 836/120/1490
f 837/120/1493 860/120/1494 858/120/1495
f 858/120/1495 835/120/1493 837/120/1493
f 859/120/1496 836/120/1497 838/120/1496
f 838/120/1496 861/120/1498 859/120/1496
f 839/120/1499 862/120/1500 860/120/1501
f 860/120/1501 837/120/1502 839/120/1499
f 840/120/1503 863/120/1504 861/120/1505
f 861/120/1505 838/120/1506 840/120/1503
f 862/120/1507 839/120/1508 841/120/1507
f 841/120/1507 864/120/1509 862/120/1507
f 842/120/1510 865/120/1510 863/120/1510
f 863/120/1510 840/120/1511 842/120/1510
f 843/120/1512 866/120/1513 864/120/1514
f 864/120/1514 841/120/1515 843/120/1512
f 865/120/1516 842/120/1517 844/120/1516
f 844/120/1516 867/120/1518 865/120/1516
f 845/120/1519 868/120/1520 866/120/1521
f 866/120/1521 843/120/1522 845/120/1519
f 818/120/1523 846/120/1524 869/120/1525
f 869/120/1525 815/120/1526 818/120/1523
f 783/120/1527 870/120/1528 867/120/1527
f 867/120/1527 844/120/1529 783/120/1527
f 868/120/1530 845/120/1531 820/120/1532
f 820/120/1532 871/120/1533 868/120/1530
f 822/120/1534 872/120/1535 869/120/1536
f 869/120/1536 846/120/1537 822/120/1534
f 786/120/1538 873/120/1539 870/120/1540
f 870/120/1540 783/120/1541 786/120/1538
f 819/120/1542 874/120/1543 871/120/1544
f 871/120/1544 820/120/1544 819/120/1542
f 872/120/1545 822/120/1546 821/120/1547
f 821/120/1547 875/120/1548 872/120/1545
f 873/120/1549 786/120/1550 823/120/1551
f 823/120/1551 876/120/1552 873/120/1549
f 824/120/1553 877/120/1554 874/120/1555
f 874/120/1555 819/120/1555 824/120/1553
f 825/120/1556 878/120/1557 875/120/1556
f 875/120/1556 821/120/1558 825/120/1556
f 817/120/1559 816/120/1560 876/120/1561
f 876/120/1561 823/120/1562 817/120/1559
f 877/120/1563 824/120/1564 826/120/1564
f 826/120/1564 852/120/1565 877/120/1563
f 827/120/1566 853/120/1567 878/120/1568
f 878/120/1568 825/120/1569 827/120/1566
f 879/120/1570 880/120/1570 881/120/1571
f 881/120/1571 882/120/1570 879/120/1570
f 883/120/1572 884/120/1573 857/120/1574
f 857/120/1574 858/120/1575 883/120/1572
f 859/120/1576 885/120/1576 848/120/1576
f 848/120/1576 847/120/1577 859/120/1576
f 860/120/1578 886/120/1579 883/120/1580
f 883/120/1580 858/120/1581 860/120/1578
f 880/120/1582 885/120/1583 859/120/1584
f 859/120/1584 861/120/1585 880/120/1582
f 862/120/1586 887/120/1587 886/120/1588
f 886/120/1588 860/120/1589 862/120/1586
f 863/120/1590 881/120/1590 880/120/1590
f 880/120/1590 861/120/1590 863/120/1590
f 888/120/1591 887/120/1592 862/120/1593
f 862/120/1593 864/120/1593 888/120/1591
f 865/120/1594 889/120/1595 881/120/1596
f 881/120/1596 863/120/1597 865/120/1594
f 866/120/1598 890/120/1598 888/120/1598
f 888/120/1598 864/120/1598 866/120/1598
f 891/120/1599 889/120/1600 865/120/1601
f 865/120/1601 867/120/1602 891/120/1599
f 868/120/1603 892/120/1603 890/120/1604
f 890/120/1604 866/120/1603 868/120/1603
f 893/120/1605 815/120/1606 869/120/1607
f 869/120/1607 894/120/1606 893/120/1605
f 870/120/1608 895/120/1609 891/120/1609
f 891/120/1609 867/120/1609 870/120/1608
f 896/120/1610 892/120/1611 868/120/1610
f 868/120/1610 871/120/1612 896/120/1610
f 894/120/1613 869/120/1613 872/120/1613
f 872/120/1613 897/120/1613 894/120/1613
f 873/120/1614 898/120/1615 895/120/1615
f 895/120/1615 870/120/1616 873/120/1614
f 874/120/1617 899/120/1617 896/120/1617
f 896/120/1617 871/120/1617 874/120/1617
f 875/120/1618 900/120/1619 897/120/1620
f 897/120/1620 872/120/1619 875/120/1618
f 901/120/1621 898/120/1622 873/120/1623
f 873/120/1623 876/120/1623 901/120/1621
f 877/120/1624 902/120/1624 899/120/1624
f 899/120/1624 874/120/1625 877/120/1624
f 900/120/1626 875/120/1626 878/120/1626
f 878/120/1626 903/120/1626 900/120/1626
f 816/120/1627 904/120/1628 901/120/1629
f 901/120/1629 876/120/1630 816/120/1627
f 905/120/1631 902/120/1631 877/120/1632
f 877/120/1632 852/120/1632 905/120/1631
f 853/120/1633 906/120/1634 903/120/1635
f 903/120/1635 878/120/1636 853/120/1633
f 893/120/1637 904/120/1638 816/120/1639
f 816/120/1639 815/120/1640 893/120/1637
f 851/120/1641 907/120/1641 905/120/1642
f 905/120/1642 852/120/1643 851/120/1641
f 854/120/1644 908/120/1645 906/120/1644
f 906/120/1644 853/120/1646 854/120/1644
f 855/120/1647 909/120/1648 907/120/1649
f 907/120/1649 851/120/1650 855/120/1647
f 908/120/1651 854/120/1652 856/120/1653
f 856/120/1653 910/120/1654 908/120/1651
f 849/120/1655 909/120/1656 855/120/1657
f 855/120/1657 850/120/1655 849/120/1655
f 857/120/1658 884/120/1658 910/120/1659
f 910/120/1659 856/120/1658 857/120/1658
f 911/120/1660 912/120/1660 913/120/1661
f 913/120/1661 914/120/1662 911/120/1660
f 888/120/1663 915/120/1663 916/120/1663
f 916/120/1663 887/120/1663 888/120/1663
f 889/120/1664 917/120/1665 882/120/1665
f 882/120/1665 881/120/1665 889/120/1664
f 918/120/1666 915/120/1667 888/120/1667
f 888/120/1667 890/120/1667 918/120/1666
f 891/120/1668 919/120/1668 917/120/1668
f 917/120/1668 889/120/1668 891/120/1668
f 892/120/1669 920/120/1670 918/120/1670
f 918/120/1670 890/120/1670 892/120/1669
f 912/120/1671 911/120/1671 893/120/1671
f 893/120/1671 894/120/1671 912/120/1671
f 921/120/1672 919/120/1672 891/120/1672
f 891/120/1672 895/120/1672 921/120/1672
f 896/120/1673 922/120/1674 920/120/1674
f 920/120/1674 892/120/1674 896/120/1673
f 897/120/1675 923/120/1676 912/120/1676
f 912/120/1676 894/120/1676 897/120/1675
f 898/120/1677 924/120/1677 921/120/1677
f 921/120/1677 895/120/1677 898/120/1677
f 925/120/1678 922/120/1678 896/120/1679
f 896/120/1679 899/120/1678 925/120/1678
f 900/120/1680 926/120/1681 923/120/1681
f 923/120/1681 897/120/1681 900/120/1680
f 901/120/1682 927/120/1682 924/120/1682
f 924/120/1682 898/120/1682 901/120/1682
f 902/120/1683 928/120/1683 925/120/1683
f 925/120/1683 899/120/1683 902/120/1683
f 929/120/1684 926/120/1684 900/120/1684
f 900/120/1684 903/120/1684 929/120/1684
f 930/120/1685 927/120/1685 901/120/1685
f 901/120/1685 904/120/1685 930/120/1685
f 905/120/1686 931/120/1687 928/120/1686
f 928/120/1686 902/120/1686 905/120/1686
f 906/120/1688 932/120/1688 929/120/1688
f 929/120/1688 903/120/1688 906/120/1688
f 930/120/1689 904/120/1689 893/120/1689
f 893/120/1689 911/120/1689 930/120/1689
f 931/120/1690 905/120/1690 907/120/1690
f 907/120/1690 933/120/1690 931/120/1690
f 908/120/1691 934/120/1692 932/120/1693
f 932/120/1693 906/120/1692 908/120/1691
f 909/120/1694 935/120/1694 933/120/1694
f 933/120/1694 907/120/1694 909/120/1694
f 936/120/1695 934/120/1695 908/120/1695
f 908/120/1695 910/120/1695 936/120/1695
f 849/120/1696 937/120/1696 935/120/1696
f 935/120/1696 909/120/1696 849/120/1696
f 884/120/1697 938/120/1697 936/120/1698
f 936/120/1698 910/120/1697 884/120/1697
f 937/120/1699 849/120/1699 848/120/1699
f 848/120/1699 939/120/1699 937/120/1699
f 883/120/1700 940/120/1701 938/120/1701
f 938/120/1701 884/120/1701 883/120/1700
f 885/120/1702 941/120/1702 939/120/1702
f 939/120/1702 848/120/1702 885/120/1702
f 942/120/1703 940/120/1704 883/120/1704
f 883/120/1704 886/120/1704 942/120/1703
f 880/120/1705 879/120/1706 941/120/1706
f 941/120/1706 885/120/1706 880/120/1705
f 887/120/1707 916/120/1708 942/120/1709
f 942/120/1709 886/120/1708 887/120/1707
f 943/120/1710 944/120/1711 945/120/1710
f 945/120/1710 946/120/1710 943/120/1710
f 921/120/1712 947/120/1713 948/120/1714
f 948/120/1714 919/120/1715 921/120/1712
f 922/120/1716 949/120/1717 950/120/1718
f 950/120/1718 920/120/1719 922/120/1716
f 923/120/1720 951/120/1721 913/120/1722
f 913/120/1722 912/120/1723 923/120/1720
f 952/120/1724 947/120/1725 921/120/1726
f 921/120/1726 924/120/1727 952/120/1724
f 925/120/1728 953/120/1729 949/120/1730
f 949/120/1730 922/120/1731 925/120/1728
f 926/120/1732 946/120/1733 951/120/1733
f 951/120/1733 923/120/1732 926/120/1732
f 927/120/1734 954/120/1735 952/120/1735
f 952/120/1735 924/120/1736 927/120/1734
f 953/120/1737 925/120/1738 928/120/1737
f 928/120/1737 955/120/1739 953/120/1737
f 929/120/1740 943/120/1741 946/120/1742
f 946/120/1742 926/120/1743 929/120/1740
f 930/120/1744 956/120/1745 954/120/1746
f 954/120/1746 927/120/1747 930/120/1744
f 931/120/1748 957/120/1749 955/120/1750
f 955/120/1750 928/120/1751 931/120/1748
f 943/120/1752 929/120/1753 932/120/1754
f 932/120/1754 958/120/1755 943/120/1752
f 956/120/1756 930/120/1757 911/120/1756
f 911/120/1756 914/120/1758 956/120/1756
f 933/120/1759 959/120/1760 957/120/1759
f 957/120/1759 931/120/1761 933/120/1759
f 934/120/1762 960/120/1763 958/120/1764
f 958/120/1764 932/120/1762 934/120/1762
f 961/120/1765 959/120/1766 933/120/1767
f 933/120/1767 935/120/1768 961/120/1765
f 936/120/1769 962/120/1770 960/120/1771
f 960/120/1771 934/120/1772 936/120/1769
f 937/120/1773 963/120/1774 961/120/1775
f 961/120/1775 935/120/1776 937/120/1773
f 964/120/1777 962/120/1778 936/120/1779
f 936/120/1779 938/120/1780 964/120/1777
f 939/120/1781 965/120/1781 963/120/1782
f 963/120/1782 937/120/1782 939/120/1781
f 940/120/1783 966/120/1784 964/120/1784
f 964/120/1784 938/120/1785 940/120/1783
f 965/120/1786 939/120/1787 941/120/1786
f 941/120/1786 967/120/1788 965/120/1786
f 942/120/1789 968/120/1790 966/120/1791
f 966/120/1791 940/120/1792 942/120/1789
f 879/120/1793 969/120/1794 967/120/1795
f 967/120/1795 941/120/1796 879/120/1793
f 970/120/1797 968/120/1798 942/120/1799
f 942/120/1799 916/120/1800 970/120/1797
f 882/120/1801 971/120/1802 969/120/1803
f 969/120/1803 879/120/1804 882/120/1801
f 915/120/1805 972/120/1806 970/120/1807
f 970/120/1807 916/120/1808 915/120/1805
f 973/120/1809 971/120/1810 882/120/1811
f 882/120/1811 917/120/1812 973/120/1809
f 918/120/1813 974/120/1813 972/120/1813
f 972/120/1813 915/120/1814 918/120/1813
f 919/120/1815 948/120/1815 973/120/1816
f 973/120/1816 917/120/1815 919/120/1815
f 974/120/1817 918/120/1818 920/120/1818
f 920/120/1818 950/120/1817 974/120/1817
f 975/120/1819 976/120/1820 977/120/1820
f 977/120/1820 978/120/1820 975/120/1819
f 956/120/1821 979/120/1821 980/120/1822
f 980/120/1822 954/120/1821 956/120/1821
f 981/120/1823 982/120/1823 955/120/1823
f 955/120/1823 957/120/1823 981/120/1823
f 958/120/1824 983/120/1825 944/120/1826
f 944/120/1826 943/120/1827 958/120/1824
f 984/120/1828 979/120/1828 956/120/1828
f 956/120/1828 914/120/1828 984/120/1828
f 959/120/1829 985/120/1829 981/120/1829
f 981/120/1829 957/120/1830 959/120/1829
f 983/120/1831 958/120/1832 960/120/1833
f 960/120/1833 977/120/1834 983/120/1831
f 961/120/1835 986/120/1836 985/120/1837
f 985/120/1837 959/120/1838 961/120/1835
f 962/120/1839 978/120/1840 977/120/1841
f 977/120/1841 960/120/1839 962/120/1839
f 987/120/1842 986/120/1843 961/120/1844
f 961/120/1844 963/120/1845 987/120/1842
f 964/120/1846 988/120/1847 978/120/1848
f 978/120/1848 962/120/1849 964/120/1846
f 965/120/1850 989/120/1850 987/120/1851
f 987/120/1851 963/120/1850 965/120/1850
f 990/120/1852 988/120/1853 964/120/1854
f 964/120/1854 966/120/1855 990/120/1852
f 967/120/1856 991/120/1857 989/120/1858
f 989/120/1858 965/120/1859 967/120/1856
f 968/120/1860 992/120/1861 990/120/1862
f 990/120/1862 966/120/1863 968/120/1860
f 993/120/1864 991/120/1865 967/120/1866
f 967/120/1866 969/120/1867 993/120/1864
f 970/120/1868 994/120/1869 992/120/1870
f 992/120/1870 968/120/1871 970/120/1868
f 971/120/1872 995/120/1873 993/120/1873
f 993/120/1873 969/120/1874 971/120/1872
f 996/120/1875 994/120/1876 970/120/1877
f 970/120/1877 972/120/1878 996/120/1875
f 973/120/1879 997/120/1880 995/120/1881
f 995/120/1881 971/120/1882 973/120/1879
f 974/120/1883 998/120/1884 996/120/1884
f 996/120/1884 972/120/1884 974/120/1883
f 999/120/1885 997/120/1886 973/120/1885
f 973/120/1885 948/120/1887 999/120/1885
f 950/120/1888 1000/120/1889 998/120/1890
f 998/120/1890 974/120/1891 950/120/1888
f 914/120/1892 913/120/1892 1001/120/1893
f 1001/120/1893 984/120/1893 914/120/1892
f 947/120/1894 1002/120/1895 999/120/1894
f 999/120/1894 948/120/1896 947/120/1894
f 1003/120/1897 1000/120/1898 950/120/1897
f 950/120/1897 949/120/1897 1003/120/1897
f 1004/120/1899 1001/120/1900 913/120/1901
f 913/120/1901 951/120/1902 1004/120/1899
f 952/120/1903 1005/120/1904 1002/120/1905
f 1002/120/1905 947/120/1906 952/120/1903
f 953/120/1907 1006/120/1908 1003/120/1909
f 1003/120/1909 949/120/1910 953/120/1907
f 945/120/1911 1004/120/1912 951/120/1913
f 951/120/1913 946/120/1914 945/120/1911
f 980/120/1915 1005/120/1915 952/120/1915
f 952/120/1915 954/120/1915 980/120/1915
f 955/120/1916 982/120/1917 1006/120/1916
f 1006/120/1916 953/120/1918 955/120/1916
f 1007/120/1919 1008/120/1920 1009/120/1920
f 1009/120/1920 1010/120/1921 1007/120/1919
f 987/120/1922 1011/120/1923 1012/120/1923
f 1012/120/1923 986/120/1923 987/120/1922
f 988/120/1924 1013/120/1924 975/120/1925
f 975/120/1925 978/120/1924 988/120/1924
f 1011/120/1926 987/120/1927 989/120/1928
f 989/120/1928 1014/120/1927 1011/120/1926
f 990/120/1929 1010/120/1930 1013/120/1930
f 1013/120/1930 988/120/1930 990/120/1929
f 991/120/1931 1015/120/1932 1014/120/1931
f 1014/120/1931 989/120/1932 991/120/1931
f 1007/120/1933 1010/120/1934 990/120/1935
f 990/120/1935 992/120/1934 1007/120/1933
f 993/120/1936 1016/120/1937 1015/120/1938
f 1015/120/1938 991/120/1937 993/120/1936
f 994/120/1939 1017/120/1939 1007/120/1940
f 1007/120/1940 992/120/1939 994/120/1939
f 1018/120/1941 1016/120/1942 993/120/1941
f 993/120/1941 995/120/1942 1018/120/1941
f 996/120/1943 1019/120/1943 1017/120/1943
f 1017/120/1943 994/120/1943 996/120/1943
f 997/120/1944 1020/120/1945 1018/120/1945
f 1018/120/1945 995/120/1945 997/120/1944
f 1021/120/1946 1019/120/1947 996/120/1947
f 996/120/1947 998/120/1947 1021/120/1946
f 999/120/1948 1022/120/1949 1020/120/1950
f 1020/120/1950 997/120/1949 999/120/1948
f 1000/120/1951 1023/120/1952 1021/120/1952
f 1021/120/1952 998/120/1952 1000/120/1951
f 1024/120/1953 1025/120/1953 984/120/1953
f 984/120/1953 1001/120/1953 1024/120/1953
f 1026/120/1954 1022/120/1954 999/120/1955
f 999/120/1955 1002/120/1954 1026/120/1954
f 1003/120/1956 1027/120/1957 1023/120/1958
f 1023/120/1958 1000/120/1957 1003/120/1956
f 1004/120/1959 1028/120/1960 1024/120/1960
f 1024/120/1960 1001/120/1960 1004/120/1959
f 1005/120/1961 1029/120/1962 1026/120/1962
f 1026/120/1962 1002/120/1962 1005/120/1961
f 1027/120/1963 1003/120/1964 1006/120/1965
f 1006/120/1965 1030/120/1964 1027/120/1963
f 945/120/1966 1031/120/1966 1028/120/1966
f 1028/120/1966 1004/120/1966 945/120/1966
f 980/120/1967 1032/120/1968 1029/120/1969
f 1029/120/1969 1005/120/1968 980/120/1967
f 982/120/1970 1033/120/1970 1030/120/1971
f 1030/120/1971 1006/120/1970 982/120/1970
f 1034/120/1972 1031/120/1973 945/120/1973
f 945/120/1973 944/120/1973 1034/120/1972
f 1035/120/1974 1032/120/1975 980/120/1974
f 980/120/1974 979/120/1975 1035/120/1974
f 981/120/1976 1036/120/1977 1033/120/1978
f 1033/120/1978 982/120/1977 981/120/1976
f 983/120/1979 1037/120/1979 1034/120/1980
f 1034/120/1980 944/120/1979 983/120/1979
f 1025/120/1981 1035/120/1982 979/120/1982
f 979/120/1982 984/120/1982 1025/120/1981
f 1036/120/1983 981/120/1984 985/120/1985
f 985/120/1985 1038/120/1984 1036/120/1983
f 977/120/1986 976/120/1986 1037/120/1986
f 1037/120/1986 983/120/1986 977/120/1986
f 986/120/1987 1012/120/1987 1038/120/1988
f 1038/120/1988 985/120/1987 986/120/1987
f 1039/120/1989 1040/120/1989 1041/120/1989
f 1041/120/1989 1042/120/1990 1039/120/1989
f 1016/120/1991 1043/120/1992 1044/120/1991
f 1044/120/1991 1015/120/1992 1016/120/1991
f 1045/120/1993 1008/120/1994 1007/120/1994
f 1007/120/1994 1017/120/1993 1045/120/1993
f 1018/120/1995 1046/120/1996 1043/120/1997
f 1043/120/1997 1016/120/1997 1018/120/1995
f 1019/120/1998 1042/120/1999 1045/120/2000
f 1045/120/2000 1017/120/2001 1019/120/1998
f 1046/120/2002 1018/120/2002 1020/120/2003
f 1020/120/2003 1047/120/2002 1046/120/2002
f 1021/120/2004 1039/120/2005 1042/120/2006
f 1042/120/2006 1019/120/2007 1021/120/2004
f 1022/120/2008 1048/120/2008 1047/120/2009
f 1047/120/2009 1020/120/2010 1022/120/2008
f 1039/120/2011 1021/120/2011 1023/120/2011
f 1023/120/2011 1049/120/2011 1039/120/2011
f 1025/120/2012 1024/120/2012 1050/120/2012
f 1050/120/2012 1051/120/2012 1025/120/2012
f 1026/120/2013 1052/120/2014 1048/120/2013
f 1048/120/2013 1022/120/2015 1026/120/2013
f 1027/120/2016 1053/120/2017 1049/120/2016
f 1049/120/2016 1023/120/2018 1027/120/2016
f 1028/120/2019 1054/120/2020 1050/120/2019
f 1050/120/2019 1024/120/2021 1028/120/2019
f 1055/120/2022 1052/120/2022 1026/120/2022
f 1026/120/2022 1029/120/2023 1055/120/2022
f 1030/120/2024 1056/120/2025 1053/120/2026
f 1053/120/2026 1027/120/2027 1030/120/2024
f 1031/120/2028 1057/120/2029 1054/120/2029
f 1054/120/2029 1028/120/2028 1031/120/2028
f 1032/120/2030 1058/120/2031 1055/120/2030
f 1055/120/2030 1029/120/2032 1032/120/2030
f 1059/120/2033 1056/120/2034 1030/120/2035
f 1030/120/2035 1033/120/2036 1059/120/2033
f 1034/120/2037 1060/120/2038 1057/120/2039
f 1057/120/2039 1031/120/2040 1034/120/2037
f 1035/120/2041 1061/120/2042 1058/120/2043
f 1058/120/2043 1032/120/2044 1035/120/2041
f 1036/120/2045 1062/120/2046 1059/120/2046
f 1059/120/2046 1033/120/2047 1036/120/2045
f 1060/120/2048 1034/120/2049 1037/120/2050
f 1037/120/2050 1063/120/2049 1060/120/2048
f 1051/120/2051 1061/120/2052 1035/120/2053
f 1035/120/2053 1025/120/2054 1051/120/2051
f 1038/120/2055 1064/120/2056 1062/120/2057
f 1062/120/2057 1036/120/2058 1038/120/2055
f 976/120/2059 1065/120/2059 1063/120/2059
f 1063/120/2059 1037/120/2060 976/120/2059
f 1066/120/2061 1064/120/2062 1038/120/2061
f 1038/120/2061 1012/120/2063 1066/120/2061
f 975/120/2064 1067/120/2065 1065/120/2066
f 1065/120/2066 976/120/2067 975/120/2064
f 1011/120/2068 1068/120/2069 1066/120/2070
f 1066/120/2070 1012/120/2071 1011/120/2068
f 1069/120/2072 1067/120/2073 975/120/2072
f 975/120/2072 1013/120/2072 1069/120/2072
f 1014/120/2074 1070/120/2075 1068/120/2076
f 1068/120/2076 1011/120/2077 1014/120/2074
f 1010/120/2078 1009/120/2079 1069/120/2078
f 1069/120/2078 1013/120/2080 1010/120/2078
f 1070/120/2081 1014/120/2082 1015/120/2083
f 1015/120/2083 1044/120/2084 1070/120/2081
f 1071/120/2085 1072/120/2086 1073/120/2085
f 1073/120/2085 1074/120/2086 1071/120/2085
f 1047/120/2087 1048/120/2088 1075/120/2087
f 1075/120/2087 1076/120/2089 1047/120/2087
f 1049/120/2090 1077/120/2090 1040/120/2091
f 1040/120/2091 1039/120/2091 1049/120/2090
f 1051/120/2092 1050/120/2092 1078/120/2092
f 1078/120/2092 1079/120/2092 1051/120/2092
f 1075/120/2093 1048/120/2093 1052/120/2093
f 1052/120/2093 1080/120/2093 1075/120/2093
f 1049/120/2094 1053/120/2095 1074/120/2094
f 1074/120/2094 1077/120/2096 1049/120/2094
f 1078/120/2097 1050/120/2098 1054/120/2099
f 1054/120/2099 1081/120/2100 1078/120/2097
f 1055/120/2101 1082/120/2101 1080/120/2102
f 1080/120/2102 1052/120/2103 1055/120/2101
f 1074/120/2104 1053/120/2104 1056/120/2104
f 1056/120/2104 1071/120/2104 1074/120/2104
f 1083/120/2105 1081/120/2106 1054/120/2107
f 1054/120/2107 1057/120/2108 1083/120/2105
f 1055/120/2109 1058/120/2110 1084/120/2111
f 1084/120/2111 1082/120/2109 1055/120/2109
f 1059/120/2112 1085/120/2113 1071/120/2112
f 1071/120/2112 1056/120/2114 1059/120/2112
f 1060/120/2115 1086/120/2116 1083/120/2117
f 1083/120/2117 1057/120/2115 1060/120/2115
f 1084/120/2118 1058/120/2119 1061/120/2120
f 1061/120/2120 1087/120/2121 1084/120/2118
f 1059/120/2122 1062/120/2123 1088/120/2124
f 1088/120/2124 1085/120/2125 1059/120/2122
f 1063/120/2126 1089/120/2126 1086/120/2126
f 1086/120/2126 1060/120/2126 1063/120/2126
f 1061/120/2127 1051/120/2127 1079/120/2127
f 1079/120/2127 1087/120/2127 1061/120/2127
f 1088/120/2128 1062/120/2129 1064/120/2130
f 1064/120/2130 1090/120/2131 1088/120/2128
f 1091/120/2132 1089/120/2132 1063/120/2132
f 1063/120/2132 1065/120/2133 1091/120/2132
f 1066/120/2134 1092/120/2135 1090/120/2135
f 1090/120/2135 1064/120/2135 1066/120/2134
f 1067/120/2136 1093/120/2137 1091/120/2136
f 1091/120/2136 1065/120/2138 1067/120/2136
f 1066/120/2139 1068/120/2139 1094/120/2139
f 1094/120/2139 1092/120/2139 1066/120/2139
f 1069/120/2140 1095/120/2140 1093/120/2141
f 1093/120/2141 1067/120/2142 1069/120/2140
f 1094/120/2143 1068/120/2144 1070/120/2145
f 1070/120/2145 1096/120/2145 1094/120/2143
f 1069/120/2146 1009/120/2147 1097/120/2148
f 1097/120/2148 1095/120/2147 1069/120/2146
f 1044/120/2149 1098/120/2149 1096/120/2150
f 1096/120/2150 1070/120/2151 1044/120/2149
f 1097/120/2152 1009/120/2153 1008/120/2152
f 1008/120/2152 1099/120/2154 1097/120/2152
f 1044/120/2155 1043/120/2156 1100/120/2156
f 1100/120/2156 1098/120/2156 1044/120/2155
f 1101/120/2157 1099/120/2158 1008/120/2159
f 1008/120/2159 1045/120/2157 1101/120/2157
f 1100/120/2160 1043/120/2161 1046/120/2162
f 1046/120/2162 1102/120/2163 1100/120/2160
f 1101/120/2164 1045/120/2165 1042/120/2164
f 1042/120/2164 1041/120/2164 1101/120/2164
f 1047/120/2166 1076/120/2166 1102/120/2167
f 1102/120/2167 1046/120/2166 1047/120/2166
f 1103/120/2168 1104/120/2169 1105/120/2169
f 1105/120/2169 1106/120/2169 1103/120/2168
f 1083/120/2170 1107/120/2170 1108/120/2170
f 1108/120/2170 1081/120/2170 1083/120/2170
f 1084/120/2171 1109/120/2171 1110/120/2171
f 1110/120/2171 1082/120/2171 1084/120/2171
f 1072/120/2172 1071/120/2172 1085/120/2172
f 1085/120/2172 1111/120/2172 1072/120/2172
f 1083/120/2173 1086/120/2173 1112/120/2173
f 1112/120/2173 1107/120/2173 1083/120/2173
f 1087/120/2174 1113/120/2174 1109/120/2174
f 1109/120/2174 1084/120/2174 1087/120/2174
f 1088/120/2175 1106/120/2175 1111/120/2175
f 1111/120/2175 1085/120/2175 1088/120/2175
f 1112/120/2176 1086/120/2176 1089/120/2176
f 1089/120/2176 1114/120/2176 1112/120/2176
f 1115/120/2177 1113/120/2177 1087/120/2177
f 1087/120/2177 1079/120/2177 1115/120/2177
f 1090/120/2178 1103/120/2178 1106/120/2178
f 1106/120/2178 1088/120/2178 1090/120/2178
f 1091/120/2179 1116/120/2179 1114/120/2179
f 1114/120/2179 1089/120/2179 1091/120/2179
f 1103/120/2180 1090/120/2180 1092/120/2180
f 1092/120/2180 1117/120/2180 1103/120/2180
f 1091/120/2181 1093/120/2181 1118/120/2181
f 1118/120/2181 1116/120/2181 1091/120/2181
f 1094/120/2182 1119/120/2182 1117/120/2182
f 1117/120/2182 1092/120/2182 1094/120/2182
f 1118/120/2183 1093/120/2183 1095/120/2184
f 1095/120/2184 1120/120/2183 1118/120/2183
f 1096/120/2185 1121/120/2185 1119/120/2185
f 1119/120/2185 1094/120/2185 1096/120/2185
f 1097/120/2186 1122/120/2186 1120/120/2186
f 1120/120/2186 1095/120/2186 1097/120/2186
f 1121/120/2187 1096/120/2187 1098/120/2187
f 1098/120/2187 1123/120/2187 1121/120/2187
f 1099/120/2188 1124/120/2188 1122/120/2188
f 1122/120/2188 1097/120/2188 1099/120/2188
f 1100/120/2189 1125/120/2190 1123/120/2190
f 1123/120/2190 1098/120/2191 1100/120/2189
f 1099/120/2192 1101/120/2192 1126/120/2192
f 1126/120/2192 1124/120/2192 1099/120/2192
f 1102/120/2193 1127/120/2194 1125/120/2194
f 1125/120/2194 1100/120/2194 1102/120/2193
f 1128/120/2195 1126/120/2195 1101/120/2195
f 1101/120/2195 1041/120/2195 1128/120/2195
f 1127/120/2196 1102/120/2196 1076/120/2197
f 1076/120/2197 1129/120/2196 1127/120/2196
f 1128/120/2198 1041/120/2198 1040/120/2198
f 1040/120/2198 1130/120/2198 1128/120/2198
f 1075/120/2199 1131/120/2199 1129/120/2199
f 1129/120/2199 1076/120/2199 1075/120/2199
f 1130/120/2200 1040/120/2200 1077/120/2200
f 1077/120/2200 1132/120/2200 1130/120/2200
f 1078/120/2201 1133/120/2202 1115/120/2201
f 1115/120/2201 1079/120/2202 1078/120/2201
f 1080/120/2203 1134/120/2203 1131/120/2203
f 1131/120/2203 1075/120/2203 1080/120/2203
f 1074/120/2204 1073/120/2204 1132/120/2204
f 1132/120/2204 1077/120/2204 1074/120/2204
f 1133/120/2205 1078/120/2205 1081/120/2205
f 1081/120/2205 1108/120/2205 1133/120/2205
f 1134/120/2206 1080/120/2206 1082/120/2206
f 1082/120/2206 1110/120/2206 1134/120/2206
f 1135/120/2207 1136/120/2207 1137/120/2207
f 1137/120/2207 1138/120/2207 1135/120/2207
f 1139/120/2208 1114/120/2209 1116/120/2210
f 1116/120/2210 1140/120/2211 1139/120/2208
f 1117/120/2212 1141/120/2213 1104/120/2214
f 1104/120/2214 1103/120/2212 1117/120/2212
f 1118/120/2215 1142/120/2216 1140/120/2217
f 1140/120/2217 1116/120/2218 1118/120/2215
f 1141/120/2219 1117/120/2220 1119/120/2220
f 1119/120/2220 1138/120/2221 1141/120/2219
f 1120/120/2222 1143/120/2223 1142/120/2224
f 1142/120/2224 1118/120/2224 1120/120/2222
f 1121/120/2225 1135/120/2225 1138/120/2225
f 1138/120/2225 1119/120/2225 1121/120/2225
f 1143/120/2226 1120/120/2226 1122/120/2226
f 1122/120/2226 1144/120/2227 1143/120/2226
f 1123/120/2228 1145/120/2229 1135/120/2230
f 1135/120/2230 1121/120/2230 1123/120/2228
f 1124/120/2231 1146/120/2232 1144/120/2233
f 1144/120/2233 1122/120/2234 1124/120/2231
f 1145/120/2235 1123/120/2236 1125/120/2237
f 1125/120/2237 1147/120/2238 1145/120/2235
f 1126/120/2239 1148/120/2240 1146/120/2240
f 1146/120/2240 1124/120/2241 1126/120/2239
f 1127/120/2242 1149/120/2243 1147/120/2242
f 1147/120/2242 1125/120/2244 1127/120/2242
f 1148/120/2245 1126/120/2246 1128/120/2247
f 1128/120/2247 1150/120/2248 1148/120/2245
f 1129/120/2249 1151/120/2250 1149/120/2251
f 1149/120/2251 1127/120/2252 1129/120/2249
f 1130/120/2253 1152/120/2253 1150/120/2253
f 1150/120/2253 1128/120/2254 1130/120/2253
f 1151/120/2255 1129/120/2255 1131/120/2255
f 1131/120/2255 1153/120/2255 1151/120/2255
f 1132/120/2256 1154/120/2257 1152/120/2256
f 1152/120/2256 1130/120/2258 1132/120/2256
f 1115/120/2259 1133/120/2260 1155/120/2260
f 1155/120/2260 1156/120/2260 1115/120/2259
f 1134/120/2261 1157/120/2261 1153/120/2262
f 1153/120/2262 1131/120/2263 1134/120/2261
f 1154/120/2264 1132/120/2265 1073/120/2266
f 1073/120/2266 1158/120/2267 1154/120/2264
f 1108/120/2268 1159/120/2269 1155/120/2269
f 1155/120/2269 1133/120/2270 1108/120/2268
f 1110/120/2271 1160/120/2271 1157/120/2272
f 1157/120/2272 1134/120/2273 1110/120/2271
f 1072/120/2274 1161/120/2275 1158/120/2274
f 1158/120/2274 1073/120/2274 1072/120/2274
f 1159/120/2276 1108/120/2277 1107/120/2276
f 1107/120/2276 1162/120/2276 1159/120/2276
f 1160/120/2278 1110/120/2279 1109/120/2278
f 1109/120/2278 1163/120/2278 1160/120/2278
f 1111/120/2280 1164/120/2281 1161/120/2282
f 1161/120/2282 1072/120/2281 1111/120/2280
f 1112/120/2283 1165/120/2284 1162/120/2285
f 1162/120/2285 1107/120/2286 1112/120/2283
f 1113/120/2287 1166/120/2288 1163/120/2289
f 1163/120/2289 1109/120/2288 1113/120/2287
f 1164/120/2290 1111/120/2291 1106/120/2292
f 1106/120/2292 1105/120/2293 1164/120/2290
f 1114/120/2294 1139/120/2294 1165/120/2294
f 1165/120/2294 1112/120/2294 1114/120/2294
f 1156/120/2295 1166/120/2296 1113/120/2296
f 1113/120/2296 1115/120/2297 1156/120/2295
f 1167/120/2298 1168/120/2298 1169/120/2299
f 1169/120/2299 1170/120/2300 1167/120/2298
f 1144/120/2301 1171/120/2302 1172/120/2301
f 1172/120/2301 1143/120/2302 1144/120/2301
f 1145/120/2303 1173/120/2304 1136/120/2303
f 1136/120/2303 1135/120/2303 1145/120/2303
f 1146/120/2305 1174/120/2305 1171/120/2305
f 1171/120/2305 1144/120/2305 1146/120/2305
f 1147/120/2306 1170/120/2307 1173/120/2308
f 1173/120/2308 1145/120/2308 1147/120/2306
f 1175/120/2309 1174/120/2309 1146/120/2309
f 1146/120/2309 1148/120/2309 1175/120/2309
f 1149/120/2310 1167/120/2311 1170/120/2312
f 1170/120/2312 1147/120/2313 1149/120/2310
f 1150/120/2314 1176/120/2315 1175/120/2314
f 1175/120/2314 1148/120/2316 1150/120/2314
f 1177/120/2317 1167/120/2317 1149/120/2317
f 1149/120/2317 1151/120/2318 1177/120/2317
f 1176/120/2319 1150/120/2319 1152/120/2319
f 1152/120/2319 1178/120/2320 1176/120/2319
f 1179/120/2321 1177/120/2321 1151/120/2321
f 1151/120/2321 1153/120/2322 1179/120/2321
f 1154/120/2323 1180/120/2323 1178/120/2323
f 1178/120/2323 1152/120/2324 1154/120/2323
f 1181/120/2325 1156/120/2326 1155/120/2326
f 1155/120/2326 1182/120/2327 1181/120/2325
f 1183/120/2328 1179/120/2328 1153/120/2328
f 1153/120/2328 1157/120/2328 1183/120/2328
f 1158/120/2329 1184/120/2330 1180/120/2329
f 1180/120/2329 1154/120/2331 1158/120/2329
f 1182/120/2332 1155/120/2333 1159/120/2334
f 1159/120/2334 1185/120/2333 1182/120/2332
f 1183/120/2335 1157/120/2336 1160/120/2335
f 1160/120/2335 1186/120/2336 1183/120/2335
f 1161/120/2337 1187/120/2338 1184/120/2338
f 1184/120/2338 1158/120/2338 1161/120/2337
f 1162/120/2339 1188/120/2339 1185/120/2339
f 1185/120/2339 1159/120/2339 1162/120/2339
f 1163/120/2340 1189/120/2340 1186/120/2340
f 1186/120/2340 1160/120/2340 1163/120/2340
f 1164/120/2341 1190/120/2342 1187/120/2343
f 1187/120/2343 1161/120/2341 1164/120/2341
f 1188/120/2344 1162/120/2345 1165/120/2345
f 1165/120/2345 1191/120/2345 1188/120/2344
f 1166/120/2346 1192/120/2347 1189/120/2347
f 1189/120/2347 1163/120/2347 1166/120/2346
f 1105/120/2348 1193/120/2349 1190/120/2349
f 1190/120/2349 1164/120/2348 1105/120/2348
f 1139/120/2350 1194/120/2350 1191/120/2350
f 1191/120/2350 1165/120/2350 1139/120/2350
f 1181/120/2351 1192/120/2352 1166/120/2351
f 1166/120/2351 1156/120/2353 1181/120/2351
f 1104/120/2354 1195/120/2354 1193/120/2354
f 1193/120/2354 1105/120/2354 1104/120/2354
f 1140/120/2355 1196/120/2355 1194/120/2355
f 1194/120/2355 1139/120/2355 1140/120/2355
f 1141/120/2356 1197/120/2356 1195/120/2356
f 1195/120/2356 1104/120/2357 1141/120/2356
f 1196/120/2358 1140/120/2358 1142/120/2358
f 1142/120/2358 1198/120/2358 1196/120/2358
f 1138/120/2359 1137/120/2359 1197/120/2359
f 1197/120/2359 1141/120/2360 1138/120/2359
f 1172/120/2361 1198/120/2361 1142/120/2361
f 1142/120/2361 1143/120/2361 1172/120/2361
f 1199/120/2362 1200/120/2363 1201/120/2364
f 1201/120/2364 1202/120/2363 1199/120/2362
f 1203/120/2365 1204/120/2365 1175/120/2365
f 1175/120/2365 1176/120/2365 1203/120/2365
f 1205/120/2366 1168/120/2367 1167/120/2368
f 1167/120/2368 1177/120/2367 1205/120/2366
f 1178/120/2369 1206/120/2369 1203/120/2369
f 1203/120/2369 1176/120/2369 1178/120/2369
f 1207/120/2370 1205/120/2371 1177/120/2372
f 1177/120/2372 1179/120/2371 1207/120/2370
f 1180/120/2373 1208/120/2373 1206/120/2373
f 1206/120/2373 1178/120/2373 1180/120/2373
f 1181/120/2374 1182/120/2374 1209/120/2374
f 1209/120/2374 1210/120/2374 1181/120/2374
f 1183/120/2375 1211/120/2375 1207/120/2376
f 1207/120/2376 1179/120/2375 1183/120/2375
f 1208/120/2377 1180/120/2377 1184/120/2377
f 1184/120/2377 1212/120/2377 1208/120/2377
f 1185/120/2378 1213/120/2378 1209/120/2378
f 1209/120/2378 1182/120/2378 1185/120/2378
f 1211/120/2379 1183/120/2380 1186/120/2380
f 1186/120/2380 1214/120/2380 1211/120/2379
f 1187/120/2381 1215/120/2381 1212/120/2381
f 1212/120/2381 1184/120/2381 1187/120/2381
f 1188/120/2382 1216/120/2382 1213/120/2382
f 1213/120/2382 1185/120/2382 1188/120/2382
f 1217/120/2383 1214/120/2384 1186/120/2384
f 1186/120/2384 1189/120/2384 1217/120/2383
f 1218/120/2385 1215/120/2385 1187/120/2385
f 1187/120/2385 1190/120/2385 1218/120/2385
f 1191/120/2386 1219/120/2386 1216/120/2386
f 1216/120/2386 1188/120/2386 1191/120/2386
f 1192/120/2387 1220/120/2387 1217/120/2387
f 1217/120/2387 1189/120/2387 1192/120/2387
f 1218/120/2388 1190/120/2389 1193/120/2390
f 1193/120/2390 1201/120/2389 1218/120/2388
f 1194/120/2391 1221/120/2391 1219/120/2391
f 1219/120/2391 1191/120/2391 1194/120/2391
f 1210/120/2392 1220/120/2392 1192/120/2392
f 1192/120/2392 1181/120/2392 1210/120/2392
f 1195/120/2393 1202/120/2394 1201/120/2395
f 1201/120/2395 1193/120/2394 1195/120/2393
f 1221/120/2396 1194/120/2396 1196/120/2396
f 1196/120/2396 1222/120/2396 1221/120/2396
f 1202/120/2397 1195/120/2397 1197/120/2398
f 1197/120/2398 1223/120/2397 1202/120/2397
f 1198/120/2399 1224/120/2399 1222/120/2400
f 1222/120/2400 1196/120/2400 1198/120/2399
f 1223/120/2401 1197/120/2402 1137/120/2403
f 1137/120/2403 1225/120/2402 1223/120/2401
f 1226/120/2404 1224/120/2404 1198/120/2404
f 1198/120/2404 1172/120/2404 1226/120/2404
f 1227/120/2405 1225/120/2405 1137/120/2405
f 1137/120/2405 1136/120/2405 1227/120/2405
f 1228/120/2406 1226/120/2406 1172/120/2406
f 1172/120/2406 1171/120/2406 1228/120/2406
f 1173/120/2407 1229/120/2408 1227/120/2409
f 1227/120/2409 1136/120/2408 1173/120/2407
f 1174/120/2410 1230/120/2410 1228/120/2410
f 1228/120/2410 1171/120/2410 1174/120/2410
f 1229/120/2411 1173/120/2412 1170/120/2411
f 1170/120/2411 1169/120/2413 1229/120/2411
f 1174/120/2414 1175/120/2414 1204/120/2414
f 1204/120/2414 1230/120/2414 1174/120/2414
f 1231/120/2415 1232/120/2416 1233/120/2416
f 1233/120/2416 1234/120/2417 1231/120/2415
f 1221/120/2418 1222/120/2419 1235/120/2420
f 1235/120/2420 1236/120/2421 1221/120/2418
f 1223/120/2422 1237/120/2422 1199/120/2422
f 1199/120/2422 1202/120/2422 1223/120/2422
f 1238/120/2423 1235/120/2424 1222/120/2425
f 1222/120/2425 1224/120/2426 1238/120/2423
f 1225/120/2427 1231/120/2427 1237/120/2427
f 1237/120/2427 1223/120/2427 1225/120/2427
f 1226/120/2428 1239/120/2429 1238/120/2430
f 1238/120/2430 1224/120/2431 1226/120/2428
f 1231/120/2432 1225/120/2433 1227/120/2434
f 1227/120/2434 1232/120/2434 1231/120/2432
f 1228/120/2435 1240/120/2436 1239/120/2437
f 1239/120/2437 1226/120/2438 1228/120/2435
f 1229/120/2439 1241/120/2440 1232/120/2441
f 1232/120/2441 1227/120/2442 1229/120/2439
f 1228/120/2443 1230/120/2444 1242/120/2444
f 1242/120/2444 1240/120/2445 1228/120/2443
f 1229/120/2446 1169/120/2447 1243/120/2448
f 1243/120/2448 1241/120/2449 1229/120/2446
f 1204/120/2450 1244/120/2451 1242/120/2450
f 1242/120/2450 1230/120/2450 1204/120/2450
f 1245/120/2452 1243/120/2453 1169/120/2454
f 1169/120/2454 1168/120/2455 1245/120/2452
f 1246/120/2456 1244/120/2457 1204/120/2456
f 1204/120/2456 1203/120/2456 1246/120/2456
f 1245/120/2458 1168/120/2459 1205/120/2460
f 1205/120/2460 1247/120/2461 1245/120/2458
f 1248/120/2462 1246/120/2463 1203/120/2462
f 1203/120/2462 1206/120/2462 1248/120/2462
f 1207/120/2464 1249/120/2465 1247/120/2464
f 1247/120/2464 1205/120/2466 1207/120/2464
f 1206/120/2467 1208/120/2467 1250/120/2468
f 1250/120/2468 1248/120/2467 1206/120/2467
f 1251/120/2469 1252/120/2469 1210/120/2470
f 1210/120/2470 1209/120/2471 1251/120/2469
f 1207/120/2472 1211/120/2472 1253/120/2473
f 1253/120/2473 1249/120/2474 1207/120/2472
f 1250/120/2475 1208/120/2476 1212/120/2477
f 1212/120/2477 1254/120/2478 1250/120/2475
f 1251/120/2479 1209/120/2480 1213/120/2481
f 1213/120/2481 1255/120/2482 1251/120/2479
f 1214/120/2483 1256/120/2484 1253/120/2485
f 1253/120/2485 1211/120/2486 1214/120/2483
f 1212/120/2487 1215/120/2488 1257/120/2489
f 1257/120/2489 1254/120/2490 1212/120/2487
f 1213/120/2491 1216/120/2492 1258/120/2493
f 1258/120/2493 1255/120/2494 1213/120/2491
f 1259/120/2495 1256/120/2496 1214/120/2497
f 1214/120/2497 1217/120/2498 1259/120/2495
f 1218/120/2499 1260/120/2500 1257/120/2501
f 1257/120/2501 1215/120/2500 1218/120/2499
f 1261/120/2502 1258/120/2503 1216/120/2503
f 1216/120/2503 1219/120/2503 1261/120/2502
f 1262/120/2504 1259/120/2505 1217/120/2506
f 1217/120/2506 1220/120/2507 1262/120/2504
f 1260/120/2508 1218/120/2509 1201/120/2508
f 1201/120/2508 1200/120/2508 1260/120/2508
f 1221/120/2510 1236/120/2511 1261/120/2510
f 1261/120/2510 1219/120/2512 1221/120/2510
f 1220/120/2513 1210/120/2514 1252/120/2515
f 1252/120/2515 1262/120/2516 1220/120/2513
f 1271/120/2517 1270/120/2518 1239/120/2517
f 1239/120/2517 1240/120/2519 1271/120/2517
f 1283/120/2520 1233/120/2520 1232/120/2520
f 1232/120/2520 1241/120/2520 1283/120/2520
f 1240/120/2521 1242/120/2521 1272/120/2521
f 1272/120/2521 1271/120/2521 1240/120/2521
f 1243/120/2522 1284/120/2523 1283/120/2522
f 1283/120/2522 1241/120/2524 1243/120/2522
f 1273/120/2525 1272/120/2526 1242/120/2527
f 1242/120/2527 1244/120/2525 1273/120/2525
f 1245/120/2528 1285/120/2529 1284/120/2528
f 1284/120/2528 1243/120/2529 1245/120/2528
f 1246/120/2530 1274/120/2531 1273/120/2532
f 1273/120/2532 1244/120/2533 1246/120/2530
f 1285/120/2534 1245/120/2534 1247/120/2534
f 1247/120/2534 1286/120/2534 1285/120/2534
f 1248/120/2535 1275/120/2536 1274/120/2537
f 1274/120/2537 1246/120/2538 1248/120/2535
f 1286/120/2539 1247/120/2540 1249/120/2540
f 1249/120/2540 1287/120/2539 1286/120/2539
f 1275/120/2541 1248/120/2542 1250/120/2543
f 1250/120/2543 1276/120/2544 1275/120/2541
f 1263/120/2545 1292/120/2546 1252/120/2545
f 1252/120/2545 1251/120/2545 1263/120/2545
f 1249/120/2547 1253/120/2547 1288/120/2547
f 1288/120/2547 1287/120/2547 1249/120/2547
f 1277/120/2548 1276/120/2549 1250/120/2548
f 1250/120/2548 1254/120/2550 1277/120/2548
f 1264/120/2551 1263/120/2552 1251/120/2551
f 1251/120/2551 1255/120/2553 1264/120/2551
f 1289/120/2554 1288/120/2555 1253/120/2556
f 1253/120/2556 1256/120/2555 1289/120/2554
f 1254/120/2557 1257/120/2557 1278/120/2557
f 1278/120/2557 1277/120/2558 1254/120/2557
f 1258/120/2559 1265/120/2559 1264/120/2559
f 1264/120/2559 1255/120/2559 1258/120/2559
f 1259/120/2560 1290/120/2561 1289/120/2561
f 1289/120/2561 1256/120/2562 1259/120/2560
f 1279/120/2563 1278/120/2564 1257/120/2565
f 1257/120/2565 1260/120/2566 1279/120/2563
f 1265/120/2567 1258/120/2567 1261/120/2567
f 1261/120/2567 1266/120/2567 1265/120/2567
f 1262/120/2568 1291/120/2568 1290/120/2568
f 1290/120/2568 1259/120/2568 1262/120/2568
f 1200/120/2569 1280/120/2569 1279/120/2569
f 1279/120/2569 1260/120/2569 1200/120/2569
f 1267/120/2570 1266/120/2571 1261/120/2572
f 1261/120/2572 1236/120/2573 1267/120/2570
f 1291/120/2574 1262/120/2575 1252/120/2575
f 1252/120/2575 1292/120/2575 1291/120/2574
f 1199/120/2576 1281/120/2577 1280/120/2577
f 1280/120/2577 1200/120/2578 1199/120/2576
f 1235/120/2579 1268/120/2580 1267/120/2580
f 1267/120/2580 1236/120/2580 1235/120/2579
f 1281/120/2581 1199/120/2581 1237/120/2582
f 1237/120/2582 1282/120/2583 1281/120/2581
f 1238/120/2584 1269/120/2584 1268/120/2584
f 1268/120/2584 1235/120/2584 1238/120/2584
f 1282/120/2585 1237/120/2586 1231/120/2585
f 1231/120/2585 1234/120/2587 1282/120/2585
f 1269/120/2588 1238/120/2588 1239/120/2588
f 1239/120/2588 1270/120/2588 1269/120/2588
o C_rculo_009_C_rculo_010.002
v -0.162024 0.323304 0.332138
v -0.235623 0.323304 0.324938
v -0.306424 0.323304 0.303438
v -0.371624 0.323304 0.268538
v -0.428823 0.323304 0.221638
v -0.475724 0.323304 0.164438
v -0.510623 0.323304 0.099238
v -0.532123 0.323304 0.028438
v -0.539323 0.323304 -0.045162
v -0.532123 0.323304 -0.118862
v -0.510623 0.323304 -0.189662
v -0.475724 0.323304 -0.254862
v -0.428823 0.323304 -0.312062
v -0.371624 0.323304 -0.358962
v -0.306424 0.323304 -0.393862
v -0.235623 0.323304 -0.415362
v -0.162024 0.323304 -0.422562
v -0.088323 0.323304 -0.415362
v -0.017523 0.323304 -0.393862
v 0.047677 0.323304 -0.358962
v 0.104877 0.323304 -0.312062
v 0.151777 0.323304 -0.254862
v 0.186677 0.323304 -0.189662
v 0.208176 0.323304 -0.118862
v 0.215376 0.323304 -0.045162
v 0.208176 0.323304 0.028438
v 0.186677 0.323304 0.099238
v 0.151777 0.323304 0.164438
v 0.104877 0.323304 0.221638
v -0.088323 0.323304 0.324938
v 0.047677 0.323304 0.268538
v -0.017523 0.323304 0.303438
v -0.068923 0.144104 0.422538
v 0.020477 0.144104 0.395338
v 0.102977 0.144104 0.351338
v 0.175177 0.144104 0.291938
v 0.234477 0.144104 0.219738
v 0.278576 0.144104 0.137238
v 0.305677 0.144104 0.047838
v 0.314876 0.144104 -0.045162
v 0.305677 0.144104 -0.138262
v 0.278576 0.144104 -0.227662
v 0.234477 0.144104 -0.310162
v 0.175177 0.144104 -0.382362
v 0.102977 0.144104 -0.441662
v 0.020477 0.144104 -0.485762
v -0.068923 0.144104 -0.512862
v -0.162024 0.144104 -0.522062
v -0.255023 0.144104 -0.512862
v -0.344424 0.144104 -0.485762
v -0.426924 0.144104 -0.441662
v -0.499123 0.144104 -0.382362
v -0.558524 0.144104 -0.310162
v -0.602523 0.144104 -0.227662
v -0.629723 0.144104 -0.138262
v -0.638824 0.144104 -0.045162
v -0.629723 0.144104 0.047838
v -0.602523 0.144104 0.137238
v -0.558524 0.144104 0.219738
v -0.499123 0.144104 0.291938
v -0.426924 0.144104 0.351338
v -0.344424 0.144104 0.395338
v -0.255023 0.144104 0.422538
v -0.162024 0.144104 0.431638
vn -0.0000 -1.0000 -0.0000
vn -0.8376 -0.4837 -0.2540
vn -0.8376 -0.4836 -0.2541
vn -0.8375 -0.4838 -0.2540
vn -0.8376 -0.4836 -0.2540
vn 0.6767 -0.4835 0.5553
vn 0.6766 -0.4836 0.5553
vn 0.6767 -0.4835 0.5552
vn 0.6770 -0.4833 0.5551
vn -0.8712 -0.4834 -0.0860
vn -0.8711 -0.4836 -0.0858
vn -0.8711 -0.4836 -0.0860
vn 0.7718 -0.4838 0.4127
vn 0.7720 -0.4836 0.4125
vn 0.7719 -0.4836 0.4126
vn 0.7717 -0.4838 0.4128
vn -0.8712 -0.4834 0.0859
vn -0.8711 -0.4836 0.0858
vn -0.8711 -0.4836 0.0857
vn -0.8712 -0.4833 0.0861
vn 0.8376 -0.4836 0.2540
vn 0.8376 -0.4836 0.2541
vn 0.8375 -0.4836 0.2542
vn -0.8376 -0.4837 0.2540
vn -0.8376 -0.4836 0.2540
vn -0.8377 -0.4834 0.2540
vn -0.8374 -0.4839 0.2542
vn 0.8711 -0.4836 0.0858
vn 0.8711 -0.4836 0.0860
vn -0.7719 -0.4836 0.4126
vn -0.7719 -0.4835 0.4127
vn -0.7719 -0.4835 0.4128
vn 0.8711 -0.4837 -0.0852
vn 0.8711 -0.4836 -0.0857
vn -0.6768 -0.4836 0.5551
vn -0.6766 -0.4836 0.5552
vn -0.6766 -0.4834 0.5555
vn -0.6766 -0.4836 0.5553
vn 0.8376 -0.4836 -0.2541
vn 0.8375 -0.4836 -0.2544
vn 0.8375 -0.4837 -0.2543
vn -0.5552 -0.4834 0.6768
vn -0.5552 -0.4836 0.6767
vn -0.5554 -0.4835 0.6765
vn -0.5551 -0.4833 0.6770
vn 0.7719 -0.4835 -0.4128
vn 0.7719 -0.4836 -0.4127
vn 0.7719 -0.4836 -0.4126
vn -0.4126 -0.4835 0.7720
vn -0.4127 -0.4834 0.7720
vn -0.4128 -0.4835 0.7719
vn -0.4126 -0.4836 0.7719
vn -0.0858 -0.4836 -0.8711
vn -0.0860 -0.4836 -0.8711
vn 0.6767 -0.4835 -0.5553
vn 0.6766 -0.4836 -0.5553
vn 0.6767 -0.4836 -0.5552
vn 0.6767 -0.4837 -0.5551
vn -0.2542 -0.4834 0.8376
vn -0.2542 -0.4839 0.8374
vn -0.2543 -0.4837 0.8375
vn -0.2544 -0.4835 0.8376
vn -0.2542 -0.4836 -0.8375
vn -0.2543 -0.4837 -0.8375
vn -0.2541 -0.4837 -0.8376
vn -0.2541 -0.4836 -0.8376
vn 0.5553 -0.4835 -0.6767
vn 0.5554 -0.4836 -0.6765
vn 0.5553 -0.4836 -0.6766
vn 0.5551 -0.4833 -0.6770
vn -0.0858 -0.4835 0.8711
vn -0.0861 -0.4836 0.8710
vn -0.0859 -0.4836 0.8711
vn -0.4126 -0.4836 -0.7719
vn -0.4127 -0.4836 -0.7719
vn -0.4128 -0.4835 -0.7719
vn 0.4126 -0.4836 -0.7720
vn 0.4126 -0.4836 -0.7719
vn 0.0855 -0.4836 0.8711
vn 0.0858 -0.4836 0.8711
vn 0.0860 -0.4834 0.8712
vn 0.0852 -0.4837 0.8711
vn -0.5553 -0.4835 -0.6767
vn -0.5555 -0.4838 -0.6763
vn -0.5555 -0.4837 -0.6764
vn -0.5554 -0.4836 -0.6765
vn 0.2541 -0.4836 -0.8376
vn 0.2539 -0.4837 -0.8376
vn 0.2540 -0.4836 0.8377
vn 0.2539 -0.4835 0.8377
vn 0.2540 -0.4834 0.8377
vn 0.2541 -0.4836 0.8376
vn -0.6765 -0.4836 -0.5554
vn -0.6764 -0.4836 -0.5555
vn -0.6765 -0.4835 -0.5554
vn -0.6766 -0.4836 -0.5553
vn 0.0859 -0.4836 -0.8711
vn 0.0858 -0.4836 -0.8711
vn 0.4130 -0.4835 0.7718
vn 0.4126 -0.4836 0.7719
vn 0.4127 -0.4835 0.7719
vn 0.4127 -0.4836 0.7719
vn -0.7719 -0.4835 -0.4127
vn -0.7719 -0.4836 -0.4126
vn -0.7718 -0.4835 -0.4130
vn -0.7719 -0.4835 -0.4128
vn 0.5551 -0.4836 0.6768
vn 0.5552 -0.4836 0.6766
vn 0.5555 -0.4834 0.6766
vn 0.5550 -0.4836 0.6768
vt 0.000000 0.000000
s 1
usemtl Goddard_None
f 1309/121/2589 1310/121/2589 1311/121/2589
f 1311/121/2589 1312/121/2589 1313/121/2589
f 1293/121/2589 1301/121/2589 1317/121/2589
f 1318/121/2590 1331/121/2591 1330/121/2592
f 1330/121/2592 1319/121/2593 1318/121/2590
f 1304/121/2594 1345/121/2595 1344/121/2596
f 1344/121/2596 1305/121/2597 1304/121/2594
f 1332/121/2598 1331/121/2599 1318/121/2600
f 1318/121/2600 1317/121/2599 1332/121/2598
f 1303/121/2601 1346/121/2602 1345/121/2603
f 1345/121/2603 1304/121/2604 1303/121/2601
f 1332/121/2605 1317/121/2606 1316/121/2607
f 1316/121/2607 1333/121/2608 1332/121/2605
f 1302/121/2609 1347/121/2610 1346/121/2611
f 1346/121/2611 1303/121/2609 1302/121/2609
f 1316/121/2612 1315/121/2613 1334/121/2614
f 1334/121/2614 1333/121/2615 1316/121/2612
f 1301/121/2616 1348/121/2617 1347/121/2616
f 1347/121/2616 1302/121/2616 1301/121/2616
f 1314/121/2618 1335/121/2618 1334/121/2619
f 1334/121/2619 1315/121/2620 1314/121/2618
f 1300/121/2621 1349/121/2621 1348/121/2622
f 1348/121/2622 1301/121/2621 1300/121/2621
f 1313/121/2623 1336/121/2624 1335/121/2625
f 1335/121/2625 1314/121/2626 1313/121/2623
f 1299/121/2627 1350/121/2627 1349/121/2628
f 1349/121/2628 1300/121/2629 1299/121/2627
f 1312/121/2630 1337/121/2631 1336/121/2632
f 1336/121/2632 1313/121/2633 1312/121/2630
f 1298/121/2634 1351/121/2635 1350/121/2636
f 1350/121/2636 1299/121/2636 1298/121/2634
f 1311/121/2637 1338/121/2638 1337/121/2639
f 1337/121/2639 1312/121/2640 1311/121/2637
f 1356/121/2641 1293/121/2642 1322/121/2641
f 1322/121/2641 1325/121/2641 1356/121/2641
f 1297/121/2643 1352/121/2644 1351/121/2645
f 1351/121/2645 1298/121/2646 1297/121/2643
f 1310/121/2647 1339/121/2648 1338/121/2649
f 1338/121/2649 1311/121/2650 1310/121/2647
f 1325/121/2651 1322/121/2652 1324/121/2653
f 1324/121/2653 1326/121/2654 1325/121/2651
f 1296/121/2655 1353/121/2656 1352/121/2657
f 1352/121/2657 1297/121/2658 1296/121/2655
f 1309/121/2659 1340/121/2660 1339/121/2661
f 1339/121/2661 1310/121/2661 1309/121/2659
f 1326/121/2662 1324/121/2663 1323/121/2664
f 1323/121/2664 1327/121/2662 1326/121/2662
f 1295/121/2665 1354/121/2666 1353/121/2665
f 1353/121/2665 1296/121/2665 1295/121/2665
f 1308/121/2667 1341/121/2668 1340/121/2669
f 1340/121/2669 1309/121/2670 1308/121/2667
f 1323/121/2671 1321/121/2672 1328/121/2673
f 1328/121/2673 1327/121/2674 1323/121/2671
f 1294/121/2675 1355/121/2675 1354/121/2676
f 1354/121/2676 1295/121/2676 1294/121/2675
f 1307/121/2677 1342/121/2678 1341/121/2679
f 1341/121/2679 1308/121/2680 1307/121/2677
f 1320/121/2681 1329/121/2682 1328/121/2683
f 1328/121/2683 1321/121/2684 1320/121/2681
f 1294/121/2685 1293/121/2686 1356/121/2686
f 1356/121/2686 1355/121/2686 1294/121/2685
f 1306/121/2687 1343/121/2688 1342/121/2689
f 1342/121/2689 1307/121/2690 1306/121/2687
f 1330/121/2691 1329/121/2692 1320/121/2693
f 1320/121/2693 1319/121/2694 1330/121/2691
f 1305/121/2695 1344/121/2696 1343/121/2697
f 1343/121/2697 1306/121/2698 1305/121/2695
o C_rculo_010_C_rculo_011.002
v -0.163224 0.145404 0.433738
v -0.256724 0.145404 0.424538
v -0.346624 0.145404 0.397238
v -0.429523 0.145404 0.353038
v -0.502123 0.145404 0.293338
v -0.561823 0.145404 0.220738
v -0.606023 0.145404 0.137838
v -0.633323 0.145404 0.047938
v -0.642524 0.145404 -0.045562
v -0.633323 0.145404 -0.139062
v -0.606023 0.145404 -0.228962
v -0.561823 0.145404 -0.311862
v -0.502123 0.145404 -0.384562
v -0.429523 0.145404 -0.444162
v -0.346624 0.145404 -0.488462
v -0.256724 0.145404 -0.515662
v -0.163224 0.145404 -0.524862
v -0.069723 0.145404 -0.515662
v 0.020177 0.145404 -0.488462
v 0.103077 0.145404 -0.444162
v 0.175677 0.145404 -0.384562
v 0.235377 0.145404 -0.311862
v 0.279676 0.145404 -0.228962
v 0.306877 0.145404 -0.139062
v 0.316077 0.145404 -0.045562
v 0.306877 0.145404 0.047938
v 0.279676 0.145404 0.137838
v 0.235377 0.145404 0.220738
v 0.175677 0.145404 0.293338
v -0.069723 0.145404 0.424538
v 0.103077 0.145404 0.353038
v 0.020177 0.145404 0.397238
v -0.668224 0.124004 0.054838
v -0.668224 0.023203 0.054838
v -0.678123 0.023203 -0.045562
v -0.678123 0.124004 -0.045562
v -0.360224 0.124004 0.430138
v -0.449224 0.124004 0.382538
v -0.263623 0.124004 -0.550562
v -0.163224 0.124004 -0.560462
v 0.200877 0.124004 0.318538
v 0.122777 0.124004 0.382538
v -0.263623 0.124004 0.459438
v -0.360224 0.124004 -0.521262
v 0.264876 0.124004 0.240438
v -0.163224 0.124004 0.469338
v -0.449224 0.124004 -0.473662
v 0.312477 0.124004 0.151438
v -0.527323 0.124004 -0.409662
v 0.341776 0.124004 0.054838
v -0.591323 0.124004 -0.331562
v 0.351677 0.124004 -0.045562
v -0.638924 0.124004 -0.242562
v 0.341776 0.124004 -0.145962
v -0.668224 0.124004 -0.145962
v 0.312477 0.124004 -0.242562
v 0.264876 0.124004 -0.331562
v 0.200877 0.124004 -0.409662
v -0.638924 0.124004 0.151438
v 0.122777 0.124004 -0.473662
v -0.591323 0.124004 0.240438
v 0.033777 0.124004 -0.521262
v -0.062824 0.124004 0.459438
v -0.527323 0.124004 0.318538
v -0.062824 0.124004 -0.550562
v 0.033777 0.124004 0.430138
v -0.062824 0.023203 0.459438
v 0.033777 0.023203 0.430138
v 0.122777 0.023203 0.382538
v 0.200877 0.023203 0.318538
v 0.264876 0.023203 0.240438
v 0.312477 0.023203 0.151438
v 0.341776 0.023203 0.054838
v 0.351677 0.023203 -0.045562
v 0.341776 0.023203 -0.145962
v 0.312477 0.023203 -0.242562
v 0.264876 0.023203 -0.331562
v 0.200877 0.023203 -0.409662
v 0.122777 0.023203 -0.473662
v 0.033777 0.023203 -0.521262
v -0.062824 0.023203 -0.550562
v -0.163224 0.023203 -0.560462
v -0.263623 0.023203 -0.550562
v -0.360224 0.023203 -0.521262
v -0.449224 0.023203 -0.473662
v -0.527323 0.023203 -0.409662
v -0.591323 0.023203 -0.331562
v -0.638924 0.023203 -0.242562
v -0.668224 0.023203 -0.145962
v -0.638924 0.023203 0.151438
v -0.591323 0.023203 0.240438
v -0.527323 0.023203 0.318538
v -0.449224 0.023203 0.382538
v -0.360224 0.023203 0.430138
v -0.263623 0.023203 0.459438
v -0.163224 0.023203 0.469338
vn -0.0000 -1.0000 -0.0000
vn 0.9952 -0.0000 -0.0981
vn 0.2439 -0.8557 -0.4563
vn 0.2439 -0.8559 -0.4560
vn 0.2440 -0.8556 -0.4564
vn 0.2440 -0.8557 -0.4564
vn 0.0507 -0.8559 0.5147
vn 0.0508 -0.8558 0.5147
vn 0.0507 -0.8559 0.5146
vn 0.0506 -0.8560 0.5145
vn -0.3284 -0.8556 -0.4002
vn -0.3283 -0.8557 -0.4000
vn -0.3285 -0.8554 -0.4005
vn 0.1502 -0.8556 -0.4954
vn 0.1502 -0.8558 -0.4951
vn 0.1502 -0.8557 -0.4952
vn 0.1503 -0.8557 0.4952
vn 0.1502 -0.8557 0.4953
vn 0.1500 -0.8557 0.4953
vn 0.1504 -0.8556 0.4953
vn -0.4002 -0.8556 -0.3283
vn -0.3998 -0.8558 -0.3283
vn -0.4001 -0.8557 -0.3283
vn 0.0507 -0.8559 -0.5147
vn 0.0507 -0.8557 -0.5149
vn 0.0507 -0.8559 -0.5146
vn 0.0508 -0.8558 -0.5147
vn 0.2441 -0.8556 0.4565
vn 0.2442 -0.8555 0.4566
vn 0.2441 -0.8556 0.4566
vn -0.4565 -0.8556 -0.2441
vn -0.4566 -0.8555 -0.2442
vn -0.4566 -0.8556 -0.2441
vn -0.4569 -0.8554 -0.2441
vn 0.3282 -0.8556 0.4004
vn 0.3280 -0.8557 0.4003
vn 0.3283 -0.8555 0.4003
vn 0.3284 -0.8555 0.4002
vn -0.4950 -0.8558 -0.1503
vn -0.4951 -0.8558 -0.1502
vn -0.4951 -0.8557 -0.1502
vn 0.4003 -0.8556 0.3284
vn 0.4001 -0.8557 0.3283
vn 0.4001 -0.8556 0.3284
vn 0.3998 -0.8558 0.3283
vn -0.5149 -0.8558 -0.0507
vn -0.5147 -0.8558 -0.0508
vn -0.5147 -0.8559 -0.0507
vn -0.5151 -0.8556 -0.0507
vn 0.4563 -0.8557 0.2439
vn 0.4559 -0.8559 0.2439
vn 0.4564 -0.8557 0.2439
vn 0.4566 -0.8556 0.2440
vn -0.5149 -0.8558 0.0508
vn -0.5145 -0.8560 0.0506
vn -0.5150 -0.8557 0.0508
vn -0.5147 -0.8558 0.0508
vn 0.4950 -0.8558 0.1502
vn 0.4951 -0.8558 0.1502
vn 0.4948 -0.8559 0.1502
vn -0.4953 -0.8557 0.1501
vn -0.4956 -0.8555 0.1501
vn -0.4952 -0.8557 0.1501
vn -0.4951 -0.8558 0.1502
vn 0.5149 -0.8558 0.0507
vn 0.5150 -0.8557 0.0507
vn 0.5147 -0.8559 0.0507
vn 0.5148 -0.8558 0.0507
vn -0.4565 -0.8556 0.2441
vn -0.4566 -0.8555 0.2441
vn -0.4569 -0.8554 0.2441
vn 0.5147 -0.8559 -0.0507
vn 0.5147 -0.8558 -0.0508
vn 0.5150 -0.8557 -0.0508
vn 0.5148 -0.8558 -0.0507
vn -0.4003 -0.8556 0.3282
vn -0.4001 -0.8556 0.3284
vn -0.4001 -0.8557 0.3283
vn -0.4001 -0.8557 0.3282
vn 0.4948 -0.8559 -0.1501
vn 0.4951 -0.8557 -0.1502
vn 0.4949 -0.8558 -0.1503
vn 0.4950 -0.8558 -0.1503
vn -0.3283 -0.8557 0.4000
vn -0.3284 -0.8556 0.4002
vn -0.3283 -0.8557 0.3999
vn 0.4564 -0.8557 -0.2439
vn 0.4564 -0.8557 -0.2440
vn 0.4564 -0.8557 -0.2438
vn -0.2441 -0.8556 0.4565
vn -0.2443 -0.8554 0.4568
vn -0.2440 -0.8556 0.4564
vn -0.0507 -0.8559 -0.5146
vn -0.0506 -0.8560 -0.5145
vn -0.0507 -0.8559 -0.5147
vn -0.0508 -0.8558 -0.5147
vn 0.4000 -0.8558 -0.3281
vn 0.4000 -0.8557 -0.3282
vn 0.4001 -0.8557 -0.3283
vn 0.4001 -0.8557 -0.3282
vn -0.1501 -0.8557 0.4953
vn -0.1502 -0.8558 0.4951
vn -0.1502 -0.8557 0.4951
vn -0.1502 -0.8557 0.4953
vn -0.1502 -0.8556 -0.4954
vn -0.1502 -0.8556 -0.4953
vn -0.1502 -0.8557 -0.4952
vn -0.1502 -0.8558 -0.4950
vn 0.3283 -0.8557 -0.4001
vn 0.3283 -0.8556 -0.4001
vn 0.3283 -0.8557 -0.3999
vn 0.3283 -0.8557 -0.4000
vn -0.0506 -0.8558 0.5149
vn -0.0507 -0.8560 0.5145
vn -0.0507 -0.8559 0.5147
vn -0.0507 -0.8558 0.5148
vn -0.2440 -0.8556 -0.4564
vn -0.2438 -0.8557 -0.4564
vn -0.2440 -0.8557 -0.4564
vn -0.2441 -0.8556 -0.4565
vn -0.0000 1.0000 -0.0000
vn -0.7731 -0.0000 0.6343
vn -0.7732 -0.0000 0.6342
vn 0.9569 -0.0000 -0.2903
vn -0.6343 -0.0000 0.7731
vn -0.6342 -0.0000 0.7732
vn -0.6343 -0.0000 0.7730
vn 0.8818 -0.0000 -0.4716
vn -0.4716 -0.0000 0.8818
vn -0.0981 -0.0000 -0.9952
vn -0.0977 -0.0000 -0.9952
vn 0.7730 -0.0000 -0.6343
vn 0.7735 -0.0000 -0.6338
vn 0.7732 -0.0000 -0.6342
vn -0.2903 -0.0000 0.9569
vn -0.2903 -0.0000 -0.9569
vn 0.6343 -0.0000 -0.7730
vn 0.6344 -0.0000 -0.7730
vn -0.0981 -0.0000 0.9952
vn -0.0977 -0.0000 0.9952
vn -0.4716 -0.0000 -0.8818
vn 0.4716 -0.0000 -0.8818
vn 0.0981 -0.0000 0.9952
vn 0.0977 -0.0000 0.9952
vn -0.6345 -0.0000 -0.7729
vn -0.6342 -0.0000 -0.7732
vn -0.6346 -0.0000 -0.7729
vn 0.2903 -0.0000 -0.9569
vn 0.2903 -0.0000 0.9569
vn -0.7732 -0.0000 -0.6342
vn 0.0981 -0.0000 -0.9952
vn 0.0977 -0.0000 -0.9952
vn 0.4716 -0.0000 0.8818
vn -0.8818 -0.0000 -0.4716
vn 0.6344 -0.0000 0.7730
vn 0.6343 -0.0000 0.7730
vn -0.9569 -0.0000 -0.2903
vn 0.7729 -0.0000 0.6346
vn -0.9952 -0.0000 -0.0981
vn 0.8818 -0.0000 0.4716
vn -0.9952 -0.0000 0.0981
vn 0.9569 -0.0000 0.2903
vn -0.9569 -0.0000 0.2903
vn 0.9952 -0.0000 0.0981
vn -0.8818 -0.0000 0.4716
vt 0.000000 0.000000
s 1
usemtl Goddard_None
f 1357/122/2699 1358/122/2699 1359/122/2699
f 1359/122/2699 1360/122/2699 1361/122/2699
f 1357/122/2699 1359/122/2699 1361/122/2699
f 1361/122/2699 1362/122/2699 1363/122/2699
f 1363/122/2699 1364/122/2699 1365/122/2699
f 1361/122/2699 1363/122/2699 1365/122/2699
f 1357/122/2699 1361/122/2699 1365/122/2699
f 1365/122/2699 1366/122/2699 1367/122/2699
f 1367/122/2699 1368/122/2699 1369/122/2699
f 1365/122/2699 1367/122/2699 1369/122/2699
f 1369/122/2699 1370/122/2699 1371/122/2699
f 1371/122/2699 1372/122/2699 1373/122/2699
f 1369/122/2699 1371/122/2699 1373/122/2699
f 1365/122/2699 1369/122/2699 1373/122/2699
f 1373/122/2699 1374/122/2699 1375/122/2699
f 1373/122/2699 1375/122/2699 1377/122/2699
f 1386/122/2699 1357/122/2699 1385/122/2699
f 1389/122/2700 1390/122/2700 1391/122/2700
f 1391/122/2700 1392/122/2700 1389/122/2700
f 1359/122/2701 1393/122/2702 1394/122/2703
f 1394/122/2703 1360/122/2704 1359/122/2701
f 1372/122/2705 1395/122/2706 1396/122/2707
f 1396/122/2707 1373/122/2708 1372/122/2705
f 1387/122/2709 1385/122/2710 1397/122/2710
f 1397/122/2710 1398/122/2711 1387/122/2709
f 1358/122/2712 1399/122/2713 1393/122/2712
f 1393/122/2712 1359/122/2714 1358/122/2712
f 1371/122/2715 1400/122/2716 1395/122/2717
f 1395/122/2717 1372/122/2718 1371/122/2715
f 1384/122/2719 1401/122/2719 1397/122/2720
f 1397/122/2720 1385/122/2721 1384/122/2719
f 1358/122/2722 1357/122/2723 1402/122/2724
f 1402/122/2724 1399/122/2725 1358/122/2722
f 1370/122/2726 1403/122/2727 1400/122/2726
f 1400/122/2726 1371/122/2728 1370/122/2726
f 1404/122/2729 1401/122/2730 1384/122/2731
f 1384/122/2731 1383/122/2732 1404/122/2729
f 1369/122/2733 1405/122/2734 1403/122/2735
f 1403/122/2735 1370/122/2736 1369/122/2733
f 1382/122/2737 1406/122/2738 1404/122/2739
f 1404/122/2739 1383/122/2739 1382/122/2737
f 1368/122/2740 1407/122/2741 1405/122/2742
f 1405/122/2742 1369/122/2743 1368/122/2740
f 1408/122/2744 1406/122/2745 1382/122/2746
f 1382/122/2746 1381/122/2747 1408/122/2744
f 1367/122/2748 1409/122/2749 1407/122/2750
f 1407/122/2750 1368/122/2751 1367/122/2748
f 1408/122/2752 1381/122/2753 1380/122/2754
f 1380/122/2754 1410/122/2755 1408/122/2752
f 1366/122/2756 1411/122/2757 1409/122/2758
f 1409/122/2758 1367/122/2757 1366/122/2756
f 1380/122/2759 1379/122/2760 1412/122/2761
f 1412/122/2761 1410/122/2762 1380/122/2759
f 1365/122/2763 1392/122/2764 1411/122/2765
f 1411/122/2765 1366/122/2766 1365/122/2763
f 1378/122/2767 1413/122/2767 1412/122/2768
f 1412/122/2768 1379/122/2769 1378/122/2767
f 1364/122/2770 1389/122/2771 1392/122/2772
f 1392/122/2772 1365/122/2773 1364/122/2770
f 1377/122/2774 1414/122/2775 1413/122/2776
f 1413/122/2776 1378/122/2777 1377/122/2774
f 1363/122/2778 1415/122/2779 1389/122/2780
f 1389/122/2780 1364/122/2781 1363/122/2778
f 1376/122/2782 1416/122/2782 1414/122/2783
f 1414/122/2783 1377/122/2784 1376/122/2782
f 1362/122/2785 1417/122/2786 1415/122/2786
f 1415/122/2786 1363/122/2787 1362/122/2785
f 1375/122/2788 1418/122/2789 1416/122/2788
f 1416/122/2788 1376/122/2790 1375/122/2788
f 1402/122/2791 1357/122/2792 1386/122/2793
f 1386/122/2793 1419/122/2794 1402/122/2791
f 1361/122/2795 1420/122/2796 1417/122/2797
f 1417/122/2797 1362/122/2798 1361/122/2795
f 1374/122/2799 1421/122/2800 1418/122/2801
f 1418/122/2801 1375/122/2802 1374/122/2799
f 1419/122/2803 1386/122/2804 1388/122/2805
f 1388/122/2805 1422/122/2806 1419/122/2803
f 1360/122/2807 1394/122/2808 1420/122/2809
f 1420/122/2809 1361/122/2810 1360/122/2807
f 1373/122/2811 1396/122/2812 1421/122/2813
f 1421/122/2813 1374/122/2814 1373/122/2811
f 1422/122/2815 1388/122/2816 1387/122/2817
f 1387/122/2817 1398/122/2818 1422/122/2815
f 1423/122/2819 1424/122/2819 1425/122/2819
f 1425/122/2819 1426/122/2819 1427/122/2819
f 1423/122/2819 1425/122/2819 1427/122/2819
f 1427/122/2819 1428/122/2819 1429/122/2819
f 1427/122/2819 1429/122/2819 1430/122/2819
f 1423/122/2819 1427/122/2819 1430/122/2819
f 1423/122/2819 1430/122/2819 1431/122/2819
f 1431/122/2819 1432/122/2819 1433/122/2819
f 1433/122/2819 1434/122/2819 1435/122/2819
f 1431/122/2819 1433/122/2819 1435/122/2819
f 1435/122/2819 1436/122/2819 1437/122/2819
f 1437/122/2819 1438/122/2819 1439/122/2819
f 1435/122/2819 1437/122/2819 1439/122/2819
f 1431/122/2819 1435/122/2819 1439/122/2819
f 1439/122/2819 1440/122/2819 1441/122/2819
f 1441/122/2819 1442/122/2819 1443/122/2819
f 1439/122/2819 1441/122/2819 1443/122/2819
f 1443/122/2819 1444/122/2819 1445/122/2819
f 1445/122/2819 1391/122/2819 1390/122/2819
f 1443/122/2819 1445/122/2819 1390/122/2819
f 1439/122/2819 1443/122/2819 1390/122/2819
f 1431/122/2819 1439/122/2819 1390/122/2819
f 1390/122/2819 1446/122/2819 1447/122/2819
f 1447/122/2819 1448/122/2819 1449/122/2819
f 1390/122/2819 1447/122/2819 1449/122/2819
f 1449/122/2819 1450/122/2819 1451/122/2819
f 1449/122/2819 1451/122/2819 1452/122/2819
f 1390/122/2819 1449/122/2819 1452/122/2819
f 1431/122/2819 1390/122/2819 1452/122/2819
f 1423/122/2819 1431/122/2819 1452/122/2819
f 1414/122/2820 1434/122/2821 1433/122/2820
f 1433/122/2820 1413/122/2821 1414/122/2820
f 1415/122/2822 1446/122/2822 1390/122/2822
f 1390/122/2822 1389/122/2822 1415/122/2822
f 1416/122/2823 1435/122/2824 1434/122/2823
f 1434/122/2823 1414/122/2825 1416/122/2823
f 1417/122/2826 1447/122/2826 1446/122/2826
f 1446/122/2826 1415/122/2826 1417/122/2826
f 1418/122/2827 1436/122/2827 1435/122/2827
f 1435/122/2827 1416/122/2827 1418/122/2827
f 1419/122/2828 1423/122/2828 1452/122/2828
f 1452/122/2828 1402/122/2829 1419/122/2828
f 1420/122/2830 1448/122/2831 1447/122/2830
f 1447/122/2830 1417/122/2832 1420/122/2830
f 1421/122/2833 1437/122/2833 1436/122/2833
f 1436/122/2833 1418/122/2833 1421/122/2833
f 1422/122/2834 1424/122/2834 1423/122/2834
f 1423/122/2834 1419/122/2834 1422/122/2834
f 1394/122/2835 1449/122/2836 1448/122/2835
f 1448/122/2835 1420/122/2836 1394/122/2835
f 1396/122/2837 1438/122/2837 1437/122/2837
f 1437/122/2837 1421/122/2838 1396/122/2837
f 1398/122/2839 1425/122/2839 1424/122/2839
f 1424/122/2839 1422/122/2839 1398/122/2839
f 1393/122/2840 1450/122/2840 1449/122/2840
f 1449/122/2840 1394/122/2840 1393/122/2840
f 1395/122/2841 1439/122/2841 1438/122/2841
f 1438/122/2841 1396/122/2842 1395/122/2841
f 1397/122/2843 1426/122/2844 1425/122/2843
f 1425/122/2843 1398/122/2845 1397/122/2843
f 1399/122/2846 1451/122/2846 1450/122/2846
f 1450/122/2846 1393/122/2846 1399/122/2846
f 1400/122/2847 1440/122/2847 1439/122/2847
f 1439/122/2847 1395/122/2847 1400/122/2847
f 1401/122/2848 1427/122/2848 1426/122/2848
f 1426/122/2848 1397/122/2848 1401/122/2848
f 1399/122/2849 1402/122/2850 1452/122/2849
f 1452/122/2849 1451/122/2849 1399/122/2849
f 1403/122/2851 1441/122/2851 1440/122/2851
f 1440/122/2851 1400/122/2851 1403/122/2851
f 1404/122/2852 1428/122/2852 1427/122/2852
f 1427/122/2852 1401/122/2852 1404/122/2852
f 1405/122/2853 1442/122/2854 1441/122/2854
f 1441/122/2854 1403/122/2853 1405/122/2853
f 1406/122/2855 1429/122/2855 1428/122/2855
f 1428/122/2855 1404/122/2855 1406/122/2855
f 1407/122/2856 1443/122/2856 1442/122/2856
f 1442/122/2856 1405/122/2856 1407/122/2856
f 1408/122/2857 1430/122/2857 1429/122/2857
f 1429/122/2857 1406/122/2857 1408/122/2857
f 1409/122/2858 1444/122/2858 1443/122/2858
f 1443/122/2858 1407/122/2858 1409/122/2858
f 1410/122/2859 1431/122/2859 1430/122/2859
f 1430/122/2859 1408/122/2859 1410/122/2859
f 1411/122/2860 1445/122/2860 1444/122/2860
f 1444/122/2860 1409/122/2860 1411/122/2860
f 1412/122/2861 1432/122/2861 1431/122/2861
f 1431/122/2861 1410/122/2861 1412/122/2861
f 1392/122/2862 1391/122/2862 1445/122/2862
f 1445/122/2862 1411/122/2862 1392/122/2862
f 1413/122/2863 1433/122/2863 1432/122/2863
f 1432/122/2863 1412/122/2863 1413/122/2863
