# Blender 5.0.1
# www.blender.org
mtllib P5-3.mtl
o C_rculo_006_C_rculo_007
v 0.404659 2.038475 0.394217
v 0.332759 2.069275 0.386517
v 0.263659 2.098775 0.363717
v 0.199959 2.126075 0.326717
v 0.144059 2.149975 0.276817
v 0.098259 2.169575 0.216117
v 0.064159 2.184175 0.146817
v 0.043259 2.193075 0.071617
v 0.036159 2.196175 -0.006583
v 0.043259 2.193075 -0.084783
v 0.064159 2.184175 -0.159983
v 0.098259 2.169575 -0.229283
v 0.144059 2.149975 -0.290083
v 0.199959 2.126075 -0.339883
v 0.263659 2.098775 -0.376983
v 0.332759 2.069275 -0.399783
v 0.404659 2.038475 -0.407483
v 0.476559 2.007675 -0.399783
v 0.545759 1.978175 -0.376983
v 0.609459 1.950875 -0.339883
v 0.665259 1.926975 -0.290083
v 0.711159 1.907375 -0.229283
v 0.745159 1.892775 -0.159983
v 0.766159 1.883875 -0.084783
v 0.773259 1.880775 -0.006583
v 0.766159 1.883875 0.071617
v 0.745159 1.892775 0.146817
v 0.711159 1.907375 0.216117
v 0.665259 1.926975 0.276817
v 0.476559 2.007675 0.386517
v 0.609459 1.950875 0.326717
v 0.545759 1.978175 0.363717
v -0.399141 0.327475 -0.138483
v -0.367341 0.327375 -0.198083
v -0.013541 0.326475 0.331417
v 0.051159 0.326275 0.311817
v 0.110659 0.326175 0.279917
v 0.162959 0.325975 0.237017
v 0.205759 0.325875 0.184817
v 0.237659 0.325775 0.125217
v 0.257259 0.325775 0.060617
v 0.263859 0.325775 -0.006583
v 0.257259 0.325775 -0.073883
v 0.237659 0.325775 -0.138483
v 0.205759 0.325875 -0.198083
v 0.162959 0.325975 -0.250283
v 0.110659 0.326175 -0.293183
v 0.051159 0.326275 -0.324983
v -0.013541 0.326475 -0.344583
v -0.080741 0.326575 -0.351283
v -0.148041 0.326775 -0.344583
v -0.212641 0.326975 -0.324983
v -0.272241 0.327075 -0.293183
v -0.324441 0.327275 -0.250283
v -0.418741 0.327475 -0.073883
v -0.425441 0.327475 -0.006583
v -0.418741 0.327475 0.060617
v -0.399141 0.327475 0.125217
v -0.367341 0.327375 0.184817
v -0.324441 0.327275 0.237017
v -0.272241 0.327075 0.279917
v -0.212641 0.326975 0.311817
v -0.148041 0.326775 0.331417
v -0.080741 0.326575 0.338017
vn -0.3934 -0.9194 -0.0000
vn -0.3933 -0.9194 -0.0001
vn -0.3933 -0.9194 -0.0000
vn -0.3934 -0.9194 -0.0001
vn -0.3931 -0.9195 -0.0002
vn -0.3930 -0.9195 -0.0000
vn -0.3931 -0.9195 0.0002
vn -0.3934 -0.9194 0.0001
vn -0.3933 -0.9194 0.0001
vn -0.3932 -0.9194 -0.0002
vn -0.3932 -0.9194 -0.0000
vn -0.3932 -0.9195 0.0001
vn 0.0026 1.0000 -0.0000
vn 0.0026 1.0000 -0.0001
vn 0.0028 1.0000 -0.0000
vn 0.0023 1.0000 -0.0001
vn 0.0025 1.0000 -0.0000
vn 0.0027 1.0000 -0.0001
vn 0.0024 1.0000 0.0001
vn 0.0022 1.0000 0.0004
vn 0.0029 1.0000 -0.0002
vn 0.0027 1.0000 -0.0000
vn 0.0026 1.0000 0.0001
vn 0.0028 1.0000 0.0003
vn 0.0025 1.0000 0.0004
vn 0.0027 1.0000 0.0003
vn 0.0026 1.0000 0.0002
vt 0.000000 0.000000
s 1
usemtl Goddard_None
f 1/1/1 2/1/2 3/1/2
f 3/1/2 4/1/3 5/1/4
f 1/1/1 3/1/2 5/1/4
f 5/1/4 6/1/3 7/1/5
f 7/1/5 8/1/3 9/1/6
f 5/1/4 7/1/5 9/1/6
f 1/1/1 5/1/4 9/1/6
f 9/1/6 10/1/3 11/1/7
f 11/1/7 12/1/3 13/1/8
f 9/1/6 11/1/7 13/1/8
f 13/1/8 14/1/3 15/1/9
f 15/1/9 16/1/3 17/1/8
f 13/1/8 15/1/9 17/1/8
f 9/1/6 13/1/8 17/1/8
f 17/1/8 18/1/3 19/1/3
f 19/1/3 20/1/3 21/1/10
f 17/1/8 19/1/3 21/1/10
f 21/1/10 22/1/3 23/1/8
f 23/1/8 24/1/3 25/1/11
f 21/1/10 23/1/8 25/1/11
f 17/1/8 21/1/10 25/1/11
f 9/1/6 17/1/8 25/1/11
f 1/1/1 9/1/6 25/1/11
f 26/1/3 27/1/3 28/1/1
f 25/1/11 26/1/3 28/1/1
f 25/1/11 28/1/1 29/1/12
f 1/1/1 25/1/11 29/1/12
f 30/1/4 1/1/1 29/1/12
f 30/1/4 29/1/12 31/1/3
f 30/1/4 31/1/3 32/1/3
f 35/1/13 36/1/13 37/1/14
f 37/1/14 38/1/13 39/1/15
f 37/1/14 39/1/15 40/1/16
f 35/1/13 37/1/14 40/1/16
f 41/1/13 42/1/13 43/1/17
f 40/1/16 41/1/13 43/1/17
f 43/1/17 44/1/13 45/1/18
f 43/1/17 45/1/18 46/1/13
f 40/1/16 43/1/17 46/1/13
f 40/1/16 46/1/13 47/1/19
f 40/1/16 47/1/19 48/1/20
f 49/1/13 50/1/13 51/1/14
f 48/1/20 49/1/13 51/1/14
f 48/1/20 51/1/14 52/1/13
f 48/1/20 52/1/13 53/1/21
f 40/1/16 48/1/20 53/1/21
f 40/1/16 53/1/21 54/1/22
f 34/1/23 33/1/13 55/1/24
f 54/1/22 34/1/23 55/1/24
f 54/1/22 55/1/24 56/1/19
f 54/1/22 56/1/19 57/1/13
f 40/1/16 54/1/22 57/1/13
f 40/1/16 57/1/13 58/1/14
f 59/1/15 60/1/13 61/1/13
f 58/1/14 59/1/15 61/1/13
f 58/1/14 61/1/13 62/1/25
f 40/1/16 58/1/14 62/1/25
f 40/1/16 62/1/25 63/1/26
f 40/1/16 63/1/26 64/1/27
f 35/1/13 40/1/16 64/1/27
o C_rculo_011_C_rculo_012
v -0.561341 0.084175 -0.000083
v -0.082041 0.084175 -0.479483
v 0.397259 0.084175 -0.000083
v 0.346059 -0.038025 -0.286183
v 0.282059 -0.038025 -0.364183
v 0.203959 -0.038025 -0.428183
v -0.182441 -0.038025 -0.505083
v -0.279041 -0.038025 -0.475783
v -0.368041 -0.038025 -0.428183
v -0.510141 -0.038025 -0.286183
v -0.557741 -0.038025 -0.197183
v -0.587041 -0.038025 -0.100583
v -0.510141 -0.038025 0.285917
v -0.446141 -0.038025 0.363917
v -0.368041 -0.038025 0.428017
vn -0.0000 -1.0000 -0.0000
vn -0.0000 1.0000 -0.0000
vt 0.000000 0.000000
s 1
usemtl Goddard_None
f 65/2/28 66/2/28 67/2/28
f 68/2/29 69/2/29 70/2/29
f 71/2/29 72/2/29 73/2/29
f 74/2/29 75/2/29 76/2/29
f 77/2/29 78/2/29 79/2/29
o C_rculo_012_C_rculo_013
v -0.080841 0.262075 0.377617
v -0.154441 0.262075 0.370317
v -0.225241 0.262075 0.348917
v -0.290441 0.262075 0.314017
v -0.347641 0.262075 0.267117
v -0.394541 0.262075 0.209917
v -0.429441 0.262075 0.144617
v -0.450941 0.262075 0.073817
v -0.458141 0.262075 0.000217
v -0.450941 0.262075 -0.073383
v -0.429441 0.262075 -0.144183
v -0.394541 0.262075 -0.209383
v -0.347641 0.262075 -0.266583
v -0.290441 0.262075 -0.313583
v -0.225241 0.262075 -0.348383
v -0.154441 0.262075 -0.369883
v -0.080841 0.262075 -0.377083
v -0.007141 0.262075 -0.369883
v 0.063659 0.262075 -0.348383
v 0.128859 0.262075 -0.313583
v 0.186059 0.262075 -0.266583
v 0.232959 0.262075 -0.209383
v 0.267859 0.262075 -0.144183
v 0.289359 0.262075 -0.073383
v 0.296559 0.262075 0.000217
v 0.289359 0.262075 0.073817
v 0.267859 0.262075 0.144617
v 0.232959 0.262075 0.209917
v 0.186059 0.262075 0.267117
v -0.007141 0.262075 0.370317
v 0.128859 0.262075 0.314017
v 0.063659 0.262075 0.348917
v 0.012259 0.082875 0.467917
v 0.101659 0.082875 0.440817
v 0.184159 0.082875 0.396717
v 0.256359 0.082875 0.337417
v 0.315659 0.082875 0.265217
v 0.359759 0.082875 0.182717
v 0.386859 0.082875 0.093317
v 0.396059 0.082875 0.000217
v 0.386859 0.082875 -0.092783
v 0.359759 0.082875 -0.182283
v 0.315659 0.082875 -0.264683
v 0.256359 0.082875 -0.336983
v 0.184159 0.082875 -0.396283
v 0.101659 0.082875 -0.440283
v 0.012259 0.082875 -0.467483
v -0.080841 0.082875 -0.476583
v -0.173841 0.082875 -0.467483
v -0.263241 0.082875 -0.440283
v -0.345741 0.082875 -0.396283
v -0.417941 0.082875 -0.336983
v -0.477341 0.082875 -0.264683
v -0.521341 0.082875 -0.182283
v -0.548541 0.082875 -0.092783
v -0.557641 0.082875 0.000217
v -0.548541 0.082875 0.093317
v -0.521341 0.082875 0.182717
v -0.477341 0.082875 0.265217
v -0.417941 0.082875 0.337417
v -0.345741 0.082875 0.396717
v -0.263241 0.082875 0.440817
v -0.173841 0.082875 0.467917
v -0.080841 0.082875 0.477117
vn -0.0000 -1.0000 -0.0000
vn -0.0000 1.0000 -0.0000
vt 0.000000 0.000000
s 1
usemtl Goddard_None
f 80/3/30 81/3/30 82/3/30
f 82/3/30 83/3/30 84/3/30
f 80/3/30 82/3/30 84/3/30
f 84/3/30 85/3/30 86/3/30
f 86/3/30 87/3/30 88/3/30
f 84/3/30 86/3/30 88/3/30
f 80/3/30 84/3/30 88/3/30
f 88/3/30 89/3/30 90/3/30
f 90/3/30 91/3/30 92/3/30
f 88/3/30 90/3/30 92/3/30
f 92/3/30 93/3/30 94/3/30
f 94/3/30 95/3/30 96/3/30
f 92/3/30 94/3/30 96/3/30
f 88/3/30 92/3/30 96/3/30
f 96/3/30 97/3/30 98/3/30
f 98/3/30 99/3/30 100/3/30
f 96/3/30 98/3/30 100/3/30
f 100/3/30 101/3/30 102/3/30
f 102/3/30 103/3/30 104/3/30
f 100/3/30 102/3/30 104/3/30
f 96/3/30 100/3/30 104/3/30
f 88/3/30 96/3/30 104/3/30
f 80/3/30 88/3/30 104/3/30
f 105/3/30 106/3/30 107/3/30
f 104/3/30 105/3/30 107/3/30
f 104/3/30 107/3/30 108/3/30
f 80/3/30 104/3/30 108/3/30
f 109/3/30 80/3/30 108/3/30
f 109/3/30 108/3/30 110/3/30
f 109/3/30 110/3/30 111/3/30
f 112/3/31 113/3/31 114/3/31
f 114/3/31 115/3/31 116/3/31
f 112/3/31 114/3/31 116/3/31
f 116/3/31 117/3/31 118/3/31
f 118/3/31 119/3/31 120/3/31
f 116/3/31 118/3/31 120/3/31
f 112/3/31 116/3/31 120/3/31
f 120/3/31 121/3/31 122/3/31
f 122/3/31 123/3/31 124/3/31
f 120/3/31 122/3/31 124/3/31
f 124/3/31 125/3/31 126/3/31
f 126/3/31 127/3/31 128/3/31
f 124/3/31 126/3/31 128/3/31
f 120/3/31 124/3/31 128/3/31
f 112/3/31 120/3/31 128/3/31
f 128/3/31 129/3/31 130/3/31
f 130/3/31 131/3/31 132/3/31
f 128/3/31 130/3/31 132/3/31
f 132/3/31 133/3/31 134/3/31
f 134/3/31 135/3/31 136/3/31
f 132/3/31 134/3/31 136/3/31
f 128/3/31 132/3/31 136/3/31
f 136/3/31 137/3/31 138/3/31
f 138/3/31 139/3/31 140/3/31
f 136/3/31 138/3/31 140/3/31
f 140/3/31 141/3/31 142/3/31
f 140/3/31 142/3/31 143/3/31
f 136/3/31 140/3/31 143/3/31
f 128/3/31 136/3/31 143/3/31
f 112/3/31 128/3/31 143/3/31
o C_rculo_013_C_rculo_014
v 0.055659 0.326675 -0.328983
v 0.117559 0.326675 -0.295883
v 0.171859 0.326675 -0.251383
v 0.186359 0.260975 0.269617
v 0.128959 0.260975 0.316717
v -0.007541 0.260975 0.373317
v 0.063459 0.260975 0.351717
v 0.233459 0.260975 0.212317
v 0.268459 0.260975 0.146817
v 0.289959 0.260975 0.075817
v 0.297259 0.260975 0.001917
v 0.289959 0.260975 -0.071983
v 0.268459 0.260975 -0.142983
v 0.233459 0.260975 -0.208483
v 0.186359 0.260975 -0.265883
v 0.128959 0.260975 -0.312883
v 0.063459 0.260975 -0.347883
v -0.007541 0.260975 -0.369483
v -0.081441 0.260975 -0.376783
v -0.155241 0.260975 -0.369483
v -0.226341 0.260975 -0.347883
v -0.291741 0.260975 -0.312883
v -0.349141 0.260975 -0.265883
v -0.396241 0.260975 -0.208483
v -0.431241 0.260975 -0.142983
v -0.452741 0.260975 -0.071983
v -0.460041 0.260975 0.001917
v -0.452741 0.260975 0.075817
v -0.431241 0.260975 0.146817
v -0.396241 0.260975 0.212317
v -0.349141 0.260975 0.269617
v -0.291741 0.260975 0.316717
v -0.226341 0.260975 0.351717
v -0.155241 0.260975 0.373317
v -0.081441 0.260975 0.380617
vn -0.0000 -1.0000 -0.0000
vn -0.0000 1.0000 -0.0000
vt 0.000000 0.000000
s 1
usemtl Goddard_None
f 144/4/32 145/4/32 146/4/32
f 149/4/33 150/4/33 148/4/33
f 148/4/33 147/4/33 151/4/33
f 149/4/33 148/4/33 151/4/33
f 151/4/33 152/4/33 153/4/33
f 151/4/33 153/4/33 154/4/33
f 149/4/33 151/4/33 154/4/33
f 149/4/33 154/4/33 155/4/33
f 155/4/33 156/4/33 157/4/33
f 157/4/33 158/4/33 159/4/33
f 155/4/33 157/4/33 159/4/33
f 159/4/33 160/4/33 161/4/33
f 161/4/33 162/4/33 163/4/33
f 159/4/33 161/4/33 163/4/33
f 155/4/33 159/4/33 163/4/33
f 163/4/33 164/4/33 165/4/33
f 165/4/33 166/4/33 167/4/33
f 163/4/33 165/4/33 167/4/33
f 167/4/33 168/4/33 169/4/33
f 169/4/33 170/4/33 171/4/33
f 167/4/33 169/4/33 171/4/33
f 163/4/33 167/4/33 171/4/33
f 155/4/33 163/4/33 171/4/33
f 171/4/33 172/4/33 173/4/33
f 173/4/33 174/4/33 175/4/33
f 171/4/33 173/4/33 175/4/33
f 175/4/33 176/4/33 177/4/33
f 175/4/33 177/4/33 178/4/33
f 171/4/33 175/4/33 178/4/33
f 155/4/33 171/4/33 178/4/33
f 149/4/33 155/4/33 178/4/33
o C_rculo_006_C_rculo_007.001
v 0.404659 2.038475 0.394217
v 0.332759 2.069275 0.386517
v 0.263659 2.098775 0.363717
v 0.199959 2.126075 0.326717
v 0.144059 2.149975 0.276817
v 0.098259 2.169575 0.216117
v 0.064159 2.184175 0.146817
v 0.043259 2.193075 0.071617
v 0.036159 2.196175 -0.006583
v 0.043259 2.193075 -0.084783
v 0.064159 2.184175 -0.159983
v 0.098259 2.169575 -0.229283
v 0.144059 2.149975 -0.290083
v 0.199959 2.126075 -0.339883
v 0.263659 2.098775 -0.376983
v 0.332759 2.069275 -0.399783
v 0.404659 2.038475 -0.407483
v 0.476559 2.007675 -0.399783
v 0.545759 1.978175 -0.376983
v 0.609459 1.950875 -0.339883
v 0.665259 1.926975 -0.290083
v 0.711159 1.907375 -0.229283
v 0.745159 1.892775 -0.159983
v 0.766159 1.883875 -0.084783
v 0.773259 1.880775 -0.006583
v 0.766159 1.883875 0.071617
v 0.745159 1.892775 0.146817
v 0.711159 1.907375 0.216117
v 0.665259 1.926975 0.276817
v 0.476559 2.007675 0.386517
v 0.609459 1.950875 0.326717
v 0.545759 1.978175 0.363717
v 0.714459 1.762975 -0.084783
v 0.667859 1.743775 -0.077783
v 0.674259 1.740975 -0.006583
v 0.721459 1.759875 -0.006583
v 0.493959 1.857275 -0.376983
v 0.557759 1.829975 -0.339883
v 0.352959 1.917575 0.394217
v 0.424859 1.886875 0.386517
v 0.092359 2.029075 0.276817
v 0.046559 2.048675 0.216117
v 0.424859 1.886875 -0.399783
v 0.493959 1.857275 0.363717
v 0.148159 2.005175 0.326717
v 0.352959 1.917575 -0.407483
v 0.557759 1.829975 0.326717
v 0.211959 1.977975 0.363717
v 0.281059 1.948375 -0.399783
v 0.613559 1.806075 0.276817
v 0.281059 1.948375 0.386517
v 0.211959 1.977975 -0.376983
v 0.659359 1.786475 0.216117
v 0.148159 2.005175 -0.339883
v 0.693459 1.771875 0.146817
v 0.092359 2.029075 -0.290083
v 0.714459 1.762975 0.071617
v 0.046559 2.048675 -0.229283
v 0.012459 2.063275 -0.159983
v -0.008541 2.072275 -0.084783
v 0.693459 1.771875 -0.159983
v -0.015541 2.075275 -0.006583
v 0.659359 1.786475 -0.229283
v -0.008541 2.072275 0.071617
v 0.613559 1.806075 -0.290083
v 0.012459 2.063275 0.146817
v 0.576059 1.783075 -0.264683
v 0.587659 1.756975 -0.285583
v 0.632759 1.737675 -0.225783
v 0.617759 1.765175 -0.209383
v 0.009759 2.025275 -0.077783
v 0.028859 2.017175 -0.146283
v 0.648759 1.751875 -0.146283
v 0.003359 2.028075 -0.006583
v 0.009759 2.025275 0.064517
v 0.028859 2.017175 0.133017
v 0.525159 1.804775 -0.309983
v 0.059859 2.003875 0.196117
v 0.467159 1.829575 -0.343783
v 0.404259 1.856475 0.351317
v 0.338859 1.884475 0.358317
v 0.101559 1.985975 0.251417
v 0.404259 1.856475 -0.364483
v 0.467159 1.829575 0.330517
v 0.152459 1.964275 0.296817
v 0.338859 1.884475 -0.371483
v 0.525159 1.804775 0.296817
v 0.210459 1.939475 0.330517
v 0.273359 1.912575 -0.364483
v 0.576059 1.783075 0.251417
v 0.273359 1.912575 0.351317
v 0.210459 1.939475 -0.343783
v 0.617759 1.765175 0.196117
v 0.152459 1.964275 -0.309983
v 0.648759 1.751875 0.133017
v 0.101559 1.985975 -0.264683
v 0.667859 1.743775 0.064517
v 0.059859 2.003875 -0.209383
v 0.469959 1.807375 -0.371083
v 0.401959 1.836475 -0.393483
v 0.342359 1.697075 -0.393483
v 0.410359 1.667975 -0.371083
v -0.003841 2.010075 0.144317
v -0.024541 2.018875 0.070317
v 0.532659 1.780475 -0.334583
v 0.029659 1.995675 0.212517
v 0.401959 1.836475 0.380217
v 0.331159 1.866675 0.387817
v 0.074759 1.976375 0.272317
v 0.469959 1.807375 0.357817
v 0.129659 1.952875 0.321317
v 0.331159 1.866675 -0.401083
v 0.532659 1.780475 0.321317
v 0.192359 1.926075 0.357817
v 0.260459 1.896975 -0.393483
v 0.587659 1.756975 0.272317
v 0.260459 1.896975 0.380217
v 0.192359 1.926075 -0.371083
v 0.632759 1.737675 0.212517
v 0.129659 1.952875 -0.334583
v 0.666259 1.723375 0.144317
v 0.074759 1.976375 -0.285583
v 0.686859 1.714575 0.070317
v 0.029659 1.995675 -0.225783
v 0.693859 1.711575 -0.006583
v -0.003841 2.010075 -0.157583
v 0.686859 1.714575 -0.083583
v -0.024541 2.018875 -0.083583
v 0.666259 1.723375 -0.157583
v -0.031441 2.021875 -0.006583
v 0.132759 1.786675 -0.371083
v 0.131259 1.741975 -0.332083
v 0.191959 1.715975 -0.352083
v 0.200759 1.757575 -0.393483
v 0.410359 1.667975 0.357817
v 0.342359 1.697075 0.380217
v 0.070059 1.813575 0.321317
v 0.015159 1.837075 0.272317
v 0.271559 1.727375 -0.401083
v 0.473059 1.641175 0.321317
v 0.132759 1.786675 0.357817
v 0.527959 1.617575 0.272317
v 0.200759 1.757575 0.380217
v 0.573059 1.598275 0.212517
v 0.271559 1.727375 0.387817
v 0.070059 1.813575 -0.334583
v 0.606659 1.583975 0.144317
v 0.015159 1.837075 -0.285583
v 0.627259 1.575175 0.070317
v -0.029941 1.856375 -0.225783
v 0.634259 1.572175 -0.006583
v -0.063541 1.870675 -0.157583
v 0.627259 1.575175 -0.083583
v -0.084141 1.879475 -0.083583
v 0.606659 1.583975 -0.157583
v -0.091141 1.882475 -0.006583
v 0.573059 1.598275 -0.225783
v -0.084141 1.879475 0.070317
v 0.527959 1.617575 -0.285583
v -0.063541 1.870675 0.144317
v 0.473059 1.641175 -0.334583
v -0.029941 1.856375 0.212517
v -0.014141 1.804175 -0.202283
v -0.064941 1.772475 -0.225183
v -0.019941 1.753275 -0.284783
v 0.026159 1.786975 -0.255683
v 0.524459 1.573775 0.189117
v 0.484159 1.590975 0.242417
v 0.191959 1.715975 0.338917
v 0.255159 1.688975 0.345617
v 0.075259 1.765975 -0.299483
v 0.554359 1.560975 0.128217
v 0.572759 1.553075 0.062117
v 0.579059 1.550475 -0.006583
v -0.044041 1.816975 -0.141383
v 0.572759 1.553075 -0.075383
v -0.062441 1.824875 -0.075383
v 0.554359 1.560975 -0.141383
v -0.068741 1.827575 -0.006583
v 0.524459 1.573775 -0.202283
v -0.062441 1.824875 0.062117
v 0.484159 1.590975 -0.255683
v -0.044041 1.816975 0.128217
v 0.435059 1.611975 -0.299483
v -0.014141 1.804175 0.189117
v 0.379059 1.635975 -0.332083
v 0.318359 1.661975 0.338917
v 0.026159 1.786975 0.242417
v 0.318359 1.661975 -0.352083
v 0.379059 1.635975 0.318817
v 0.075259 1.765975 0.286317
v 0.255159 1.688975 -0.358883
v 0.435059 1.611975 0.286317
v 0.131259 1.741975 0.318817
v -0.184841 1.660875 -0.006583
v -0.177841 1.657875 -0.083383
v -0.118941 1.795575 -0.083383
v -0.125841 1.798575 -0.006583
v 0.590559 1.492075 0.070117
v 0.597559 1.489075 -0.006583
v -0.098341 1.786775 -0.157183
v 0.590559 1.492075 -0.083383
v 0.570059 1.500875 -0.157183
v 0.536559 1.515175 -0.225183
v -0.118941 1.795575 0.070117
v 0.491559 1.534375 -0.284783
v -0.098341 1.786775 0.143917
v 0.436759 1.557875 -0.333783
v -0.064941 1.772475 0.211917
v 0.374259 1.584575 -0.370083
v 0.306359 1.613675 0.379217
v 0.235859 1.643775 0.386817
v -0.019941 1.753275 0.271617
v 0.306359 1.613675 -0.392483
v 0.374259 1.584575 0.356817
v 0.034859 1.729775 0.320517
v 0.235859 1.643775 -0.400083
v 0.436759 1.557875 0.320517
v 0.097359 1.703075 0.356817
v 0.165259 1.673975 -0.392483
v 0.491559 1.534375 0.271617
v 0.165259 1.673975 0.379217
v 0.097359 1.703075 -0.370083
v 0.536559 1.515175 0.211917
v 0.034859 1.729775 -0.333783
v 0.570059 1.500875 0.143917
v -0.123841 1.634775 0.211917
v -0.107841 1.554875 0.181317
v -0.137141 1.565575 0.122817
v -0.157241 1.649075 0.143917
v 0.477659 1.377475 -0.225183
v 0.511059 1.363175 -0.157183
v -0.177841 1.657875 0.070117
v 0.432659 1.396675 -0.284783
v 0.377859 1.420175 -0.333783
v 0.315359 1.446875 -0.370083
v 0.247459 1.475875 0.379217
v 0.176959 1.506075 0.386817
v -0.078841 1.615575 0.271617
v 0.247459 1.475875 -0.392483
v 0.315359 1.446875 0.356817
v -0.024041 1.592075 0.320517
v 0.176959 1.506075 -0.400083
v 0.377859 1.420175 0.320517
v 0.038459 1.565375 0.356817
v 0.106359 1.536275 -0.392483
v 0.432659 1.396675 0.271617
v 0.106359 1.536275 0.379217
v 0.038459 1.565375 -0.370083
v 0.477659 1.377475 0.211917
v -0.024041 1.592075 -0.333783
v 0.511059 1.363175 0.143917
v -0.078841 1.615575 -0.284783
v 0.531659 1.354375 0.070117
v -0.123841 1.634775 -0.225183
v 0.538659 1.351375 -0.006583
v -0.157241 1.649075 -0.157183
v 0.531659 1.354375 -0.083383
v -0.216541 1.550775 -0.082583
v -0.195741 1.543075 -0.155683
v -0.137141 1.565575 -0.136083
v -0.155241 1.572175 -0.072583
v 0.277859 1.413375 -0.319183
v 0.332859 1.393275 -0.287983
v 0.218259 1.435275 0.325217
v 0.156359 1.457975 0.331717
v -0.068341 1.540375 0.232617
v 0.218259 1.435275 -0.338483
v 0.277859 1.413375 0.306017
v -0.020141 1.522675 0.274717
v 0.156359 1.457975 -0.344983
v 0.332859 1.393275 0.274717
v 0.034759 1.502575 0.306017
v 0.094359 1.480675 -0.338483
v 0.380959 1.375675 0.232617
v 0.094359 1.480675 0.325217
v 0.034759 1.502575 -0.319183
v 0.420459 1.361175 0.181317
v -0.020141 1.522675 -0.287983
v 0.449859 1.350375 0.122817
v -0.068341 1.540375 -0.245883
v 0.467859 1.343775 0.059417
v -0.107841 1.554875 -0.194583
v 0.473959 1.341575 -0.006583
v 0.467859 1.343775 -0.072583
v 0.449859 1.350375 -0.136083
v -0.161341 1.574475 -0.006583
v 0.420459 1.361175 -0.194583
v -0.155241 1.572175 0.059417
v 0.380959 1.375675 -0.245883
v -0.195741 1.543075 0.142417
v -0.244041 1.411175 0.142417
v -0.264841 1.418875 0.069317
v -0.216541 1.550775 0.069317
v 0.479959 1.295375 -0.155683
v 0.500759 1.287775 -0.082583
v -0.223541 1.553375 -0.006583
v 0.446159 1.307775 -0.222983
v 0.400659 1.324475 -0.281983
v 0.345259 1.344775 -0.330483
v -0.161941 1.530775 0.209717
v 0.282059 1.367975 -0.366483
v 0.213459 1.393075 0.375417
v 0.142159 1.419275 0.382817
v -0.116441 1.514075 0.268817
v 0.213459 1.393075 -0.388583
v 0.282059 1.367975 0.353217
v -0.061041 1.493775 0.317217
v 0.142159 1.419275 -0.396083
v 0.345259 1.344775 0.317217
v 0.002159 1.470575 0.353217
v 0.070759 1.445375 -0.388583
v 0.400659 1.324475 0.268817
v 0.070759 1.445375 0.375417
v 0.002159 1.470575 -0.366483
v 0.446159 1.307775 0.209717
v -0.061041 1.493775 -0.330483
v 0.479959 1.295375 0.142417
v -0.116441 1.514075 -0.281983
v 0.500759 1.287775 0.069317
v -0.161941 1.530775 -0.222983
v 0.507859 1.285175 -0.006583
v -0.152441 1.299675 0.229217
v -0.164841 1.382175 0.268817
v -0.109441 1.361775 0.317217
v -0.104041 1.285075 0.270617
v 0.296959 1.212875 -0.330483
v 0.352359 1.192575 -0.281983
v -0.210241 1.398775 0.209717
v 0.233659 1.236075 -0.366483
v 0.165059 1.261175 0.375417
v 0.093759 1.287375 0.382817
v 0.165059 1.261175 -0.388583
v 0.233659 1.236075 0.353217
v 0.093759 1.287375 -0.396083
v 0.296959 1.212875 0.317217
v -0.046141 1.338675 0.353217
v 0.022459 1.313475 -0.388583
v 0.352359 1.192575 0.268817
v 0.022459 1.313475 0.375417
v -0.046141 1.338675 -0.366483
v 0.397859 1.175875 0.209717
v -0.109441 1.361775 -0.330483
v 0.431659 1.163475 0.142417
v -0.164841 1.382175 -0.281983
v 0.452459 1.155875 0.069317
v -0.210241 1.398775 -0.222983
v 0.459459 1.153275 -0.006583
v -0.244041 1.411175 -0.155683
v 0.452459 1.155875 -0.082583
v -0.264841 1.418875 -0.082583
v 0.431659 1.163475 -0.155683
v -0.271941 1.421375 -0.006583
v 0.397859 1.175875 -0.222983
v 0.061959 1.193775 0.370517
v -0.008541 1.215075 0.363317
v 0.011059 1.250375 0.320417
v 0.073359 1.231575 0.326817
v 0.073359 1.231575 -0.340083
v 0.135659 1.212875 -0.333683
v 0.250759 1.178175 0.270617
v 0.195559 1.194775 0.301417
v -0.048841 1.268475 0.301417
v 0.011059 1.250375 -0.333683
v 0.299059 1.163575 0.229217
v -0.048841 1.268475 -0.314683
v 0.338759 1.151575 0.178617
v -0.104041 1.285075 -0.283883
v 0.368259 1.142675 0.121017
v -0.152441 1.299675 -0.242383
v 0.386459 1.137275 0.058417
v -0.192141 1.311575 -0.191883
v 0.392659 1.135375 -0.006583
v -0.221641 1.320475 -0.134183
v 0.386459 1.137275 -0.071683
v -0.239841 1.325975 -0.071683
v 0.368259 1.142675 -0.134183
v -0.245941 1.327875 -0.006583
v 0.338759 1.151575 -0.191883
v -0.239841 1.325975 0.058417
v 0.299059 1.163575 -0.242383
v -0.221641 1.320475 0.121017
v 0.250759 1.178175 -0.283883
v -0.192141 1.311575 0.178617
v 0.195559 1.194775 -0.314683
v 0.135659 1.212875 0.320417
v -0.271641 1.294375 -0.150983
v -0.308941 1.170675 -0.150983
v -0.275541 1.160575 -0.216183
v -0.238341 1.284275 -0.216183
v -0.138641 1.254275 -0.320183
v -0.076241 1.235475 -0.355083
v 0.362159 1.103275 0.202917
v 0.395559 1.093275 0.137717
v -0.193441 1.270775 -0.273283
v 0.416059 1.087075 0.066917
v 0.423059 1.084975 -0.006583
v 0.416059 1.087075 -0.080183
v -0.292241 1.300575 -0.080183
v 0.395559 1.093275 -0.150983
v -0.299141 1.302675 -0.006583
v 0.362159 1.103275 -0.216183
v -0.292241 1.300575 0.066917
v 0.317259 1.116875 -0.273283
v -0.271641 1.294375 0.137717
v 0.262559 1.133375 -0.320183
v -0.238341 1.284275 0.202917
v 0.200159 1.152175 -0.355083
v 0.132359 1.172575 0.363317
v -0.193441 1.270775 0.260017
v 0.132359 1.172575 -0.376483
v 0.200159 1.152175 0.341817
v -0.138641 1.254275 0.306917
v 0.061959 1.193775 -0.383783
v 0.262559 1.133375 0.306917
v -0.076241 1.235475 0.341817
v -0.008541 1.215075 -0.376483
v 0.317259 1.116875 0.260017
v -0.297541 1.091275 -0.006583
v -0.336441 1.178975 -0.006583
v -0.329541 1.176875 0.066917
v -0.291641 1.089975 0.054917
v 0.378859 0.963375 -0.080183
v 0.385759 0.961275 -0.006583
v -0.329541 1.176875 -0.080183
v 0.358259 0.969575 -0.150983
v 0.324859 0.979675 -0.216183
v 0.279959 0.993175 -0.273283
v -0.308941 1.170675 0.137717
v 0.225259 1.009675 -0.320183
v -0.275541 1.160575 0.202917
v 0.162859 1.028475 -0.355083
v 0.024659 1.070075 0.370517
v 0.095059 1.048875 0.363317
v -0.230641 1.147075 0.260017
v 0.095059 1.048875 -0.376483
v 0.162859 1.028475 0.341817
v -0.175941 1.130575 0.306917
v 0.024659 1.070075 -0.383783
v 0.225259 1.009675 0.306917
v -0.113541 1.111775 0.341817
v -0.045741 1.091375 -0.376483
v 0.279959 0.993175 0.260017
v -0.045741 1.091375 0.363317
v -0.113541 1.111775 -0.355083
v 0.324859 0.979675 0.202917
v -0.175941 1.130575 -0.320183
v 0.358259 0.969575 0.137717
v -0.230641 1.147075 -0.273283
v 0.378859 0.963375 0.066917
v 0.010959 1.024775 0.309017
v 0.071159 1.011775 0.302917
v 0.068159 0.952175 0.351017
v -0.001441 0.967175 0.358017
v 0.229159 0.977675 -0.229783
v 0.267559 0.969475 -0.181983
v -0.274041 1.086175 0.114117
v 0.182359 0.987775 -0.269083
v -0.245541 1.080075 0.168717
v 0.129059 0.999275 -0.298183
v -0.207141 1.071775 0.216517
v 0.071159 1.011775 -0.316183
v 0.129059 0.999275 0.284917
v -0.160441 1.061675 0.255817
v 0.010959 1.024775 -0.322183
v 0.182359 0.987775 0.255817
v -0.107041 1.050175 0.284917
v -0.049241 1.037675 -0.316183
v 0.229159 0.977675 0.216517
v -0.049241 1.037675 0.302917
v -0.107041 1.050175 -0.298183
v 0.267559 0.969475 0.168717
v -0.160441 1.061675 -0.269083
v 0.296059 0.963275 0.114117
v -0.207141 1.071775 -0.229783
v 0.313559 0.959475 0.054917
v -0.245541 1.080075 -0.181983
v 0.319459 0.958275 -0.006583
v -0.274041 1.086175 -0.127383
v 0.313559 0.959475 -0.068183
v -0.291641 1.089975 -0.068183
v 0.296059 0.963275 -0.127383
v 0.250659 0.912875 0.251217
v 0.223459 0.786875 0.251217
v 0.169459 0.798475 0.296617
v 0.196659 0.924475 0.296617
v -0.253541 1.021575 0.251217
v -0.297841 1.031075 0.196017
v 0.068159 0.952175 -0.364283
v 0.134959 0.937775 -0.343583
v 0.134959 0.937775 0.330317
v -0.199441 1.009875 0.296617
v -0.001441 0.967175 -0.371283
v -0.137841 0.996575 0.330317
v -0.070941 0.982175 -0.364283
v -0.070941 0.982175 0.351017
v -0.137841 0.996575 -0.343583
v 0.294959 0.903275 0.196017
v -0.199441 1.009875 -0.309883
v 0.327959 0.896175 0.132917
v -0.253541 1.021575 -0.264483
v 0.348259 0.891775 0.064517
v -0.297841 1.031075 -0.209183
v 0.355059 0.890275 -0.006583
v -0.330741 1.038175 -0.146183
v 0.348259 0.891775 -0.077783
v -0.351041 1.042575 -0.077783
v 0.327959 0.896175 -0.146183
v -0.357941 1.044075 -0.006583
v 0.294959 0.903275 -0.209183
v -0.351041 1.042575 0.064517
v 0.250659 0.912875 -0.264483
v -0.330741 1.038175 0.132917
v 0.196659 0.924475 -0.309883
v 0.261259 0.764175 0.053017
v 0.244159 0.767175 0.110317
v 0.300759 0.770175 0.132917
v 0.321059 0.765875 0.064517
v -0.098141 0.856175 0.351017
v -0.165041 0.870675 0.330317
v -0.165041 0.870675 -0.343583
v -0.098141 0.856175 -0.364283
v 0.267859 0.777275 0.196017
v -0.028541 0.841175 0.358017
v -0.226641 0.883975 -0.309883
v -0.280641 0.895575 -0.264483
v -0.325041 0.905175 -0.209183
v 0.327959 0.764375 -0.006583
v -0.357941 0.912275 -0.146183
v 0.321059 0.765875 -0.077783
v -0.378241 0.916575 -0.077783
v 0.300759 0.770175 -0.146183
v -0.385041 0.918075 -0.006583
v 0.267859 0.777275 -0.209183
v -0.378241 0.916575 0.064517
v 0.223459 0.786875 -0.264483
v -0.357941 0.912275 0.132917
v 0.169459 0.798475 -0.309883
v -0.325041 0.905175 0.196017
v 0.107859 0.811775 -0.343583
v 0.040959 0.826275 0.351017
v -0.280641 0.895575 0.251217
v 0.040959 0.826275 -0.364283
v 0.107859 0.811775 0.330317
v -0.226641 0.883975 0.296617
v -0.028541 0.841175 -0.371283
v 0.244159 0.767175 -0.123583
v 0.284059 0.726275 -0.142783
v 0.303959 0.722775 -0.076083
v 0.261259 0.764175 -0.066283
v -0.284541 0.858875 -0.176483
v -0.247141 0.852375 -0.222783
v 0.267059 0.763175 -0.006583
v -0.312441 0.863675 -0.123583
v -0.329541 0.866675 -0.066283
v -0.335341 0.867675 -0.006583
v 0.216259 0.771975 -0.176483
v -0.329541 0.866675 0.053017
v 0.178859 0.778475 -0.222783
v -0.312441 0.863675 0.110317
v 0.133159 0.786375 -0.260783
v -0.284541 0.858875 0.163217
v 0.081159 0.795475 -0.289083
v 0.024659 0.805275 0.293217
v -0.034141 0.815475 0.299017
v -0.247141 0.852375 0.209517
v 0.024659 0.805275 -0.306483
v 0.081159 0.795475 0.275817
v -0.201441 0.844475 0.247517
v -0.034141 0.815475 -0.312283
v 0.133159 0.786375 0.247517
v -0.149441 0.835375 0.275817
v -0.092941 0.825575 -0.306483
v 0.178859 0.778475 0.209517
v -0.092941 0.825575 0.293217
v -0.149441 0.835375 -0.289083
v 0.216259 0.771975 0.163217
v -0.201441 0.844475 -0.260783
v 0.154859 0.748675 -0.302483
v 0.133259 0.623675 -0.302483
v 0.186359 0.614475 -0.258183
v 0.208059 0.739375 -0.258183
v -0.390441 0.843175 -0.006583
v -0.383741 0.842075 -0.076083
v 0.251659 0.731875 -0.204283
v -0.383741 0.842075 0.062817
v -0.363741 0.838575 0.129517
v -0.331341 0.832975 0.191017
v 0.094259 0.759175 -0.335383
v 0.028559 0.770575 0.342317
v -0.039841 0.782375 0.349217
v -0.287741 0.825375 0.245017
v 0.028559 0.770575 -0.355583
v 0.094259 0.759175 0.322117
v -0.234641 0.816175 0.289217
v -0.039841 0.782375 -0.362483
v 0.154859 0.748675 0.289217
v -0.174041 0.805675 0.322117
v -0.108241 0.794275 -0.355583
v 0.208059 0.739375 0.245017
v -0.108241 0.794275 0.342317
v -0.174041 0.805675 -0.335383
v 0.251659 0.731875 0.191017
v -0.234641 0.816175 -0.302483
v 0.284059 0.726275 0.129517
v -0.287741 0.825375 -0.258183
v 0.303959 0.722775 0.062817
v -0.331341 0.832975 -0.204283
v 0.310759 0.721575 -0.006583
v -0.363741 0.838575 -0.142783
v -0.061541 0.657475 -0.362483
v -0.069941 0.608775 -0.316683
v -0.009641 0.605275 -0.310683
v 0.006859 0.645675 -0.355583
v -0.353041 0.708075 0.191017
v -0.385441 0.713675 0.129517
v 0.072659 0.634275 -0.335383
v 0.006859 0.645675 0.342317
v -0.061541 0.657475 0.349217
v -0.309441 0.700475 0.245017
v 0.072659 0.634275 0.322117
v -0.256341 0.691275 0.289217
v 0.133259 0.623675 0.289217
v -0.195641 0.680775 0.322117
v -0.129941 0.669375 -0.355583
v 0.186359 0.614475 0.245017
v -0.129941 0.669375 0.342317
v -0.195641 0.680775 -0.335383
v 0.229959 0.606975 0.191017
v -0.256341 0.691275 -0.302483
v 0.262359 0.601375 0.129517
v -0.309441 0.700475 -0.258183
v 0.282359 0.597875 0.062817
v -0.353041 0.708075 -0.204283
v 0.289059 0.596675 -0.006583
v -0.385441 0.713675 -0.142783
v 0.282359 0.597875 -0.076083
v -0.405341 0.717075 -0.076083
v 0.262359 0.601375 -0.142783
v -0.412141 0.718275 -0.006583
v 0.229959 0.606975 -0.204283
v -0.405341 0.717075 0.062817
v -0.241941 0.618475 -0.264383
v -0.266041 0.596175 -0.298483
v -0.205441 0.592775 -0.330883
v -0.188441 0.615475 -0.293083
v 0.101959 0.598975 0.251217
v 0.048459 0.601975 0.279817
v -0.188441 0.615475 0.279817
v -0.241941 0.618475 0.251217
v -0.130341 0.612175 -0.310683
v 0.148859 0.596275 0.212617
v -0.130341 0.612175 0.297517
v 0.187359 0.594075 0.165617
v -0.069941 0.608775 0.303417
v 0.215959 0.592475 0.112017
v -0.288841 0.621175 -0.225883
v 0.233659 0.591475 0.053817
v -0.327341 0.623375 -0.178883
v 0.239559 0.591075 -0.006583
v -0.355941 0.624975 -0.125283
v 0.233659 0.591475 -0.067083
v -0.373541 0.625975 -0.067083
v 0.215959 0.592475 -0.125283
v -0.379541 0.626375 -0.006583
v 0.187359 0.594075 -0.178883
v -0.373541 0.625975 0.053817
v 0.148859 0.596275 -0.225883
v -0.355941 0.624975 0.112017
v 0.101959 0.598975 -0.264383
v -0.327341 0.623375 0.165617
v 0.048459 0.601975 -0.293083
v -0.009641 0.605275 0.297517
v -0.288841 0.621175 0.212617
v -0.395141 0.603575 -0.140983
v -0.402141 0.480575 -0.140983
v -0.369741 0.478675 -0.201683
v -0.362741 0.601675 -0.201683
v 0.220059 0.568475 0.188417
v 0.252459 0.566675 0.127717
v -0.319141 0.599175 -0.254883
v 0.272359 0.565575 0.061817
v 0.279159 0.565175 -0.006583
v 0.272359 0.565575 -0.075083
v -0.415041 0.604675 -0.075083
v 0.252459 0.566675 -0.140983
v -0.421741 0.605075 -0.006583
v 0.220059 0.568475 -0.201683
v -0.415041 0.604675 0.061817
v 0.176459 0.570975 -0.254883
v -0.395141 0.603575 0.127717
v 0.123359 0.573975 -0.298483
v -0.362741 0.601675 0.188417
v 0.062759 0.577475 -0.330883
v -0.002941 0.581175 0.337617
v -0.071341 0.585075 0.344417
v -0.319141 0.599175 0.241617
v -0.002941 0.581175 -0.350883
v 0.062759 0.577475 0.317717
v -0.266041 0.596175 0.285217
v -0.071341 0.585075 -0.357683
v 0.123359 0.573975 0.285217
v -0.205441 0.592775 0.317717
v -0.139741 0.588975 -0.350883
v 0.176459 0.570975 0.241617
v -0.139741 0.588975 0.337617
v -0.422041 0.481675 0.061817
v -0.386541 0.426675 0.054317
v -0.392541 0.426675 -0.006583
v -0.428841 0.482075 -0.006583
v 0.265359 0.442575 -0.075083
v 0.272159 0.442175 -0.006583
v -0.422041 0.481675 -0.075083
v 0.245459 0.443675 -0.140983
v 0.213059 0.445475 -0.201683
v 0.169459 0.447975 -0.254883
v -0.402141 0.480575 0.127717
v 0.116359 0.450975 -0.298483
v -0.369741 0.478675 0.188417
v 0.055759 0.454475 -0.330883
v -0.078341 0.462075 0.344417
v -0.009941 0.458175 0.337617
v -0.326141 0.476175 0.241617
v -0.009941 0.458175 -0.350883
v 0.055759 0.454475 0.317717
v -0.273041 0.473175 0.285217
v -0.078341 0.462075 -0.357683
v 0.116359 0.450975 0.285217
v -0.212441 0.469775 0.317717
v -0.146741 0.465975 -0.350883
v 0.169459 0.447975 0.241617
v -0.146741 0.465975 0.337617
v -0.212441 0.469775 -0.330883
v 0.213059 0.445475 0.188417
v -0.273041 0.473175 -0.298483
v 0.245459 0.443675 0.127717
v -0.326141 0.476175 -0.254883
v 0.265359 0.442575 0.061817
v -0.271941 0.392775 -0.293183
v -0.212341 0.392575 -0.324983
v -0.199841 0.426175 -0.294983
v -0.253841 0.426275 -0.266183
v 0.140359 0.425275 -0.227383
v 0.179159 0.425175 -0.180083
v -0.368741 0.426575 0.112817
v 0.093059 0.425475 -0.266183
v -0.339941 0.426575 0.166817
v 0.039059 0.425575 -0.294983
v -0.019541 0.425675 0.299517
v -0.080441 0.425875 0.305517
v -0.301141 0.426475 0.214117
v -0.019541 0.425675 -0.312783
v 0.039059 0.425575 0.281817
v -0.253841 0.426275 0.252917
v -0.080441 0.425875 -0.318783
v 0.093059 0.425475 0.252917
v -0.199841 0.426175 0.281817
v -0.141341 0.426075 -0.312783
v 0.140359 0.425275 0.214117
v -0.141341 0.426075 0.299517
v 0.179159 0.425175 0.166817
v 0.207959 0.425175 0.112817
v -0.301141 0.426475 -0.227383
v 0.225759 0.425075 0.054317
v -0.339941 0.426575 -0.180083
v 0.231759 0.425075 -0.006583
v -0.368741 0.426575 -0.126083
v 0.225759 0.425075 -0.067483
v -0.386541 0.426675 -0.067483
v 0.207959 0.425175 -0.126083
v -0.367041 0.392975 -0.198083
v -0.398841 0.393075 -0.138483
v -0.399141 0.327475 -0.138483
v -0.367341 0.327375 -0.198083
v 0.237959 0.391475 0.125217
v 0.206059 0.391575 0.184817
v -0.324141 0.392875 -0.250283
v 0.257559 0.391375 0.060617
v 0.264159 0.391375 -0.006583
v 0.257559 0.391375 -0.073883
v -0.418441 0.393175 -0.073883
v 0.237959 0.391475 -0.138483
v -0.425141 0.393175 -0.006583
v 0.206059 0.391575 -0.198083
v -0.418441 0.393175 0.060617
v 0.163159 0.391675 -0.250283
v -0.398841 0.393075 0.125217
v 0.110959 0.391775 -0.293183
v -0.367041 0.392975 0.184817
v 0.051359 0.391975 -0.324983
v -0.013241 0.392075 0.331417
v -0.080441 0.392275 0.338017
v -0.324141 0.392875 0.237017
v -0.013241 0.392075 -0.344583
v 0.051359 0.391975 0.311817
v -0.271941 0.392775 0.279917
v -0.080441 0.392275 -0.351283
v 0.110959 0.391775 0.279917
v -0.212341 0.392575 0.311817
v -0.147741 0.392475 -0.344583
v 0.163159 0.391675 0.237017
v -0.147741 0.392475 0.331417
v -0.013541 0.326475 0.331417
v 0.051159 0.326275 0.311817
v 0.110659 0.326175 0.279917
v 0.162959 0.325975 0.237017
v 0.205759 0.325875 0.184817
v 0.237659 0.325775 0.125217
v 0.257259 0.325775 0.060617
v 0.263859 0.325775 -0.006583
v 0.257259 0.325775 -0.073883
v 0.237659 0.325775 -0.138483
v 0.205759 0.325875 -0.198083
v 0.162959 0.325975 -0.250283
v 0.110659 0.326175 -0.293183
v 0.051159 0.326275 -0.324983
v -0.013541 0.326475 -0.344583
v -0.080741 0.326575 -0.351283
v -0.148041 0.326775 -0.344583
v -0.212641 0.326975 -0.324983
v -0.272241 0.327075 -0.293183
v -0.324441 0.327275 -0.250283
v -0.418741 0.327475 -0.073883
v -0.425441 0.327475 -0.006583
v -0.418741 0.327475 0.060617
v -0.399141 0.327475 0.125217
v -0.367341 0.327375 0.184817
v -0.324441 0.327275 0.237017
v -0.272241 0.327075 0.279917
v -0.212641 0.326975 0.311817
v -0.148041 0.326775 0.331417
v -0.080741 0.326575 0.338017
vn -0.3710 0.9260 0.0698
vn -0.3712 0.9259 0.0695
vn -0.3711 0.9260 0.0696
vn -0.3708 0.9261 0.0699
vn -0.4334 0.1853 0.8819
vn -0.4334 0.1857 0.8819
vn -0.4335 0.1853 0.8819
vn -0.4335 0.1854 0.8818
vn -0.0901 0.0385 -0.9952
vn -0.0901 0.0386 -0.9952
vn 0.7107 -0.3039 -0.6344
vn -0.2667 0.1142 0.9570
vn -0.2668 0.1142 0.9570
vn -0.2666 0.1142 0.9570
vn -0.2667 0.1142 -0.9570
vn -0.2672 0.1143 -0.9568
vn -0.2670 0.1142 -0.9569
vn -0.2670 0.1141 -0.9569
vn 0.5835 -0.2497 -0.7728
vn 0.5833 -0.2495 -0.7730
vn 0.5833 -0.2496 -0.7729
vn -0.0901 0.0385 0.9952
vn -0.4335 0.1854 -0.8819
vn -0.4336 0.1854 -0.8818
vn -0.4334 0.1854 -0.8819
vn 0.4334 -0.1854 -0.8819
vn 0.4332 -0.1854 -0.8820
vn 0.4335 -0.1854 -0.8819
vn 0.4336 -0.1854 -0.8818
vn 0.0901 -0.0385 0.9952
vn -0.5832 0.2495 -0.7730
vn -0.5833 0.2495 -0.7730
vn -0.5832 0.2495 -0.7731
vn 0.2669 -0.1142 -0.9569
vn 0.2669 -0.1141 -0.9570
vn 0.2670 -0.1143 -0.9569
vn 0.2669 -0.1142 0.9569
vn 0.2668 -0.1142 0.9570
vn 0.2670 -0.1142 0.9569
vn -0.7105 0.3041 -0.6346
vn -0.7105 0.3044 -0.6344
vn -0.7107 0.3043 -0.6343
vn -0.7105 0.3040 -0.6346
vn 0.0901 -0.0385 -0.9952
vn 0.4336 -0.1855 0.8818
vn 0.4334 -0.1853 0.8819
vn 0.4334 -0.1854 0.8819
vn 0.4336 -0.1856 0.8818
vn -0.8106 0.3471 -0.4716
vn -0.8109 0.3469 -0.4713
vn -0.8108 0.3470 -0.4713
vn -0.8108 0.3469 -0.4714
vn 0.5832 -0.2495 0.7730
vn 0.5834 -0.2497 0.7728
vn 0.5833 -0.2495 0.7730
vn -0.8799 0.3763 -0.2902
vn 0.7107 -0.3041 0.6344
vn 0.7109 -0.3041 0.6342
vn 0.7106 -0.3041 0.6344
vn -0.9150 0.3915 -0.0978
vn -0.9150 0.3914 -0.0980
vn -0.9148 0.3917 -0.0982
vn -0.9148 0.3917 -0.0983
vn 0.8107 -0.3468 0.4716
vn 0.8106 -0.3466 0.4719
vn 0.8108 -0.3469 0.4715
vn -0.9151 0.3912 0.0980
vn -0.9150 0.3914 0.0980
vn -0.9150 0.3915 0.0980
vn -0.9151 0.3913 0.0974
vn 0.8798 -0.3764 0.2903
vn 0.8797 -0.3768 0.2902
vn -0.8799 0.3763 0.2902
vn 0.9149 -0.3916 0.0980
vn 0.9150 -0.3914 0.0980
vn 0.9150 -0.3915 0.0980
vn 0.9148 -0.3917 0.0982
vn -0.8108 0.3470 0.4713
vn -0.8108 0.3469 0.4715
vn -0.8108 0.3469 0.4714
vn -0.8111 0.3468 0.4710
vn 0.9149 -0.3916 -0.0980
vn 0.9150 -0.3914 -0.0980
vn 0.9150 -0.3914 -0.0979
vn 0.9150 -0.3914 -0.0978
vn -0.7107 0.3043 0.6342
vn -0.7109 0.3041 0.6342
vn -0.7110 0.3042 0.6340
vn -0.7107 0.3041 0.6344
vn 0.8798 -0.3765 -0.2901
vn 0.8798 -0.3766 -0.2899
vn 0.8798 -0.3766 -0.2902
vn 0.8798 -0.3764 -0.2903
vn -0.5832 0.2494 0.7731
vn 0.8108 -0.3469 -0.4714
vn 0.8108 -0.3469 -0.4715
vn 0.8108 -0.3469 -0.4713
vn 0.8109 -0.3470 -0.4713
vn -0.7197 -0.6002 0.3491
vn -0.7199 -0.5997 0.3494
vn -0.7197 -0.6002 0.3490
vn -0.7196 -0.6004 0.3490
vn 0.9011 0.3816 0.2061
vn 0.9011 0.3815 0.2061
vn 0.9011 0.3817 0.2060
vn 0.9010 0.3817 0.2059
vn -0.3463 0.9153 0.2056
vn -0.3463 0.9153 0.2058
vn -0.3464 0.9153 0.2055
vn -0.3464 0.9154 0.2051
vn 0.9261 0.3709 0.0694
vn 0.9261 0.3709 0.0695
vn 0.9261 0.3709 0.0698
vn -0.2974 0.8943 0.3343
vn -0.2974 0.8944 0.3342
vn -0.2975 0.8941 0.3347
vn 0.9261 0.3709 -0.0695
vn 0.9261 0.3709 -0.0694
vn 0.9261 0.3709 -0.0698
vn -0.2261 0.8641 0.4497
vn -0.2266 0.8640 0.4497
vn -0.2264 0.8640 0.4497
vn 0.9010 0.3818 -0.2058
vn 0.9010 0.3819 -0.2059
vn 0.9011 0.3817 -0.2058
vn -0.1359 0.8254 0.5480
vn -0.1356 0.8255 0.5479
vn -0.1360 0.8253 0.5480
vn -0.1361 0.8253 0.5480
vn 0.8522 0.4026 -0.3341
vn 0.8525 0.4022 -0.3340
vn 0.8521 0.4028 -0.3342
vn 0.8521 0.4027 -0.3342
vn -0.0298 0.7800 0.6251
vn -0.0297 0.7799 0.6252
vn -0.0296 0.7800 0.6251
vn -0.0297 0.7800 0.6250
vn 0.2135 0.6758 -0.7055
vn 0.7813 0.4329 -0.4497
vn 0.7812 0.4330 -0.4497
vn 0.7813 0.4331 -0.4495
vn 0.0882 0.7293 0.6785
vn 0.0881 0.7294 -0.6784
vn 0.0882 0.7294 -0.6784
vn 0.6909 0.4716 -0.5480
vn 0.6911 0.4714 -0.5479
vn 0.6910 0.4715 -0.5480
vn 0.2137 0.6759 0.7054
vn 0.2139 0.6759 0.7053
vn 0.2138 0.6759 0.7054
vn 0.2135 0.6758 0.7055
vn -0.0297 0.7797 -0.6255
vn -0.0300 0.7797 -0.6254
vn -0.0299 0.7799 -0.6252
vn -0.0298 0.7799 -0.6252
vn 0.5846 0.5169 -0.6254
vn 0.5845 0.5167 -0.6256
vn 0.5846 0.5168 -0.6254
vn 0.5847 0.5170 -0.6252
vn 0.3414 0.6212 0.7054
vn 0.3415 0.6212 0.7053
vn 0.3413 0.6211 0.7055
vn -0.1361 0.8254 -0.5479
vn -0.1361 0.8255 -0.5478
vn 0.4666 0.5675 -0.6784
vn 0.4665 0.5677 -0.6783
vn 0.4664 0.5676 0.6785
vn 0.4667 0.5675 0.6783
vn 0.4666 0.5677 0.6782
vn 0.4666 0.5675 0.6785
vn -0.2263 0.8641 -0.4496
vn -0.2264 0.8640 -0.4497
vn -0.2260 0.8642 -0.4495
vn 0.3413 0.6211 -0.7055
vn 0.5846 0.5169 0.6254
vn 0.5847 0.5171 0.6251
vn 0.5847 0.5168 0.6254
vn 0.5842 0.5168 0.6257
vn -0.2970 0.8944 -0.3345
vn -0.2969 0.8944 -0.3344
vn -0.2974 0.8944 -0.3342
vn 0.6909 0.4715 0.5480
vn 0.6908 0.4717 0.5480
vn -0.3463 0.9153 -0.2058
vn -0.3463 0.9153 -0.2056
vn -0.3463 0.9153 -0.2059
vn -0.3463 0.9152 -0.2060
vn 0.7813 0.4329 0.4497
vn 0.7813 0.4328 0.4497
vn -0.3712 0.9260 -0.0695
vn -0.3708 0.9261 -0.0698
vn -0.3709 0.9260 -0.0699
vn 0.8524 0.4022 0.3343
vn 0.8522 0.4025 0.3344
vn 0.8523 0.4023 0.3343
vn 0.8523 0.4022 0.3344
vn -0.2670 0.1142 0.9569
vn -0.2671 0.1142 0.9569
vn -0.2669 0.1142 0.9569
vn -0.2668 0.1141 0.9570
vn 0.1558 -0.9748 -0.1598
vn 0.1561 -0.9747 -0.1597
vn 0.1559 -0.9748 -0.1598
vn 0.1557 -0.9748 -0.1598
vn -0.6493 -0.6304 0.4254
vn -0.6494 -0.6303 0.4254
vn -0.6494 -0.6304 0.4254
vn 0.1177 -0.9586 -0.2594
vn 0.1177 -0.9586 -0.2593
vn -0.5669 -0.6657 0.4853
vn -0.5669 -0.6657 0.4852
vn -0.3779 -0.7466 -0.5476
vn -0.3778 -0.7467 -0.5475
vn -0.3779 -0.7465 -0.5477
vn -0.3780 -0.7465 -0.5476
vn 0.0624 -0.9350 -0.3491
vn 0.0623 -0.9350 -0.3492
vn 0.0625 -0.9350 -0.3492
vn 0.0626 -0.9350 -0.3492
vn -0.4753 -0.7049 0.5266
vn -0.4753 -0.7049 0.5265
vn -0.4753 -0.7048 -0.5266
vn -0.4753 -0.7049 -0.5265
vn -0.0074 -0.9050 -0.4254
vn -0.0075 -0.9050 -0.4254
vn -0.0073 -0.9051 -0.4252
vn -0.3780 -0.7465 0.5476
vn -0.5671 -0.6656 -0.4853
vn -0.5671 -0.6655 -0.4853
vn -0.5669 -0.6657 -0.4853
vn -0.0900 -0.8697 -0.4853
vn -0.0899 -0.8697 -0.4853
vn -0.2790 -0.7888 0.5476
vn -0.2789 -0.7889 0.5475
vn -0.2790 -0.7889 0.5476
vn -0.2789 -0.7889 0.5476
vn -0.6494 -0.6304 -0.4254
vn -0.1816 -0.8305 -0.5266
vn -0.1815 -0.8305 -0.5266
vn -0.1816 -0.8305 0.5266
vn -0.1816 -0.8305 0.5265
vn -0.7194 -0.6006 -0.3490
vn -0.7195 -0.6005 -0.3488
vn -0.7196 -0.6004 -0.3490
vn -0.7194 -0.6005 -0.3491
vn -0.2789 -0.7889 -0.5476
vn -0.0899 -0.8697 0.4853
vn -0.0900 -0.8697 0.4853
vn -0.7746 -0.5768 -0.2594
vn -0.7746 -0.5769 -0.2594
vn -0.7746 -0.5768 -0.2595
vn -0.7746 -0.5768 -0.2596
vn -0.0070 -0.9050 0.4253
vn -0.0072 -0.9050 0.4253
vn -0.0071 -0.9049 0.4256
vn -0.0069 -0.9048 0.4257
vn -0.8124 -0.5608 -0.1597
vn -0.8127 -0.5605 -0.1596
vn -0.8125 -0.5606 -0.1597
vn -0.8125 -0.5607 -0.1597
vn 0.0626 -0.9350 0.3492
vn 0.0626 -0.9350 0.3491
vn 0.0625 -0.9350 0.3490
vn 0.0623 -0.9348 0.3496
vn -0.8319 -0.5523 -0.0539
vn -0.8318 -0.5525 -0.0539
vn -0.8320 -0.5522 -0.0538
vn 0.1177 -0.9586 0.2594
vn -0.8319 -0.5523 0.0539
vn -0.8320 -0.5521 0.0541
vn -0.8319 -0.5522 0.0540
vn 0.1556 -0.9748 0.1596
vn 0.1555 -0.9748 0.1597
vn 0.1556 -0.9748 0.1597
vn 0.1556 -0.9748 0.1598
vn -0.8125 -0.5605 0.1600
vn -0.8126 -0.5606 0.1597
vn -0.8123 -0.5609 0.1600
vn -0.8125 -0.5605 0.1603
vn 0.1749 -0.9831 0.0541
vn 0.1751 -0.9831 0.0540
vn 0.1748 -0.9831 0.0541
vn 0.1747 -0.9831 0.0540
vn -0.7745 -0.5769 0.2593
vn -0.7746 -0.5768 0.2594
vn 0.1750 -0.9831 -0.0540
vn 0.1750 -0.9831 -0.0539
vn 0.4672 0.5719 0.6743
vn 0.4672 0.5723 0.6739
vn 0.4672 0.5718 0.6743
vn -0.2668 0.1141 -0.9570
vn -0.2671 0.1143 -0.9569
vn -0.2671 0.1142 -0.9569
vn 0.5832 -0.2495 -0.7731
vn -0.0900 0.0386 0.9952
vn -0.0903 0.0387 0.9952
vn -0.0903 0.0386 0.9952
vn -0.4334 0.1854 -0.8820
vn -0.4333 0.1854 -0.8820
vn 0.4338 -0.1855 -0.8817
vn 0.4333 -0.1854 -0.8820
vn 0.0901 -0.0386 0.9952
vn 0.0904 -0.0387 0.9952
vn 0.0900 -0.0386 0.9952
vn 0.0903 -0.0387 0.9952
vn -0.5834 0.2495 -0.7729
vn -0.5835 0.2495 -0.7729
vn 0.2670 -0.1142 -0.9569
vn 0.2671 -0.1142 -0.9569
vn 0.2670 -0.1143 0.9569
vn 0.2664 -0.1141 0.9571
vn -0.7107 0.3041 -0.6344
vn -0.7107 0.3039 -0.6345
vn -0.7107 0.3044 -0.6342
vn 0.0904 -0.0387 -0.9952
vn 0.0901 -0.0386 -0.9952
vn 0.0903 -0.0387 -0.9952
vn 0.4331 -0.1854 0.8821
vn -0.8108 0.3471 -0.4714
vn -0.8108 0.3468 -0.4716
vn -0.8107 0.3468 -0.4717
vn 0.5832 -0.2495 0.7731
vn -0.8799 0.3763 -0.2900
vn -0.8800 0.3763 -0.2897
vn -0.8798 0.3764 -0.2903
vn 0.7108 -0.3041 0.6342
vn -0.9150 0.3913 -0.0982
vn -0.9150 0.3912 -0.0986
vn 0.8108 -0.3469 0.4714
vn 0.8109 -0.3468 0.4714
vn 0.8109 -0.3469 0.4713
vn 0.8109 -0.3469 0.4712
vn -0.9150 0.3913 0.0980
vn -0.9150 0.3915 0.0977
vn 0.8798 -0.3763 0.2905
vn 0.8797 -0.3761 0.2908
vn -0.8799 0.3763 0.2900
vn -0.8800 0.3763 0.2897
vn 0.9150 -0.3914 0.0981
vn 0.9150 -0.3913 0.0980
vn -0.8108 0.3471 0.4714
vn -0.8108 0.3473 0.4711
vn -0.8108 0.3469 0.4713
vn -0.8107 0.3468 0.4716
vn 0.9150 -0.3914 -0.0981
vn 0.9150 -0.3914 -0.0977
vn -0.7107 0.3044 0.6342
vn 0.8799 -0.3764 -0.2901
vn 0.8800 -0.3763 -0.2897
vn 0.8797 -0.3765 -0.2905
vn 0.8795 -0.3767 -0.2908
vn -0.5831 0.2495 0.7731
vn -0.5832 0.2495 0.7730
vn -0.5832 0.2495 0.7731
vn -0.5830 0.2494 0.7733
vn 0.8107 -0.3469 -0.4717
vn -0.4334 0.1854 0.8819
vn -0.4335 0.1854 0.8819
vn -0.0903 0.0386 -0.9952
vn -0.0903 0.0387 -0.9952
vn 0.7108 -0.3041 -0.6342
vn 0.2939 -0.8226 0.4868
vn 0.2938 -0.8226 0.4868
vn 0.2940 -0.8225 0.4868
vn -0.2220 0.8666 -0.4470
vn -0.2216 0.8666 -0.4472
vn -0.2219 0.8666 -0.4470
vn -0.2219 0.8665 -0.4472
vn 0.3426 0.6252 -0.7013
vn 0.3426 0.6252 -0.7012
vn 0.3425 0.6252 -0.7013
vn 0.5845 0.5217 0.6215
vn -0.2922 0.8969 -0.3320
vn -0.2923 0.8969 -0.3320
vn 0.6900 0.4765 0.5449
vn 0.6899 0.4766 0.5448
vn 0.6900 0.4764 0.5449
vn 0.6901 0.4765 0.5447
vn -0.3411 0.9175 -0.2048
vn -0.3412 0.9174 -0.2046
vn -0.3410 0.9176 -0.2043
vn -0.3409 0.9176 -0.2046
vn 0.7799 0.4378 0.4473
vn 0.7799 0.4379 0.4472
vn 0.7800 0.4378 0.4472
vn 0.7800 0.4380 0.4469
vn -0.3654 0.9283 -0.0690
vn -0.3655 0.9283 -0.0689
vn -0.3655 0.9282 -0.0691
vn -0.3657 0.9282 -0.0691
vn 0.8505 0.4079 0.3322
vn 0.8503 0.4079 0.3325
vn -0.3655 0.9282 0.0689
vn -0.3657 0.9282 0.0691
vn -0.3658 0.9281 0.0691
vn -0.3656 0.9282 0.0692
vn 0.8991 0.3870 0.2046
vn 0.8991 0.3871 0.2046
vn -0.3410 0.9175 0.2047
vn -0.3412 0.9174 0.2049
vn -0.3411 0.9174 0.2048
vn -0.3409 0.9176 0.2046
vn 0.9238 0.3765 0.0691
vn 0.9238 0.3766 0.0692
vn 0.9239 0.3765 0.0691
vn -0.2924 0.8967 0.3323
vn -0.2923 0.8968 0.3322
vn -0.2922 0.8968 0.3321
vn -0.2921 0.8969 0.3321
vn 0.9238 0.3765 -0.0691
vn 0.9238 0.3766 -0.0692
vn 0.9238 0.3767 -0.0692
vn 0.9237 0.3767 -0.0691
vn -0.2217 0.8667 0.4470
vn -0.2217 0.8669 0.4465
vn -0.2216 0.8667 0.4469
vn -0.2217 0.8666 0.4470
vn 0.8990 0.3872 -0.2045
vn 0.8991 0.3871 -0.2046
vn 0.8990 0.3872 -0.2046
vn -0.1319 0.8282 0.5447
vn -0.1318 0.8282 0.5447
vn 0.8505 0.4078 -0.3323
vn 0.8505 0.4079 -0.3322
vn -0.0262 0.7830 0.6215
vn -0.0264 0.7830 0.6215
vn -0.0265 0.7830 0.6215
vn 0.2156 0.6794 -0.7013
vn 0.2156 0.6795 -0.7013
vn 0.2156 0.6794 -0.7014
vn 0.2153 0.6792 -0.7017
vn 0.7799 0.4381 -0.4470
vn 0.7800 0.4380 -0.4471
vn 0.0915 0.7327 0.6744
vn 0.0912 0.7328 0.6743
vn 0.0910 0.7328 0.6743
vn 0.0914 0.7326 0.6745
vn 0.0910 0.7328 -0.6744
vn 0.0912 0.7327 -0.6744
vn 0.6901 0.4766 -0.5447
vn 0.6901 0.4765 -0.5447
vn 0.6903 0.4763 -0.5447
vn 0.6901 0.4766 -0.5446
vn 0.2152 0.6795 0.7014
vn 0.2156 0.6795 0.7013
vn 0.2155 0.6795 0.7013
vn 0.2153 0.6792 0.7017
vn -0.0264 0.7830 -0.6215
vn -0.0263 0.7830 -0.6215
vn -0.0264 0.7829 -0.6216
vn 0.5844 0.5217 -0.6216
vn 0.5845 0.5217 -0.6215
vn 0.5844 0.5217 -0.6215
vn 0.3423 0.6252 0.7014
vn 0.3426 0.6253 0.7012
vn 0.3426 0.6252 0.7012
vn 0.3425 0.6252 0.7013
vn -0.1319 0.8282 -0.5447
vn 0.4672 0.5719 -0.6743
vn 0.4670 0.5719 -0.6744
vn 0.4675 0.5717 -0.6742
vn 0.4671 0.5717 -0.6745
vn 0.9149 -0.3915 0.0983
vn 0.9148 -0.3918 0.0979
vn 0.9148 -0.3920 0.0975
vn -0.9546 -0.2881 -0.0753
vn 0.3710 -0.8551 0.3621
vn 0.3709 -0.8552 0.3621
vn 0.3709 -0.8551 0.3621
vn -0.9547 -0.2881 0.0752
vn -0.9547 -0.2880 0.0752
vn -0.9547 -0.2881 0.0753
vn -0.9546 -0.2881 0.0753
vn 0.4236 -0.8780 0.2231
vn 0.4238 -0.8779 0.2229
vn 0.4236 -0.8780 0.2230
vn 0.4237 -0.8779 0.2230
vn -0.9276 -0.2999 0.2227
vn -0.9276 -0.2997 0.2229
vn 0.4508 -0.8894 0.0753
vn 0.4509 -0.8894 0.0753
vn 0.4509 -0.8894 0.0754
vn 0.4508 -0.8894 0.0755
vn -0.8748 -0.3222 0.3619
vn -0.8747 -0.3223 0.3620
vn -0.8748 -0.3220 0.3618
vn 0.4510 -0.8893 -0.0758
vn 0.4506 -0.8895 -0.0753
vn 0.4508 -0.8894 -0.0754
vn 0.4509 -0.8894 -0.0754
vn -0.7977 -0.3553 0.4874
vn -0.7977 -0.3553 0.4873
vn -0.7976 -0.3551 0.4876
vn -0.7976 -0.3552 0.4875
vn 0.4238 -0.8779 -0.2229
vn 0.4237 -0.8779 -0.2229
vn 0.4238 -0.8779 -0.2230
vn -0.6998 -0.3970 0.5939
vn -0.6999 -0.3971 0.5937
vn -0.6997 -0.3969 0.5941
vn 0.3710 -0.8551 -0.3620
vn 0.3711 -0.8551 -0.3621
vn 0.3710 -0.8552 -0.3620
vn 0.3710 -0.8552 -0.3619
vn -0.5848 -0.4463 0.6773
vn -0.5848 -0.4464 0.6773
vn -0.5851 -0.4462 0.6772
vn -0.3211 -0.5593 -0.7643
vn -0.3211 -0.5592 -0.7643
vn -0.3212 -0.5594 -0.7642
vn 0.2940 -0.8221 -0.4876
vn 0.2939 -0.8222 -0.4874
vn 0.2940 -0.8222 -0.4874
vn 0.2941 -0.8220 -0.4876
vn -0.4570 -0.5010 0.7350
vn -0.4572 -0.5011 0.7348
vn -0.4568 -0.5009 0.7352
vn -0.4569 -0.5010 -0.7350
vn -0.4568 -0.5011 -0.7350
vn -0.4569 -0.5011 -0.7350
vn 0.1962 -0.7803 -0.5938
vn 0.1961 -0.7804 -0.5937
vn 0.1962 -0.7804 -0.5937
vn -0.3212 -0.5594 0.7642
vn -0.5848 -0.4464 -0.6773
vn -0.5850 -0.4464 -0.6771
vn 0.0806 -0.7311 -0.6775
vn 0.0806 -0.7316 -0.6770
vn 0.0806 -0.7310 -0.6776
vn 0.0810 -0.7312 -0.6773
vn -0.1827 -0.6184 0.7644
vn -0.1827 -0.6184 0.7643
vn -0.7000 -0.3972 -0.5936
vn -0.6999 -0.3971 -0.5937
vn -0.7001 -0.3973 -0.5933
vn -0.6999 -0.3971 -0.5936
vn -0.0469 -0.6763 -0.7351
vn -0.0469 -0.6762 -0.7352
vn -0.0468 -0.6764 -0.7350
vn -0.0467 -0.6769 -0.7346
vn -0.0469 -0.6765 0.7350
vn -0.0468 -0.6765 0.7350
vn -0.0467 -0.6765 0.7350
vn -0.7977 -0.3554 -0.4873
vn -0.7976 -0.3554 -0.4873
vn -0.7976 -0.3553 -0.4874
vn -0.7977 -0.3553 -0.4872
vn -0.1826 -0.6182 -0.7645
vn -0.1827 -0.6184 -0.7643
vn 0.0806 -0.7315 0.6770
vn 0.0810 -0.7313 0.6773
vn 0.0810 -0.7312 0.6773
vn -0.8746 -0.3223 -0.3621
vn -0.8746 -0.3224 -0.3620
vn 0.1961 -0.7804 0.5937
vn 0.1962 -0.7804 0.5937
vn -0.9276 -0.2998 -0.2226
vn -0.9277 -0.2997 -0.2227
vn -0.9276 -0.2998 -0.2227
vn -0.9276 -0.2999 -0.2227
vn 0.8745 0.3110 -0.3723
vn 0.8744 0.3110 -0.3723
vn -0.8107 0.3470 0.4716
vn -0.8107 0.3470 0.4715
vn 0.9148 -0.3918 -0.0980
vn 0.9149 -0.3915 -0.0985
vn -0.7106 0.3040 0.6345
vn -0.7107 0.3040 0.6345
vn 0.8798 -0.3763 -0.2904
vn -0.5833 0.2495 0.7730
vn -0.5834 0.2495 0.7729
vn 0.8109 -0.3469 -0.4713
vn 0.8106 -0.3470 -0.4717
vn 0.8107 -0.3469 -0.4715
vn -0.4332 0.1853 0.8821
vn -0.0902 0.0386 -0.9952
vn -0.0904 0.0387 -0.9952
vn -0.2669 0.1141 0.9569
vn -0.2669 0.1141 0.9570
vn -0.2668 0.1140 0.9570
vn -0.2669 0.1141 -0.9569
vn -0.2668 0.1140 -0.9570
vn -0.2669 0.1141 -0.9570
vn -0.2669 0.1142 -0.9569
vn 0.5830 -0.2494 -0.7732
vn -0.0902 0.0386 0.9952
vn -0.0907 0.0388 0.9951
vn -0.4335 0.1855 -0.8818
vn -0.4332 0.1853 -0.8821
vn 0.4335 -0.1855 -0.8818
vn 0.4332 -0.1853 -0.8821
vn 0.4336 -0.1855 -0.8818
vn 0.0902 -0.0386 0.9952
vn -0.5830 0.2494 -0.7732
vn 0.2668 -0.1141 -0.9570
vn 0.2673 -0.1145 -0.9568
vn 0.2671 -0.1143 -0.9569
vn 0.2668 -0.1141 0.9570
vn 0.2673 -0.1145 0.9568
vn 0.2671 -0.1143 0.9569
vn -0.7106 0.3041 -0.6345
vn 0.0899 -0.0386 -0.9952
vn 0.0902 -0.0386 -0.9952
vn 0.4332 -0.1853 0.8821
vn 0.4335 -0.1855 0.8818
vn -0.8106 0.3472 -0.4715
vn -0.8108 0.3469 -0.4715
vn -0.8107 0.3474 -0.4713
vn 0.5835 -0.2496 0.7728
vn -0.8798 0.3763 -0.2904
vn -0.8798 0.3765 -0.2901
vn -0.8798 0.3766 -0.2901
vn 0.7106 -0.3040 0.6345
vn 0.7107 -0.3043 0.6342
vn -0.9150 0.3914 -0.0981
vn -0.9150 0.3914 -0.0983
vn 0.8107 -0.3469 0.4715
vn -0.9150 0.3914 0.0981
vn -0.9150 0.3914 0.0982
vn -0.9150 0.3914 0.0983
vn 0.8798 -0.3763 0.2904
vn -0.8798 0.3765 0.2901
vn -0.8796 0.3769 0.2904
vn -0.8797 0.3765 0.2904
vn -0.8798 0.3764 0.2903
vn 0.2982 -0.9368 0.1829
vn 0.2983 -0.9367 0.1832
vn 0.2979 -0.9369 0.1829
vn 0.2983 -0.9368 0.1828
vn 0.0225 0.8395 0.5429
vn 0.2115 0.7087 -0.6731
vn 0.7921 0.3575 -0.4948
vn 0.1085 0.7781 0.6187
vn 0.1083 0.7782 -0.6186
vn 0.1085 0.7781 -0.6187
vn 0.1084 0.7782 -0.6186
vn 0.6898 0.4161 -0.5925
vn 0.2115 0.7087 0.6731
vn 0.2115 0.7090 0.6728
vn 0.0225 0.8395 -0.5429
vn 0.5737 0.4840 -0.6608
vn 0.3275 0.6340 0.7005
vn 0.3274 0.6340 0.7006
vn -0.0446 0.8906 -0.4526
vn -0.0445 0.8906 -0.4525
vn -0.0446 0.8906 -0.4525
vn 0.4505 0.5579 -0.6970
vn 0.4505 0.5579 0.6970
vn -0.0930 0.9306 -0.3539
vn -0.0930 0.9306 -0.3540
vn 0.3274 0.6340 -0.7006
vn 0.5737 0.4840 0.6608
vn -0.1251 0.9596 -0.2522
vn 0.6898 0.4161 0.5925
vn -0.1440 0.9781 -0.1505
vn 0.7921 0.3575 0.4948
vn -0.1525 0.9870 -0.0499
vn -0.1526 0.9870 -0.0500
vn -0.1526 0.9870 -0.0501
vn 0.8745 0.3110 0.3723
vn 0.8744 0.3110 0.3723
vn -0.1528 0.9870 0.0497
vn -0.1526 0.9870 0.0500
vn -0.1524 0.9871 0.0500
vn 0.9321 0.2789 0.2311
vn 0.9321 0.2788 0.2312
vn 0.9321 0.2788 0.2313
vn -0.1441 0.9781 0.1505
vn -0.1440 0.9781 0.1505
vn 0.9617 0.2626 0.0784
vn 0.9618 0.2623 0.0784
vn 0.9618 0.2625 0.0782
vn -0.1251 0.9596 0.2522
vn 0.9618 0.2624 -0.0785
vn 0.9618 0.2623 -0.0784
vn 0.9618 0.2624 -0.0784
vn -0.0930 0.9306 0.3539
vn 0.9321 0.2788 -0.2312
vn -0.0446 0.8907 0.4525
vn -0.0445 0.8906 0.4525
vn 0.8986 -0.3290 -0.2903
vn -0.8332 -0.5219 0.1827
vn -0.8332 -0.5218 0.1828
vn -0.8331 -0.5220 0.1828
vn 0.3209 -0.9451 0.0617
vn 0.3206 -0.9452 0.0619
vn 0.3210 -0.9451 0.0617
vn -0.7888 -0.5382 0.2968
vn -0.7888 -0.5383 0.2967
vn -0.7888 -0.5383 0.2968
vn 0.3210 -0.9451 -0.0617
vn 0.3208 -0.9451 -0.0617
vn 0.3209 -0.9451 -0.0617
vn -0.7245 -0.5617 0.3996
vn -0.7245 -0.5616 0.3997
vn -0.7246 -0.5615 0.3995
vn 0.2980 -0.9369 -0.1830
vn 0.2981 -0.9369 -0.1827
vn 0.2984 -0.9368 -0.1828
vn 0.2983 -0.9367 -0.1835
vn -0.6425 -0.5918 0.4868
vn -0.6426 -0.5917 0.4868
vn -0.6424 -0.5919 0.4867
vn 0.2542 -0.9205 -0.2966
vn 0.2546 -0.9206 -0.2961
vn 0.2542 -0.9206 -0.2966
vn 0.2541 -0.9206 -0.2966
vn -0.5460 -0.6273 0.5553
vn -0.5461 -0.6272 0.5553
vn -0.3254 -0.7082 -0.6266
vn -0.3255 -0.7082 -0.6265
vn -0.3253 -0.7081 -0.6267
vn 0.1897 -0.8969 -0.3995
vn 0.1897 -0.8968 -0.3996
vn -0.4390 -0.6665 0.6026
vn -0.4389 -0.6664 0.6027
vn -0.4390 -0.6664 0.6026
vn -0.4390 -0.6664 0.6027
vn -0.4389 -0.6667 -0.6023
vn -0.4389 -0.6668 -0.6023
vn -0.4390 -0.6666 -0.6024
vn 0.1072 -0.8669 -0.4868
vn 0.1076 -0.8669 -0.4868
vn 0.1073 -0.8669 -0.4868
vn -0.3254 -0.7080 0.6268
vn -0.3252 -0.7081 0.6267
vn -0.3253 -0.7081 0.6267
vn -0.5461 -0.6273 -0.5552
vn -0.5461 -0.6272 -0.5553
vn -0.5460 -0.6272 -0.5555
vn -0.5460 -0.6273 -0.5553
vn 0.0113 -0.8314 -0.5556
vn 0.0114 -0.8313 -0.5557
vn 0.0115 -0.8317 -0.5552
vn 0.0113 -0.8316 -0.5552
vn -0.2093 -0.7506 0.6268
vn -0.2093 -0.7506 0.6267
vn -0.2092 -0.7505 0.6269
vn -0.6425 -0.5914 -0.4872
vn -0.6424 -0.5918 -0.4869
vn -0.6425 -0.5918 -0.4868
vn -0.6426 -0.5916 -0.4869
vn -0.0959 -0.7922 -0.6026
vn -0.0961 -0.7924 -0.6024
vn -0.0958 -0.7923 -0.6026
vn -0.0959 -0.7923 0.6026
vn -0.0961 -0.7922 0.6026
vn -0.0958 -0.7923 0.6025
vn -0.7244 -0.5618 -0.3995
vn -0.7245 -0.5617 -0.3995
vn -0.2093 -0.7507 -0.6266
vn -0.2094 -0.7506 -0.6267
vn -0.2094 -0.7507 -0.6265
vn -0.2092 -0.7507 -0.6267
vn 0.0112 -0.8316 0.5552
vn 0.0113 -0.8316 0.5553
vn 0.0114 -0.8316 0.5553
vn 0.0110 -0.8317 0.5551
vn -0.7888 -0.5382 -0.2969
vn -0.7888 -0.5381 -0.2969
vn -0.7888 -0.5383 -0.2968
vn 0.1077 -0.8669 0.4868
vn 0.1074 -0.8669 0.4868
vn 0.1078 -0.8668 0.4868
vn -0.8332 -0.5220 -0.1827
vn -0.8331 -0.5221 -0.1827
vn -0.8332 -0.5219 -0.1827
vn -0.8331 -0.5220 -0.1828
vn 0.1895 -0.8968 0.3998
vn 0.1895 -0.8967 0.4000
vn 0.1894 -0.8969 0.3997
vn 0.1896 -0.8969 0.3995
vn -0.8558 -0.5137 -0.0616
vn -0.8558 -0.5137 -0.0614
vn -0.8558 -0.5136 -0.0616
vn -0.8558 -0.5136 -0.0617
vn 0.2541 -0.9205 0.2968
vn 0.2541 -0.9206 0.2966
vn 0.2541 -0.9205 0.2967
vn 0.2540 -0.9205 0.2968
vn -0.8557 -0.5138 0.0618
vn -0.8557 -0.5137 0.0618
vn -0.8557 -0.5138 0.0619
vn -0.8556 -0.5139 0.0618
vn 0.6722 0.4089 -0.6172
vn -0.5957 0.2184 0.7729
vn -0.5956 0.2184 0.7730
vn -0.5959 0.2184 0.7728
vn 0.8280 -0.3037 -0.4714
vn 0.8280 -0.3036 -0.4714
vn -0.4426 0.1622 0.8819
vn -0.4422 0.1623 0.8821
vn -0.4428 0.1621 0.8818
vn -0.0919 0.0337 -0.9952
vn -0.0920 0.0337 -0.9952
vn -0.0921 0.0337 -0.9952
vn 0.7258 -0.2661 -0.6344
vn 0.7259 -0.2661 -0.6343
vn -0.2725 0.0999 0.9570
vn -0.2726 0.0999 0.9569
vn -0.2724 0.0999 0.9570
vn -0.2726 0.0999 -0.9569
vn -0.2725 0.0999 -0.9570
vn -0.2724 0.0999 -0.9570
vn 0.5954 -0.2184 -0.7732
vn 0.5952 -0.2183 -0.7733
vn 0.5953 -0.2183 -0.7733
vn 0.5954 -0.2185 -0.7732
vn -0.0922 0.0338 0.9952
vn -0.4424 0.1621 -0.8820
vn -0.4427 0.1624 -0.8818
vn -0.4426 0.1623 -0.8819
vn -0.4423 0.1620 -0.8821
vn 0.4427 -0.1622 -0.8819
vn 0.4428 -0.1621 -0.8818
vn 0.4425 -0.1622 -0.8820
vn 0.4424 -0.1622 -0.8820
vn 0.0922 -0.0338 0.9952
vn 0.0923 -0.0338 0.9952
vn -0.5955 0.2181 -0.7732
vn 0.2726 -0.0999 -0.9569
vn 0.2729 -0.0999 -0.9568
vn 0.2725 -0.0999 -0.9570
vn 0.2725 -0.0999 0.9569
vn 0.2726 -0.0999 0.9569
vn 0.2725 -0.0999 0.9570
vn -0.7257 0.2662 -0.6345
vn -0.7258 0.2661 -0.6344
vn -0.7259 0.2660 -0.6343
vn 0.0920 -0.0337 -0.9952
vn 0.0919 -0.0337 -0.9952
vn 0.4425 -0.1622 0.8820
vn 0.4428 -0.1621 0.8818
vn 0.4427 -0.1622 0.8819
vn 0.4424 -0.1622 0.8820
vn -0.8280 0.3036 -0.4714
vn 0.5958 -0.2185 0.7729
vn 0.5956 -0.2184 0.7730
vn 0.5957 -0.2184 0.7729
vn 0.5958 -0.2184 0.7729
vn -0.8987 0.3291 -0.2899
vn 0.7258 -0.2658 0.6344
vn 0.7257 -0.2659 0.6345
vn 0.7257 -0.2660 0.6345
vn 0.7257 -0.2661 0.6344
vn -0.9343 0.3426 -0.0981
vn -0.9343 0.3428 -0.0979
vn -0.9343 0.3426 -0.0980
vn -0.9344 0.3425 -0.0980
vn 0.8280 -0.3036 0.4714
vn 0.8282 -0.3031 0.4714
vn 0.8281 -0.3036 0.4714
vn 0.8280 -0.3038 0.4712
vn -0.9344 0.3425 0.0980
vn -0.9344 0.3425 0.0982
vn -0.9343 0.3426 0.0982
vn -0.9344 0.3424 0.0980
vn 0.8986 -0.3290 0.2903
vn -0.8985 0.3293 0.2902
vn 0.9344 -0.3425 0.0980
vn 0.9344 -0.3426 0.0978
vn 0.9344 -0.3424 0.0983
vn -0.8280 0.3037 0.4714
vn -0.8280 0.3036 0.4714
vn -0.8280 0.3037 0.4713
vn 0.9344 -0.3425 -0.0980
vn 0.9344 -0.3426 -0.0979
vn 0.9344 -0.3425 -0.0982
vn 0.9344 -0.3425 -0.0979
vn -0.7257 0.2660 0.6345
vn -0.7258 0.2662 0.6343
vn -0.7258 0.2661 0.6344
vn -0.1505 -0.7276 -0.6693
vn -0.1506 -0.7276 -0.6692
vn 0.1561 0.6844 0.7122
vn -0.0545 0.8122 -0.5808
vn -0.0545 0.8123 -0.5807
vn 0.5483 0.4720 -0.6904
vn 0.5482 0.4720 -0.6904
vn 0.2828 0.6131 0.7377
vn -0.1311 0.8636 -0.4869
vn -0.1313 0.8636 -0.4867
vn -0.1314 0.8636 -0.4867
vn 0.4159 0.5411 -0.7309
vn 0.4159 0.5411 0.7309
vn -0.1880 0.9046 -0.3826
vn -0.1880 0.9046 -0.3827
vn -0.1880 0.9045 -0.3827
vn 0.2828 0.6131 -0.7377
vn 0.5482 0.4720 0.6904
vn -0.2264 0.9348 -0.2737
vn -0.2266 0.9347 -0.2739
vn -0.2264 0.9348 -0.2738
vn 0.6722 0.4089 0.6173
vn 0.6722 0.4089 0.6172
vn 0.6721 0.4089 0.6173
vn -0.2499 0.9543 -0.1639
vn -0.2499 0.9543 -0.1640
vn 0.7807 0.3549 0.5143
vn -0.2606 0.9639 -0.0547
vn -0.2606 0.9639 -0.0546
vn -0.2605 0.9639 -0.0548
vn 0.8679 0.3122 0.3864
vn -0.2605 0.9639 0.0550
vn -0.2606 0.9639 0.0546
vn 0.9288 0.2828 0.2396
vn 0.9288 0.2828 0.2397
vn -0.2499 0.9543 0.1640
vn -0.2499 0.9543 0.1639
vn 0.9601 0.2675 0.0814
vn 0.9601 0.2677 0.0812
vn 0.9601 0.2676 0.0814
vn -0.2267 0.9346 0.2740
vn -0.2266 0.9347 0.2739
vn 0.9601 0.2676 -0.0812
vn 0.9601 0.2677 -0.0812
vn 0.9601 0.2676 -0.0813
vn 0.9601 0.2675 -0.0812
vn -0.1877 0.9047 0.3824
vn -0.1880 0.9045 0.3827
vn -0.1878 0.9046 0.3827
vn -0.1880 0.9046 0.3827
vn 0.9288 0.2828 -0.2396
vn -0.1313 0.8636 0.4867
vn -0.1316 0.8637 0.4865
vn 0.8679 0.3122 -0.3864
vn -0.0545 0.8123 0.5807
vn -0.0546 0.8123 0.5807
vn 0.1562 0.6844 -0.7122
vn 0.1561 0.6844 -0.7122
vn 0.7807 0.3549 -0.5143
vn 0.0421 0.7518 0.6580
vn 0.0421 0.7518 -0.6580
vn 0.0423 0.7518 -0.6580
vn 0.8444 -0.2545 0.4715
vn 0.8444 -0.2545 0.4714
vn 0.8444 -0.2544 0.4715
vn 0.0900 -0.8001 0.5931
vn 0.0904 -0.8003 0.5928
vn -0.7813 -0.5376 -0.3170
vn -0.7814 -0.5375 -0.3170
vn -0.7814 -0.5376 -0.3170
vn 0.1947 -0.8318 0.5199
vn 0.1950 -0.8317 0.5199
vn 0.1947 -0.8317 0.5199
vn 0.1949 -0.8317 0.5199
vn -0.8296 -0.5232 -0.1951
vn -0.8296 -0.5230 -0.1953
vn -0.8296 -0.5231 -0.1952
vn -0.8297 -0.5229 -0.1952
vn 0.2841 -0.8587 0.4264
vn 0.2842 -0.8586 0.4266
vn 0.2842 -0.8586 0.4267
vn 0.2841 -0.8587 0.4265
vn -0.8544 -0.5154 -0.0661
vn -0.8544 -0.5155 -0.0659
vn -0.8544 -0.5153 -0.0662
vn 0.3543 -0.8798 0.3170
vn 0.3543 -0.8797 0.3170
vn -0.8544 -0.5154 0.0660
vn -0.8544 -0.5154 0.0659
vn -0.8544 -0.5155 0.0659
vn 0.4025 -0.8944 0.1952
vn 0.4023 -0.8945 0.1952
vn 0.4026 -0.8943 0.1952
vn -0.8296 -0.5231 0.1952
vn -0.8297 -0.5229 0.1952
vn -0.8297 -0.5229 0.1951
vn 0.4272 -0.9017 0.0659
vn 0.4270 -0.9018 0.0661
vn 0.4272 -0.9018 0.0659
vn 0.4272 -0.9018 0.0658
vn -0.7814 -0.5375 0.3171
vn -0.7813 -0.5376 0.3172
vn -0.7814 -0.5375 0.3170
vn 0.4268 -0.9019 -0.0661
vn 0.4269 -0.9019 -0.0659
vn 0.4269 -0.9019 -0.0662
vn 0.4271 -0.9017 -0.0664
vn -0.7113 -0.5588 0.4264
vn -0.7113 -0.5586 0.4266
vn -0.7113 -0.5587 0.4266
vn 0.4024 -0.8944 -0.1952
vn 0.4026 -0.8943 -0.1952
vn 0.4025 -0.8944 -0.1952
vn -0.6222 -0.5854 0.5198
vn -0.6223 -0.5852 0.5199
vn -0.6222 -0.5854 0.5199
vn -0.6220 -0.5855 0.5199
vn 0.3543 -0.8798 -0.3170
vn 0.3541 -0.8798 -0.3170
vn -0.5171 -0.6174 0.5928
vn -0.5172 -0.6173 0.5929
vn -0.5170 -0.6173 0.5930
vn -0.5169 -0.6171 0.5933
vn -0.2765 -0.6897 -0.6692
vn -0.2765 -0.6896 -0.6693
vn -0.2766 -0.6896 -0.6693
vn 0.2844 -0.8586 -0.4265
vn 0.2846 -0.8585 -0.4267
vn 0.2844 -0.8586 -0.4266
vn 0.2842 -0.8586 -0.4266
vn -0.4004 -0.6523 0.6435
vn -0.4005 -0.6523 0.6434
vn -0.4002 -0.6522 0.6438
vn -0.4004 -0.6522 0.6437
vn -0.4006 -0.6523 -0.6435
vn -0.4005 -0.6525 -0.6434
vn -0.4008 -0.6525 -0.6432
vn -0.4007 -0.6522 -0.6435
vn 0.1947 -0.8315 -0.5204
vn 0.1949 -0.8317 -0.5199
vn 0.1948 -0.8316 -0.5200
vn -0.2765 -0.6895 0.6694
vn -0.2771 -0.6898 0.6689
vn -0.2763 -0.6894 0.6696
vn -0.2766 -0.6895 0.6694
vn -0.5171 -0.6170 -0.5932
vn -0.5171 -0.6171 -0.5931
vn -0.5171 -0.6173 -0.5929
vn 0.0902 -0.8003 -0.5928
vn 0.0902 -0.8002 -0.5929
vn 0.0900 -0.8001 -0.5931
vn -0.1507 -0.7278 0.6691
vn -0.1506 -0.7277 0.6691
vn -0.1508 -0.7278 0.6690
vn -0.1505 -0.7276 0.6693
vn -0.6223 -0.5852 -0.5198
vn -0.6222 -0.5853 -0.5198
vn -0.6224 -0.5851 -0.5198
vn -0.0269 -0.7650 -0.6435
vn -0.0267 -0.7649 -0.6436
vn -0.0269 -0.7650 -0.6434
vn -0.0271 -0.7651 -0.6433
vn -0.0271 -0.7651 0.6434
vn -0.0272 -0.7651 0.6434
vn -0.7113 -0.5586 -0.4266
vn -0.7113 -0.5586 -0.4265
vn 0.9107 0.4060 -0.0766
vn 0.9107 0.4059 -0.0766
vn -0.9529 0.2871 0.0980
vn -0.9528 0.2872 0.0980
vn -0.9529 0.2868 0.0984
vn -0.9528 0.2872 0.0981
vn 0.9162 -0.2761 0.2904
vn 0.9161 -0.2762 0.2907
vn 0.9163 -0.2761 0.2902
vn -0.9162 0.2761 0.2903
vn -0.9161 0.2762 0.2907
vn -0.9162 0.2760 0.2903
vn -0.9163 0.2761 0.2903
vn 0.9529 -0.2873 0.0975
vn 0.9528 -0.2872 0.0980
vn -0.8444 0.2545 0.4714
vn -0.8443 0.2546 0.4715
vn -0.8445 0.2544 0.4713
vn 0.9528 -0.2872 -0.0980
vn 0.9528 -0.2872 -0.0982
vn -0.7398 0.2232 0.6347
vn -0.7399 0.2233 0.6346
vn -0.7398 0.2231 0.6347
vn -0.7400 0.2231 0.6346
vn 0.9162 -0.2761 -0.2903
vn 0.9162 -0.2761 -0.2904
vn 0.9163 -0.2761 -0.2902
vn -0.6075 0.1832 0.7729
vn 0.8444 -0.2544 -0.4715
vn 0.8444 -0.2545 -0.4714
vn -0.4516 0.1362 0.8818
vn -0.4515 0.1361 0.8818
vn -0.4514 0.1361 0.8819
vn -0.0939 0.0283 -0.9952
vn -0.0938 0.0283 -0.9952
vn -0.0936 0.0282 -0.9952
vn 0.7401 -0.2230 -0.6344
vn 0.7401 -0.2232 -0.6344
vn -0.2778 0.0838 0.9570
vn -0.2779 0.0838 0.9570
vn -0.2777 0.0838 -0.9570
vn 0.6074 -0.1831 -0.7730
vn 0.6075 -0.1832 -0.7729
vn 0.6073 -0.1830 -0.7731
vn -0.0938 0.0283 0.9952
vn -0.0936 0.0283 0.9952
vn -0.0939 0.0283 0.9952
vn -0.4515 0.1361 -0.8818
vn -0.4513 0.1360 -0.8820
vn -0.4516 0.1361 -0.8818
vn -0.4514 0.1361 -0.8819
vn 0.4514 -0.1360 -0.8819
vn 0.4513 -0.1360 -0.8820
vn 0.4515 -0.1360 -0.8819
vn 0.0938 -0.0283 0.9952
vn 0.0939 -0.0283 0.9952
vn -0.6075 0.1832 -0.7729
vn 0.2778 -0.0838 -0.9570
vn 0.2777 -0.0838 -0.9570
vn 0.2779 -0.0838 -0.9569
vn 0.2779 -0.0838 0.9569
vn 0.2779 -0.0838 0.9570
vn 0.2778 -0.0838 0.9570
vn -0.7401 0.2232 -0.6344
vn -0.7399 0.2233 -0.6346
vn -0.7402 0.2231 -0.6343
vn 0.0937 -0.0283 -0.9952
vn 0.0938 -0.0283 -0.9952
vn 0.0937 -0.0282 -0.9952
vn 0.0936 -0.0283 -0.9952
vn 0.4513 -0.1360 0.8820
vn 0.4515 -0.1360 0.8819
vn 0.4514 -0.1360 0.8819
vn 0.4512 -0.1360 0.8820
vn -0.8444 0.2545 -0.4714
vn -0.8445 0.2544 -0.4713
vn 0.6071 -0.1829 0.7733
vn 0.6074 -0.1831 0.7730
vn 0.6074 -0.1828 0.7731
vn -0.9162 0.2761 -0.2904
vn -0.9162 0.2761 -0.2902
vn 0.7401 -0.2230 0.6344
vn 0.7401 -0.2229 0.6345
vn -0.9528 0.2873 -0.0978
vn -0.9528 0.2873 -0.0977
vn -0.9528 0.2874 -0.0977
vn -0.9528 0.2872 -0.0980
vn -0.2083 -0.6081 -0.7661
vn -0.2083 -0.6081 -0.7660
vn -0.0542 0.9682 0.2441
vn 0.8789 0.4203 -0.2255
vn 0.8790 0.4202 -0.2255
vn -0.0372 0.9417 0.3343
vn 0.8175 0.4482 -0.3617
vn 0.0003 0.9041 0.4274
vn 0.0003 0.9040 0.4275
vn 0.1490 0.7969 -0.5854
vn 0.7300 0.4889 -0.4776
vn 0.0625 0.8552 0.5146
vn 0.0625 0.8552 -0.5145
vn 0.0625 0.8552 -0.5146
vn 0.6223 0.5404 -0.5663
vn 0.1490 0.7969 0.5854
vn 0.1491 0.7969 0.5854
vn -0.0000 0.9040 -0.4275
vn 0.0003 0.9040 -0.4275
vn 0.5016 0.6003 -0.6229
vn 0.2561 0.7324 0.6309
vn -0.0372 0.9417 -0.3343
vn 0.3765 0.6655 -0.6444
vn 0.3765 0.6655 0.6444
vn -0.0542 0.9682 -0.2441
vn 0.2561 0.7324 -0.6309
vn 0.5016 0.6003 0.6229
vn -0.0569 0.9850 -0.1626
vn -0.0571 0.9850 -0.1627
vn -0.0567 0.9850 -0.1628
vn 0.6223 0.5404 0.5663
vn -0.0535 0.9943 -0.0920
vn 0.7300 0.4889 0.4776
vn -0.0499 0.9983 -0.0296
vn -0.0499 0.9983 -0.0295
vn 0.8175 0.4482 0.3617
vn -0.0499 0.9983 0.0295
vn -0.0499 0.9983 0.0296
vn 0.8790 0.4202 0.2255
vn -0.0536 0.9943 0.0919
vn -0.0535 0.9943 0.0920
vn 0.9107 0.4059 0.0766
vn -0.0572 0.9850 0.1628
vn -0.0571 0.9850 0.1627
vn -0.0573 0.9850 0.1630
vn -0.6201 0.1337 -0.7730
vn -0.6201 0.1337 -0.7731
vn -0.6202 0.1337 -0.7729
vn 0.4468 -0.7496 -0.4883
vn 0.4471 -0.7495 -0.4882
vn 0.4468 -0.7497 -0.4882
vn 0.4470 -0.7493 -0.4886
vn -0.3531 -0.5771 0.7364
vn -0.3532 -0.5770 0.7364
vn -0.3530 -0.5770 0.7365
vn -0.3535 -0.5773 0.7361
vn -0.3531 -0.5770 -0.7365
vn -0.3528 -0.5772 -0.7365
vn -0.3530 -0.5771 -0.7364
vn -0.3535 -0.5767 -0.7366
vn 0.3430 -0.7270 -0.5949
vn 0.3426 -0.7271 -0.5950
vn 0.3433 -0.7269 -0.5948
vn -0.2082 -0.6082 0.7660
vn -0.2081 -0.6082 0.7660
vn -0.2083 -0.6081 0.7660
vn -0.4888 -0.5480 -0.6788
vn -0.4889 -0.5480 -0.6788
vn 0.2201 -0.7005 -0.6788
vn 0.2201 -0.7006 -0.6788
vn 0.2200 -0.7006 -0.6788
vn 0.2201 -0.7005 -0.6789
vn -0.0609 -0.6400 0.7660
vn -0.0608 -0.6399 0.7660
vn -0.0609 -0.6399 0.7660
vn -0.0610 -0.6400 0.7660
vn -0.6119 -0.5211 -0.5950
vn -0.6119 -0.5212 -0.5949
vn 0.0837 -0.6714 -0.7363
vn 0.0835 -0.6711 -0.7367
vn 0.0837 -0.6710 -0.7367
vn 0.0839 -0.6714 -0.7363
vn 0.0838 -0.6713 0.7364
vn 0.0838 -0.6712 0.7366
vn 0.0837 -0.6714 0.7364
vn 0.0842 -0.6712 0.7365
vn -0.7163 -0.4986 -0.4883
vn -0.7162 -0.4986 -0.4883
vn -0.7162 -0.4986 -0.4884
vn -0.7163 -0.4985 -0.4883
vn -0.0608 -0.6399 -0.7660
vn -0.0610 -0.6398 -0.7661
vn 0.2200 -0.7005 0.6788
vn 0.2202 -0.7005 0.6789
vn 0.2200 -0.7005 0.6789
vn 0.2202 -0.7005 0.6788
vn -0.7981 -0.4810 -0.3629
vn -0.7979 -0.4811 -0.3632
vn -0.7981 -0.4809 -0.3629
vn -0.7981 -0.4810 -0.3628
vn 0.3426 -0.7271 0.5949
vn 0.3425 -0.7268 0.5954
vn 0.3426 -0.7272 0.5948
vn 0.3428 -0.7270 0.5950
vn -0.8546 -0.4688 -0.2234
vn -0.8547 -0.4687 -0.2234
vn -0.8546 -0.4689 -0.2233
vn -0.8546 -0.4688 -0.2235
vn 0.4471 -0.7496 0.4882
vn 0.4471 -0.7494 0.4883
vn 0.4473 -0.7495 0.4881
vn -0.8832 -0.4629 -0.0751
vn -0.8833 -0.4626 -0.0754
vn -0.8832 -0.4628 -0.0752
vn 0.5290 -0.7672 0.3628
vn 0.5291 -0.7671 0.3628
vn -0.8833 -0.4628 0.0751
vn -0.8833 -0.4626 0.0754
vn -0.8834 -0.4626 0.0755
vn -0.8834 -0.4625 0.0756
vn 0.5855 -0.7793 0.2235
vn 0.5854 -0.7792 0.2237
vn 0.5855 -0.7792 0.2236
vn 0.5855 -0.7793 0.2234
vn -0.8545 -0.4689 0.2233
vn -0.8545 -0.4689 0.2235
vn -0.8545 -0.4689 0.2234
vn -0.8546 -0.4688 0.2234
vn 0.6144 -0.7854 0.0753
vn 0.6142 -0.7855 0.0755
vn 0.6142 -0.7855 0.0758
vn 0.6145 -0.7853 0.0754
vn -0.7982 -0.4809 0.3629
vn -0.7981 -0.4810 0.3628
vn -0.7981 -0.4809 0.3628
vn -0.7981 -0.4811 0.3628
vn 0.6143 -0.7855 -0.0755
vn 0.6143 -0.7855 -0.0754
vn 0.6143 -0.7854 -0.0754
vn 0.6144 -0.7854 -0.0754
vn -0.7162 -0.4985 0.4884
vn -0.7162 -0.4986 0.4883
vn -0.7163 -0.4983 0.4885
vn 0.5855 -0.7792 -0.2240
vn 0.5855 -0.7793 -0.2234
vn 0.5855 -0.7793 -0.2235
vn 0.5854 -0.7792 -0.2240
vn -0.6119 -0.5215 0.5946
vn -0.6119 -0.5212 0.5950
vn -0.6119 -0.5215 0.5947
vn 0.5290 -0.7671 -0.3629
vn 0.5290 -0.7671 -0.3628
vn 0.5291 -0.7671 -0.3628
vn -0.4888 -0.5480 0.6788
vn -0.4889 -0.5480 0.6788
vn -0.0213 0.9977 -0.0644
vn -0.0211 0.9977 -0.0645
vn -0.0212 0.9977 -0.0645
vn 0.2836 -0.0612 -0.9570
vn 0.2838 -0.0612 -0.9569
vn 0.2835 -0.0612 -0.9570
vn 0.2837 -0.0612 0.9570
vn 0.2838 -0.0612 0.9569
vn -0.7554 0.1630 -0.6346
vn -0.7556 0.1629 -0.6344
vn -0.7555 0.1630 -0.6345
vn -0.7554 0.1631 -0.6346
vn 0.0960 -0.0207 -0.9952
vn 0.0959 -0.0208 -0.9952
vn 0.0960 -0.0208 -0.9952
vn 0.0958 -0.0206 -0.9952
vn 0.4609 -0.0996 0.8818
vn -0.8622 0.1859 -0.4713
vn -0.8621 0.1858 -0.4715
vn -0.8622 0.1857 -0.4714
vn -0.8622 0.1859 -0.4712
vn 0.6201 -0.1333 0.7731
vn 0.6201 -0.1337 0.7730
vn 0.6200 -0.1337 0.7731
vn 0.6202 -0.1336 0.7730
vn -0.9353 0.2020 -0.2905
vn -0.9355 0.2016 -0.2903
vn -0.9353 0.2020 -0.2904
vn -0.9353 0.2019 -0.2906
vn 0.7557 -0.1628 0.6344
vn 0.7556 -0.1628 0.6345
vn 0.7556 -0.1629 0.6344
vn -0.9728 0.2099 -0.0979
vn -0.9728 0.2097 -0.0981
vn -0.9728 0.2096 -0.0984
vn -0.9728 0.2100 -0.0977
vn 0.8621 -0.1863 0.4712
vn -0.9728 0.2097 0.0983
vn -0.9728 0.2096 0.0982
vn -0.9728 0.2097 0.0980
vn -0.9728 0.2099 0.0978
vn 0.9354 -0.2018 0.2903
vn 0.9354 -0.2019 0.2903
vn 0.9354 -0.2020 0.2904
vn 0.9354 -0.2018 0.2904
vn -0.9355 0.2016 0.2903
vn -0.9355 0.2014 0.2903
vn -0.9355 0.2015 0.2902
vn -0.9355 0.2016 0.2902
vn 0.9729 -0.2098 0.0978
vn 0.9728 -0.2098 0.0978
vn 0.9728 -0.2097 0.0980
vn 0.9729 -0.2096 0.0981
vn -0.8620 0.1859 0.4715
vn -0.8621 0.1859 0.4714
vn -0.8621 0.1861 0.4714
vn -0.8621 0.1859 0.4715
vn 0.9728 -0.2097 -0.0981
vn 0.9728 -0.2099 -0.0978
vn 0.9728 -0.2098 -0.0979
vn 0.9728 -0.2096 -0.0983
vn -0.7556 0.1627 0.6345
vn -0.7554 0.1625 0.6347
vn -0.7558 0.1630 0.6342
vn -0.7557 0.1630 0.6343
vn 0.9353 -0.2020 -0.2905
vn 0.9354 -0.2021 -0.2903
vn 0.9353 -0.2020 -0.2904
vn 0.9353 -0.2019 -0.2906
vn -0.6202 0.1338 0.7729
vn -0.6204 0.1339 0.7728
vn -0.6201 0.1337 0.7731
vn 0.8621 -0.1859 -0.4714
vn 0.8621 -0.1859 -0.4713
vn -0.4606 0.0993 0.8820
vn -0.4610 0.0992 0.8818
vn -0.4608 0.0992 0.8819
vn -0.4607 0.0994 0.8820
vn -0.0957 0.0206 -0.9952
vn -0.0956 0.0207 -0.9952
vn -0.0958 0.0206 -0.9952
vn 0.7557 -0.1631 -0.6342
vn 0.7556 -0.1629 -0.6344
vn 0.7556 -0.1631 -0.6344
vn 0.7555 -0.1632 -0.6344
vn -0.2836 0.0612 0.9570
vn -0.2836 0.0611 0.9570
vn -0.2838 0.0612 0.9569
vn -0.2835 0.0611 -0.9570
vn -0.2836 0.0612 -0.9570
vn -0.2836 0.0611 -0.9570
vn -0.2834 0.0610 -0.9571
vn 0.6202 -0.1336 -0.7730
vn 0.6203 -0.1338 -0.7729
vn 0.6202 -0.1338 -0.7729
vn 0.6201 -0.1338 -0.7730
vn -0.0957 0.0206 0.9952
vn -0.0958 0.0206 0.9952
vn -0.0956 0.0207 0.9952
vn -0.4608 0.0992 -0.8819
vn -0.4610 0.0992 -0.8818
vn -0.4610 0.0993 -0.8818
vn -0.4610 0.0994 -0.8818
vn 0.4609 -0.0996 -0.8818
vn 0.4607 -0.0992 -0.8820
vn 0.0957 -0.0206 0.9952
vn 0.0956 -0.0206 0.9952
vn 0.0958 -0.0206 0.9952
vn -0.6677 -0.7266 0.1618
vn -0.6677 -0.7266 0.1619
vn -0.6677 -0.7267 0.1617
vn -0.6677 -0.7267 0.1615
vn 0.5675 0.7507 0.3383
vn -0.0211 0.9996 -0.0210
vn -0.0210 0.9996 -0.0210
vn 0.6358 0.7272 0.2586
vn 0.6358 0.7273 0.2585
vn -0.0210 0.9996 0.0210
vn -0.0211 0.9996 0.0210
vn 0.6844 0.7108 0.1623
vn 0.6844 0.7108 0.1622
vn -0.0210 0.9977 0.0645
vn -0.0211 0.9977 0.0645
vn -0.0211 0.9977 0.0644
vn 0.7096 0.7025 0.0549
vn 0.7098 0.7022 0.0555
vn 0.7097 0.7024 0.0551
vn 0.7097 0.7023 0.0553
vn -0.0191 0.9935 0.1123
vn -0.0188 0.9935 0.1120
vn 0.7097 0.7024 -0.0552
vn 0.7097 0.7023 -0.0553
vn 0.7096 0.7025 -0.0549
vn -0.0120 0.9861 0.1655
vn 0.6845 0.7107 -0.1623
vn 0.6844 0.7108 -0.1622
vn 0.0042 0.9747 0.2236
vn 0.6359 0.7272 -0.2586
vn 0.6358 0.7273 -0.2585
vn 0.6357 0.7273 -0.2586
vn 0.0333 0.9583 0.2838
vn 0.0335 0.9583 0.2838
vn 0.0336 0.9583 0.2838
vn 0.1393 0.9100 -0.3904
vn 0.1394 0.9100 -0.3904
vn 0.5675 0.7507 -0.3383
vn 0.5675 0.7507 -0.3382
vn 0.0783 0.9367 0.3413
vn 0.0785 0.9367 0.3413
vn 0.0783 0.9367 -0.3413
vn 0.4848 0.7796 -0.3965
vn 0.4847 0.7796 -0.3966
vn 0.1392 0.9101 0.3903
vn 0.1394 0.9100 0.3904
vn 0.0335 0.9583 -0.2838
vn 0.3940 0.8120 -0.4306
vn 0.3941 0.8122 -0.4302
vn 0.2152 0.8793 0.4249
vn 0.0043 0.9747 -0.2237
vn 0.0042 0.9747 -0.2236
vn 0.3019 0.8459 -0.4396
vn 0.3019 0.8460 -0.4395
vn 0.3019 0.8459 0.4396
vn 0.3019 0.8460 0.4395
vn -0.0120 0.9861 -0.1655
vn -0.0120 0.9861 -0.1656
vn 0.2152 0.8793 -0.4249
vn 0.3940 0.8120 0.4306
vn -0.0191 0.9935 -0.1122
vn -0.0191 0.9935 -0.1123
vn 0.4848 0.7796 0.3965
vn 0.4847 0.7796 0.3966
vn 0.4847 0.7796 0.3965
vn -0.6251 0.1084 0.7730
vn -0.6249 0.1085 0.7731
vn -0.6248 0.1086 0.7732
vn 0.4051 -0.9127 0.0546
vn 0.4052 -0.9126 0.0545
vn 0.4051 -0.9127 0.0545
vn 0.4048 -0.9128 0.0547
vn -0.6265 -0.7338 0.2629
vn -0.6260 -0.7341 0.2630
vn -0.6264 -0.7338 0.2629
vn 0.4051 -0.9126 -0.0546
vn 0.4051 -0.9126 -0.0547
vn -0.5664 -0.7443 0.3539
vn -0.5665 -0.7441 0.3541
vn -0.5664 -0.7444 0.3538
vn -0.5666 -0.7442 0.3538
vn 0.3840 -0.9090 -0.1619
vn 0.3839 -0.9091 -0.1619
vn 0.3841 -0.9090 -0.1619
vn -0.4903 -0.7576 0.4309
vn -0.4904 -0.7575 0.4310
vn -0.4903 -0.7575 0.4310
vn -0.4904 -0.7574 0.4311
vn 0.3430 -0.9018 -0.2628
vn 0.3430 -0.9019 -0.2628
vn 0.3429 -0.9019 -0.2627
vn -0.4009 -0.7729 0.4919
vn -0.4009 -0.7729 0.4918
vn -0.1957 -0.8085 -0.5550
vn -0.1955 -0.8084 -0.5552
vn 0.2828 -0.8916 -0.3537
vn 0.2832 -0.8913 -0.3541
vn 0.2831 -0.8914 -0.3540
vn 0.2828 -0.8916 -0.3536
vn -0.3013 -0.7901 0.5338
vn -0.3013 -0.7902 0.5337
vn -0.3013 -0.7901 0.5337
vn -0.3014 -0.7899 -0.5341
vn -0.3013 -0.7899 -0.5341
vn -0.3014 -0.7900 -0.5339
vn 0.2069 -0.8782 -0.4313
vn 0.2068 -0.8782 -0.4313
vn -0.1957 -0.8085 0.5550
vn -0.1956 -0.8084 0.5551
vn -0.1958 -0.8085 0.5549
vn -0.4010 -0.7729 -0.4919
vn -0.4009 -0.7729 -0.4918
vn -0.4010 -0.7729 -0.4918
vn -0.4011 -0.7728 -0.4919
vn 0.1171 -0.8628 -0.4918
vn 0.1172 -0.8628 -0.4918
vn 0.1170 -0.8626 -0.4923
vn -0.0880 -0.8271 0.5552
vn -0.0879 -0.8270 0.5553
vn -0.0880 -0.8271 0.5551
vn -0.0880 -0.8272 0.5550
vn -0.4904 -0.7575 -0.4310
vn -0.4904 -0.7575 -0.4309
vn -0.4904 -0.7574 -0.4311
vn 0.0175 -0.8455 -0.5337
vn 0.0173 -0.8455 -0.5336
vn 0.0174 -0.8457 -0.5334
vn 0.0177 -0.8455 -0.5337
vn 0.0174 -0.8457 0.5334
vn 0.0172 -0.8457 0.5334
vn 0.0176 -0.8456 0.5335
vn -0.5664 -0.7445 -0.3535
vn -0.5668 -0.7442 -0.3534
vn -0.5668 -0.7441 -0.3536
vn -0.5666 -0.7442 -0.3538
vn -0.0881 -0.8273 -0.5549
vn -0.0880 -0.8273 -0.5548
vn -0.0880 -0.8272 -0.5550
vn 0.1171 -0.8628 0.4918
vn 0.1172 -0.8627 0.4919
vn -0.6263 -0.7339 -0.2629
vn -0.6264 -0.7338 -0.2629
vn -0.6265 -0.7338 -0.2629
vn 0.2069 -0.8782 0.4311
vn 0.2069 -0.8783 0.4311
vn 0.2070 -0.8782 0.4312
vn 0.2068 -0.8783 0.4311
vn -0.6677 -0.7267 -0.1617
vn -0.6677 -0.7267 -0.1614
vn -0.6677 -0.7266 -0.1618
vn -0.6677 -0.7267 -0.1618
vn 0.2830 -0.8915 0.3537
vn 0.2830 -0.8915 0.3538
vn 0.2831 -0.8914 0.3539
vn 0.2832 -0.8914 0.3538
vn -0.6885 -0.7232 -0.0549
vn -0.6885 -0.7231 -0.0550
vn 0.3430 -0.9019 0.2628
vn 0.3429 -0.9019 0.2628
vn 0.3430 -0.9018 0.2628
vn 0.3430 -0.9018 0.2627
vn -0.6885 -0.7232 0.0548
vn -0.6887 -0.7230 0.0547
vn 0.3841 -0.9090 0.1620
vn 0.3840 -0.9090 0.1622
vn 0.3840 -0.9090 0.1621
vn 0.3841 -0.9090 0.1619
vn 0.0145 0.7110 0.7030
vn 0.0146 0.7110 0.7030
vn 0.8689 -0.1510 -0.4715
vn 0.8690 -0.1507 -0.4714
vn -0.4648 0.0803 0.8818
vn -0.4647 0.0804 0.8818
vn -0.4647 0.0803 0.8818
vn -0.4645 0.0805 0.8819
vn -0.0965 0.0167 -0.9952
vn -0.0966 0.0167 -0.9952
vn 0.7617 -0.1322 -0.6342
vn -0.2855 0.0495 0.9571
vn -0.2856 0.0496 0.9571
vn -0.2858 0.0496 0.9570
vn -0.2857 0.0496 -0.9570
vn -0.2856 0.0496 -0.9571
vn -0.2855 0.0495 -0.9571
vn -0.2858 0.0496 -0.9570
vn 0.6252 -0.1084 -0.7729
vn 0.6251 -0.1083 -0.7730
vn -0.0966 0.0167 0.9952
vn -0.0965 0.0167 0.9952
vn -0.4645 0.0806 -0.8819
vn -0.4644 0.0807 -0.8820
vn -0.4645 0.0805 -0.8819
vn -0.4648 0.0803 -0.8818
vn 0.4646 -0.0805 -0.8819
vn 0.4648 -0.0804 -0.8818
vn 0.4644 -0.0806 -0.8820
vn 0.0966 -0.0167 0.9952
vn -0.6251 0.1084 -0.7730
vn -0.6252 0.1084 -0.7729
vn -0.6250 0.1084 -0.7731
vn 0.2855 -0.0495 -0.9571
vn 0.2856 -0.0494 -0.9571
vn 0.2857 -0.0496 -0.9570
vn 0.2856 -0.0496 -0.9571
vn 0.2854 -0.0494 0.9571
vn 0.2858 -0.0496 0.9570
vn 0.2855 -0.0495 0.9571
vn 0.2856 -0.0496 0.9571
vn -0.7616 0.1321 -0.6344
vn 0.0966 -0.0167 -0.9952
vn 0.4644 -0.0806 0.8820
vn 0.4648 -0.0804 0.8818
vn 0.4646 -0.0805 0.8819
vn 0.4641 -0.0806 0.8821
vn -0.8690 0.1506 -0.4713
vn -0.8689 0.1510 -0.4715
vn -0.8690 0.1507 -0.4713
vn -0.8690 0.1507 -0.4714
vn 0.6251 -0.1084 0.7730
vn 0.6250 -0.1084 0.7730
vn -0.9428 0.1636 -0.2903
vn -0.9429 0.1635 -0.2902
vn -0.9429 0.1635 -0.2903
vn 0.7617 -0.1320 0.6343
vn 0.7618 -0.1319 0.6343
vn 0.7614 -0.1323 0.6346
vn -0.9806 0.1700 -0.0980
vn -0.9805 0.1701 -0.0981
vn 0.8690 -0.1505 0.4713
vn 0.8690 -0.1507 0.4714
vn 0.8690 -0.1504 0.4713
vn -0.9806 0.1701 0.0979
vn -0.9806 0.1700 0.0980
vn -0.9805 0.1701 0.0979
vn -0.9805 0.1704 0.0975
vn 0.9429 -0.1635 0.2903
vn -0.9429 0.1635 0.2903
vn -0.9429 0.1633 0.2903
vn 0.9806 -0.1700 0.0981
vn 0.9806 -0.1700 0.0980
vn 0.9805 -0.1701 0.0979
vn -0.8689 0.1510 0.4715
vn -0.8690 0.1507 0.4714
vn 0.9806 -0.1700 -0.0980
vn 0.9806 -0.1700 -0.0978
vn 0.9806 -0.1701 -0.0979
vn -0.7616 0.1323 0.6344
vn 0.9429 -0.1636 -0.2902
vn 0.9429 -0.1635 -0.2903
vn 0.9429 -0.1635 -0.2902
vn 0.1871 -0.8769 0.4427
vn -0.1644 0.8543 -0.4931
vn 0.4563 0.4998 -0.7362
vn 0.1507 0.6353 0.7574
vn -0.1948 0.9100 -0.3659
vn 0.3022 0.5638 -0.7687
vn 0.3022 0.5638 0.7687
vn -0.1909 0.9500 -0.2471
vn 0.1507 0.6353 -0.7574
vn 0.4563 0.4998 0.7362
vn -0.1663 0.9747 -0.1495
vn 0.6018 0.4452 0.6631
vn -0.1377 0.9875 -0.0767
vn 0.7292 0.4010 0.5545
vn -0.1194 0.9926 -0.0232
vn 0.8311 0.3677 0.4173
vn -0.1193 0.9926 0.0232
vn -0.1194 0.9926 0.0232
vn 0.9020 0.3454 0.2589
vn -0.1377 0.9875 0.0767
vn 0.9384 0.3342 0.0877
vn 0.9384 0.3343 0.0877
vn -0.1663 0.9747 0.1495
vn 0.9384 0.3342 -0.0879
vn 0.9384 0.3342 -0.0878
vn 0.9384 0.3342 -0.0877
vn 0.9385 0.3341 -0.0876
vn -0.1909 0.9500 0.2471
vn 0.9020 0.3454 -0.2589
vn -0.1948 0.9100 0.3659
vn 0.8311 0.3677 -0.4173
vn -0.1644 0.8543 0.4931
vn 0.0146 0.7110 -0.7030
vn 0.7292 0.4010 -0.5545
vn -0.0936 0.7861 0.6110
vn -0.0936 0.7861 -0.6110
vn 0.6018 0.4452 -0.6631
vn 0.8804 -0.0501 0.4715
vn -0.4912 -0.8383 -0.2366
vn -0.4913 -0.8383 -0.2366
vn -0.4911 -0.8383 -0.2368
vn -0.4909 -0.8384 -0.2368
vn 0.2688 -0.8816 0.3880
vn 0.2687 -0.8816 0.3880
vn -0.5287 -0.8362 -0.1458
vn -0.5288 -0.8362 -0.1457
vn -0.5287 -0.8362 -0.1461
vn -0.5285 -0.8363 -0.1459
vn 0.3380 -0.8856 0.3185
vn 0.3382 -0.8856 0.3185
vn 0.3379 -0.8856 0.3185
vn 0.3378 -0.8857 0.3185
vn -0.5478 -0.8352 -0.0491
vn -0.5479 -0.8351 -0.0492
vn -0.5479 -0.8351 -0.0491
vn 0.3928 -0.8886 0.2367
vn 0.3928 -0.8887 0.2366
vn -0.5479 -0.8351 0.0492
vn -0.5482 -0.8349 0.0494
vn 0.4303 -0.8909 0.1456
vn 0.4304 -0.8908 0.1457
vn 0.4303 -0.8909 0.1457
vn -0.5287 -0.8361 0.1460
vn -0.5285 -0.8363 0.1456
vn -0.5288 -0.8361 0.1458
vn -0.5288 -0.8362 0.1458
vn 0.4496 -0.8919 0.0492
vn 0.4496 -0.8919 0.0491
vn 0.4494 -0.8920 0.0492
vn -0.4912 -0.8383 0.2366
vn -0.4911 -0.8383 0.2367
vn 0.4495 -0.8919 -0.0493
vn 0.4493 -0.8920 -0.0492
vn 0.4496 -0.8919 -0.0493
vn -0.4367 -0.8414 0.3184
vn 0.4304 -0.8908 -0.1457
vn 0.4303 -0.8908 -0.1457
vn -0.3672 -0.8454 0.3880
vn -0.3671 -0.8454 0.3880
vn -0.3672 -0.8452 0.3884
vn -0.3672 -0.8453 0.3880
vn 0.3929 -0.8887 -0.2365
vn 0.3928 -0.8887 -0.2366
vn 0.3928 -0.8887 -0.2365
vn -0.2856 -0.8500 0.4427
vn -0.2858 -0.8499 0.4427
vn -0.2856 -0.8499 0.4428
vn -0.2854 -0.8500 0.4428
vn -0.0983 -0.8606 -0.4996
vn -0.0983 -0.8607 -0.4996
vn 0.3380 -0.8856 -0.3185
vn 0.3380 -0.8856 -0.3186
vn 0.3380 -0.8856 -0.3184
vn 0.3379 -0.8857 -0.3183
vn -0.1945 -0.8552 0.4804
vn -0.1947 -0.8552 0.4804
vn -0.1943 -0.8552 0.4805
vn -0.1944 -0.8553 0.4803
vn -0.1947 -0.8552 -0.4804
vn -0.1946 -0.8552 -0.4804
vn -0.1945 -0.8551 -0.4806
vn 0.2687 -0.8817 -0.3879
vn 0.2687 -0.8816 -0.3880
vn 0.2687 -0.8816 -0.3881
vn -0.0984 -0.8606 0.4996
vn -0.0983 -0.8607 0.4996
vn -0.2854 -0.8499 -0.4430
vn -0.2854 -0.8500 -0.4427
vn 0.1872 -0.8770 -0.4426
vn 0.1873 -0.8770 -0.4424
vn 0.1871 -0.8769 -0.4428
vn 0.0001 -0.8662 0.4996
vn -0.0000 -0.8662 0.4996
vn 0.0002 -0.8662 0.4997
vn -0.3670 -0.8453 -0.3883
vn -0.3667 -0.8453 -0.3885
vn -0.3669 -0.8454 -0.3882
vn -0.3671 -0.8454 -0.3880
vn 0.0961 -0.8717 -0.4805
vn 0.0963 -0.8718 -0.4804
vn 0.0960 -0.8719 -0.4802
vn 0.0963 -0.8717 -0.4805
vn 0.0960 -0.8717 0.4805
vn 0.0961 -0.8717 0.4806
vn 0.0959 -0.8717 0.4805
vn 0.0958 -0.8718 0.4804
vn -0.4363 -0.8415 -0.3186
vn -0.4363 -0.8415 -0.3185
vn -0.4367 -0.8414 -0.3184
vn -0.0000 -0.8662 -0.4996
vn -0.0000 -0.8663 -0.4996
vn -0.0000 -0.8662 -0.4997
vn 0.8332 0.5471 -0.0804
vn 0.8332 0.5471 -0.0803
vn 0.8331 0.5472 -0.0805
vn -0.9936 0.0566 0.0980
vn 0.9554 -0.0544 0.2904
vn -0.9554 0.0544 0.2903
vn -0.9554 0.0544 0.2902
vn 0.9936 -0.0568 0.0980
vn 0.9936 -0.0566 0.0981
vn 0.9936 -0.0567 0.0981
vn 0.9936 -0.0566 0.0980
vn -0.8805 0.0501 0.4715
vn 0.9936 -0.0568 -0.0981
vn 0.9936 -0.0566 -0.0982
vn 0.9936 -0.0567 -0.0982
vn 0.9936 -0.0566 -0.0981
vn -0.7717 0.0439 0.6345
vn -0.7720 0.0439 0.6341
vn -0.7719 0.0439 0.6342
vn 0.9554 -0.0544 -0.2904
vn 0.9554 -0.0544 -0.2903
vn -0.6330 0.0360 0.7733
vn -0.6332 0.0361 0.7731
vn -0.6333 0.0361 0.7730
vn 0.8804 -0.0501 -0.4715
vn -0.4704 0.0268 0.8820
vn -0.4701 0.0268 0.8822
vn -0.0981 0.0056 -0.9952
vn -0.0980 0.0056 -0.9952
vn -0.0979 0.0056 -0.9952
vn 0.7717 -0.0439 -0.6345
vn -0.2899 0.0165 0.9569
vn -0.2900 0.0165 0.9569
vn -0.2896 0.0165 0.9570
vn -0.2900 0.0165 -0.9569
vn -0.2899 0.0165 -0.9569
vn 0.6333 -0.0361 -0.7730
vn 0.6330 -0.0360 -0.7733
vn 0.6334 -0.0361 -0.7730
vn -0.0980 0.0056 0.9952
vn -0.0978 0.0056 0.9952
vn -0.0983 0.0056 0.9951
vn -0.4707 0.0268 -0.8819
vn -0.4713 0.0268 -0.8816
vn 0.4707 -0.0268 -0.8819
vn 0.4708 -0.0268 -0.8818
vn 0.0980 -0.0056 0.9952
vn 0.0981 -0.0056 0.9952
vn 0.0978 -0.0056 0.9952
vn -0.6330 0.0360 -0.7733
vn -0.6332 0.0361 -0.7731
vn -0.6333 0.0361 -0.7730
vn 0.2898 -0.0165 -0.9569
vn 0.2897 -0.0165 -0.9570
vn 0.2900 -0.0165 0.9569
vn -0.7717 0.0439 -0.6345
vn 0.0981 -0.0056 -0.9952
vn 0.0986 -0.0056 -0.9951
vn 0.0983 -0.0056 -0.9951
vn 0.0980 -0.0056 -0.9952
vn 0.4702 -0.0268 0.8822
vn -0.8805 0.0501 -0.4715
vn 0.6333 -0.0361 0.7730
vn 0.6330 -0.0360 0.7733
vn -0.9554 0.0544 -0.2904
vn -0.9554 0.0544 -0.2902
vn -0.9554 0.0544 -0.2903
vn 0.7719 -0.0439 0.6342
vn 0.7720 -0.0439 0.6341
vn 0.7717 -0.0439 0.6345
vn -0.9936 0.0566 -0.0982
vn -0.9935 0.0566 -0.0983
vn 0.3379 -0.6941 0.6356
vn 0.3380 -0.6941 0.6356
vn 0.3381 -0.6941 0.6355
vn -0.3555 0.8803 0.3141
vn 0.7986 0.5533 -0.2368
vn 0.7985 0.5534 -0.2368
vn 0.7986 0.5534 -0.2367
vn -0.3135 0.8544 0.4143
vn 0.7311 0.5659 -0.3810
vn 0.7311 0.5660 -0.3810
vn 0.7312 0.5659 -0.3811
vn -0.2478 0.8228 0.5114
vn -0.0418 0.7486 -0.6617
vn 0.6346 0.5847 -0.5054
vn 0.6345 0.5849 -0.5052
vn -0.1566 0.7869 0.5969
vn -0.1566 0.7869 -0.5969
vn 0.5149 0.6089 -0.6034
vn 0.5147 0.6091 -0.6034
vn -0.0418 0.7486 0.6617
vn -0.2478 0.8228 -0.5114
vn 0.3785 0.6388 -0.6699
vn 0.3784 0.6387 -0.6699
vn 0.3784 0.6387 -0.6700
vn 0.0911 0.7099 0.6984
vn -0.3135 0.8544 -0.4143
vn 0.2342 0.6727 -0.7018
vn 0.2342 0.6727 0.7018
vn 0.2342 0.6727 0.7019
vn -0.3555 0.8803 -0.3141
vn 0.0911 0.7099 -0.6984
vn 0.3784 0.6387 0.6699
vn 0.3782 0.6389 0.6700
vn -0.3785 0.8998 -0.2172
vn 0.5147 0.6091 0.6034
vn -0.3889 0.9125 -0.1265
vn -0.3889 0.9126 -0.1265
vn 0.6346 0.5848 0.5053
vn 0.6346 0.5847 0.5054
vn 0.6344 0.5848 0.5055
vn -0.3924 0.9189 -0.0414
vn 0.7311 0.5659 0.3811
vn 0.7311 0.5660 0.3810
vn -0.3924 0.9189 0.0414
vn -0.3924 0.9189 0.0412
vn 0.7985 0.5535 0.2365
vn 0.7985 0.5535 0.2368
vn 0.7984 0.5535 0.2370
vn -0.3889 0.9125 0.1265
vn 0.8331 0.5472 0.0804
vn 0.8331 0.5472 0.0802
vn 0.8332 0.5471 0.0804
vn -0.3785 0.8998 0.2172
vn 0.8820 -0.0039 0.4713
vn 0.8820 -0.0039 0.4712
vn -0.6373 -0.6917 -0.3397
vn -0.6372 -0.6918 -0.3397
vn -0.6370 -0.6920 -0.3398
vn 0.4554 -0.6945 0.5571
vn 0.4554 -0.6944 0.5571
vn 0.4554 -0.6943 0.5572
vn -0.6913 -0.6917 -0.2089
vn -0.6912 -0.6918 -0.2088
vn -0.6914 -0.6915 -0.2092
vn 0.5553 -0.6947 0.4572
vn -0.7190 -0.6914 -0.0707
vn -0.7191 -0.6913 -0.0706
vn -0.7189 -0.6915 -0.0707
vn -0.7188 -0.6916 -0.0708
vn 0.6338 -0.6949 0.3397
vn 0.6339 -0.6949 0.3397
vn 0.6338 -0.6949 0.3398
vn -0.7189 -0.6915 0.0706
vn -0.7188 -0.6916 0.0705
vn -0.7189 -0.6915 0.0707
vn -0.7191 -0.6913 0.0708
vn 0.6876 -0.6951 0.2098
vn 0.6878 -0.6950 0.2097
vn 0.6875 -0.6952 0.2099
vn 0.6879 -0.6950 0.2093
vn -0.6915 -0.6915 0.2092
vn -0.6914 -0.6916 0.2091
vn -0.6915 -0.6915 0.2091
vn 0.7153 -0.6952 0.0709
vn 0.7154 -0.6951 0.0706
vn 0.7152 -0.6954 0.0708
vn -0.6370 -0.6920 0.3397
vn -0.6370 -0.6920 0.3398
vn -0.6372 -0.6918 0.3397
vn -0.6373 -0.6917 0.3397
vn 0.7154 -0.6952 -0.0708
vn 0.7153 -0.6952 -0.0706
vn 0.7153 -0.6952 -0.0707
vn -0.5591 -0.6917 0.4570
vn -0.5590 -0.6918 0.4571
vn -0.5592 -0.6916 0.4572
vn -0.5594 -0.6913 0.4574
vn 0.6879 -0.6950 -0.2093
vn 0.6879 -0.6950 -0.2094
vn 0.6879 -0.6950 -0.2092
vn -0.4590 -0.6921 0.5571
vn -0.4589 -0.6921 0.5571
vn -0.4591 -0.6920 0.5571
vn -0.4592 -0.6919 0.5571
vn 0.6338 -0.6949 -0.3397
vn 0.6339 -0.6949 -0.3396
vn 0.6338 -0.6949 -0.3396
vn -0.3415 -0.6923 0.6357
vn -0.3415 -0.6924 0.6356
vn -0.3414 -0.6923 0.6357
vn -0.3416 -0.6923 0.6357
vn -0.0725 -0.6932 -0.7171
vn -0.0724 -0.6931 -0.7172
vn -0.0725 -0.6933 -0.7170
vn 0.5553 -0.6947 -0.4572
vn -0.2109 -0.6928 0.6896
vn -0.2107 -0.6929 0.6896
vn -0.2108 -0.6928 0.6897
vn -0.2107 -0.6926 0.6899
vn -0.2108 -0.6927 -0.6897
vn -0.2103 -0.6928 -0.6897
vn 0.4554 -0.6944 -0.5571
vn 0.4554 -0.6945 -0.5571
vn -0.0726 -0.6931 0.7171
vn -0.0729 -0.6934 0.7169
vn -0.0727 -0.6931 0.7171
vn -0.0725 -0.6931 0.7172
vn -0.3417 -0.6923 -0.6356
vn -0.3415 -0.6924 -0.6356
vn -0.3416 -0.6923 -0.6356
vn -0.3417 -0.6924 -0.6355
vn 0.3384 -0.6940 -0.6355
vn 0.3377 -0.6945 -0.6353
vn 0.3382 -0.6942 -0.6354
vn 0.3382 -0.6940 -0.6356
vn 0.0689 -0.6934 0.7173
vn 0.0690 -0.6933 0.7174
vn 0.0688 -0.6932 0.7174
vn 0.0689 -0.6934 0.7172
vn -0.4591 -0.6920 -0.5571
vn -0.4590 -0.6921 -0.5571
vn 0.2077 -0.6938 -0.6896
vn 0.2074 -0.6938 -0.6897
vn 0.2079 -0.6936 -0.6897
vn 0.2074 -0.6940 -0.6894
vn 0.2076 -0.6937 0.6897
vn 0.2075 -0.6937 0.6897
vn -0.5591 -0.6917 -0.4572
vn -0.5587 -0.6919 -0.4573
vn -0.5589 -0.6916 -0.4574
vn -0.5591 -0.6915 -0.4573
vn 0.0687 -0.6935 -0.7172
vn 0.0684 -0.6936 -0.7171
vn 0.0688 -0.6935 -0.7172
vn 0.0689 -0.6934 -0.7172
vn -0.9952 0.0044 0.0979
vn -0.9952 0.0043 0.0980
vn 0.9569 -0.0044 0.2903
vn -0.9569 0.0044 0.2903
vn 0.9952 -0.0044 0.0981
vn 0.9952 -0.0044 0.0980
vn -0.8816 0.0040 0.4719
vn -0.8818 0.0039 0.4716
vn 0.9952 -0.0044 -0.0981
vn 0.9952 -0.0044 -0.0980
vn -0.7729 0.0029 0.6345
vn -0.7730 0.0034 0.6344
vn 0.9569 -0.0044 -0.2903
vn -0.6342 0.0030 0.7731
vn -0.6342 0.0029 0.7732
vn -0.6343 0.0028 0.7731
vn -0.6345 0.0027 0.7729
vn 0.8820 -0.0039 -0.4713
vn -0.4713 0.0020 0.8820
vn -0.4712 0.0021 0.8820
vn -0.4714 0.0021 0.8819
vn -0.0977 0.0004 -0.9952
vn -0.0981 0.0004 -0.9952
vn 0.7726 -0.0035 -0.6349
vn -0.2901 0.0011 0.9570
vn -0.2902 0.0012 0.9570
vn -0.2903 0.0013 0.9569
vn -0.2901 0.0011 -0.9570
vn -0.2902 0.0013 -0.9570
vn -0.2903 0.0009 -0.9569
vn 0.6344 -0.0028 -0.7730
vn 0.6343 -0.0028 -0.7731
vn 0.6345 -0.0028 -0.7729
vn -0.0979 0.0004 0.9952
vn -0.0980 0.0004 0.9952
vn -0.4714 0.0021 -0.8819
vn -0.4715 0.0021 -0.8819
vn 0.4715 -0.0021 -0.8819
vn 0.0980 -0.0004 0.9952
vn 0.0979 -0.0004 0.9952
vn -0.6346 0.0024 -0.7729
vn -0.6346 0.0028 -0.7729
vn -0.6344 0.0027 -0.7730
vn 0.2903 -0.0013 -0.9569
vn 0.2903 -0.0013 0.9569
vn -0.7729 0.0034 -0.6345
vn -0.7730 0.0032 -0.6344
vn -0.7729 0.0033 -0.6345
vn -0.7726 0.0035 -0.6349
vn 0.0982 -0.0004 -0.9952
vn 0.0979 -0.0004 -0.9952
vn 0.0981 -0.0004 -0.9952
vn 0.4714 -0.0021 0.8819
vn 0.4715 -0.0021 0.8818
vn -0.8816 0.0040 -0.4719
vn -0.8819 0.0039 -0.4714
vn -0.8818 0.0040 -0.4716
vn 0.6344 -0.0028 0.7730
vn 0.6343 -0.0028 0.7731
vn 0.6345 -0.0028 0.7729
vn -0.9569 0.0044 -0.2903
vn 0.7728 -0.0034 0.6347
vn 0.7726 -0.0035 0.6349
vn -0.9952 0.0046 -0.0977
vt 0.000000 0.000000
s 1
usemtl Goddard_None
f 211/5/34 212/5/35 213/5/36
f 213/5/36 214/5/37 211/5/34
f 197/5/38 215/5/39 216/5/40
f 216/5/40 198/5/41 197/5/38
f 217/5/42 179/5/42 208/5/42
f 208/5/42 218/5/43 217/5/42
f 183/5/44 219/5/44 220/5/44
f 220/5/44 184/5/44 183/5/44
f 196/5/45 221/5/46 215/5/46
f 215/5/46 197/5/47 196/5/45
f 218/5/48 208/5/49 210/5/50
f 210/5/50 222/5/51 218/5/48
f 182/5/52 223/5/53 219/5/54
f 219/5/54 183/5/53 182/5/52
f 195/5/55 224/5/55 221/5/55
f 221/5/55 196/5/55 195/5/55
f 222/5/56 210/5/57 209/5/57
f 209/5/57 225/5/58 222/5/56
f 181/5/59 226/5/60 223/5/61
f 223/5/61 182/5/62 181/5/59
f 194/5/63 227/5/63 224/5/63
f 224/5/63 195/5/63 194/5/63
f 209/5/64 207/5/65 228/5/66
f 228/5/66 225/5/66 209/5/64
f 180/5/67 229/5/68 226/5/67
f 226/5/67 181/5/69 180/5/67
f 193/5/70 230/5/71 227/5/70
f 227/5/70 194/5/72 193/5/70
f 206/5/73 231/5/74 228/5/75
f 228/5/75 207/5/76 206/5/73
f 180/5/77 179/5/77 217/5/77
f 217/5/77 229/5/77 180/5/77
f 192/5/78 232/5/79 230/5/80
f 230/5/80 193/5/81 192/5/78
f 233/5/82 231/5/83 206/5/84
f 206/5/84 205/5/85 233/5/82
f 191/5/86 234/5/87 232/5/88
f 232/5/88 192/5/86 191/5/86
f 204/5/89 235/5/89 233/5/89
f 233/5/89 205/5/89 204/5/89
f 190/5/90 236/5/91 234/5/92
f 234/5/92 191/5/90 190/5/90
f 214/5/93 235/5/94 204/5/95
f 204/5/95 203/5/96 214/5/93
f 189/5/97 237/5/98 236/5/99
f 236/5/99 190/5/98 189/5/97
f 214/5/100 203/5/101 202/5/102
f 202/5/102 211/5/103 214/5/100
f 188/5/104 238/5/104 237/5/105
f 237/5/105 189/5/104 188/5/104
f 202/5/106 201/5/106 239/5/106
f 239/5/106 211/5/106 202/5/106
f 187/5/107 240/5/108 238/5/109
f 238/5/109 188/5/110 187/5/107
f 200/5/111 241/5/112 239/5/113
f 239/5/113 201/5/114 200/5/111
f 186/5/115 242/5/116 240/5/117
f 240/5/117 187/5/118 186/5/115
f 199/5/119 243/5/120 241/5/121
f 241/5/121 200/5/122 199/5/119
f 185/5/123 244/5/124 242/5/125
f 242/5/125 186/5/126 185/5/123
f 198/5/127 216/5/127 243/5/127
f 243/5/127 199/5/127 198/5/127
f 184/5/128 220/5/129 244/5/130
f 244/5/130 185/5/131 184/5/128
f 245/5/132 246/5/133 247/5/134
f 247/5/134 248/5/135 245/5/132
f 238/5/136 249/5/137 250/5/138
f 250/5/138 237/5/139 238/5/136
f 239/5/140 251/5/141 212/5/142
f 212/5/142 211/5/143 239/5/140
f 240/5/144 252/5/144 249/5/145
f 249/5/145 238/5/146 240/5/144
f 241/5/147 248/5/148 251/5/147
f 251/5/147 239/5/149 241/5/147
f 242/5/150 253/5/151 252/5/150
f 252/5/150 240/5/152 242/5/150
f 243/5/153 245/5/153 248/5/154
f 248/5/154 241/5/155 243/5/153
f 244/5/156 254/5/157 253/5/158
f 253/5/158 242/5/157 244/5/156
f 216/5/159 255/5/160 245/5/161
f 245/5/161 243/5/162 216/5/159
f 220/5/163 256/5/164 254/5/165
f 254/5/165 244/5/166 220/5/163
f 215/5/167 257/5/168 255/5/169
f 255/5/169 216/5/170 215/5/167
f 218/5/171 258/5/171 259/5/171
f 259/5/171 217/5/171 218/5/171
f 219/5/172 260/5/173 256/5/172
f 256/5/172 220/5/174 219/5/172
f 221/5/175 261/5/175 257/5/175
f 257/5/175 215/5/175 221/5/175
f 222/5/176 262/5/176 258/5/177
f 258/5/177 218/5/177 222/5/176
f 223/5/178 263/5/178 260/5/179
f 260/5/179 219/5/180 223/5/178
f 224/5/181 264/5/182 261/5/183
f 261/5/183 221/5/184 224/5/181
f 225/5/185 265/5/186 262/5/187
f 262/5/187 222/5/188 225/5/185
f 226/5/189 266/5/190 263/5/191
f 263/5/191 223/5/192 226/5/189
f 227/5/193 267/5/194 264/5/195
f 264/5/195 224/5/195 227/5/193
f 228/5/196 268/5/196 265/5/196
f 265/5/196 225/5/197 228/5/196
f 229/5/198 269/5/199 266/5/198
f 266/5/198 226/5/198 229/5/198
f 230/5/200 270/5/201 267/5/202
f 267/5/202 227/5/203 230/5/200
f 231/5/204 271/5/205 268/5/205
f 268/5/205 228/5/206 231/5/204
f 229/5/207 217/5/207 259/5/207
f 259/5/207 269/5/207 229/5/207
f 232/5/208 272/5/209 270/5/210
f 270/5/210 230/5/211 232/5/208
f 233/5/212 273/5/213 271/5/212
f 271/5/212 231/5/214 233/5/212
f 234/5/215 274/5/215 272/5/216
f 272/5/216 232/5/215 234/5/215
f 235/5/217 275/5/218 273/5/219
f 273/5/219 233/5/220 235/5/217
f 236/5/221 276/5/222 274/5/221
f 274/5/221 234/5/222 236/5/221
f 214/5/223 213/5/224 275/5/223
f 275/5/223 235/5/225 214/5/223
f 237/5/226 250/5/227 276/5/228
f 276/5/228 236/5/229 237/5/226
f 277/5/230 278/5/231 279/5/232
f 279/5/232 280/5/233 277/5/230
f 254/5/234 281/5/235 282/5/236
f 282/5/236 253/5/237 254/5/234
f 255/5/238 283/5/239 246/5/239
f 246/5/239 245/5/240 255/5/238
f 256/5/241 284/5/241 281/5/242
f 281/5/242 254/5/241 256/5/241
f 257/5/243 277/5/243 283/5/244
f 283/5/244 255/5/244 257/5/243
f 258/5/245 285/5/246 286/5/247
f 286/5/247 259/5/248 258/5/245
f 260/5/249 287/5/250 284/5/251
f 284/5/251 256/5/252 260/5/249
f 261/5/253 278/5/254 277/5/254
f 277/5/254 257/5/254 261/5/253
f 262/5/255 288/5/255 285/5/256
f 285/5/256 258/5/256 262/5/255
f 263/5/257 289/5/258 287/5/258
f 287/5/258 260/5/259 263/5/257
f 264/5/260 290/5/260 278/5/260
f 278/5/260 261/5/260 264/5/260
f 265/5/261 291/5/262 288/5/263
f 288/5/263 262/5/263 265/5/261
f 266/5/264 292/5/264 289/5/265
f 289/5/265 263/5/264 266/5/264
f 267/5/266 293/5/267 290/5/268
f 290/5/268 264/5/269 267/5/266
f 268/5/270 294/5/270 291/5/270
f 291/5/270 265/5/270 268/5/270
f 269/5/271 295/5/271 292/5/271
f 292/5/271 266/5/272 269/5/271
f 270/5/273 296/5/274 293/5/274
f 293/5/274 267/5/274 270/5/273
f 271/5/275 297/5/276 294/5/277
f 294/5/277 268/5/278 271/5/275
f 269/5/279 259/5/279 286/5/279
f 286/5/279 295/5/279 269/5/279
f 272/5/280 298/5/280 296/5/280
f 296/5/280 270/5/281 272/5/280
f 273/5/282 299/5/283 297/5/284
f 297/5/284 271/5/285 273/5/282
f 274/5/286 300/5/287 298/5/288
f 298/5/288 272/5/289 274/5/286
f 275/5/290 301/5/291 299/5/292
f 299/5/292 273/5/293 275/5/290
f 276/5/294 302/5/295 300/5/296
f 300/5/296 274/5/297 276/5/294
f 213/5/298 303/5/299 301/5/298
f 301/5/298 275/5/300 213/5/298
f 250/5/301 304/5/301 302/5/301
f 302/5/301 276/5/301 250/5/301
f 212/5/302 305/5/303 303/5/304
f 303/5/304 213/5/302 212/5/302
f 249/5/305 306/5/306 304/5/307
f 304/5/307 250/5/308 249/5/305
f 251/5/309 307/5/310 305/5/311
f 305/5/311 212/5/312 251/5/309
f 252/5/313 308/5/314 306/5/315
f 306/5/315 249/5/316 252/5/313
f 248/5/317 247/5/318 307/5/318
f 307/5/318 251/5/318 248/5/317
f 253/5/319 282/5/320 308/5/320
f 308/5/320 252/5/319 253/5/319
f 309/5/321 310/5/322 311/5/323
f 311/5/323 312/5/323 309/5/321
f 288/5/50 313/5/324 314/5/325
f 314/5/325 285/5/326 288/5/50
f 315/5/327 316/5/327 287/5/327
f 287/5/327 289/5/327 315/5/327
f 278/5/328 290/5/329 317/5/330
f 317/5/330 279/5/330 278/5/328
f 291/5/58 318/5/331 313/5/332
f 313/5/332 288/5/58 291/5/58
f 289/5/61 292/5/59 319/5/333
f 319/5/333 315/5/334 289/5/61
f 290/5/335 293/5/336 312/5/337
f 312/5/337 317/5/338 290/5/335
f 294/5/339 320/5/65 318/5/65
f 318/5/65 291/5/340 294/5/339
f 292/5/341 295/5/341 321/5/342
f 321/5/342 319/5/342 292/5/341
f 293/5/70 296/5/343 309/5/70
f 309/5/70 312/5/344 293/5/70
f 297/5/345 322/5/346 320/5/347
f 320/5/347 294/5/345 297/5/345
f 321/5/348 295/5/349 286/5/349
f 286/5/349 323/5/350 321/5/348
f 296/5/80 298/5/80 324/5/80
f 324/5/80 309/5/351 296/5/80
f 299/5/352 325/5/353 322/5/354
f 322/5/354 297/5/84 299/5/352
f 326/5/355 324/5/355 298/5/355
f 298/5/355 300/5/355 326/5/355
f 301/5/356 327/5/357 325/5/357
f 325/5/357 299/5/358 301/5/356
f 300/5/359 302/5/359 328/5/359
f 328/5/359 326/5/359 300/5/359
f 301/5/360 303/5/361 329/5/361
f 329/5/361 327/5/361 301/5/360
f 302/5/362 304/5/363 330/5/364
f 330/5/364 328/5/365 302/5/362
f 303/5/101 305/5/366 331/5/101
f 331/5/101 329/5/367 303/5/101
f 332/5/104 330/5/104 304/5/368
f 304/5/368 306/5/369 332/5/104
f 331/5/370 305/5/371 307/5/370
f 307/5/370 333/5/371 331/5/370
f 306/5/108 308/5/108 334/5/372
f 334/5/372 332/5/373 306/5/108
f 307/5/374 247/5/375 335/5/376
f 335/5/376 333/5/377 307/5/374
f 308/5/378 282/5/379 336/5/117
f 336/5/117 334/5/118 308/5/378
f 335/5/380 247/5/380 246/5/380
f 246/5/380 337/5/380 335/5/380
f 338/5/381 336/5/382 282/5/383
f 282/5/383 281/5/384 338/5/381
f 337/5/385 246/5/386 283/5/387
f 283/5/387 339/5/388 337/5/385
f 281/5/389 284/5/129 340/5/129
f 340/5/129 338/5/129 281/5/389
f 280/5/390 339/5/390 283/5/391
f 283/5/391 277/5/390 280/5/390
f 285/5/392 314/5/392 323/5/392
f 323/5/392 286/5/393 285/5/392
f 284/5/394 287/5/394 316/5/394
f 316/5/394 340/5/394 284/5/394
f 341/5/395 342/5/396 343/5/395
f 343/5/395 344/5/397 341/5/395
f 322/5/398 345/5/399 346/5/400
f 346/5/400 320/5/401 322/5/398
f 347/5/402 321/5/403 323/5/403
f 323/5/403 348/5/404 347/5/402
f 310/5/405 309/5/405 324/5/405
f 324/5/405 349/5/405 310/5/405
f 350/5/406 345/5/407 322/5/406
f 322/5/406 325/5/406 350/5/406
f 326/5/408 344/5/409 349/5/410
f 349/5/410 324/5/411 326/5/408
f 327/5/412 351/5/413 350/5/414
f 350/5/414 325/5/415 327/5/412
f 328/5/416 341/5/417 344/5/418
f 344/5/418 326/5/419 328/5/416
f 329/5/420 352/5/421 351/5/422
f 351/5/422 327/5/423 329/5/420
f 353/5/424 341/5/424 328/5/425
f 328/5/425 330/5/424 353/5/424
f 331/5/426 354/5/427 352/5/428
f 352/5/428 329/5/429 331/5/426
f 332/5/430 355/5/431 353/5/430
f 353/5/430 330/5/431 332/5/430
f 356/5/432 354/5/433 331/5/434
f 331/5/434 333/5/435 356/5/432
f 334/5/436 357/5/437 355/5/436
f 355/5/436 332/5/438 334/5/436
f 335/5/439 358/5/440 356/5/441
f 356/5/441 333/5/442 335/5/439
f 359/5/443 357/5/444 334/5/445
f 334/5/445 336/5/446 359/5/443
f 337/5/447 360/5/448 358/5/449
f 358/5/449 335/5/450 337/5/447
f 338/5/451 361/5/452 359/5/451
f 359/5/451 336/5/453 338/5/451
f 362/5/454 360/5/455 337/5/454
f 337/5/454 339/5/454 362/5/454
f 340/5/456 363/5/457 361/5/457
f 361/5/457 338/5/457 340/5/456
f 280/5/458 364/5/458 362/5/459
f 362/5/459 339/5/460 280/5/458
f 314/5/461 365/5/462 348/5/463
f 348/5/463 323/5/464 314/5/461
f 363/5/465 340/5/466 316/5/465
f 316/5/465 366/5/465 363/5/465
f 279/5/467 367/5/468 364/5/469
f 364/5/469 280/5/470 279/5/467
f 313/5/471 368/5/472 365/5/471
f 365/5/471 314/5/471 313/5/471
f 315/5/473 369/5/474 366/5/475
f 366/5/475 316/5/476 315/5/473
f 370/5/477 367/5/478 279/5/479
f 279/5/479 317/5/480 370/5/477
f 371/5/481 368/5/482 313/5/483
f 313/5/483 318/5/482 371/5/481
f 319/5/484 372/5/485 369/5/485
f 369/5/485 315/5/486 319/5/484
f 312/5/487 311/5/488 370/5/489
f 370/5/489 317/5/490 312/5/487
f 320/5/491 346/5/491 371/5/491
f 371/5/491 318/5/491 320/5/491
f 347/5/492 372/5/493 319/5/494
f 319/5/494 321/5/495 347/5/492
f 373/5/496 374/5/108 375/5/497
f 375/5/497 376/5/498 373/5/496
f 377/5/499 351/5/499 352/5/499
f 352/5/499 378/5/499 377/5/499
f 353/5/500 379/5/500 342/5/501
f 342/5/501 341/5/502 353/5/500
f 354/5/503 380/5/504 378/5/505
f 378/5/505 352/5/506 354/5/503
f 379/5/507 353/5/508 355/5/509
f 355/5/509 375/5/510 379/5/507
f 356/5/511 381/5/512 380/5/511
f 380/5/511 354/5/511 356/5/511
f 357/5/513 376/5/514 375/5/515
f 375/5/515 355/5/516 357/5/513
f 382/5/517 381/5/518 356/5/517
f 356/5/517 358/5/519 382/5/517
f 359/5/520 383/5/521 376/5/522
f 376/5/522 357/5/523 359/5/520
f 360/5/524 384/5/525 382/5/526
f 382/5/526 358/5/527 360/5/524
f 383/5/528 359/5/529 361/5/528
f 361/5/528 385/5/530 383/5/528
f 362/5/531 386/5/532 384/5/531
f 384/5/531 360/5/533 362/5/531
f 363/5/534 387/5/535 385/5/536
f 385/5/536 361/5/537 363/5/534
f 388/5/538 386/5/539 362/5/538
f 362/5/538 364/5/540 388/5/538
f 348/5/541 365/5/542 389/5/541
f 389/5/541 390/5/543 348/5/541
f 366/5/544 391/5/545 387/5/546
f 387/5/546 363/5/547 366/5/544
f 367/5/548 392/5/549 388/5/548
f 388/5/548 364/5/550 367/5/548
f 368/5/551 393/5/552 389/5/553
f 389/5/553 365/5/553 368/5/551
f 394/5/554 391/5/555 366/5/556
f 366/5/556 369/5/555 394/5/554
f 370/5/557 395/5/557 392/5/557
f 392/5/557 367/5/557 370/5/557
f 371/5/558 396/5/558 393/5/558
f 393/5/558 368/5/559 371/5/558
f 372/5/560 397/5/561 394/5/562
f 394/5/562 369/5/563 372/5/560
f 395/5/564 370/5/565 311/5/564
f 311/5/564 398/5/565 395/5/564
f 346/5/566 399/5/567 396/5/568
f 396/5/568 371/5/569 346/5/566
f 347/5/570 400/5/571 397/5/572
f 397/5/572 372/5/573 347/5/570
f 310/5/574 401/5/575 398/5/574
f 398/5/574 311/5/576 310/5/574
f 399/5/577 346/5/578 345/5/579
f 345/5/579 402/5/580 399/5/577
f 390/5/581 400/5/582 347/5/582
f 347/5/582 348/5/582 390/5/581
f 349/5/583 403/5/584 401/5/585
f 401/5/585 310/5/585 349/5/583
f 350/5/586 404/5/586 402/5/587
f 402/5/587 345/5/586 350/5/586
f 403/5/588 349/5/588 344/5/589
f 344/5/589 343/5/588 403/5/588
f 351/5/590 377/5/591 404/5/592
f 404/5/592 350/5/593 351/5/590
f 405/5/594 406/5/594 407/5/594
f 407/5/594 408/5/595 405/5/594
f 382/5/596 409/5/596 410/5/597
f 410/5/597 381/5/112 382/5/596
f 383/5/598 411/5/378 373/5/599
f 373/5/599 376/5/116 383/5/598
f 412/5/600 409/5/600 382/5/600
f 382/5/600 384/5/601 412/5/600
f 385/5/602 408/5/602 411/5/602
f 411/5/602 383/5/602 385/5/602
f 386/5/603 413/5/603 412/5/604
f 412/5/604 384/5/603 386/5/603
f 405/5/605 408/5/606 385/5/605
f 385/5/605 387/5/607 405/5/605
f 388/5/608 414/5/608 413/5/608
f 413/5/608 386/5/608 388/5/608
f 390/5/609 389/5/609 415/5/43
f 415/5/43 416/5/610 390/5/609
f 391/5/394 417/5/394 405/5/394
f 405/5/394 387/5/394 391/5/394
f 418/5/611 414/5/232 388/5/612
f 388/5/612 392/5/613 418/5/611
f 415/5/614 389/5/615 393/5/616
f 393/5/616 419/5/617 415/5/614
f 394/5/618 420/5/618 417/5/618
f 417/5/618 391/5/618 394/5/618
f 395/5/619 421/5/620 418/5/619
f 418/5/619 392/5/619 395/5/619
f 419/5/58 393/5/621 396/5/622
f 396/5/622 422/5/58 419/5/58
f 423/5/623 420/5/624 394/5/59
f 394/5/59 397/5/625 423/5/623
f 398/5/626 424/5/335 421/5/337
f 421/5/337 395/5/335 398/5/626
f 399/5/65 425/5/65 422/5/627
f 422/5/627 396/5/627 399/5/65
f 400/5/628 426/5/629 423/5/630
f 423/5/630 397/5/628 400/5/628
f 427/5/631 424/5/632 398/5/633
f 398/5/633 401/5/631 427/5/631
f 402/5/345 428/5/634 425/5/345
f 425/5/345 399/5/345 402/5/345
f 416/5/635 426/5/349 400/5/349
f 400/5/349 390/5/636 416/5/635
f 403/5/80 429/5/80 427/5/637
f 427/5/637 401/5/638 403/5/80
f 428/5/639 402/5/640 404/5/640
f 404/5/640 430/5/641 428/5/639
f 343/5/88 431/5/88 429/5/88
f 429/5/88 403/5/642 343/5/88
f 377/5/358 432/5/643 430/5/644
f 430/5/644 404/5/645 377/5/358
f 433/5/646 431/5/647 343/5/646
f 343/5/646 342/5/646 433/5/646
f 378/5/648 434/5/649 432/5/94
f 432/5/94 377/5/94 378/5/648
f 379/5/364 435/5/650 433/5/364
f 433/5/364 342/5/364 379/5/364
f 436/5/651 434/5/101 378/5/652
f 378/5/652 380/5/653 436/5/651
f 375/5/654 374/5/654 435/5/654
f 435/5/654 379/5/654 375/5/654
f 381/5/655 410/5/656 436/5/657
f 436/5/657 380/5/658 381/5/655
f 437/5/659 438/5/660 439/5/661
f 439/5/661 440/5/662 437/5/659
f 414/5/663 441/5/663 442/5/663
f 442/5/663 413/5/663 414/5/663
f 443/5/664 444/5/664 416/5/664
f 416/5/664 415/5/664 443/5/664
f 445/5/665 406/5/665 405/5/665
f 405/5/665 417/5/665 445/5/665
f 418/5/666 446/5/666 441/5/666
f 441/5/666 414/5/666 418/5/666
f 419/5/667 447/5/668 443/5/669
f 443/5/669 415/5/668 419/5/667
f 420/5/670 448/5/670 445/5/670
f 445/5/670 417/5/670 420/5/670
f 449/5/671 446/5/671 418/5/672
f 418/5/672 421/5/671 449/5/671
f 422/5/673 450/5/673 447/5/673
f 447/5/673 419/5/673 422/5/673
f 423/5/674 451/5/674 448/5/674
f 448/5/674 420/5/674 423/5/674
f 424/5/675 452/5/676 449/5/676
f 449/5/676 421/5/676 424/5/675
f 453/5/677 450/5/678 422/5/679
f 422/5/679 425/5/678 453/5/677
f 451/5/680 423/5/680 426/5/680
f 426/5/680 454/5/680 451/5/680
f 427/5/681 455/5/681 452/5/681
f 452/5/681 424/5/681 427/5/681
f 428/5/682 456/5/682 453/5/683
f 453/5/683 425/5/682 428/5/682
f 444/5/684 454/5/684 426/5/684
f 426/5/684 416/5/684 444/5/684
f 455/5/685 427/5/685 429/5/685
f 429/5/685 457/5/685 455/5/685
f 430/5/686 458/5/686 456/5/686
f 456/5/686 428/5/686 430/5/686
f 431/5/687 459/5/687 457/5/687
f 457/5/687 429/5/687 431/5/687
f 460/5/688 458/5/688 430/5/688
f 430/5/688 432/5/688 460/5/688
f 433/5/689 461/5/689 459/5/689
f 459/5/689 431/5/689 433/5/689
f 434/5/690 462/5/691 460/5/692
f 460/5/692 432/5/691 434/5/690
f 439/5/693 461/5/694 433/5/694
f 433/5/694 435/5/693 439/5/693
f 436/5/695 463/5/696 462/5/697
f 462/5/697 434/5/696 436/5/695
f 374/5/698 440/5/699 439/5/700
f 439/5/700 435/5/699 374/5/698
f 463/5/701 436/5/702 410/5/702
f 410/5/702 464/5/702 463/5/701
f 373/5/703 465/5/704 440/5/704
f 440/5/704 374/5/705 373/5/703
f 409/5/706 466/5/706 464/5/706
f 464/5/706 410/5/706 409/5/706
f 465/5/707 373/5/708 411/5/709
f 411/5/709 467/5/708 465/5/707
f 412/5/710 468/5/710 466/5/710
f 466/5/710 409/5/710 412/5/710
f 408/5/711 407/5/711 467/5/711
f 467/5/711 411/5/711 408/5/711
f 442/5/712 468/5/713 412/5/713
f 412/5/713 413/5/713 442/5/712
f 469/5/714 470/5/714 471/5/714
f 471/5/714 472/5/714 469/5/714
f 464/5/715 473/5/716 474/5/715
f 474/5/715 463/5/717 464/5/715
f 465/5/718 475/5/719 437/5/720
f 437/5/720 440/5/720 465/5/718
f 476/5/721 473/5/722 464/5/721
f 464/5/721 466/5/723 476/5/721
f 467/5/724 472/5/725 475/5/726
f 475/5/726 465/5/724 467/5/724
f 468/5/727 477/5/728 476/5/727
f 476/5/727 466/5/729 468/5/727
f 472/5/730 467/5/731 407/5/732
f 407/5/732 469/5/733 472/5/730
f 442/5/734 478/5/735 477/5/734
f 477/5/734 468/5/736 442/5/734
f 406/5/737 479/5/738 469/5/739
f 469/5/739 407/5/740 406/5/737
f 478/5/741 442/5/742 441/5/741
f 441/5/741 480/5/742 478/5/741
f 444/5/743 443/5/744 481/5/743
f 481/5/743 482/5/745 444/5/743
f 445/5/746 483/5/746 479/5/746
f 479/5/746 406/5/747 445/5/746
f 446/5/748 484/5/749 480/5/750
f 480/5/750 441/5/751 446/5/748
f 447/5/752 485/5/753 481/5/752
f 481/5/752 443/5/754 447/5/752
f 486/5/755 483/5/756 445/5/757
f 445/5/757 448/5/757 486/5/755
f 449/5/758 487/5/759 484/5/758
f 484/5/758 446/5/760 449/5/758
f 450/5/761 488/5/762 485/5/763
f 485/5/763 447/5/764 450/5/761
f 451/5/765 489/5/766 486/5/767
f 486/5/767 448/5/768 451/5/765
f 490/5/769 487/5/770 449/5/769
f 449/5/769 452/5/771 490/5/769
f 453/5/772 491/5/773 488/5/774
f 488/5/774 450/5/775 453/5/772
f 454/5/776 492/5/777 489/5/778
f 489/5/778 451/5/778 454/5/776
f 455/5/779 493/5/780 490/5/781
f 490/5/781 452/5/781 455/5/779
f 491/5/782 453/5/783 456/5/782
f 456/5/782 494/5/782 491/5/782
f 482/5/784 492/5/785 454/5/786
f 454/5/786 444/5/787 482/5/784
f 457/5/788 495/5/789 493/5/790
f 493/5/790 455/5/791 457/5/788
f 458/5/792 496/5/793 494/5/792
f 494/5/792 456/5/794 458/5/792
f 495/5/795 457/5/796 459/5/797
f 459/5/797 497/5/795 495/5/795
f 460/5/798 498/5/799 496/5/800
f 496/5/800 458/5/801 460/5/798
f 461/5/802 499/5/803 497/5/804
f 497/5/804 459/5/805 461/5/802
f 500/5/806 498/5/807 460/5/808
f 460/5/808 462/5/809 500/5/806
f 439/5/810 438/5/811 499/5/812
f 499/5/812 461/5/813 439/5/810
f 463/5/814 474/5/815 500/5/816
f 500/5/816 462/5/817 463/5/814
f 501/5/818 502/5/818 503/5/818
f 503/5/818 504/5/818 501/5/818
f 478/5/819 505/5/820 506/5/819
f 506/5/819 477/5/821 478/5/819
f 469/5/822 479/5/823 507/5/823
f 507/5/823 470/5/823 469/5/822
f 480/5/824 508/5/825 505/5/826
f 505/5/826 478/5/826 480/5/824
f 482/5/827 481/5/828 509/5/827
f 509/5/827 510/5/829 482/5/827
f 507/5/830 479/5/830 483/5/831
f 483/5/831 502/5/830 507/5/830
f 480/5/832 484/5/833 511/5/834
f 511/5/834 508/5/832 480/5/832
f 509/5/835 481/5/836 485/5/835
f 485/5/835 512/5/837 509/5/835
f 486/5/838 503/5/839 502/5/840
f 502/5/840 483/5/841 486/5/838
f 511/5/842 484/5/842 487/5/842
f 487/5/842 513/5/842 511/5/842
f 512/5/843 485/5/844 488/5/845
f 488/5/845 514/5/846 512/5/843
f 486/5/847 489/5/848 515/5/849
f 515/5/849 503/5/850 486/5/847
f 490/5/851 516/5/852 513/5/852
f 513/5/852 487/5/851 490/5/851
f 491/5/853 517/5/853 514/5/853
f 514/5/853 488/5/853 491/5/853
f 515/5/854 489/5/855 492/5/854
f 492/5/854 518/5/856 515/5/854
f 490/5/857 493/5/858 519/5/859
f 519/5/859 516/5/857 490/5/857
f 494/5/860 520/5/861 517/5/862
f 517/5/862 491/5/861 494/5/860
f 492/5/863 482/5/863 510/5/863
f 510/5/863 518/5/864 492/5/863
f 519/5/865 493/5/866 495/5/867
f 495/5/867 521/5/868 519/5/865
f 520/5/869 494/5/869 496/5/869
f 496/5/869 522/5/869 520/5/869
f 497/5/870 523/5/871 521/5/872
f 521/5/872 495/5/873 497/5/870
f 498/5/874 524/5/874 522/5/874
f 522/5/874 496/5/874 498/5/874
f 497/5/875 499/5/876 525/5/877
f 525/5/877 523/5/878 497/5/875
f 500/5/879 526/5/880 524/5/881
f 524/5/881 498/5/882 500/5/879
f 525/5/883 499/5/884 438/5/885
f 438/5/885 527/5/886 525/5/883
f 500/5/887 474/5/888 528/5/889
f 528/5/889 526/5/890 500/5/887
f 437/5/891 529/5/891 527/5/891
f 527/5/891 438/5/891 437/5/891
f 528/5/892 474/5/892 473/5/892
f 473/5/892 530/5/892 528/5/892
f 437/5/893 475/5/894 531/5/893
f 531/5/893 529/5/895 437/5/893
f 532/5/896 530/5/897 473/5/897
f 473/5/897 476/5/898 532/5/896
f 531/5/899 475/5/900 472/5/901
f 472/5/901 471/5/902 531/5/899
f 532/5/903 476/5/904 477/5/903
f 477/5/903 506/5/905 532/5/903
f 533/5/906 534/5/906 535/5/906
f 535/5/906 536/5/907 533/5/906
f 513/5/908 537/5/908 538/5/908
f 538/5/908 511/5/908 513/5/908
f 514/5/909 539/5/910 540/5/910
f 540/5/910 512/5/910 514/5/909
f 515/5/911 541/5/912 504/5/912
f 504/5/912 503/5/912 515/5/911
f 537/5/913 513/5/913 516/5/913
f 516/5/913 542/5/913 537/5/913
f 514/5/914 517/5/915 543/5/916
f 543/5/916 539/5/915 514/5/914
f 518/5/917 535/5/917 541/5/917
f 541/5/917 515/5/917 518/5/917
f 519/5/918 544/5/918 542/5/918
f 542/5/918 516/5/918 519/5/918
f 543/5/919 517/5/920 520/5/921
f 520/5/921 545/5/920 543/5/919
f 536/5/922 535/5/922 518/5/922
f 518/5/922 510/5/922 536/5/922
f 521/5/923 546/5/923 544/5/923
f 544/5/923 519/5/923 521/5/923
f 522/5/924 547/5/925 545/5/926
f 545/5/926 520/5/925 522/5/924
f 546/5/927 521/5/928 523/5/928
f 523/5/928 548/5/929 546/5/927
f 522/5/930 524/5/931 549/5/931
f 549/5/931 547/5/931 522/5/930
f 525/5/932 550/5/932 548/5/932
f 548/5/932 523/5/932 525/5/932
f 549/5/933 524/5/934 526/5/935
f 526/5/935 551/5/934 549/5/933
f 527/5/936 552/5/936 550/5/936
f 550/5/936 525/5/936 527/5/936
f 528/5/937 553/5/938 551/5/938
f 551/5/938 526/5/938 528/5/937
f 552/5/939 527/5/939 529/5/940
f 529/5/940 554/5/939 552/5/939
f 530/5/941 555/5/941 553/5/942
f 553/5/942 528/5/941 530/5/941
f 531/5/943 556/5/944 554/5/945
f 554/5/945 529/5/945 531/5/943
f 530/5/946 532/5/947 557/5/947
f 557/5/947 555/5/947 530/5/946
f 471/5/948 558/5/949 556/5/950
f 556/5/950 531/5/951 471/5/948
f 559/5/952 557/5/953 532/5/954
f 532/5/954 506/5/955 559/5/952
f 558/5/956 471/5/956 470/5/956
f 470/5/956 560/5/956 558/5/956
f 559/5/957 506/5/957 505/5/958
f 505/5/958 561/5/957 559/5/957
f 507/5/959 562/5/959 560/5/959
f 560/5/959 470/5/959 507/5/959
f 561/5/960 505/5/960 508/5/961
f 508/5/961 563/5/960 561/5/960
f 509/5/962 564/5/963 536/5/963
f 536/5/963 510/5/963 509/5/962
f 502/5/964 501/5/964 562/5/964
f 562/5/964 507/5/964 502/5/964
f 511/5/965 538/5/965 563/5/965
f 563/5/965 508/5/965 511/5/965
f 564/5/966 509/5/966 512/5/967
f 512/5/967 540/5/966 564/5/966
f 565/5/968 566/5/969 567/5/970
f 567/5/970 568/5/968 565/5/968
f 546/5/971 569/5/972 570/5/971
f 570/5/971 544/5/971 546/5/971
f 571/5/973 545/5/974 547/5/975
f 547/5/975 572/5/973 571/5/973
f 548/5/976 573/5/977 569/5/978
f 569/5/978 546/5/979 548/5/976
f 549/5/980 574/5/981 572/5/982
f 572/5/982 547/5/983 549/5/980
f 573/5/984 548/5/985 550/5/986
f 550/5/986 568/5/987 573/5/984
f 551/5/988 575/5/989 574/5/988
f 574/5/988 549/5/990 551/5/988
f 552/5/991 565/5/991 568/5/991
f 568/5/991 550/5/992 552/5/991
f 575/5/993 551/5/993 553/5/994
f 553/5/994 576/5/995 575/5/993
f 554/5/996 577/5/997 565/5/996
f 565/5/996 552/5/998 554/5/996
f 555/5/999 578/5/1000 576/5/999
f 576/5/999 553/5/1001 555/5/999
f 577/5/1002 554/5/1003 556/5/1004
f 556/5/1004 579/5/1005 577/5/1002
f 557/5/1006 580/5/1007 578/5/1008
f 578/5/1008 555/5/1008 557/5/1006
f 558/5/1009 581/5/1010 579/5/1011
f 579/5/1011 556/5/1012 558/5/1009
f 580/5/1013 557/5/1014 559/5/1015
f 559/5/1015 582/5/1014 580/5/1013
f 560/5/1016 583/5/1017 581/5/1018
f 581/5/1018 558/5/1017 560/5/1016
f 561/5/1019 584/5/1020 582/5/1021
f 582/5/1021 559/5/1022 561/5/1019
f 583/5/1023 560/5/1024 562/5/1023
f 562/5/1023 585/5/1024 583/5/1023
f 563/5/1025 586/5/1026 584/5/1027
f 584/5/1027 561/5/1028 563/5/1025
f 536/5/1029 564/5/1030 587/5/1031
f 587/5/1031 533/5/1031 536/5/1029
f 501/5/1032 588/5/1033 585/5/1034
f 585/5/1034 562/5/1035 501/5/1032
f 586/5/1036 563/5/1037 538/5/1038
f 538/5/1038 589/5/1039 586/5/1036
f 540/5/1040 590/5/1041 587/5/1042
f 587/5/1042 564/5/1043 540/5/1040
f 504/5/1044 591/5/1045 588/5/1046
f 588/5/1046 501/5/1045 504/5/1044
f 537/5/1047 592/5/1048 589/5/1049
f 589/5/1049 538/5/1050 537/5/1047
f 590/5/1051 540/5/1052 539/5/1053
f 539/5/1053 593/5/1052 590/5/1051
f 591/5/1054 504/5/1055 541/5/1056
f 541/5/1056 594/5/1056 591/5/1054
f 542/5/1057 595/5/1058 592/5/1059
f 592/5/1059 537/5/1060 542/5/1057
f 543/5/1061 596/5/1062 593/5/1061
f 593/5/1061 539/5/1063 543/5/1061
f 535/5/1064 534/5/1065 594/5/1066
f 594/5/1066 541/5/1067 535/5/1064
f 595/5/1068 542/5/1068 544/5/1068
f 544/5/1068 570/5/1069 595/5/1068
f 545/5/1070 571/5/1070 596/5/1071
f 596/5/1071 543/5/1070 545/5/1070
f 597/5/1072 598/5/1073 599/5/1073
f 599/5/1073 600/5/1073 597/5/1072
f 601/5/1074 602/5/1075 575/5/1076
f 575/5/1076 576/5/1077 601/5/1074
f 577/5/1078 603/5/1079 566/5/1079
f 566/5/1079 565/5/1080 577/5/1078
f 578/5/1081 604/5/1082 601/5/1083
f 601/5/1083 576/5/1084 578/5/1081
f 598/5/1085 603/5/1086 577/5/1086
f 577/5/1086 579/5/1086 598/5/1085
f 580/5/1087 605/5/1088 604/5/1087
f 604/5/1087 578/5/1089 580/5/1087
f 581/5/1090 599/5/1090 598/5/1090
f 598/5/1090 579/5/1091 581/5/1090
f 606/5/1092 605/5/1093 580/5/1094
f 580/5/1094 582/5/1095 606/5/1092
f 583/5/1096 607/5/1097 599/5/1098
f 599/5/1098 581/5/1098 583/5/1096
f 584/5/1099 608/5/1099 606/5/1099
f 606/5/1099 582/5/1099 584/5/1099
f 609/5/1100 607/5/1101 583/5/1101
f 583/5/1101 585/5/1101 609/5/1100
f 586/5/1102 610/5/1103 608/5/1104
f 608/5/1104 584/5/1104 586/5/1102
f 611/5/1105 533/5/1106 587/5/1107
f 587/5/1107 612/5/1106 611/5/1105
f 588/5/1108 613/5/1109 609/5/1109
f 609/5/1109 585/5/1109 588/5/1108
f 614/5/1110 610/5/1110 586/5/1110
f 586/5/1110 589/5/1111 614/5/1110
f 612/5/1112 587/5/1112 590/5/1112
f 590/5/1112 615/5/1112 612/5/1112
f 591/5/1113 616/5/1114 613/5/1114
f 613/5/1114 588/5/1115 591/5/1113
f 592/5/1116 617/5/1117 614/5/1116
f 614/5/1116 589/5/1118 592/5/1116
f 593/5/1119 618/5/1120 615/5/1121
f 615/5/1121 590/5/1122 593/5/1119
f 619/5/1123 616/5/1124 591/5/1125
f 591/5/1125 594/5/1125 619/5/1123
f 595/5/1126 620/5/1127 617/5/1126
f 617/5/1126 592/5/1127 595/5/1126
f 618/5/1128 593/5/1128 596/5/1128
f 596/5/1128 621/5/1128 618/5/1128
f 534/5/1129 622/5/1130 619/5/1129
f 619/5/1129 594/5/1131 534/5/1129
f 623/5/1132 620/5/1133 595/5/1134
f 595/5/1134 570/5/1133 623/5/1132
f 571/5/1135 624/5/1136 621/5/1135
f 621/5/1135 596/5/1137 571/5/1135
f 611/5/1138 622/5/1139 534/5/1140
f 534/5/1140 533/5/1141 611/5/1138
f 569/5/1142 625/5/1143 623/5/1144
f 623/5/1144 570/5/1145 569/5/1142
f 572/5/1146 626/5/1146 624/5/1146
f 624/5/1146 571/5/1147 572/5/1146
f 573/5/1148 627/5/1149 625/5/1150
f 625/5/1150 569/5/1149 573/5/1148
f 626/5/1151 572/5/1151 574/5/1152
f 574/5/1152 628/5/1151 626/5/1151
f 567/5/1153 627/5/1154 573/5/1153
f 573/5/1153 568/5/1153 567/5/1153
f 575/5/1155 602/5/1156 628/5/1157
f 628/5/1157 574/5/1158 575/5/1155
f 629/5/1159 630/5/1160 631/5/1160
f 631/5/1160 632/5/1160 629/5/1159
f 606/5/1161 633/5/1161 634/5/1161
f 634/5/1161 605/5/1161 606/5/1161
f 607/5/1162 635/5/1163 600/5/1163
f 600/5/1163 599/5/1163 607/5/1162
f 636/5/1164 633/5/1164 606/5/1164
f 606/5/1164 608/5/1164 636/5/1164
f 609/5/1165 637/5/1165 635/5/1165
f 635/5/1165 607/5/1165 609/5/1165
f 610/5/1166 638/5/1167 636/5/1167
f 636/5/1167 608/5/1167 610/5/1166
f 630/5/1168 629/5/1168 611/5/1168
f 611/5/1168 612/5/1168 630/5/1168
f 639/5/1169 637/5/1169 609/5/1169
f 609/5/1169 613/5/1169 639/5/1169
f 614/5/1170 640/5/1170 638/5/1170
f 638/5/1170 610/5/1170 614/5/1170
f 615/5/1171 641/5/1172 630/5/1172
f 630/5/1172 612/5/1172 615/5/1171
f 616/5/1173 642/5/1173 639/5/1173
f 639/5/1173 613/5/1173 616/5/1173
f 643/5/1174 640/5/1174 614/5/1175
f 614/5/1175 617/5/1174 643/5/1174
f 618/5/1176 644/5/1177 641/5/1177
f 641/5/1177 615/5/1177 618/5/1176
f 619/5/1178 645/5/1178 642/5/1178
f 642/5/1178 616/5/1178 619/5/1178
f 620/5/1179 646/5/1179 643/5/1179
f 643/5/1179 617/5/1179 620/5/1179
f 647/5/1180 644/5/1180 618/5/1180
f 618/5/1180 621/5/1180 647/5/1180
f 648/5/1181 645/5/1181 619/5/1181
f 619/5/1181 622/5/1181 648/5/1181
f 623/5/1182 649/5/1182 646/5/1182
f 646/5/1182 620/5/1182 623/5/1182
f 624/5/1183 650/5/1183 647/5/1183
f 647/5/1183 621/5/1183 624/5/1183
f 648/5/1184 622/5/1184 611/5/1184
f 611/5/1184 629/5/1184 648/5/1184
f 649/5/1185 623/5/1185 625/5/1185
f 625/5/1185 651/5/1185 649/5/1185
f 626/5/1186 652/5/1187 650/5/1188
f 650/5/1188 624/5/1187 626/5/1186
f 627/5/1189 653/5/1189 651/5/1189
f 651/5/1189 625/5/1189 627/5/1189
f 654/5/1190 652/5/1190 626/5/1190
f 626/5/1190 628/5/1190 654/5/1190
f 567/5/1191 655/5/1191 653/5/1191
f 653/5/1191 627/5/1191 567/5/1191
f 602/5/1192 656/5/1192 654/5/1193
f 654/5/1193 628/5/1192 602/5/1192
f 655/5/1194 567/5/1194 566/5/1194
f 566/5/1194 657/5/1194 655/5/1194
f 601/5/1195 658/5/1196 656/5/1195
f 656/5/1195 602/5/1196 601/5/1195
f 603/5/1197 659/5/1197 657/5/1197
f 657/5/1197 566/5/1197 603/5/1197
f 660/5/1198 658/5/1199 601/5/1199
f 601/5/1199 604/5/1199 660/5/1198
f 598/5/1200 597/5/1200 659/5/1200
f 659/5/1200 603/5/1200 598/5/1200
f 605/5/1201 634/5/1202 660/5/1203
f 660/5/1203 604/5/1202 605/5/1201
f 661/5/1204 662/5/1205 663/5/1204
f 663/5/1204 664/5/1206 661/5/1204
f 639/5/1207 665/5/1208 666/5/1209
f 666/5/1209 637/5/1210 639/5/1207
f 640/5/1211 667/5/1212 668/5/1213
f 668/5/1213 638/5/1214 640/5/1211
f 641/5/1215 669/5/1216 631/5/1217
f 631/5/1217 630/5/1218 641/5/1215
f 670/5/1219 665/5/1220 639/5/1219
f 639/5/1219 642/5/1221 670/5/1219
f 643/5/1222 671/5/1223 667/5/1222
f 667/5/1222 640/5/1224 643/5/1222
f 644/5/1225 664/5/1226 669/5/1226
f 669/5/1226 641/5/1225 644/5/1225
f 645/5/1227 672/5/1228 670/5/1229
f 670/5/1229 642/5/1230 645/5/1227
f 671/5/1231 643/5/1232 646/5/1233
f 646/5/1233 673/5/1234 671/5/1231
f 647/5/1235 661/5/1235 664/5/1236
f 664/5/1236 644/5/1235 647/5/1235
f 648/5/1237 674/5/1238 672/5/1239
f 672/5/1239 645/5/1240 648/5/1237
f 649/5/1241 675/5/1242 673/5/1243
f 673/5/1243 646/5/1244 649/5/1241
f 661/5/1245 647/5/1246 650/5/1247
f 650/5/1247 676/5/1248 661/5/1245
f 674/5/1249 648/5/1250 629/5/1249
f 629/5/1249 632/5/1249 674/5/1249
f 651/5/1251 677/5/1252 675/5/1253
f 675/5/1253 649/5/1254 651/5/1251
f 652/5/1255 678/5/1256 676/5/1257
f 676/5/1257 650/5/1258 652/5/1255
f 679/5/1259 677/5/1260 651/5/1261
f 651/5/1261 653/5/1262 679/5/1259
f 654/5/1263 680/5/1264 678/5/1265
f 678/5/1265 652/5/1266 654/5/1263
f 655/5/1267 681/5/1268 679/5/1269
f 679/5/1269 653/5/1268 655/5/1267
f 682/5/1270 680/5/1271 654/5/1272
f 654/5/1272 656/5/1271 682/5/1270
f 657/5/1273 683/5/1274 681/5/1274
f 681/5/1274 655/5/1273 657/5/1273
f 658/5/1275 684/5/1276 682/5/1277
f 682/5/1277 656/5/1278 658/5/1275
f 683/5/1279 657/5/1280 659/5/1281
f 659/5/1281 685/5/1282 683/5/1279
f 660/5/1283 686/5/1284 684/5/1285
f 684/5/1285 658/5/1286 660/5/1283
f 597/5/1287 687/5/1288 685/5/1289
f 685/5/1289 659/5/1290 597/5/1287
f 688/5/1291 686/5/1292 660/5/1293
f 660/5/1293 634/5/1294 688/5/1291
f 600/5/1295 689/5/1296 687/5/1297
f 687/5/1297 597/5/1298 600/5/1295
f 633/5/1299 690/5/1300 688/5/1301
f 688/5/1301 634/5/1300 633/5/1299
f 691/5/1302 689/5/1303 600/5/1304
f 600/5/1304 635/5/1305 691/5/1302
f 636/5/1306 692/5/1306 690/5/1307
f 690/5/1307 633/5/1308 636/5/1306
f 637/5/1309 666/5/1310 691/5/1311
f 691/5/1311 635/5/1309 637/5/1309
f 692/5/1312 636/5/1312 638/5/1312
f 638/5/1312 668/5/1313 692/5/1312
f 693/5/1314 694/5/1315 695/5/1316
f 695/5/1316 696/5/1315 693/5/1314
f 674/5/1317 697/5/1318 698/5/1317
f 698/5/1317 672/5/1319 674/5/1317
f 699/5/1320 700/5/1321 673/5/1321
f 673/5/1321 675/5/1321 699/5/1320
f 676/5/1322 701/5/1323 662/5/1324
f 662/5/1324 661/5/1325 676/5/1322
f 702/5/1326 697/5/1327 674/5/1328
f 674/5/1328 632/5/1329 702/5/1326
f 677/5/1330 703/5/1330 699/5/1330
f 699/5/1330 675/5/1330 677/5/1330
f 701/5/1331 676/5/1332 678/5/1333
f 678/5/1333 695/5/1334 701/5/1331
f 679/5/1335 704/5/1336 703/5/1337
f 703/5/1337 677/5/1338 679/5/1335
f 680/5/1339 696/5/1340 695/5/1341
f 695/5/1341 678/5/1342 680/5/1339
f 705/5/1343 704/5/1344 679/5/1345
f 679/5/1345 681/5/1345 705/5/1343
f 682/5/1346 706/5/1347 696/5/1348
f 696/5/1348 680/5/1349 682/5/1346
f 683/5/1350 707/5/1350 705/5/1350
f 705/5/1350 681/5/1350 683/5/1350
f 708/5/1351 706/5/1352 682/5/1353
f 682/5/1353 684/5/1354 708/5/1351
f 685/5/1355 709/5/1356 707/5/1357
f 707/5/1357 683/5/1358 685/5/1355
f 686/5/1359 710/5/1360 708/5/1361
f 708/5/1361 684/5/1362 686/5/1359
f 711/5/1363 709/5/1364 685/5/1365
f 685/5/1365 687/5/1366 711/5/1363
f 688/5/1367 712/5/1368 710/5/1369
f 710/5/1369 686/5/1370 688/5/1367
f 689/5/1371 713/5/1372 711/5/1373
f 711/5/1373 687/5/1374 689/5/1371
f 714/5/1375 712/5/1376 688/5/1377
f 688/5/1377 690/5/1378 714/5/1375
f 691/5/1379 715/5/1380 713/5/1381
f 713/5/1381 689/5/1382 691/5/1379
f 692/5/1383 716/5/1384 714/5/1385
f 714/5/1385 690/5/1385 692/5/1383
f 717/5/1386 715/5/1386 691/5/1387
f 691/5/1387 666/5/1387 717/5/1386
f 668/5/1388 718/5/1389 716/5/1390
f 716/5/1390 692/5/1391 668/5/1388
f 632/5/1392 631/5/1393 719/5/1394
f 719/5/1394 702/5/1394 632/5/1392
f 665/5/1395 720/5/1396 717/5/1397
f 717/5/1397 666/5/1398 665/5/1395
f 721/5/1399 718/5/1400 668/5/1399
f 668/5/1399 667/5/1401 721/5/1399
f 722/5/1402 719/5/1403 631/5/1404
f 631/5/1404 669/5/1405 722/5/1402
f 670/5/1406 723/5/1407 720/5/1408
f 720/5/1408 665/5/1409 670/5/1406
f 671/5/1410 724/5/1411 721/5/1411
f 721/5/1411 667/5/1412 671/5/1410
f 663/5/1413 722/5/1414 669/5/1415
f 669/5/1415 664/5/1416 663/5/1413
f 698/5/1417 723/5/1418 670/5/1417
f 670/5/1417 672/5/1417 698/5/1417
f 673/5/1419 700/5/1420 724/5/1419
f 724/5/1419 671/5/1421 673/5/1419
f 725/5/1422 726/5/1423 727/5/1424
f 727/5/1424 728/5/1425 725/5/1422
f 705/5/1426 729/5/1426 730/5/1426
f 730/5/1426 704/5/1426 705/5/1426
f 706/5/1427 731/5/1427 693/5/1428
f 693/5/1428 696/5/1427 706/5/1427
f 729/5/1429 705/5/1430 707/5/1430
f 707/5/1430 732/5/1430 729/5/1429
f 708/5/1431 728/5/1432 731/5/1431
f 731/5/1431 706/5/1432 708/5/1431
f 709/5/1433 733/5/1434 732/5/1434
f 732/5/1434 707/5/1434 709/5/1433
f 725/5/1435 728/5/1436 708/5/1437
f 708/5/1437 710/5/1436 725/5/1435
f 711/5/1438 734/5/1439 733/5/1440
f 733/5/1440 709/5/1441 711/5/1438
f 712/5/1442 735/5/1442 725/5/1443
f 725/5/1443 710/5/1442 712/5/1442
f 736/5/1444 734/5/1445 711/5/1446
f 711/5/1446 713/5/1445 736/5/1444
f 714/5/1447 737/5/1447 735/5/1447
f 735/5/1447 712/5/1447 714/5/1447
f 715/5/1448 738/5/1449 736/5/1449
f 736/5/1449 713/5/1449 715/5/1448
f 739/5/1450 737/5/1450 714/5/1450
f 714/5/1450 716/5/1450 739/5/1450
f 717/5/1451 740/5/1452 738/5/1453
f 738/5/1453 715/5/1452 717/5/1451
f 718/5/1454 741/5/1455 739/5/1456
f 739/5/1456 716/5/1455 718/5/1454
f 742/5/1457 743/5/1458 702/5/1458
f 702/5/1458 719/5/1458 742/5/1457
f 744/5/1459 740/5/1459 717/5/1460
f 717/5/1460 720/5/1459 744/5/1459
f 721/5/1461 745/5/1461 741/5/1462
f 741/5/1462 718/5/1461 721/5/1461
f 722/5/1463 746/5/1463 742/5/1463
f 742/5/1463 719/5/1463 722/5/1463
f 723/5/1464 747/5/1465 744/5/1465
f 744/5/1465 720/5/1465 723/5/1464
f 745/5/1466 721/5/1467 724/5/1467
f 724/5/1467 748/5/1467 745/5/1466
f 663/5/1468 749/5/1468 746/5/1468
f 746/5/1468 722/5/1468 663/5/1468
f 698/5/1469 750/5/1469 747/5/1470
f 747/5/1470 723/5/1469 698/5/1469
f 700/5/1471 751/5/1471 748/5/1471
f 748/5/1471 724/5/1471 700/5/1471
f 752/5/1472 749/5/1473 663/5/1473
f 663/5/1473 662/5/1473 752/5/1472
f 753/5/1474 750/5/1475 698/5/1475
f 698/5/1475 697/5/1475 753/5/1474
f 699/5/1476 754/5/1477 751/5/1477
f 751/5/1477 700/5/1477 699/5/1476
f 701/5/1478 755/5/1478 752/5/1479
f 752/5/1479 662/5/1478 701/5/1478
f 743/5/1480 753/5/1480 697/5/1480
f 697/5/1480 702/5/1480 743/5/1480
f 754/5/1481 699/5/1481 703/5/1481
f 703/5/1481 756/5/1481 754/5/1481
f 695/5/1482 694/5/1483 755/5/1483
f 755/5/1483 701/5/1483 695/5/1482
f 704/5/1484 730/5/1485 756/5/1486
f 756/5/1486 703/5/1485 704/5/1484
f 757/5/1487 758/5/1487 759/5/1488
f 759/5/1488 760/5/1489 757/5/1487
f 734/5/1490 761/5/1491 762/5/1492
f 762/5/1492 733/5/1493 734/5/1490
f 763/5/1494 726/5/1495 725/5/1496
f 725/5/1496 735/5/1494 763/5/1494
f 736/5/1497 764/5/1498 761/5/1497
f 761/5/1497 734/5/1498 736/5/1497
f 737/5/1499 760/5/1500 763/5/1501
f 763/5/1501 735/5/1502 737/5/1499
f 764/5/1503 736/5/1504 738/5/1503
f 738/5/1503 765/5/1505 764/5/1503
f 739/5/1506 757/5/1507 760/5/1508
f 760/5/1508 737/5/1509 739/5/1506
f 740/5/1510 766/5/1510 765/5/1511
f 765/5/1511 738/5/1512 740/5/1510
f 757/5/1513 739/5/1513 741/5/1514
f 741/5/1514 767/5/1513 757/5/1513
f 743/5/1515 742/5/1516 768/5/1515
f 768/5/1515 769/5/1516 743/5/1515
f 744/5/1517 770/5/1518 766/5/1519
f 766/5/1519 740/5/1520 744/5/1517
f 745/5/1521 771/5/1522 767/5/1523
f 767/5/1523 741/5/1521 745/5/1521
f 746/5/1524 772/5/1525 768/5/1524
f 768/5/1524 742/5/1526 746/5/1524
f 773/5/1527 770/5/1527 744/5/1527
f 744/5/1527 747/5/1528 773/5/1527
f 748/5/1529 774/5/1529 771/5/1530
f 771/5/1530 745/5/1531 748/5/1529
f 749/5/1532 775/5/1533 772/5/1534
f 772/5/1534 746/5/1535 749/5/1532
f 750/5/1536 776/5/1537 773/5/1536
f 773/5/1536 747/5/1538 750/5/1536
f 777/5/1539 774/5/1540 748/5/1541
f 748/5/1541 751/5/1542 777/5/1539
f 752/5/1543 778/5/1544 775/5/1543
f 775/5/1543 749/5/1545 752/5/1543
f 753/5/1546 779/5/1547 776/5/1548
f 776/5/1548 750/5/1549 753/5/1546
f 754/5/1550 780/5/1551 777/5/1550
f 777/5/1550 751/5/1552 754/5/1550
f 778/5/1553 752/5/1554 755/5/1555
f 755/5/1555 781/5/1556 778/5/1553
f 769/5/1557 779/5/1558 753/5/1557
f 753/5/1557 743/5/1559 769/5/1557
f 756/5/1560 782/5/1561 780/5/1560
f 780/5/1560 754/5/1560 756/5/1560
f 694/5/1562 783/5/1562 781/5/1563
f 781/5/1563 755/5/1564 694/5/1562
f 784/5/1565 782/5/1566 756/5/1567
f 756/5/1567 730/5/1568 784/5/1565
f 693/5/1569 785/5/1570 783/5/1571
f 783/5/1571 694/5/1572 693/5/1569
f 729/5/1573 786/5/1574 784/5/1575
f 784/5/1575 730/5/1576 729/5/1573
f 787/5/1577 785/5/1578 693/5/1577
f 693/5/1577 731/5/1577 787/5/1577
f 732/5/1579 788/5/1580 786/5/1581
f 786/5/1581 729/5/1582 732/5/1579
f 728/5/1583 727/5/1584 787/5/1583
f 787/5/1583 731/5/1583 728/5/1583
f 788/5/1585 732/5/1586 733/5/1587
f 733/5/1587 762/5/1588 788/5/1585
f 789/5/1589 790/5/1590 791/5/1589
f 791/5/1589 792/5/1590 789/5/1589
f 765/5/1591 766/5/1591 793/5/1591
f 793/5/1591 794/5/1592 765/5/1591
f 767/5/1593 795/5/1594 758/5/1595
f 758/5/1595 757/5/1596 767/5/1593
f 769/5/1597 768/5/1598 796/5/1598
f 796/5/1598 797/5/1598 769/5/1597
f 793/5/1599 766/5/1599 770/5/1599
f 770/5/1599 798/5/1599 793/5/1599
f 767/5/1600 771/5/1601 792/5/1602
f 792/5/1602 795/5/1602 767/5/1600
f 796/5/1603 768/5/1604 772/5/1605
f 772/5/1605 799/5/1606 796/5/1603
f 773/5/1607 800/5/1608 798/5/1607
f 798/5/1607 770/5/1607 773/5/1607
f 792/5/1609 771/5/1610 774/5/1609
f 774/5/1609 789/5/1609 792/5/1609
f 801/5/1611 799/5/1612 772/5/1613
f 772/5/1613 775/5/1614 801/5/1611
f 773/5/1615 776/5/1616 802/5/1617
f 802/5/1617 800/5/1615 773/5/1615
f 777/5/1618 803/5/1618 789/5/1618
f 789/5/1618 774/5/1618 777/5/1618
f 778/5/1619 804/5/1620 801/5/1619
f 801/5/1619 775/5/1621 778/5/1619
f 802/5/1622 776/5/1623 779/5/1624
f 779/5/1624 805/5/1625 802/5/1622
f 777/5/1626 780/5/1627 806/5/1628
f 806/5/1628 803/5/1629 777/5/1626
f 781/5/1630 807/5/1630 804/5/1630
f 804/5/1630 778/5/1630 781/5/1630
f 779/5/1631 769/5/1631 797/5/1631
f 797/5/1631 805/5/1631 779/5/1631
f 806/5/1632 780/5/1633 782/5/1634
f 782/5/1634 808/5/1635 806/5/1632
f 809/5/1636 807/5/1637 781/5/1638
f 781/5/1638 783/5/1639 809/5/1636
f 784/5/1640 810/5/1640 808/5/1641
f 808/5/1641 782/5/1640 784/5/1640
f 785/5/1642 811/5/1643 809/5/1643
f 809/5/1643 783/5/1644 785/5/1642
f 784/5/1645 786/5/1646 812/5/1645
f 812/5/1645 810/5/1647 784/5/1645
f 787/5/1648 813/5/1648 811/5/1649
f 811/5/1649 785/5/1648 787/5/1648
f 812/5/1650 786/5/1651 788/5/1650
f 788/5/1650 814/5/1652 812/5/1650
f 787/5/1653 727/5/1654 815/5/1655
f 815/5/1655 813/5/1656 787/5/1653
f 762/5/1657 816/5/1657 814/5/1657
f 814/5/1657 788/5/1657 762/5/1657
f 815/5/1658 727/5/1658 726/5/1659
f 726/5/1659 817/5/1658 815/5/1658
f 762/5/1660 761/5/1661 818/5/1662
f 818/5/1662 816/5/1660 762/5/1660
f 819/5/1663 817/5/1663 726/5/1663
f 726/5/1663 763/5/1664 819/5/1663
f 818/5/1665 761/5/1666 764/5/1667
f 764/5/1667 820/5/1665 818/5/1665
f 819/5/1668 763/5/1668 760/5/1668
f 760/5/1668 759/5/1668 819/5/1668
f 765/5/1669 794/5/1670 820/5/1671
f 820/5/1671 764/5/1670 765/5/1669
f 821/5/1672 822/5/1672 823/5/1672
f 823/5/1672 824/5/1672 821/5/1672
f 801/5/1673 825/5/1673 826/5/1673
f 826/5/1673 799/5/1673 801/5/1673
f 802/5/1674 827/5/1674 828/5/1674
f 828/5/1674 800/5/1674 802/5/1674
f 790/5/1675 789/5/1675 803/5/1675
f 803/5/1675 829/5/1675 790/5/1675
f 801/5/1676 804/5/1676 830/5/1676
f 830/5/1676 825/5/1676 801/5/1676
f 805/5/1677 831/5/1677 827/5/1677
f 827/5/1677 802/5/1677 805/5/1677
f 806/5/1678 824/5/1678 829/5/1678
f 829/5/1678 803/5/1678 806/5/1678
f 830/5/1679 804/5/1679 807/5/1679
f 807/5/1679 832/5/1679 830/5/1679
f 833/5/1680 831/5/1680 805/5/1680
f 805/5/1680 797/5/1680 833/5/1680
f 808/5/1681 821/5/1681 824/5/1681
f 824/5/1681 806/5/1681 808/5/1681
f 809/5/1682 834/5/1682 832/5/1682
f 832/5/1682 807/5/1682 809/5/1682
f 821/5/1683 808/5/1683 810/5/1683
f 810/5/1683 835/5/1683 821/5/1683
f 809/5/1684 811/5/1684 836/5/1684
f 836/5/1684 834/5/1684 809/5/1684
f 812/5/1685 837/5/1685 835/5/1685
f 835/5/1685 810/5/1685 812/5/1685
f 836/5/1686 811/5/1686 813/5/1686
f 813/5/1686 838/5/1686 836/5/1686
f 814/5/1687 839/5/1687 837/5/1687
f 837/5/1687 812/5/1687 814/5/1687
f 815/5/1688 840/5/1689 838/5/1689
f 838/5/1689 813/5/1689 815/5/1688
f 839/5/1690 814/5/1690 816/5/1690
f 816/5/1690 841/5/1690 839/5/1690
f 817/5/1691 842/5/1691 840/5/1691
f 840/5/1691 815/5/1691 817/5/1691
f 818/5/1692 843/5/1692 841/5/1693
f 841/5/1693 816/5/1693 818/5/1692
f 817/5/1694 819/5/1694 844/5/1694
f 844/5/1694 842/5/1694 817/5/1694
f 820/5/1695 845/5/1696 843/5/1697
f 843/5/1697 818/5/1698 820/5/1695
f 846/5/1699 844/5/1699 819/5/1699
f 819/5/1699 759/5/1699 846/5/1699
f 845/5/1700 820/5/1700 794/5/1700
f 794/5/1700 847/5/1700 845/5/1700
f 846/5/1701 759/5/1701 758/5/1701
f 758/5/1701 848/5/1701 846/5/1701
f 793/5/1702 849/5/1702 847/5/1702
f 847/5/1702 794/5/1702 793/5/1702
f 848/5/1703 758/5/1703 795/5/1703
f 795/5/1703 850/5/1703 848/5/1703
f 796/5/1704 851/5/1704 833/5/1704
f 833/5/1704 797/5/1704 796/5/1704
f 798/5/1705 852/5/1705 849/5/1705
f 849/5/1705 793/5/1705 798/5/1705
f 792/5/1706 791/5/1706 850/5/1706
f 850/5/1706 795/5/1706 792/5/1706
f 851/5/1707 796/5/1707 799/5/1707
f 799/5/1707 826/5/1707 851/5/1707
f 852/5/1708 798/5/1708 800/5/1708
f 800/5/1708 828/5/1708 852/5/1708
f 853/5/1709 854/5/1709 855/5/1709
f 855/5/1709 856/5/1709 853/5/1709
f 857/5/1710 832/5/1711 834/5/1712
f 834/5/1712 858/5/1713 857/5/1710
f 835/5/1714 859/5/1714 822/5/1715
f 822/5/1715 821/5/1714 835/5/1714
f 836/5/1716 860/5/1717 858/5/1718
f 858/5/1718 834/5/1719 836/5/1716
f 859/5/1720 835/5/1721 837/5/1722
f 837/5/1722 856/5/1723 859/5/1720
f 838/5/1724 861/5/1725 860/5/1725
f 860/5/1725 836/5/1726 838/5/1724
f 839/5/1727 853/5/1728 856/5/1727
f 856/5/1727 837/5/1727 839/5/1727
f 861/5/1729 838/5/1729 840/5/1729
f 840/5/1729 862/5/1730 861/5/1729
f 841/5/1731 863/5/1732 853/5/1733
f 853/5/1733 839/5/1733 841/5/1731
f 842/5/1734 864/5/1735 862/5/1736
f 862/5/1736 840/5/1737 842/5/1734
f 863/5/1738 841/5/1738 843/5/1739
f 843/5/1739 865/5/1740 863/5/1738
f 844/5/1741 866/5/1741 864/5/1742
f 864/5/1742 842/5/1741 844/5/1741
f 845/5/1743 867/5/1744 865/5/1743
f 865/5/1743 843/5/1745 845/5/1743
f 866/5/1746 844/5/1746 846/5/1746
f 846/5/1746 868/5/1746 866/5/1746
f 847/5/1747 869/5/1747 867/5/1748
f 867/5/1748 845/5/1747 847/5/1747
f 848/5/1749 870/5/1750 868/5/1751
f 868/5/1751 846/5/1752 848/5/1749
f 869/5/1753 847/5/1754 849/5/1755
f 849/5/1755 871/5/1755 869/5/1753
f 850/5/1756 872/5/1757 870/5/1758
f 870/5/1758 848/5/1759 850/5/1756
f 833/5/1760 851/5/1760 873/5/1761
f 873/5/1761 874/5/1761 833/5/1760
f 852/5/1762 875/5/1763 871/5/1764
f 871/5/1764 849/5/1765 852/5/1762
f 872/5/1766 850/5/1767 791/5/1768
f 791/5/1768 876/5/1769 872/5/1766
f 826/5/1770 877/5/1771 873/5/1772
f 873/5/1772 851/5/1770 826/5/1770
f 828/5/1773 878/5/1773 875/5/1774
f 875/5/1774 852/5/1775 828/5/1773
f 790/5/1776 879/5/1777 876/5/1777
f 876/5/1777 791/5/1777 790/5/1776
f 877/5/1778 826/5/1779 825/5/1779
f 825/5/1779 880/5/1779 877/5/1778
f 878/5/1780 828/5/1781 827/5/1780
f 827/5/1780 881/5/1782 878/5/1780
f 829/5/1783 882/5/1784 879/5/1783
f 879/5/1783 790/5/1785 829/5/1783
f 830/5/1786 883/5/1787 880/5/1788
f 880/5/1788 825/5/1789 830/5/1786
f 831/5/1790 884/5/1791 881/5/1792
f 881/5/1792 827/5/1793 831/5/1790
f 882/5/1794 829/5/1795 824/5/1796
f 824/5/1796 823/5/1797 882/5/1794
f 832/5/1798 857/5/1799 883/5/1800
f 883/5/1800 830/5/1800 832/5/1798
f 874/5/1801 884/5/1802 831/5/1802
f 831/5/1802 833/5/1803 874/5/1801
f 885/5/1804 886/5/1805 887/5/1806
f 887/5/1806 888/5/1805 885/5/1804
f 862/5/1807 889/5/1807 890/5/1807
f 890/5/1807 861/5/1807 862/5/1807
f 863/5/1808 891/5/1808 854/5/1808
f 854/5/1808 853/5/1808 863/5/1808
f 864/5/1809 892/5/1809 889/5/1809
f 889/5/1809 862/5/1810 864/5/1809
f 865/5/1811 888/5/1812 891/5/1813
f 891/5/1813 863/5/1814 865/5/1811
f 893/5/1815 892/5/1815 864/5/1815
f 864/5/1815 866/5/1815 893/5/1815
f 867/5/1816 885/5/1817 888/5/1818
f 888/5/1818 865/5/1819 867/5/1816
f 868/5/1820 894/5/1820 893/5/1821
f 893/5/1821 866/5/1822 868/5/1820
f 895/5/1823 885/5/1823 867/5/1824
f 867/5/1824 869/5/1823 895/5/1823
f 894/5/1825 868/5/1826 870/5/1826
f 870/5/1826 896/5/1827 894/5/1825
f 897/5/1828 895/5/1828 869/5/1828
f 869/5/1828 871/5/1828 897/5/1828
f 872/5/1829 898/5/1829 896/5/1830
f 896/5/1830 870/5/1829 872/5/1829
f 899/5/1831 874/5/1832 873/5/1833
f 873/5/1833 900/5/1832 899/5/1831
f 901/5/1834 897/5/1834 871/5/1834
f 871/5/1834 875/5/1834 901/5/1834
f 876/5/1835 902/5/1836 898/5/1835
f 898/5/1835 872/5/1837 876/5/1835
f 900/5/1838 873/5/1839 877/5/1839
f 877/5/1839 903/5/1839 900/5/1838
f 901/5/1840 875/5/1841 878/5/1840
f 878/5/1840 904/5/1842 901/5/1840
f 879/5/1843 905/5/1844 902/5/1843
f 902/5/1843 876/5/1845 879/5/1843
f 880/5/1846 906/5/1847 903/5/1846
f 903/5/1846 877/5/1846 880/5/1846
f 881/5/1848 907/5/1849 904/5/1848
f 904/5/1848 878/5/1849 881/5/1848
f 882/5/1850 908/5/1851 905/5/1850
f 905/5/1850 879/5/1852 882/5/1850
f 906/5/1853 880/5/1854 883/5/1854
f 883/5/1854 909/5/1855 906/5/1853
f 884/5/1856 910/5/1856 907/5/1856
f 907/5/1856 881/5/1857 884/5/1856
f 823/5/1858 911/5/1858 908/5/1858
f 908/5/1858 882/5/1858 823/5/1858
f 857/5/1859 912/5/1859 909/5/1859
f 909/5/1859 883/5/1859 857/5/1859
f 899/5/1860 910/5/1861 884/5/1862
f 884/5/1862 874/5/1863 899/5/1860
f 822/5/1864 913/5/1864 911/5/1864
f 911/5/1864 823/5/1864 822/5/1864
f 858/5/1865 914/5/1865 912/5/1865
f 912/5/1865 857/5/1865 858/5/1865
f 859/5/1866 915/5/1867 913/5/1867
f 913/5/1867 822/5/1866 859/5/1866
f 914/5/1868 858/5/1869 860/5/1870
f 860/5/1870 916/5/1868 914/5/1868
f 856/5/1871 855/5/1872 915/5/1873
f 915/5/1873 859/5/1873 856/5/1871
f 890/5/1874 916/5/1874 860/5/1874
f 860/5/1874 861/5/1875 890/5/1874
f 917/5/1876 918/5/1877 919/5/1878
f 919/5/1878 920/5/1877 917/5/1876
f 921/5/1879 922/5/1879 893/5/1879
f 893/5/1879 894/5/1879 921/5/1879
f 923/5/1880 886/5/1881 885/5/1882
f 885/5/1882 895/5/1881 923/5/1880
f 896/5/1883 924/5/1883 921/5/1883
f 921/5/1883 894/5/1883 896/5/1883
f 925/5/1884 923/5/1885 895/5/1886
f 895/5/1886 897/5/1885 925/5/1884
f 898/5/1887 926/5/1887 924/5/1887
f 924/5/1887 896/5/1887 898/5/1887
f 899/5/1888 900/5/1888 927/5/1888
f 927/5/1888 928/5/1888 899/5/1888
f 901/5/1889 929/5/1889 925/5/1890
f 925/5/1890 897/5/1889 901/5/1889
f 926/5/1891 898/5/1891 902/5/1891
f 902/5/1891 930/5/1891 926/5/1891
f 903/5/1892 931/5/1892 927/5/1892
f 927/5/1892 900/5/1892 903/5/1892
f 929/5/1893 901/5/1894 904/5/1894
f 904/5/1894 932/5/1894 929/5/1893
f 905/5/1895 933/5/1895 930/5/1895
f 930/5/1895 902/5/1895 905/5/1895
f 906/5/1896 934/5/1896 931/5/1896
f 931/5/1896 903/5/1896 906/5/1896
f 935/5/1897 932/5/1898 904/5/1899
f 904/5/1899 907/5/1898 935/5/1897
f 936/5/1900 933/5/1900 905/5/1900
f 905/5/1900 908/5/1900 936/5/1900
f 909/5/1901 937/5/1901 934/5/1901
f 934/5/1901 906/5/1901 909/5/1901
f 910/5/1902 938/5/1902 935/5/1902
f 935/5/1902 907/5/1902 910/5/1902
f 936/5/1903 908/5/1903 911/5/1904
f 911/5/1904 919/5/1903 936/5/1903
f 912/5/1905 939/5/1905 937/5/1905
f 937/5/1905 909/5/1905 912/5/1905
f 928/5/1906 938/5/1906 910/5/1906
f 910/5/1906 899/5/1906 928/5/1906
f 913/5/1907 920/5/1907 919/5/1908
f 919/5/1908 911/5/1907 913/5/1907
f 939/5/1909 912/5/1909 914/5/1909
f 914/5/1909 940/5/1909 939/5/1909
f 920/5/1910 913/5/1910 915/5/1910
f 915/5/1910 941/5/1910 920/5/1910
f 916/5/1911 942/5/1911 940/5/1912
f 940/5/1912 914/5/1911 916/5/1911
f 941/5/1913 915/5/1914 855/5/1915
f 855/5/1915 943/5/1914 941/5/1913
f 944/5/1916 942/5/1916 916/5/1916
f 916/5/1916 890/5/1916 944/5/1916
f 945/5/1917 943/5/1918 855/5/1918
f 855/5/1918 854/5/1918 945/5/1917
f 946/5/1919 944/5/1919 890/5/1920
f 890/5/1920 889/5/1919 946/5/1919
f 891/5/1921 947/5/1922 945/5/1923
f 945/5/1923 854/5/1922 891/5/1921
f 892/5/1924 948/5/1924 946/5/1924
f 946/5/1924 889/5/1924 892/5/1924
f 947/5/1925 891/5/1926 888/5/1925
f 888/5/1925 887/5/1927 947/5/1925
f 892/5/1928 893/5/1928 922/5/1928
f 922/5/1928 948/5/1928 892/5/1928
f 949/5/1929 950/5/1929 951/5/1930
f 951/5/1930 952/5/1929 949/5/1929
f 939/5/1931 940/5/1931 953/5/1932
f 953/5/1932 954/5/1933 939/5/1931
f 941/5/1934 955/5/1935 917/5/1936
f 917/5/1936 920/5/1935 941/5/1934
f 956/5/1937 953/5/1938 940/5/1938
f 940/5/1938 942/5/1939 956/5/1937
f 943/5/1940 949/5/1940 955/5/1940
f 955/5/1940 941/5/1940 943/5/1940
f 944/5/1941 957/5/1942 956/5/1943
f 956/5/1943 942/5/1944 944/5/1941
f 949/5/1945 943/5/1945 945/5/1946
f 945/5/1946 950/5/1947 949/5/1945
f 946/5/1948 958/5/1949 957/5/1950
f 957/5/1950 944/5/1951 946/5/1948
f 947/5/1952 959/5/1953 950/5/1954
f 950/5/1954 945/5/1955 947/5/1952
f 946/5/1956 948/5/1957 960/5/1957
f 960/5/1957 958/5/1958 946/5/1956
f 947/5/1959 887/5/1960 961/5/1961
f 961/5/1961 959/5/1960 947/5/1959
f 922/5/1962 962/5/1963 960/5/1964
f 960/5/1964 948/5/1965 922/5/1962
f 963/5/1966 961/5/1967 887/5/1968
f 887/5/1968 886/5/1967 963/5/1966
f 964/5/1969 962/5/1970 922/5/1971
f 922/5/1971 921/5/1972 964/5/1969
f 963/5/1973 886/5/1974 923/5/1973
f 923/5/1973 965/5/1975 963/5/1973
f 966/5/1976 964/5/1977 921/5/1978
f 921/5/1978 924/5/1979 966/5/1976
f 925/5/1980 967/5/1980 965/5/1981
f 965/5/1981 923/5/1982 925/5/1980
f 924/5/1983 926/5/1984 968/5/1985
f 968/5/1985 966/5/1986 924/5/1983
f 969/5/1987 970/5/1988 928/5/1989
f 928/5/1989 927/5/1988 969/5/1987
f 925/5/1990 929/5/1990 971/5/1990
f 971/5/1990 967/5/1990 925/5/1990
f 968/5/1991 926/5/1992 930/5/1993
f 930/5/1993 972/5/1994 968/5/1991
f 969/5/1995 927/5/1995 931/5/1995
f 931/5/1995 973/5/1996 969/5/1995
f 932/5/1997 974/5/1997 971/5/1998
f 971/5/1998 929/5/1997 932/5/1997
f 930/5/1999 933/5/2000 975/5/2001
f 975/5/2001 972/5/2002 930/5/1999
f 931/5/2003 934/5/2004 976/5/2005
f 976/5/2005 973/5/2006 931/5/2003
f 977/5/2007 974/5/2008 932/5/2009
f 932/5/2009 935/5/2010 977/5/2007
f 936/5/2011 978/5/2012 975/5/2013
f 975/5/2013 933/5/2014 936/5/2011
f 979/5/2015 976/5/2016 934/5/2016
f 934/5/2016 937/5/2015 979/5/2015
f 980/5/2017 977/5/2018 935/5/2019
f 935/5/2019 938/5/2020 980/5/2017
f 978/5/2021 936/5/2022 919/5/2022
f 919/5/2022 918/5/2021 978/5/2021
f 939/5/2023 954/5/2024 979/5/2025
f 979/5/2025 937/5/2026 939/5/2023
f 938/5/2027 928/5/2028 970/5/2029
f 970/5/2029 980/5/2030 938/5/2027
f 989/5/2031 988/5/2032 957/5/2031
f 957/5/2031 958/5/2032 989/5/2031
f 1001/5/2033 951/5/2033 950/5/2033
f 950/5/2033 959/5/2033 1001/5/2033
f 958/5/2034 960/5/2034 990/5/2034
f 990/5/2034 989/5/2034 958/5/2034
f 961/5/2035 1002/5/2036 1001/5/2035
f 1001/5/2035 959/5/2036 961/5/2035
f 991/5/2037 990/5/2037 960/5/2037
f 960/5/2037 962/5/2038 991/5/2037
f 963/5/2039 1003/5/2039 1002/5/2040
f 1002/5/2040 961/5/2039 963/5/2039
f 964/5/2041 992/5/2042 991/5/2042
f 991/5/2042 962/5/2042 964/5/2041
f 1003/5/2043 963/5/2043 965/5/2043
f 965/5/2043 1004/5/2043 1003/5/2043
f 966/5/2044 993/5/2045 992/5/2046
f 992/5/2046 964/5/2047 966/5/2044
f 1004/5/2048 965/5/2048 967/5/2048
f 967/5/2048 1005/5/2048 1004/5/2048
f 993/5/2049 966/5/2050 968/5/2051
f 968/5/2051 994/5/2051 993/5/2049
f 981/5/2052 1010/5/2053 970/5/2053
f 970/5/2053 969/5/2052 981/5/2052
f 967/5/2054 971/5/2054 1006/5/2054
f 1006/5/2054 1005/5/2054 967/5/2054
f 995/5/2055 994/5/2056 968/5/2055
f 968/5/2055 972/5/2057 995/5/2055
f 982/5/2058 981/5/2059 969/5/2058
f 969/5/2058 973/5/2060 982/5/2058
f 1007/5/2061 1006/5/2062 971/5/2061
f 971/5/2061 974/5/2063 1007/5/2061
f 972/5/2064 975/5/2064 996/5/2065
f 996/5/2065 995/5/2065 972/5/2064
f 976/5/2066 983/5/2067 982/5/2066
f 982/5/2066 973/5/2066 976/5/2066
f 977/5/2068 1008/5/2068 1007/5/2068
f 1007/5/2068 974/5/2068 977/5/2068
f 997/5/2069 996/5/2070 975/5/2070
f 975/5/2070 978/5/2069 997/5/2069
f 983/5/2071 976/5/2072 979/5/2073
f 979/5/2073 984/5/2073 983/5/2071
f 980/5/2074 1009/5/2074 1008/5/2074
f 1008/5/2074 977/5/2074 980/5/2074
f 918/5/2075 998/5/2075 997/5/2075
f 997/5/2075 978/5/2075 918/5/2075
f 985/5/2076 984/5/2077 979/5/2078
f 979/5/2078 954/5/2079 985/5/2076
f 1009/5/2080 980/5/2080 970/5/2081
f 970/5/2081 1010/5/2082 1009/5/2080
f 917/5/2083 999/5/2083 998/5/2083
f 998/5/2083 918/5/2084 917/5/2083
f 953/5/2085 986/5/2086 985/5/2087
f 985/5/2087 954/5/2085 953/5/2085
f 999/5/2088 917/5/2089 955/5/2090
f 955/5/2090 1000/5/2088 999/5/2088
f 956/5/2091 987/5/2091 986/5/2091
f 986/5/2091 953/5/2091 956/5/2091
f 1000/5/2092 955/5/2093 949/5/2092
f 949/5/2092 952/5/2093 1000/5/2092
f 987/5/2094 956/5/2094 957/5/2094
f 957/5/2094 988/5/2094 987/5/2094
o C_rculo_011_C_rculo_012.001
v -0.082041 0.084175 0.479217
v -0.175541 0.084175 0.470017
v -0.265441 0.084175 0.442717
v -0.348341 0.084175 0.398417
v -0.420941 0.084175 0.338817
v -0.480641 0.084175 0.266217
v -0.524841 0.084175 0.183317
v -0.552141 0.084175 0.093417
v -0.561341 0.084175 -0.000083
v -0.552141 0.084175 -0.093683
v -0.524841 0.084175 -0.183583
v -0.480641 0.084175 -0.266383
v -0.420941 0.084175 -0.339083
v -0.348341 0.084175 -0.398683
v -0.265441 0.084175 -0.442983
v -0.175541 0.084175 -0.470283
v -0.082041 0.084175 -0.479483
v 0.011459 0.084175 -0.470283
v 0.101359 0.084175 -0.442983
v 0.184259 0.084175 -0.398683
v 0.256859 0.084175 -0.339083
v 0.316559 0.084175 -0.266383
v 0.360859 0.084175 -0.183583
v 0.388059 0.084175 -0.093683
v 0.397259 0.084175 -0.000083
v 0.388059 0.084175 0.093417
v 0.360859 0.084175 0.183317
v 0.316559 0.084175 0.266217
v 0.256859 0.084175 0.338817
v 0.011459 0.084175 0.470017
v 0.184259 0.084175 0.398417
v 0.101359 0.084175 0.442717
v -0.587041 0.062775 0.100317
v -0.587041 -0.038025 0.100317
v -0.596941 -0.038025 -0.000083
v -0.596941 0.062775 -0.000083
v -0.279041 0.062775 0.475517
v -0.368041 0.062775 0.428017
v -0.182441 0.062775 -0.505083
v -0.082041 0.062775 -0.514983
v 0.282059 0.062775 0.363917
v 0.203959 0.062775 0.428017
v -0.182441 0.062775 0.504817
v -0.279041 0.062775 -0.475783
v 0.346059 0.062775 0.285917
v -0.082041 0.062775 0.514717
v -0.368041 0.062775 -0.428183
v 0.393659 0.062775 0.196917
v -0.446141 0.062775 -0.364183
v 0.422959 0.062775 0.100317
v -0.510141 0.062775 -0.286183
v 0.432859 0.062775 -0.000083
v -0.557741 0.062775 -0.197183
v 0.422959 0.062775 -0.100583
v -0.587041 0.062775 -0.100583
v 0.393659 0.062775 -0.197183
v 0.346059 0.062775 -0.286183
v 0.282059 0.062775 -0.364183
v -0.557741 0.062775 0.196917
v 0.203959 0.062775 -0.428183
v -0.510141 0.062775 0.285917
v 0.114959 0.062775 -0.475783
v 0.018359 0.062775 0.504817
v -0.446141 0.062775 0.363917
v 0.018359 0.062775 -0.505083
v 0.114959 0.062775 0.475517
v 0.018359 -0.038025 0.504817
v 0.114959 -0.038025 0.475517
v 0.203959 -0.038025 0.428017
v 0.282059 -0.038025 0.363917
v 0.346059 -0.038025 0.285917
v 0.393659 -0.038025 0.196917
v 0.422959 -0.038025 0.100317
v 0.432859 -0.038025 -0.000083
v 0.422959 -0.038025 -0.100583
v 0.393659 -0.038025 -0.197183
v 0.346059 -0.038025 -0.286183
v 0.282059 -0.038025 -0.364183
v 0.203959 -0.038025 -0.428183
v 0.114959 -0.038025 -0.475783
v 0.018359 -0.038025 -0.505083
v -0.082041 -0.038025 -0.514983
v -0.182441 -0.038025 -0.505083
v -0.279041 -0.038025 -0.475783
v -0.368041 -0.038025 -0.428183
v -0.446141 -0.038025 -0.364183
v -0.510141 -0.038025 -0.286183
v -0.557741 -0.038025 -0.197183
v -0.587041 -0.038025 -0.100583
v -0.557741 -0.038025 0.196917
v -0.510141 -0.038025 0.285917
v -0.446141 -0.038025 0.363917
v -0.368041 -0.038025 0.428017
v -0.279041 -0.038025 0.475517
v -0.182441 -0.038025 0.504817
v -0.082041 -0.038025 0.514717
vn -0.0000 -1.0000 -0.0000
vn 0.9952 -0.0000 -0.0981
vn 0.2440 -0.8557 -0.4564
vn 0.2440 -0.8556 -0.4565
vn 0.2439 -0.8556 -0.4565
vn 0.2439 -0.8557 -0.4564
vn 0.0507 -0.8556 0.5152
vn 0.0507 -0.8556 0.5151
vn -0.3284 -0.8557 -0.4000
vn -0.3283 -0.8557 -0.3999
vn -0.3283 -0.8557 -0.4000
vn -0.3284 -0.8556 -0.4001
vn 0.1502 -0.8557 -0.4953
vn 0.1503 -0.8556 -0.4954
vn 0.1502 -0.8557 0.4953
vn 0.1502 -0.8556 0.4953
vn 0.1502 -0.8556 0.4954
vn -0.4001 -0.8556 -0.3284
vn -0.4001 -0.8556 -0.3283
vn -0.3999 -0.8556 -0.3286
vn -0.3998 -0.8557 -0.3284
vn 0.0507 -0.8556 -0.5152
vn 0.0507 -0.8556 -0.5151
vn 0.2441 -0.8556 0.4566
vn 0.2440 -0.8557 0.4563
vn 0.2440 -0.8556 0.4566
vn -0.4565 -0.8556 -0.2441
vn -0.4563 -0.8557 -0.2440
vn -0.4569 -0.8554 -0.2441
vn 0.3282 -0.8557 0.4001
vn 0.3280 -0.8557 0.4003
vn 0.3282 -0.8556 0.4002
vn 0.3284 -0.8556 0.4001
vn -0.4953 -0.8557 -0.1501
vn -0.4951 -0.8558 -0.1502
vn -0.4952 -0.8557 -0.1502
vn -0.4951 -0.8557 -0.1502
vn 0.4001 -0.8556 0.3284
vn 0.3999 -0.8558 0.3281
vn 0.3999 -0.8557 0.3283
vn 0.3998 -0.8558 0.3283
vn -0.5149 -0.8558 -0.0508
vn -0.5148 -0.8558 -0.0508
vn -0.5150 -0.8557 -0.0508
vn -0.5150 -0.8557 -0.0507
vn 0.4567 -0.8555 0.2439
vn 0.4560 -0.8559 0.2439
vn 0.4566 -0.8556 0.2439
vn 0.4569 -0.8554 0.2439
vn -0.5150 -0.8557 0.0507
vn -0.5151 -0.8556 0.0507
vn -0.5147 -0.8559 0.0507
vn -0.5148 -0.8558 0.0507
vn 0.4953 -0.8557 0.1502
vn 0.4951 -0.8558 0.1502
vn 0.4953 -0.8556 0.1502
vn 0.4950 -0.8558 0.1502
vn -0.4953 -0.8557 0.1501
vn -0.4956 -0.8555 0.1501
vn -0.4952 -0.8557 0.1501
vn -0.4951 -0.8558 0.1502
vn 0.5150 -0.8557 0.0507
vn 0.5145 -0.8560 0.0507
vn 0.5153 -0.8555 0.0507
vn -0.4567 -0.8554 0.2443
vn -0.4567 -0.8555 0.2442
vn -0.4566 -0.8556 0.2441
vn -0.4566 -0.8555 0.2442
vn 0.5147 -0.8559 -0.0507
vn 0.5147 -0.8558 -0.0508
vn 0.5146 -0.8559 -0.0507
vn 0.5145 -0.8560 -0.0506
vn -0.4000 -0.8557 0.3282
vn -0.3999 -0.8558 0.3281
vn -0.4001 -0.8556 0.3284
vn -0.4001 -0.8557 0.3283
vn 0.4948 -0.8559 -0.1501
vn 0.4951 -0.8557 -0.1502
vn 0.4950 -0.8558 -0.1503
vn -0.3284 -0.8555 0.4003
vn -0.3283 -0.8555 0.4003
vn -0.3284 -0.8556 0.4002
vn -0.3283 -0.8557 0.3999
vn 0.4564 -0.8557 -0.2440
vn 0.4565 -0.8556 -0.2441
vn 0.4564 -0.8557 -0.2439
vn 0.4564 -0.8557 -0.2438
vn -0.2440 -0.8557 0.4564
vn -0.2440 -0.8556 0.4565
vn -0.0507 -0.8556 -0.5151
vn -0.0507 -0.8557 -0.5150
vn -0.0507 -0.8556 -0.5152
vn 0.4000 -0.8556 -0.3284
vn 0.4002 -0.8556 -0.3284
vn 0.4001 -0.8557 -0.3282
vn -0.1502 -0.8556 0.4954
vn -0.1502 -0.8556 0.4953
vn -0.1503 -0.8556 0.4954
vn -0.1501 -0.8557 0.4952
vn -0.1502 -0.8556 -0.4953
vn 0.3283 -0.8557 -0.4000
vn 0.3284 -0.8556 -0.4001
vn 0.3283 -0.8557 -0.3999
vn -0.0507 -0.8555 0.5154
vn -0.0508 -0.8553 0.5156
vn -0.0507 -0.8555 0.5153
vn -0.2440 -0.8555 -0.4568
vn -0.2440 -0.8556 -0.4565
vn -0.2438 -0.8556 -0.4566
vn -0.2436 -0.8557 -0.4565
vn -0.0000 1.0000 -0.0000
vn -0.7731 -0.0000 0.6343
vn 0.9569 -0.0000 -0.2903
vn -0.6342 -0.0000 0.7732
vn 0.8818 -0.0000 -0.4716
vn -0.4716 -0.0000 0.8818
vn -0.0981 -0.0000 -0.9952
vn 0.7731 -0.0000 -0.6343
vn -0.2903 -0.0000 0.9569
vn -0.2903 -0.0000 -0.9569
vn 0.6344 -0.0000 -0.7730
vn -0.0981 -0.0000 0.9952
vn -0.4713 -0.0000 -0.8820
vn -0.4711 -0.0000 -0.8821
vn 0.4708 -0.0000 -0.8822
vn 0.0981 -0.0000 0.9952
vn -0.6344 -0.0000 -0.7730
vn 0.2903 -0.0000 -0.9569
vn 0.2903 -0.0000 0.9569
vn -0.7731 -0.0000 -0.6343
vn 0.0981 -0.0000 -0.9952
vn 0.4716 -0.0000 0.8818
vn -0.8818 -0.0000 -0.4716
vn 0.6344 -0.0000 0.7730
vn 0.6342 -0.0000 0.7732
vn -0.9569 -0.0000 -0.2903
vn 0.7731 -0.0000 0.6343
vn -0.9952 -0.0000 -0.0981
vn 0.8820 -0.0000 0.4712
vn 0.8818 -0.0000 0.4716
vn 0.8821 -0.0000 0.4711
vn -0.9952 -0.0000 0.0980
vn 0.9569 -0.0000 0.2903
vn -0.9569 -0.0000 0.2903
vn 0.9952 -0.0000 0.0980
vn -0.8818 -0.0000 0.4716
vn -0.8821 -0.0000 0.4711
vn -0.8820 -0.0000 0.4712
vt 0.000000 0.000000
s 1
usemtl Goddard_None
f 1011/6/2095 1012/6/2095 1013/6/2095
f 1013/6/2095 1014/6/2095 1015/6/2095
f 1011/6/2095 1013/6/2095 1015/6/2095
f 1015/6/2095 1016/6/2095 1017/6/2095
f 1017/6/2095 1018/6/2095 1019/6/2095
f 1015/6/2095 1017/6/2095 1019/6/2095
f 1011/6/2095 1015/6/2095 1019/6/2095
f 1019/6/2095 1020/6/2095 1021/6/2095
f 1021/6/2095 1022/6/2095 1023/6/2095
f 1019/6/2095 1021/6/2095 1023/6/2095
f 1023/6/2095 1024/6/2095 1025/6/2095
f 1025/6/2095 1026/6/2095 1027/6/2095
f 1023/6/2095 1025/6/2095 1027/6/2095
f 1019/6/2095 1023/6/2095 1027/6/2095
f 1027/6/2095 1028/6/2095 1029/6/2095
f 1029/6/2095 1030/6/2095 1031/6/2095
f 1027/6/2095 1029/6/2095 1031/6/2095
f 1031/6/2095 1032/6/2095 1033/6/2095
f 1033/6/2095 1034/6/2095 1035/6/2095
f 1031/6/2095 1033/6/2095 1035/6/2095
f 1027/6/2095 1031/6/2095 1035/6/2095
f 1011/6/2095 1019/6/2095 1035/6/2095
f 1036/6/2095 1037/6/2095 1038/6/2095
f 1035/6/2095 1036/6/2095 1038/6/2095
f 1035/6/2095 1038/6/2095 1039/6/2095
f 1011/6/2095 1035/6/2095 1039/6/2095
f 1040/6/2095 1011/6/2095 1039/6/2095
f 1040/6/2095 1039/6/2095 1041/6/2095
f 1040/6/2095 1041/6/2095 1042/6/2095
f 1043/6/2096 1044/6/2096 1045/6/2096
f 1045/6/2096 1046/6/2096 1043/6/2096
f 1013/6/2097 1047/6/2098 1048/6/2099
f 1048/6/2099 1014/6/2100 1013/6/2097
f 1026/6/2101 1049/6/2101 1050/6/2102
f 1050/6/2102 1027/6/2101 1026/6/2101
f 1041/6/2103 1039/6/2104 1051/6/2105
f 1051/6/2105 1052/6/2106 1041/6/2103
f 1012/6/2107 1053/6/2107 1047/6/2108
f 1047/6/2108 1013/6/2107 1012/6/2107
f 1025/6/2109 1054/6/2110 1049/6/2111
f 1049/6/2111 1026/6/2110 1025/6/2109
f 1038/6/2112 1055/6/2113 1051/6/2114
f 1051/6/2114 1039/6/2115 1038/6/2112
f 1012/6/2116 1011/6/2116 1056/6/2117
f 1056/6/2117 1053/6/2117 1012/6/2116
f 1024/6/2118 1057/6/2119 1054/6/2120
f 1054/6/2120 1025/6/2120 1024/6/2118
f 1058/6/2121 1055/6/2122 1038/6/2121
f 1038/6/2121 1037/6/2123 1058/6/2121
f 1023/6/2124 1059/6/2125 1057/6/2126
f 1057/6/2126 1024/6/2127 1023/6/2124
f 1036/6/2128 1060/6/2129 1058/6/2130
f 1058/6/2130 1037/6/2131 1036/6/2128
f 1022/6/2132 1061/6/2133 1059/6/2134
f 1059/6/2134 1023/6/2135 1022/6/2132
f 1062/6/2136 1060/6/2137 1036/6/2138
f 1036/6/2138 1035/6/2139 1062/6/2136
f 1021/6/2140 1063/6/2141 1061/6/2142
f 1061/6/2142 1022/6/2143 1021/6/2140
f 1062/6/2144 1035/6/2145 1034/6/2146
f 1034/6/2146 1064/6/2147 1062/6/2144
f 1020/6/2148 1065/6/2149 1063/6/2150
f 1063/6/2150 1021/6/2151 1020/6/2148
f 1034/6/2152 1033/6/2153 1066/6/2154
f 1066/6/2154 1064/6/2155 1034/6/2152
f 1019/6/2156 1046/6/2157 1065/6/2156
f 1065/6/2156 1020/6/2158 1019/6/2156
f 1032/6/2159 1067/6/2160 1066/6/2161
f 1066/6/2161 1033/6/2162 1032/6/2159
f 1018/6/2163 1043/6/2164 1046/6/2165
f 1046/6/2165 1019/6/2166 1018/6/2163
f 1031/6/2167 1068/6/2168 1067/6/2169
f 1067/6/2169 1032/6/2170 1031/6/2167
f 1017/6/2171 1069/6/2172 1043/6/2173
f 1043/6/2173 1018/6/2173 1017/6/2171
f 1030/6/2174 1070/6/2175 1068/6/2176
f 1068/6/2176 1031/6/2177 1030/6/2174
f 1016/6/2178 1071/6/2179 1069/6/2180
f 1069/6/2180 1017/6/2181 1016/6/2178
f 1029/6/2182 1072/6/2183 1070/6/2182
f 1070/6/2182 1030/6/2182 1029/6/2182
f 1056/6/2184 1011/6/2184 1040/6/2185
f 1040/6/2185 1073/6/2186 1056/6/2184
f 1015/6/2187 1074/6/2188 1071/6/2188
f 1071/6/2188 1016/6/2189 1015/6/2187
f 1028/6/2190 1075/6/2191 1072/6/2192
f 1072/6/2192 1029/6/2193 1028/6/2190
f 1073/6/2194 1040/6/2194 1042/6/2194
f 1042/6/2194 1076/6/2194 1073/6/2194
f 1014/6/2195 1048/6/2196 1074/6/2195
f 1074/6/2195 1015/6/2197 1014/6/2195
f 1027/6/2198 1050/6/2199 1075/6/2198
f 1075/6/2198 1028/6/2200 1027/6/2198
f 1076/6/2201 1042/6/2202 1041/6/2203
f 1041/6/2203 1052/6/2204 1076/6/2201
f 1077/6/2205 1078/6/2205 1079/6/2205
f 1079/6/2205 1080/6/2205 1081/6/2205
f 1077/6/2205 1079/6/2205 1081/6/2205
f 1081/6/2205 1082/6/2205 1083/6/2205
f 1081/6/2205 1083/6/2205 1084/6/2205
f 1077/6/2205 1081/6/2205 1084/6/2205
f 1077/6/2205 1084/6/2205 1085/6/2205
f 1085/6/2205 1086/6/2205 1087/6/2205
f 1085/6/2205 1087/6/2205 1089/6/2205
f 1089/6/2205 1090/6/2205 1091/6/2205
f 1091/6/2205 1092/6/2205 1093/6/2205
f 1089/6/2205 1091/6/2205 1093/6/2205
f 1085/6/2205 1089/6/2205 1093/6/2205
f 1095/6/2205 1096/6/2205 1097/6/2205
f 1093/6/2205 1095/6/2205 1097/6/2205
f 1099/6/2205 1045/6/2205 1044/6/2205
f 1097/6/2205 1099/6/2205 1044/6/2205
f 1093/6/2205 1097/6/2205 1044/6/2205
f 1085/6/2205 1093/6/2205 1044/6/2205
f 1044/6/2205 1100/6/2205 1101/6/2205
f 1044/6/2205 1101/6/2205 1103/6/2205
f 1103/6/2205 1104/6/2205 1105/6/2205
f 1103/6/2205 1105/6/2205 1106/6/2205
f 1044/6/2205 1103/6/2205 1106/6/2205
f 1085/6/2205 1044/6/2205 1106/6/2205
f 1077/6/2205 1085/6/2205 1106/6/2205
f 1068/6/2206 1088/6/2206 1087/6/2206
f 1087/6/2206 1067/6/2206 1068/6/2206
f 1069/6/2207 1100/6/2207 1044/6/2207
f 1044/6/2207 1043/6/2207 1069/6/2207
f 1070/6/2208 1089/6/2208 1088/6/2208
f 1088/6/2208 1068/6/2208 1070/6/2208
f 1071/6/2209 1101/6/2209 1100/6/2209
f 1100/6/2209 1069/6/2209 1071/6/2209
f 1072/6/2210 1090/6/2210 1089/6/2210
f 1089/6/2210 1070/6/2210 1072/6/2210
f 1073/6/2211 1077/6/2211 1106/6/2211
f 1106/6/2211 1056/6/2211 1073/6/2211
f 1074/6/2212 1102/6/2212 1101/6/2212
f 1101/6/2212 1071/6/2212 1074/6/2212
f 1075/6/2213 1091/6/2213 1090/6/2213
f 1090/6/2213 1072/6/2213 1075/6/2213
f 1076/6/2214 1078/6/2214 1077/6/2214
f 1077/6/2214 1073/6/2214 1076/6/2214
f 1048/6/2215 1103/6/2215 1102/6/2215
f 1102/6/2215 1074/6/2215 1048/6/2215
f 1050/6/2216 1092/6/2216 1091/6/2216
f 1091/6/2216 1075/6/2216 1050/6/2216
f 1052/6/2217 1079/6/2218 1078/6/2217
f 1078/6/2217 1076/6/2217 1052/6/2217
f 1047/6/2219 1104/6/2219 1103/6/2219
f 1103/6/2219 1048/6/2219 1047/6/2219
f 1049/6/2220 1093/6/2220 1092/6/2220
f 1092/6/2220 1050/6/2220 1049/6/2220
f 1051/6/2221 1080/6/2221 1079/6/2221
f 1079/6/2221 1052/6/2221 1051/6/2221
f 1053/6/2222 1105/6/2222 1104/6/2222
f 1104/6/2222 1047/6/2222 1053/6/2222
f 1054/6/2223 1094/6/2223 1093/6/2223
f 1093/6/2223 1049/6/2223 1054/6/2223
f 1055/6/2224 1081/6/2224 1080/6/2224
f 1080/6/2224 1051/6/2224 1055/6/2224
f 1053/6/2225 1056/6/2225 1106/6/2225
f 1106/6/2225 1105/6/2225 1053/6/2225
f 1057/6/2226 1095/6/2226 1094/6/2226
f 1094/6/2226 1054/6/2226 1057/6/2226
f 1058/6/2227 1082/6/2227 1081/6/2227
f 1081/6/2227 1055/6/2227 1058/6/2227
f 1059/6/2228 1096/6/2229 1095/6/2228
f 1095/6/2228 1057/6/2228 1059/6/2228
f 1060/6/2230 1083/6/2230 1082/6/2230
f 1082/6/2230 1058/6/2230 1060/6/2230
f 1061/6/2231 1097/6/2231 1096/6/2231
f 1096/6/2231 1059/6/2231 1061/6/2231
f 1062/6/2232 1084/6/2232 1083/6/2232
f 1083/6/2232 1060/6/2232 1062/6/2232
f 1063/6/2233 1098/6/2234 1097/6/2234
f 1097/6/2234 1061/6/2235 1063/6/2233
f 1064/6/2236 1085/6/2236 1084/6/2236
f 1084/6/2236 1062/6/2236 1064/6/2236
f 1065/6/2237 1099/6/2237 1098/6/2237
f 1098/6/2237 1063/6/2237 1065/6/2237
f 1066/6/2238 1086/6/2238 1085/6/2238
f 1085/6/2238 1064/6/2238 1066/6/2238
f 1046/6/2239 1045/6/2239 1099/6/2239
f 1099/6/2239 1065/6/2239 1046/6/2239
f 1067/6/2240 1087/6/2241 1086/6/2242
f 1086/6/2242 1066/6/2240 1067/6/2240
o C_rculo_012_C_rculo_013.001
v -0.080841 0.262075 0.377617
v -0.154441 0.262075 0.370317
v -0.225241 0.262075 0.348917
v -0.290441 0.262075 0.314017
v -0.347641 0.262075 0.267117
v -0.394541 0.262075 0.209917
v -0.429441 0.262075 0.144617
v -0.450941 0.262075 0.073817
v -0.458141 0.262075 0.000217
v -0.450941 0.262075 -0.073383
v -0.429441 0.262075 -0.144183
v -0.394541 0.262075 -0.209383
v -0.347641 0.262075 -0.266583
v -0.290441 0.262075 -0.313583
v -0.225241 0.262075 -0.348383
v -0.154441 0.262075 -0.369883
v -0.080841 0.262075 -0.377083
v -0.007141 0.262075 -0.369883
v 0.063659 0.262075 -0.348383
v 0.128859 0.262075 -0.313583
v 0.186059 0.262075 -0.266583
v 0.232959 0.262075 -0.209383
v 0.267859 0.262075 -0.144183
v 0.289359 0.262075 -0.073383
v 0.296559 0.262075 0.000217
v 0.289359 0.262075 0.073817
v 0.267859 0.262075 0.144617
v 0.232959 0.262075 0.209917
v 0.186059 0.262075 0.267117
v -0.007141 0.262075 0.370317
v 0.128859 0.262075 0.314017
v 0.063659 0.262075 0.348917
v 0.012259 0.082875 0.467917
v 0.101659 0.082875 0.440817
v 0.184159 0.082875 0.396717
v 0.256359 0.082875 0.337417
v 0.315659 0.082875 0.265217
v 0.359759 0.082875 0.182717
v 0.386859 0.082875 0.093317
v 0.396059 0.082875 0.000217
v 0.386859 0.082875 -0.092783
v 0.359759 0.082875 -0.182283
v 0.315659 0.082875 -0.264683
v 0.256359 0.082875 -0.336983
v 0.184159 0.082875 -0.396283
v 0.101659 0.082875 -0.440283
v 0.012259 0.082875 -0.467483
v -0.080841 0.082875 -0.476583
v -0.173841 0.082875 -0.467483
v -0.263241 0.082875 -0.440283
v -0.345741 0.082875 -0.396283
v -0.417941 0.082875 -0.336983
v -0.477341 0.082875 -0.264683
v -0.521341 0.082875 -0.182283
v -0.548541 0.082875 -0.092783
v -0.557641 0.082875 0.000217
v -0.548541 0.082875 0.093317
v -0.521341 0.082875 0.182717
v -0.477341 0.082875 0.265217
v -0.417941 0.082875 0.337417
v -0.345741 0.082875 0.396717
v -0.263241 0.082875 0.440817
v -0.173841 0.082875 0.467917
v -0.080841 0.082875 0.477117
vn -0.8376 -0.4835 -0.2542
vn -0.8375 -0.4837 -0.2542
vn -0.8377 -0.4835 -0.2540
vn -0.8376 -0.4836 -0.2540
vn 0.6767 -0.4836 0.5551
vn 0.6767 -0.4835 0.5552
vn 0.6766 -0.4836 0.5553
vn -0.8712 -0.4834 -0.0859
vn -0.8712 -0.4834 -0.0861
vn -0.8711 -0.4835 -0.0860
vn -0.8711 -0.4836 -0.0858
vn 0.7720 -0.4835 0.4126
vn 0.7719 -0.4836 0.4127
vn 0.7720 -0.4837 0.4124
vn 0.7721 -0.4835 0.4125
vn -0.8711 -0.4836 0.0858
vn -0.8711 -0.4836 0.0860
vn 0.8375 -0.4836 0.2544
vn 0.8376 -0.4836 0.2541
vn 0.8375 -0.4836 0.2545
vn 0.8376 -0.4836 0.2540
vn -0.8376 -0.4835 0.2542
vn -0.8375 -0.4836 0.2543
vn -0.8378 -0.4834 0.2538
vn -0.8376 -0.4836 0.2541
vn 0.8711 -0.4836 0.0858
vn -0.7717 -0.4836 0.4131
vn -0.7717 -0.4836 0.4130
vn -0.7719 -0.4836 0.4126
vn 0.8711 -0.4836 -0.0858
vn 0.8711 -0.4836 -0.0855
vn 0.8711 -0.4836 -0.0856
vn 0.8711 -0.4836 -0.0859
vn -0.6765 -0.4836 0.5554
vn -0.6768 -0.4836 0.5551
vn -0.6766 -0.4836 0.5553
vn 0.8374 -0.4837 -0.2544
vn 0.8376 -0.4836 -0.2540
vn 0.8376 -0.4836 -0.2541
vn -0.5556 -0.4836 0.6763
vn -0.5555 -0.4836 0.6764
vn -0.5553 -0.4836 0.6766
vn -0.5557 -0.4837 0.6763
vn 0.7720 -0.4835 -0.4127
vn 0.7720 -0.4836 -0.4124
vn 0.7720 -0.4836 -0.4126
vn -0.4127 -0.4836 0.7719
vn -0.4126 -0.4836 0.7719
vn -0.4125 -0.4836 0.7720
vn -0.0858 -0.4836 -0.8711
vn -0.0859 -0.4836 -0.8711
vn 0.6765 -0.4838 -0.5552
vn 0.6766 -0.4836 -0.5553
vn -0.2540 -0.4836 0.8376
vn -0.2541 -0.4835 0.8376
vn -0.2544 -0.4835 0.8376
vn -0.2542 -0.4836 -0.8375
vn -0.2541 -0.4836 -0.8376
vn -0.2539 -0.4835 -0.8377
vn 0.5552 -0.4834 -0.6768
vn 0.5555 -0.4836 -0.6764
vn 0.5554 -0.4835 -0.6765
vn 0.5552 -0.4835 -0.6767
vn -0.0857 -0.4836 0.8711
vn -0.0858 -0.4836 0.8711
vn -0.4127 -0.4835 -0.7719
vn -0.4127 -0.4836 -0.7719
vn -0.4130 -0.4835 -0.7718
vn -0.4126 -0.4836 -0.7719
vn 0.4126 -0.4835 -0.7720
vn 0.4127 -0.4834 -0.7720
vn 0.4125 -0.4836 -0.7720
vn 0.4126 -0.4836 -0.7719
vn 0.0857 -0.4836 0.8711
vn 0.0856 -0.4836 0.8711
vn 0.0858 -0.4836 0.8711
vn -0.5552 -0.4834 -0.6768
vn -0.5553 -0.4836 -0.6766
vn -0.5554 -0.4835 -0.6765
vn -0.5555 -0.4836 -0.6764
vn 0.2540 -0.4836 -0.8376
vn 0.2539 -0.4837 -0.8376
vn 0.2538 -0.4836 -0.8377
vn 0.2541 -0.4836 -0.8376
vn 0.2544 -0.4836 0.8375
vn 0.2543 -0.4836 0.8375
vn 0.2543 -0.4837 0.8375
vn -0.6765 -0.4837 -0.5553
vn -0.6766 -0.4836 -0.5553
vn -0.6765 -0.4835 -0.5554
vn 0.0859 -0.4836 -0.8711
vn 0.0857 -0.4836 -0.8711
vn 0.0858 -0.4836 -0.8711
vn 0.4127 -0.4836 0.7719
vn 0.4125 -0.4836 0.7720
vn -0.7719 -0.4836 -0.4126
vn -0.7720 -0.4836 -0.4126
vn 0.5556 -0.4836 0.6763
vn 0.5555 -0.4836 0.6764
vn 0.5556 -0.4836 0.6764
vn 0.5557 -0.4836 0.6763
vt 0.000000 0.000000
s 1
usemtl Goddard_None
f 1132/7/2243 1145/7/2244 1144/7/2245
f 1144/7/2245 1133/7/2246 1132/7/2243
f 1118/7/2247 1159/7/2248 1158/7/2249
f 1158/7/2249 1119/7/2249 1118/7/2247
f 1146/7/2250 1145/7/2251 1132/7/2252
f 1132/7/2252 1131/7/2253 1146/7/2250
f 1117/7/2254 1160/7/2255 1159/7/2256
f 1159/7/2256 1118/7/2257 1117/7/2254
f 1146/7/2258 1131/7/2258 1130/7/2259
f 1130/7/2259 1147/7/2258 1146/7/2258
f 1116/7/2260 1161/7/2261 1160/7/2262
f 1160/7/2262 1117/7/2263 1116/7/2260
f 1130/7/2264 1129/7/2265 1148/7/2266
f 1148/7/2266 1147/7/2267 1130/7/2264
f 1115/7/2268 1162/7/2268 1161/7/2268
f 1161/7/2268 1116/7/2268 1115/7/2268
f 1128/7/2269 1149/7/2270 1148/7/2270
f 1148/7/2270 1129/7/2271 1128/7/2269
f 1114/7/2272 1163/7/2273 1162/7/2274
f 1162/7/2274 1115/7/2275 1114/7/2272
f 1127/7/2276 1150/7/2276 1149/7/2277
f 1149/7/2277 1128/7/2278 1127/7/2276
f 1113/7/2279 1164/7/2280 1163/7/2280
f 1163/7/2280 1114/7/2281 1113/7/2279
f 1126/7/2282 1151/7/2283 1150/7/2284
f 1150/7/2284 1127/7/2285 1126/7/2282
f 1112/7/2286 1165/7/2287 1164/7/2288
f 1164/7/2288 1113/7/2288 1112/7/2286
f 1125/7/2289 1152/7/2290 1151/7/2291
f 1151/7/2291 1126/7/2290 1125/7/2289
f 1170/7/2292 1107/7/2292 1136/7/2293
f 1136/7/2293 1139/7/2292 1170/7/2292
f 1111/7/2294 1166/7/2295 1165/7/2295
f 1165/7/2295 1112/7/2295 1111/7/2294
f 1124/7/2296 1153/7/2296 1152/7/2297
f 1152/7/2297 1125/7/2298 1124/7/2296
f 1139/7/2299 1136/7/2300 1138/7/2300
f 1138/7/2300 1140/7/2301 1139/7/2299
f 1110/7/2302 1167/7/2303 1166/7/2304
f 1166/7/2304 1111/7/2305 1110/7/2302
f 1123/7/2306 1154/7/2307 1153/7/2307
f 1153/7/2307 1124/7/2307 1123/7/2306
f 1140/7/2308 1138/7/2309 1137/7/2310
f 1137/7/2310 1141/7/2311 1140/7/2308
f 1109/7/2312 1168/7/2313 1167/7/2314
f 1167/7/2314 1110/7/2315 1109/7/2312
f 1122/7/2316 1155/7/2317 1154/7/2318
f 1154/7/2318 1123/7/2318 1122/7/2316
f 1137/7/2319 1135/7/2320 1142/7/2321
f 1142/7/2321 1141/7/2322 1137/7/2319
f 1108/7/2323 1169/7/2324 1168/7/2325
f 1168/7/2325 1109/7/2326 1108/7/2323
f 1121/7/2327 1156/7/2328 1155/7/2327
f 1155/7/2327 1122/7/2329 1121/7/2327
f 1134/7/2330 1143/7/2331 1142/7/2332
f 1142/7/2332 1135/7/2331 1134/7/2330
f 1108/7/2333 1107/7/2334 1170/7/2335
f 1170/7/2335 1169/7/2333 1108/7/2333
f 1120/7/2336 1157/7/2336 1156/7/2336
f 1156/7/2336 1121/7/2337 1120/7/2336
f 1144/7/2338 1143/7/2338 1134/7/2338
f 1134/7/2338 1133/7/2339 1144/7/2338
f 1119/7/2340 1158/7/2341 1157/7/2342
f 1157/7/2342 1120/7/2343 1119/7/2340
o C_rculo_013_C_rculo_014.001
v -0.081441 0.326675 0.360117
v -0.151241 0.326675 0.353217
v -0.218441 0.326675 0.332817
v -0.280341 0.326675 0.299717
v -0.334641 0.326675 0.255217
v -0.379241 0.326675 0.200917
v -0.412341 0.326675 0.139017
v -0.432641 0.326675 0.071817
v -0.439541 0.326675 0.001917
v -0.432641 0.326675 -0.067983
v -0.412341 0.326675 -0.135183
v -0.379241 0.326675 -0.197083
v -0.334641 0.326675 -0.251383
v -0.280341 0.326675 -0.295883
v -0.218441 0.326675 -0.328983
v -0.151241 0.326675 -0.349383
v -0.081441 0.326675 -0.356283
v -0.011541 0.326675 -0.349383
v 0.055659 0.326675 -0.328983
v 0.117559 0.326675 -0.295883
v 0.171859 0.326675 -0.251383
v 0.216359 0.326675 -0.197083
v 0.249459 0.326675 -0.135183
v 0.269859 0.326675 -0.067983
v 0.276759 0.326675 0.001917
v 0.269859 0.326675 0.071817
v 0.249459 0.326675 0.139017
v 0.216359 0.326675 0.200917
v 0.171859 0.326675 0.255217
v -0.011541 0.326675 0.353217
v 0.117559 0.326675 0.299717
v 0.055659 0.326675 0.332817
v 0.186359 0.295775 0.269617
v 0.186359 0.260975 0.269617
v 0.128959 0.260975 0.316717
v 0.128959 0.295775 0.316717
v 0.297259 0.295775 0.001917
v 0.289959 0.295775 -0.071983
v -0.452741 0.295775 -0.071983
v -0.431241 0.295775 -0.142983
v 0.268459 0.295775 -0.142983
v -0.460041 0.295775 0.001917
v 0.233459 0.295775 -0.208483
v -0.452741 0.295775 0.075817
v 0.186359 0.295775 -0.265883
v -0.431241 0.295775 0.146817
v 0.128959 0.295775 -0.312883
v -0.396241 0.295775 0.212317
v 0.063459 0.295775 -0.347883
v -0.081441 0.295775 0.380617
v -0.007541 0.295775 0.373317
v -0.349141 0.295775 0.269617
v -0.007541 0.295775 -0.369483
v 0.063459 0.295775 0.351717
v -0.291741 0.295775 0.316717
v -0.081441 0.295775 -0.376783
v -0.226341 0.295775 0.351717
v -0.155241 0.295775 -0.369483
v -0.155241 0.295775 0.373317
v -0.226341 0.295775 -0.347883
v 0.233459 0.295775 0.212317
v -0.291741 0.295775 -0.312883
v 0.268459 0.295775 0.146817
v -0.349141 0.295775 -0.265883
v 0.289959 0.295775 0.075817
v -0.396241 0.295775 -0.208483
v -0.007541 0.260975 0.373317
v 0.063459 0.260975 0.351717
v 0.233459 0.260975 0.212317
v 0.268459 0.260975 0.146817
v 0.289959 0.260975 0.075817
v 0.297259 0.260975 0.001917
v 0.289959 0.260975 -0.071983
v 0.268459 0.260975 -0.142983
v 0.233459 0.260975 -0.208483
v 0.186359 0.260975 -0.265883
v 0.128959 0.260975 -0.312883
v 0.063459 0.260975 -0.347883
v -0.007541 0.260975 -0.369483
v -0.081441 0.260975 -0.376783
v -0.155241 0.260975 -0.369483
v -0.226341 0.260975 -0.347883
v -0.291741 0.260975 -0.312883
v -0.349141 0.260975 -0.265883
v -0.396241 0.260975 -0.208483
v -0.431241 0.260975 -0.142983
v -0.452741 0.260975 -0.071983
v -0.460041 0.260975 0.001917
v -0.452741 0.260975 0.075817
v -0.431241 0.260975 0.146817
v -0.396241 0.260975 0.212317
v -0.349141 0.260975 0.269617
v -0.291741 0.260975 0.316717
v -0.226341 0.260975 0.351717
v -0.155241 0.260975 0.373317
v -0.081441 0.260975 0.380617
vn -0.0000 -1.0000 -0.0000
vn -0.6343 -0.0000 -0.7731
vn -0.8308 -0.5506 0.0818
vn -0.8309 -0.5505 0.0817
vn -0.8307 -0.5506 0.0819
vn 0.7989 -0.5505 0.2423
vn 0.7989 -0.5506 0.2422
vn 0.7989 -0.5505 0.2422
vn -0.7988 -0.5507 0.2422
vn -0.7989 -0.5505 0.2423
vn -0.7989 -0.5506 0.2422
vn -0.7988 -0.5509 0.2419
vn 0.8305 -0.5509 0.0820
vn 0.8305 -0.5510 0.0820
vn 0.8307 -0.5507 0.0819
vn 0.8308 -0.5505 0.0818
vn -0.7362 -0.5505 0.3935
vn -0.7363 -0.5505 0.3935
vn -0.7362 -0.5506 0.3935
vn -0.7362 -0.5507 0.3935
vn 0.8308 -0.5506 -0.0818
vn 0.8308 -0.5505 -0.0818
vn 0.8308 -0.5505 -0.0817
vn -0.6453 -0.5506 0.5296
vn -0.6452 -0.5507 0.5295
vn -0.6453 -0.5505 0.5296
vn 0.7989 -0.5505 -0.2423
vn -0.5296 -0.5505 0.6453
vn -0.5296 -0.5505 0.6454
vn 0.7364 -0.5502 -0.3936
vn 0.7361 -0.5507 -0.3935
vn 0.7363 -0.5503 -0.3936
vn 0.7364 -0.5503 -0.3936
vn -0.3937 -0.5500 0.7365
vn -0.3935 -0.5504 0.7363
vn -0.3937 -0.5502 0.7364
vn -0.3937 -0.5503 0.7363
vn -0.0818 -0.5506 -0.8308
vn -0.0817 -0.5505 -0.8309
vn -0.0818 -0.5505 -0.8308
vn 0.6453 -0.5504 -0.5297
vn 0.6453 -0.5505 -0.5297
vn 0.6453 -0.5505 -0.5296
vn 0.6454 -0.5506 -0.5293
vn -0.2424 -0.5505 0.7989
vn -0.2423 -0.5505 0.7989
vn -0.2427 -0.5503 0.7989
vn -0.2426 -0.5500 0.7991
vn -0.2422 -0.5505 -0.7989
vn -0.2423 -0.5505 -0.7989
vn 0.5296 -0.5506 -0.6453
vn 0.5296 -0.5505 -0.6454
vn 0.5296 -0.5505 -0.6453
vn -0.0820 -0.5509 0.8305
vn -0.0818 -0.5505 0.8308
vn -0.0820 -0.5509 0.8306
vn -0.3935 -0.5504 -0.7363
vn -0.3936 -0.5503 -0.7363
vn -0.3936 -0.5502 -0.7364
vn -0.3935 -0.5503 -0.7364
vn 0.3937 -0.5505 -0.7362
vn 0.3936 -0.5506 -0.7362
vn 0.3938 -0.5505 -0.7362
vn 0.3937 -0.5503 -0.7363
vn 0.0819 -0.5506 0.8308
vn 0.0819 -0.5506 0.8307
vn 0.0818 -0.5505 0.8308
vn -0.5296 -0.5502 -0.6456
vn -0.5296 -0.5505 -0.6454
vn -0.5296 -0.5505 -0.6453
vn 0.2423 -0.5505 -0.7989
vn 0.2426 -0.5509 -0.7986
vn 0.2422 -0.5505 -0.7990
vn 0.2421 -0.5505 -0.7990
vn 0.2426 -0.5507 0.7987
vn 0.2427 -0.5506 0.7987
vn 0.2425 -0.5504 0.7989
vn 0.2423 -0.5505 0.7989
vn -0.6453 -0.5505 -0.5296
vn -0.6453 -0.5506 -0.5296
vn -0.6455 -0.5505 -0.5295
vn -0.6455 -0.5504 -0.5296
vn 0.0819 -0.5506 -0.8308
vn 0.0819 -0.5506 -0.8307
vn 0.0822 -0.5509 -0.8305
vn 0.3936 -0.5507 0.7361
vn 0.3935 -0.5505 0.7362
vn 0.3937 -0.5507 0.7361
vn 0.3936 -0.5508 0.7360
vn -0.7362 -0.5505 -0.3935
vn -0.7363 -0.5505 -0.3935
vn 0.5295 -0.5505 0.6454
vn 0.5296 -0.5505 0.6453
vn 0.5292 -0.5505 0.6457
vn -0.7989 -0.5505 -0.2424
vn -0.7989 -0.5504 -0.2424
vn -0.7989 -0.5505 -0.2423
vn -0.7988 -0.5506 -0.2423
vn 0.6452 -0.5506 0.5296
vn 0.6454 -0.5505 0.5296
vn 0.6453 -0.5505 0.5296
vn -0.8308 -0.5505 -0.0818
vn 0.7365 -0.5500 0.3937
vn 0.7364 -0.5502 0.3936
vn 0.7364 -0.5502 0.3937
vn 0.7363 -0.5503 0.3937
vn 0.2907 -0.0000 -0.9568
vn 0.2907 -0.0000 0.9568
vn -0.7731 -0.0000 -0.6343
vn -0.7729 -0.0000 -0.6345
vn 0.0984 -0.0000 -0.9951
vn 0.0980 -0.0000 -0.9952
vn 0.4718 -0.0000 0.8817
vn -0.8820 -0.0000 -0.4713
vn 0.6344 -0.0000 0.7730
vn 0.6345 -0.0000 0.7730
vn -0.9570 -0.0000 -0.2901
vn -0.9571 -0.0000 -0.2898
vn -0.9569 -0.0000 -0.2903
vn 0.7731 -0.0000 0.6343
vn -0.9952 -0.0000 -0.0983
vn -0.9952 -0.0000 -0.0978
vn 0.8820 -0.0000 0.4713
vn -0.9952 -0.0000 0.0983
vn -0.9952 -0.0000 0.0980
vn 0.9571 -0.0000 0.2898
vn -0.9569 -0.0000 0.2903
vn 0.9952 -0.0000 0.0983
vn 0.9952 -0.0000 0.0980
vn -0.8820 -0.0000 0.4713
vn 0.9952 -0.0000 -0.0983
vn 0.9952 -0.0000 -0.0980
vn -0.7731 -0.0000 0.6343
vn 0.9570 -0.0000 -0.2901
vn 0.9571 -0.0000 -0.2898
vn 0.9569 -0.0000 -0.2903
vn -0.6345 -0.0000 0.7730
vn -0.6344 -0.0000 0.7730
vn 0.8820 -0.0000 -0.4713
vn -0.4713 -0.0000 0.8820
vn -0.0983 -0.0000 -0.9952
vn 0.7731 -0.0000 -0.6343
vn 0.7729 -0.0000 -0.6345
vn -0.2906 -0.0000 0.9568
vn -0.2911 -0.0000 0.9567
vn -0.2902 -0.0000 -0.9570
vn -0.2903 -0.0000 -0.9569
vn 0.6343 -0.0000 -0.7731
vn -0.0983 -0.0000 0.9952
vn -0.4713 -0.0000 -0.8820
vn 0.4718 -0.0000 -0.8817
vn 0.0981 -0.0000 0.9952
vn 0.0984 -0.0000 0.9951
vn 0.0980 -0.0000 0.9952
vt 0.000000 0.000000
s 1
usemtl Goddard_None
f 1171/8/2344 1172/8/2344 1173/8/2344
f 1173/8/2344 1174/8/2344 1175/8/2344
f 1171/8/2344 1173/8/2344 1175/8/2344
f 1175/8/2344 1176/8/2344 1177/8/2344
f 1177/8/2344 1178/8/2344 1179/8/2344
f 1175/8/2344 1177/8/2344 1179/8/2344
f 1171/8/2344 1175/8/2344 1179/8/2344
f 1179/8/2344 1180/8/2344 1181/8/2344
f 1181/8/2344 1182/8/2344 1183/8/2344
f 1179/8/2344 1181/8/2344 1183/8/2344
f 1183/8/2344 1184/8/2344 1185/8/2344
f 1185/8/2344 1186/8/2344 1187/8/2344
f 1183/8/2344 1185/8/2344 1187/8/2344
f 1179/8/2344 1183/8/2344 1187/8/2344
f 1187/8/2344 1188/8/2344 1189/8/2344
f 1187/8/2344 1189/8/2344 1191/8/2344
f 1191/8/2344 1192/8/2344 1193/8/2344
f 1193/8/2344 1194/8/2344 1195/8/2344
f 1191/8/2344 1193/8/2344 1195/8/2344
f 1187/8/2344 1191/8/2344 1195/8/2344
f 1179/8/2344 1187/8/2344 1195/8/2344
f 1171/8/2344 1179/8/2344 1195/8/2344
f 1196/8/2344 1197/8/2344 1198/8/2344
f 1195/8/2344 1196/8/2344 1198/8/2344
f 1195/8/2344 1198/8/2344 1199/8/2344
f 1171/8/2344 1195/8/2344 1199/8/2344
f 1200/8/2344 1171/8/2344 1199/8/2344
f 1200/8/2344 1199/8/2344 1201/8/2344
f 1200/8/2344 1201/8/2344 1202/8/2344
f 1203/8/2345 1204/8/2345 1205/8/2345
f 1205/8/2345 1206/8/2345 1203/8/2345
f 1207/8/2346 1195/8/2347 1194/8/2346
f 1194/8/2346 1208/8/2348 1207/8/2346
f 1180/8/2349 1209/8/2350 1210/8/2351
f 1210/8/2351 1181/8/2349 1180/8/2349
f 1194/8/2352 1193/8/2353 1211/8/2354
f 1211/8/2354 1208/8/2355 1194/8/2352
f 1179/8/2356 1212/8/2357 1209/8/2358
f 1209/8/2358 1180/8/2359 1179/8/2356
f 1192/8/2360 1213/8/2361 1211/8/2362
f 1211/8/2362 1193/8/2363 1192/8/2360
f 1178/8/2364 1214/8/2365 1212/8/2364
f 1212/8/2364 1179/8/2366 1178/8/2364
f 1191/8/2367 1215/8/2368 1213/8/2367
f 1213/8/2367 1192/8/2369 1191/8/2367
f 1177/8/2370 1216/8/2370 1214/8/2370
f 1214/8/2370 1178/8/2370 1177/8/2370
f 1190/8/2371 1217/8/2372 1215/8/2371
f 1215/8/2371 1191/8/2371 1190/8/2371
f 1176/8/2373 1218/8/2374 1216/8/2375
f 1216/8/2375 1177/8/2376 1176/8/2373
f 1189/8/2377 1219/8/2378 1217/8/2379
f 1217/8/2379 1190/8/2380 1189/8/2377
f 1220/8/2381 1171/8/2382 1200/8/2381
f 1200/8/2381 1221/8/2383 1220/8/2381
f 1175/8/2384 1222/8/2385 1218/8/2386
f 1218/8/2386 1176/8/2387 1175/8/2384
f 1188/8/2388 1223/8/2389 1219/8/2390
f 1219/8/2390 1189/8/2391 1188/8/2388
f 1221/8/2392 1200/8/2393 1202/8/2393
f 1202/8/2393 1224/8/2393 1221/8/2392
f 1174/8/2394 1225/8/2395 1222/8/2396
f 1222/8/2396 1175/8/2394 1174/8/2394
f 1187/8/2397 1226/8/2398 1223/8/2397
f 1223/8/2397 1188/8/2399 1187/8/2397
f 1224/8/2400 1202/8/2401 1201/8/2402
f 1201/8/2402 1206/8/2403 1224/8/2400
f 1173/8/2404 1227/8/2405 1225/8/2406
f 1225/8/2406 1174/8/2407 1173/8/2404
f 1186/8/2408 1228/8/2408 1226/8/2409
f 1226/8/2409 1187/8/2410 1186/8/2408
f 1201/8/2411 1199/8/2412 1203/8/2413
f 1203/8/2413 1206/8/2412 1201/8/2411
f 1172/8/2414 1229/8/2415 1227/8/2416
f 1227/8/2416 1173/8/2417 1172/8/2414
f 1185/8/2418 1230/8/2419 1228/8/2420
f 1228/8/2420 1186/8/2421 1185/8/2418
f 1198/8/2422 1231/8/2423 1203/8/2424
f 1203/8/2424 1199/8/2425 1198/8/2422
f 1172/8/2426 1171/8/2427 1220/8/2427
f 1220/8/2427 1229/8/2428 1172/8/2426
f 1184/8/2429 1232/8/2430 1230/8/2431
f 1230/8/2431 1185/8/2432 1184/8/2429
f 1233/8/2433 1231/8/2434 1198/8/2433
f 1198/8/2433 1197/8/2433 1233/8/2433
f 1183/8/2435 1234/8/2436 1232/8/2435
f 1232/8/2435 1184/8/2437 1183/8/2435
f 1196/8/2438 1235/8/2439 1233/8/2440
f 1233/8/2440 1197/8/2441 1196/8/2438
f 1182/8/2442 1236/8/2443 1234/8/2444
f 1234/8/2444 1183/8/2442 1182/8/2442
f 1207/8/2445 1235/8/2445 1196/8/2445
f 1196/8/2445 1195/8/2445 1207/8/2445
f 1181/8/2446 1210/8/2447 1236/8/2448
f 1236/8/2448 1182/8/2449 1181/8/2446
f 1229/8/2450 1265/8/2450 1264/8/2450
f 1264/8/2450 1227/8/2450 1229/8/2450
f 1230/8/2451 1252/8/2451 1251/8/2451
f 1251/8/2451 1228/8/2451 1230/8/2451
f 1231/8/2452 1239/8/2452 1204/8/2452
f 1204/8/2452 1203/8/2453 1231/8/2452
f 1229/8/2454 1220/8/2454 1266/8/2454
f 1266/8/2454 1265/8/2455 1229/8/2454
f 1232/8/2456 1253/8/2456 1252/8/2456
f 1252/8/2456 1230/8/2456 1232/8/2456
f 1233/8/2457 1240/8/2457 1239/8/2457
f 1239/8/2457 1231/8/2457 1233/8/2457
f 1234/8/2458 1254/8/2458 1253/8/2459
f 1253/8/2459 1232/8/2458 1234/8/2458
f 1235/8/2460 1241/8/2461 1240/8/2461
f 1240/8/2461 1233/8/2462 1235/8/2460
f 1236/8/2463 1255/8/2463 1254/8/2463
f 1254/8/2463 1234/8/2463 1236/8/2463
f 1207/8/2464 1242/8/2465 1241/8/2464
f 1241/8/2464 1235/8/2464 1207/8/2464
f 1210/8/2466 1256/8/2466 1255/8/2466
f 1255/8/2466 1236/8/2466 1210/8/2466
f 1208/8/2467 1243/8/2468 1242/8/2467
f 1242/8/2467 1207/8/2467 1208/8/2467
f 1209/8/2469 1257/8/2469 1256/8/2469
f 1256/8/2469 1210/8/2469 1209/8/2469
f 1211/8/2470 1244/8/2470 1243/8/2470
f 1243/8/2470 1208/8/2470 1211/8/2470
f 1212/8/2471 1258/8/2472 1257/8/2471
f 1257/8/2471 1209/8/2472 1212/8/2471
f 1213/8/2473 1245/8/2473 1244/8/2473
f 1244/8/2473 1211/8/2473 1213/8/2473
f 1214/8/2474 1259/8/2474 1258/8/2474
f 1258/8/2474 1212/8/2475 1214/8/2474
f 1215/8/2476 1246/8/2476 1245/8/2476
f 1245/8/2476 1213/8/2476 1215/8/2476
f 1216/8/2477 1260/8/2478 1259/8/2478
f 1259/8/2478 1214/8/2479 1216/8/2477
f 1217/8/2480 1247/8/2481 1246/8/2481
f 1246/8/2481 1215/8/2481 1217/8/2480
f 1218/8/2482 1261/8/2482 1260/8/2482
f 1260/8/2482 1216/8/2482 1218/8/2482
f 1219/8/2483 1248/8/2483 1247/8/2483
f 1247/8/2483 1217/8/2483 1219/8/2483
f 1221/8/2484 1237/8/2484 1266/8/2484
f 1266/8/2484 1220/8/2484 1221/8/2484
f 1222/8/2485 1262/8/2486 1261/8/2485
f 1261/8/2485 1218/8/2485 1222/8/2485
f 1223/8/2487 1249/8/2488 1248/8/2487
f 1248/8/2487 1219/8/2487 1223/8/2487
f 1224/8/2489 1238/8/2490 1237/8/2490
f 1237/8/2490 1221/8/2489 1224/8/2489
f 1225/8/2491 1263/8/2491 1262/8/2491
f 1262/8/2491 1222/8/2491 1225/8/2491
f 1226/8/2492 1250/8/2492 1249/8/2492
f 1249/8/2492 1223/8/2492 1226/8/2492
f 1206/8/2493 1205/8/2493 1238/8/2493
f 1238/8/2493 1224/8/2493 1206/8/2493
f 1227/8/2494 1264/8/2494 1263/8/2494
f 1263/8/2494 1225/8/2494 1227/8/2494
f 1228/8/2495 1251/8/2496 1250/8/2495
f 1250/8/2495 1226/8/2497 1228/8/2495
