# Blender 5.0.1
# www.blender.org
mtllib P5-4.mtl
o C_rculo_007_C_rculo_008
v 0.219853 1.401463 0.379585
v 0.152753 1.430263 0.371885
v 0.088153 1.457863 0.349085
v 0.028753 1.483263 0.312085
v -0.023347 1.505563 0.262185
v -0.066147 1.523863 0.201485
v -0.097947 1.537463 0.132185
v -0.117447 1.545863 0.056985
v -0.124147 1.548663 -0.021215
v -0.117447 1.545863 -0.099415
v -0.097947 1.537463 -0.174615
v -0.066147 1.523863 -0.243915
v -0.023347 1.505563 -0.304715
v 0.028753 1.483263 -0.354515
v 0.088153 1.457863 -0.391615
v 0.152753 1.430263 -0.414415
v 0.219853 1.401463 -0.422115
v 0.286853 1.372763 -0.414415
v 0.351453 1.345163 -0.391615
v 0.410853 1.319763 -0.354515
v 0.462953 1.297463 -0.304715
v 0.505753 1.279163 -0.243915
v 0.537553 1.265563 -0.174615
v 0.557153 1.257163 -0.099415
v 0.563753 1.254363 -0.021215
v 0.557153 1.257163 0.056985
v 0.537553 1.265563 0.132185
v 0.505753 1.279163 0.201485
v 0.462953 1.297463 0.262185
v 0.286853 1.372763 0.371885
v 0.410853 1.319763 0.312085
v 0.351453 1.345163 0.349085
v -0.122947 1.449463 -0.092415
v -0.105147 1.441763 -0.160915
v -0.128947 1.451963 -0.021215
v -0.122947 1.449463 0.049985
v -0.105147 1.441763 0.118385
v -0.076247 1.429463 0.181485
v -0.037247 1.412763 0.236785
v 0.010153 1.392463 0.282185
v 0.064253 1.369263 0.315885
v 0.123053 1.344163 -0.379115
v 0.123053 1.344163 0.336685
v 0.064253 1.369263 -0.358415
v 0.010153 1.392463 -0.324615
v -0.037247 1.412763 -0.279315
v -0.076247 1.429463 -0.224015
v -0.132647 1.442163 0.129685
v -0.151947 1.450363 0.055685
v -0.101447 1.428763 0.197885
v -0.059347 1.410763 0.257685
v -0.008047 1.388863 0.306685
v 0.050453 1.363763 0.343185
v 0.113953 1.336663 -0.408115
v 0.113953 1.336663 0.365585
v 0.050453 1.363763 -0.385715
v -0.008047 1.388863 -0.349215
v -0.059347 1.410763 -0.300215
v -0.101447 1.428763 -0.240415
v -0.132647 1.442163 -0.172215
v -0.151947 1.450363 -0.098215
v -0.158447 1.453163 -0.021215
v -0.074947 1.303463 0.227885
v -0.029147 1.283863 0.271685
v -0.059247 1.267763 0.305885
v -0.159047 1.182563 0.166685
v -0.253347 1.195463 -0.097215
v -0.234047 1.187863 -0.170315
v -0.186147 1.193163 -0.150715
v -0.122447 1.168163 0.217985
v -0.077947 1.150763 0.260085
v -0.027247 1.130863 0.291385
v -0.122447 1.168163 -0.260515
v -0.159047 1.182563 -0.209215
v -0.208547 1.201963 -0.021215
v -0.202847 1.199663 0.044785
v -0.259847 1.197963 -0.021215
v -0.202847 1.175663 0.195085
v -0.160747 1.159163 0.254185
v -0.109547 1.139063 0.302585
v -0.160747 1.159163 -0.296615
v -0.202847 1.175663 -0.237615
v -0.117547 1.019463 0.255985
v -0.067047 1.001563 0.286785
v -0.143447 1.005763 0.292285
v -0.086347 0.985563 0.327185
v -0.140347 0.767663 0.232885
v -0.093547 0.754863 0.261185
v -0.165247 0.755363 0.274585
v -0.110847 0.740463 0.307485
v -0.096547 0.627863 0.265185
v -0.045447 0.617663 0.282885
v -0.108147 0.616563 0.303085
v -0.266247 0.401263 -0.082815
v -0.271547 0.401463 -0.021215
v 0.313053 0.374863 0.047285
v 0.318953 0.373963 -0.021215
v 0.313053 0.374863 -0.089715
v 0.295653 0.377763 -0.155615
v 0.267253 0.382363 -0.216315
v 0.229153 0.388663 -0.269515
v 0.182753 0.396263 -0.313215
v 0.129753 0.404963 -0.345615
v 0.129753 0.404963 0.303185
v 0.182753 0.396263 0.270685
v 0.229153 0.388663 0.227085
v 0.267253 0.382363 0.173785
v 0.295653 0.377763 0.113085
v 0.061953 0.393063 0.288285
v 0.114353 0.391663 0.270385
v 0.162553 0.390463 0.241185
v 0.204853 0.389463 0.201885
v 0.239653 0.388563 0.154085
v 0.265353 0.387863 0.099485
v 0.281253 0.387463 0.040285
v 0.286653 0.387363 -0.021215
v 0.281253 0.387463 -0.082815
v 0.265353 0.387863 -0.142015
v 0.239653 0.388563 -0.196615
v 0.204853 0.389463 -0.244415
v 0.162553 0.390463 -0.283715
v 0.114353 0.391663 -0.312815
v 0.061953 0.393063 -0.330815
v 0.007553 0.394363 -0.336915
v -0.046947 0.395763 -0.330815
v -0.099247 0.397063 -0.312815
v -0.147547 0.398263 -0.283715
v -0.189847 0.399363 -0.244415
v -0.224547 0.400263 -0.196615
v -0.250347 0.400863 -0.142015
v -0.266247 0.401263 0.040285
v -0.250347 0.400863 0.099485
v -0.224547 0.400263 0.154085
v -0.189847 0.399363 0.201885
v -0.147547 0.398263 0.241185
v -0.099247 0.397063 0.270385
v -0.046947 0.395763 0.288285
v 0.007553 0.394363 0.294385
vn -0.3933 -0.9194 -0.0001
vn -0.3933 -0.9194 -0.0000
vn -0.3931 -0.9195 -0.0001
vn -0.3930 -0.9195 -0.0001
vn -0.3934 -0.9194 0.0001
vn -0.3934 -0.9194 -0.0000
vn -0.3931 -0.9195 -0.0000
vn -0.3930 -0.9195 0.0001
vn -0.3935 -0.9193 -0.0001
vn -0.3933 -0.9194 0.0001
vn -0.3935 -0.9193 -0.0000
vn -0.0526 -0.9939 -0.0970
vn -0.0527 -0.9939 -0.0969
vn -0.0528 -0.9939 -0.0969
vn -0.0776 -0.9844 -0.1576
vn -0.0776 -0.9845 -0.1576
vn -0.0776 -0.9845 -0.1575
vn -0.1136 -0.9706 -0.2124
vn -0.1134 -0.9706 -0.2124
vn -0.1135 -0.9706 -0.2124
vn -0.1596 -0.9525 -0.2593
vn -0.1596 -0.9525 -0.2594
vn -0.1594 -0.9525 -0.2593
vn -0.1596 -0.9525 -0.2592
vn -0.2138 -0.9309 -0.2962
vn -0.2140 -0.9309 -0.2962
vn -0.2139 -0.9309 -0.2962
vn -0.2740 -0.9063 -0.3217
vn -0.2740 -0.9063 0.3218
vn -0.2740 -0.9064 0.3217
vn -0.2740 -0.9063 0.3219
vn -0.2138 -0.9309 0.2962
vn -0.2139 -0.9309 0.2961
vn -0.1595 -0.9526 0.2591
vn -0.1593 -0.9526 0.2592
vn -0.1596 -0.9526 0.2592
vn -0.1596 -0.9525 0.2592
vn -0.1135 -0.9706 0.2124
vn -0.1136 -0.9706 0.2124
vn -0.1135 -0.9705 0.2125
vn -0.1136 -0.9706 0.2123
vn -0.0776 -0.9845 0.1576
vn -0.0776 -0.9844 0.1576
vn -0.0775 -0.9845 0.1576
vn -0.0774 -0.9845 0.1576
vn -0.0529 -0.9939 0.0969
vn -0.0528 -0.9939 0.0969
vn -0.0399 -0.9987 0.0327
vn -0.0402 -0.9987 0.0327
vn -0.0402 -0.9987 -0.0327
vn -0.0403 -0.9987 -0.0328
vn 0.0110 -0.9084 -0.4180
vn 0.0108 -0.9085 -0.4177
vn 0.0614 -0.9910 0.1189
vn 0.0605 -0.9911 0.1182
vn 0.0609 -0.9910 0.1191
vn 0.0777 -0.9962 0.0394
vn 0.0763 -0.9963 0.0399
vn 0.0783 -0.9962 0.0392
vn 0.0778 -0.9961 -0.0408
vn 0.0764 -0.9963 -0.0399
vn 0.0779 -0.9961 -0.0410
vn -0.0162 -0.9659 -0.2584
vn -0.0161 -0.9659 -0.2583
vn -0.0162 -0.9659 -0.2585
vn -0.0160 -0.9659 -0.2584
vn -0.0739 -0.9464 -0.3145
vn -0.0737 -0.9464 -0.3144
vn -0.0737 -0.9465 -0.3143
vn -0.0736 -0.9464 -0.3144
vn -0.1409 -0.9230 -0.3580
vn -0.1414 -0.9230 -0.3579
vn -0.1416 -0.9227 -0.3586
vn -0.0160 -0.9659 0.2585
vn -0.0157 -0.9658 0.2589
vn -0.0160 -0.9659 0.2584
vn -0.0161 -0.9659 0.2584
vn 0.0297 -0.9809 0.1923
vn 0.0295 -0.9810 0.1920
vn 0.0296 -0.9811 0.1914
vn -0.0785 -0.9133 -0.3996
vn -0.0785 -0.9133 -0.3997
vn -0.0659 -0.9453 -0.3194
vn -0.0659 -0.9453 -0.3195
vn -0.0821 -0.9480 -0.3074
vn -0.0827 -0.9477 -0.3082
vn -0.0833 -0.9480 -0.3071
vn 0.0252 0.9997 -0.0000
vn 0.0253 0.9997 -0.0001
vn 0.0250 0.9997 -0.0000
vn 0.0251 0.9997 0.0002
vn 0.0253 0.9997 -0.0000
vn 0.0251 0.9997 0.0001
vn 0.0249 0.9997 -0.0000
vn 0.0253 0.9997 0.0001
vn 0.0255 0.9997 -0.0000
vn 0.0256 0.9997 0.0002
vn 0.0254 0.9997 -0.0002
vn 0.0252 0.9997 -0.0001
vn 0.2350 0.9698 -0.0659
vn 0.1189 0.9928 -0.0158
vn 0.0071 0.9953 0.0964
vn -0.0627 0.9641 0.2579
vn -0.0627 0.9641 0.2580
vn -0.0627 0.9641 -0.2579
vn 0.0071 0.9953 -0.0964
vn 0.1189 0.9928 0.0158
vn 0.2350 0.9698 0.0659
vn 0.3255 0.9435 0.0622
vn 0.3739 0.9271 0.0245
vn 0.3739 0.9272 -0.0245
vn 0.3739 0.9271 -0.0245
vn 0.3255 0.9435 -0.0622
vt 0.000000 0.000000
s 1
usemtl Goddard_None
f 1/1/1 2/1/2 3/1/2
f 3/1/2 4/1/2 5/1/3
f 1/1/1 3/1/2 5/1/3
f 5/1/3 6/1/4 7/1/5
f 7/1/5 8/1/2 9/1/6
f 5/1/3 7/1/5 9/1/6
f 1/1/1 5/1/3 9/1/6
f 9/1/6 10/1/2 11/1/7
f 11/1/7 12/1/8 13/1/2
f 9/1/6 11/1/7 13/1/2
f 13/1/2 14/1/2 15/1/2
f 15/1/2 16/1/2 17/1/9
f 13/1/2 15/1/2 17/1/9
f 9/1/6 13/1/2 17/1/9
f 17/1/9 18/1/2 19/1/10
f 19/1/10 20/1/2 21/1/2
f 17/1/9 19/1/10 21/1/2
f 21/1/2 22/1/4 23/1/4
f 23/1/4 24/1/2 25/1/11
f 21/1/2 23/1/4 25/1/11
f 17/1/9 21/1/2 25/1/11
f 9/1/6 17/1/9 25/1/11
f 1/1/1 9/1/6 25/1/11
f 26/1/2 27/1/2 28/1/7
f 25/1/11 26/1/2 28/1/7
f 25/1/11 28/1/7 29/1/2
f 1/1/1 25/1/11 29/1/2
f 30/1/2 1/1/1 29/1/2
f 30/1/2 29/1/2 31/1/2
f 30/1/2 31/1/2 32/1/2
f 37/1/12 48/1/13 49/1/14
f 49/1/14 36/1/14 37/1/12
f 38/1/15 50/1/16 48/1/17
f 48/1/17 37/1/16 38/1/15
f 39/1/18 51/1/19 50/1/20
f 50/1/20 38/1/18 39/1/18
f 40/1/21 52/1/22 51/1/23
f 51/1/23 39/1/24 40/1/21
f 41/1/25 53/1/25 52/1/26
f 52/1/26 40/1/27 41/1/25
f 43/1/28 55/1/28 53/1/28
f 53/1/28 41/1/28 43/1/28
f 44/1/29 56/1/30 54/1/29
f 54/1/29 42/1/31 44/1/29
f 45/1/32 57/1/32 56/1/33
f 56/1/33 44/1/32 45/1/32
f 46/1/34 58/1/35 57/1/36
f 57/1/36 45/1/37 46/1/34
f 47/1/38 59/1/39 58/1/40
f 58/1/40 46/1/41 47/1/38
f 34/1/42 60/1/43 59/1/44
f 59/1/44 47/1/45 34/1/42
f 33/1/46 61/1/47 60/1/47
f 60/1/47 34/1/47 33/1/46
f 35/1/48 62/1/49 61/1/49
f 61/1/49 33/1/49 35/1/48
f 36/1/50 49/1/50 62/1/51
f 62/1/51 35/1/50 36/1/50
f 63/1/52 64/1/53 65/1/52
f 67/1/54 68/1/55 69/1/56
f 75/1/57 77/1/58 67/1/59
f 77/1/60 75/1/61 76/1/62
f 70/1/63 79/1/64 78/1/65
f 78/1/65 66/1/66 70/1/63
f 80/1/67 79/1/68 70/1/69
f 70/1/69 71/1/70 80/1/67
f 80/1/71 71/1/72 72/1/73
f 74/1/74 82/1/75 81/1/76
f 81/1/76 73/1/77 74/1/74
f 82/1/78 74/1/79 69/1/80
f 85/1/81 83/1/81 84/1/82
f 84/1/82 86/1/82 85/1/81
f 88/1/83 90/1/84 89/1/84
f 89/1/84 87/1/83 88/1/83
f 93/1/85 91/1/86 92/1/87
f 109/1/88 110/1/88 111/1/88
f 109/1/88 111/1/88 112/1/88
f 112/1/88 113/1/88 114/1/88
f 112/1/88 114/1/88 115/1/89
f 109/1/88 112/1/88 115/1/89
f 115/1/89 116/1/88 117/1/90
f 115/1/89 117/1/90 118/1/91
f 119/1/88 120/1/88 121/1/92
f 118/1/91 119/1/88 121/1/92
f 115/1/89 118/1/91 121/1/92
f 109/1/88 115/1/89 121/1/92
f 121/1/92 122/1/88 123/1/88
f 121/1/92 123/1/88 124/1/93
f 125/1/93 126/1/94 127/1/95
f 124/1/93 125/1/93 127/1/95
f 121/1/92 124/1/93 127/1/95
f 109/1/88 121/1/92 127/1/95
f 127/1/95 128/1/96 129/1/88
f 127/1/95 129/1/88 130/1/97
f 127/1/95 130/1/97 94/1/98
f 109/1/88 127/1/95 94/1/98
f 131/1/88 132/1/88 133/1/88
f 95/1/88 131/1/88 133/1/88
f 94/1/98 95/1/88 133/1/88
f 94/1/98 133/1/88 134/1/93
f 109/1/88 94/1/98 134/1/93
f 134/1/93 135/1/88 136/1/88
f 134/1/93 136/1/88 137/1/99
f 134/1/93 137/1/99 138/1/88
f 109/1/88 134/1/93 138/1/88
f 100/1/100 119/1/100 118/1/100
f 118/1/100 99/1/100 100/1/100
f 119/1/101 100/1/101 101/1/101
f 101/1/101 120/1/101 119/1/101
f 121/1/102 120/1/102 101/1/102
f 101/1/102 102/1/102 121/1/102
f 102/1/103 103/1/104 122/1/103
f 122/1/103 121/1/103 102/1/103
f 111/1/105 110/1/105 104/1/105
f 104/1/105 105/1/105 111/1/105
f 106/1/106 112/1/106 111/1/106
f 111/1/106 105/1/106 106/1/106
f 107/1/107 113/1/107 112/1/107
f 112/1/107 106/1/107 107/1/107
f 113/1/108 107/1/108 108/1/108
f 108/1/108 114/1/108 113/1/108
f 115/1/109 114/1/109 108/1/109
f 108/1/109 96/1/109 115/1/109
f 96/1/110 97/1/110 116/1/110
f 116/1/110 115/1/110 96/1/110
f 117/1/111 116/1/112 97/1/111
f 97/1/111 98/1/111 117/1/111
f 99/1/113 118/1/113 117/1/113
f 117/1/113 98/1/113 99/1/113
o C_rculo_014_C_rculo_015
v 0.029453 0.158563 0.466585
v -0.309447 0.158563 0.326185
v -0.413347 0.158563 0.170685
v -0.440647 0.158563 0.080785
v -0.449847 0.158563 -0.012715
v -0.413347 0.158563 -0.196115
v -0.309447 0.158563 -0.351715
v 0.029453 0.158563 -0.492015
v 0.123053 0.158563 -0.482815
v 0.212953 0.158563 -0.455615
v 0.295753 0.158563 -0.411315
v 0.368453 0.158563 -0.351715
v 0.472353 0.158563 -0.196115
v 0.499653 0.158563 -0.106215
v 0.508853 0.158563 -0.012715
v 0.499653 0.158563 0.080785
v 0.472353 0.158563 0.170685
v 0.428053 0.158563 0.253585
v 0.368453 0.158563 0.326185
v 0.123053 0.158563 0.457385
v 0.295753 0.158563 0.385885
v 0.212953 0.158563 0.430085
vn -0.0000 -1.0000 -0.0000
vt 0.000000 0.000000
s 1
usemtl Goddard_None
f 141/2/114 142/2/114 143/2/114
f 140/2/114 141/2/114 143/2/114
f 139/2/114 140/2/114 143/2/114
f 143/2/114 144/2/114 145/2/114
f 143/2/114 145/2/114 146/2/114
f 146/2/114 147/2/114 148/2/114
f 148/2/114 149/2/114 150/2/114
f 146/2/114 148/2/114 150/2/114
f 151/2/114 152/2/114 153/2/114
f 150/2/114 151/2/114 153/2/114
f 146/2/114 150/2/114 153/2/114
f 143/2/114 146/2/114 153/2/114
f 139/2/114 143/2/114 153/2/114
f 154/2/114 155/2/114 156/2/114
f 153/2/114 154/2/114 156/2/114
f 153/2/114 156/2/114 157/2/114
f 139/2/114 153/2/114 157/2/114
f 158/2/114 157/2/114 159/2/114
f 158/2/114 159/2/114 160/2/114
o C_rculo_015_C_rculo_016
v 0.030753 0.336463 0.364985
v -0.042847 0.336463 0.357785
v -0.113647 0.336463 0.336285
v -0.178947 0.336463 0.301385
v -0.236147 0.336463 0.254485
v -0.283047 0.336463 0.197285
v -0.317947 0.336463 0.132085
v -0.339347 0.336463 0.061285
v -0.346647 0.336463 -0.012315
v -0.339347 0.336463 -0.086015
v -0.317947 0.336463 -0.156815
v -0.283047 0.336463 -0.222015
v -0.236147 0.336463 -0.279215
v -0.178947 0.336463 -0.326115
v -0.113647 0.336463 -0.361015
v -0.042847 0.336463 -0.382515
v 0.030753 0.336463 -0.389715
v 0.104353 0.336463 -0.382515
v 0.175153 0.336463 -0.361015
v 0.240353 0.336463 -0.326115
v 0.297553 0.336463 -0.279215
v 0.344553 0.336463 -0.222015
v 0.379353 0.336463 -0.156815
v 0.400853 0.336463 -0.086015
v 0.408153 0.336463 -0.012315
v 0.400853 0.336463 0.061285
v 0.379353 0.336463 0.132085
v 0.344553 0.336463 0.197285
v 0.297553 0.336463 0.254485
v 0.104353 0.336463 0.357785
v 0.240353 0.336463 0.301385
v 0.175153 0.336463 0.336285
v 0.123753 0.157263 0.455385
v 0.213253 0.157263 0.428185
v 0.295653 0.157263 0.384185
v 0.367953 0.157263 0.324785
v 0.427253 0.157263 0.252585
v 0.471253 0.157263 0.170085
v 0.498453 0.157263 0.080685
v 0.507553 0.157263 -0.012315
v 0.498453 0.157263 -0.105415
v 0.471253 0.157263 -0.194815
v 0.427253 0.157263 -0.277315
v 0.367953 0.157263 -0.349515
v 0.295653 0.157263 -0.408815
v 0.213253 0.157263 -0.452915
v 0.123753 0.157263 -0.480015
v 0.030753 0.157263 -0.489215
v -0.062247 0.157263 -0.480015
v -0.151747 0.157263 -0.452915
v -0.234147 0.157263 -0.408815
v -0.306447 0.157263 -0.349515
v -0.365747 0.157263 -0.277315
v -0.409847 0.157263 -0.194815
v -0.436947 0.157263 -0.105415
v -0.446147 0.157263 -0.012315
v -0.436947 0.157263 0.080685
v -0.409847 0.157263 0.170085
v -0.365747 0.157263 0.252585
v -0.306447 0.157263 0.324785
v -0.234147 0.157263 0.384185
v -0.151747 0.157263 0.428185
v -0.062247 0.157263 0.455385
v 0.030753 0.157263 0.464485
vn -0.0000 -1.0000 -0.0000
vn -0.0000 1.0000 -0.0000
vt 0.000000 0.000000
s 1
usemtl Goddard_None
f 161/3/115 162/3/115 163/3/115
f 163/3/115 164/3/115 165/3/115
f 161/3/115 163/3/115 165/3/115
f 165/3/115 166/3/115 167/3/115
f 167/3/115 168/3/115 169/3/115
f 165/3/115 167/3/115 169/3/115
f 161/3/115 165/3/115 169/3/115
f 169/3/115 170/3/115 171/3/115
f 171/3/115 172/3/115 173/3/115
f 169/3/115 171/3/115 173/3/115
f 173/3/115 174/3/115 175/3/115
f 175/3/115 176/3/115 177/3/115
f 173/3/115 175/3/115 177/3/115
f 169/3/115 173/3/115 177/3/115
f 177/3/115 178/3/115 179/3/115
f 179/3/115 180/3/115 181/3/115
f 177/3/115 179/3/115 181/3/115
f 181/3/115 182/3/115 183/3/115
f 183/3/115 184/3/115 185/3/115
f 181/3/115 183/3/115 185/3/115
f 177/3/115 181/3/115 185/3/115
f 169/3/115 177/3/115 185/3/115
f 161/3/115 169/3/115 185/3/115
f 186/3/115 187/3/115 188/3/115
f 185/3/115 186/3/115 188/3/115
f 185/3/115 188/3/115 189/3/115
f 161/3/115 185/3/115 189/3/115
f 190/3/115 161/3/115 189/3/115
f 190/3/115 189/3/115 191/3/115
f 190/3/115 191/3/115 192/3/115
f 193/3/116 194/3/116 195/3/116
f 195/3/116 196/3/116 197/3/116
f 193/3/116 195/3/116 197/3/116
f 197/3/116 198/3/116 199/3/116
f 199/3/116 200/3/116 201/3/116
f 197/3/116 199/3/116 201/3/116
f 193/3/116 197/3/116 201/3/116
f 201/3/116 202/3/116 203/3/116
f 203/3/116 204/3/116 205/3/116
f 201/3/116 203/3/116 205/3/116
f 205/3/116 206/3/116 207/3/116
f 207/3/116 208/3/116 209/3/116
f 205/3/116 207/3/116 209/3/116
f 201/3/116 205/3/116 209/3/116
f 193/3/116 201/3/116 209/3/116
f 209/3/116 210/3/116 211/3/116
f 211/3/116 212/3/116 213/3/116
f 209/3/116 211/3/116 213/3/116
f 213/3/116 214/3/116 215/3/116
f 215/3/116 216/3/116 217/3/116
f 213/3/116 215/3/116 217/3/116
f 209/3/116 213/3/116 217/3/116
f 217/3/116 218/3/116 219/3/116
f 219/3/116 220/3/116 221/3/116
f 217/3/116 219/3/116 221/3/116
f 221/3/116 222/3/116 223/3/116
f 221/3/116 223/3/116 224/3/116
f 217/3/116 221/3/116 224/3/116
f 209/3/116 217/3/116 224/3/116
f 193/3/116 209/3/116 224/3/116
o C_rculo_016_C_rculo_017
v -0.223147 0.401063 0.242585
v -0.267647 0.401063 0.188285
v -0.300747 0.401063 0.126385
v -0.321147 0.401063 0.059185
v -0.328047 0.401063 -0.010715
v 0.030153 0.401063 -0.368815
v 0.100053 0.401063 -0.362015
v 0.167153 0.401063 -0.341615
v 0.229153 0.401063 -0.308515
v 0.283353 0.401063 -0.263915
v 0.327953 0.401063 -0.209715
v 0.361053 0.401063 -0.147715
v 0.381453 0.401063 -0.080515
v 0.388253 0.401063 -0.010715
v 0.381453 0.401063 0.059185
v 0.361053 0.401063 0.126385
v 0.327953 0.401063 0.188285
v 0.283353 0.401063 0.242585
v 0.104053 0.335363 0.360685
v 0.344953 0.335363 0.199685
v 0.408753 0.335363 -0.010715
v 0.401553 0.335363 -0.084515
v 0.379953 0.335363 -0.155615
v 0.344953 0.335363 -0.221015
v 0.297853 0.335363 -0.278415
v 0.240453 0.335363 -0.325515
v 0.175053 0.335363 -0.360515
v 0.104053 0.335363 -0.382015
v 0.030153 0.335363 -0.389315
v -0.043747 0.335363 -0.382015
v -0.114747 0.335363 -0.360515
v -0.180247 0.335363 -0.325515
v -0.284747 0.335363 -0.221015
v -0.341247 0.335363 -0.084515
v -0.341247 0.335363 0.063185
vn -0.0000 -1.0000 -0.0000
vn -0.0000 1.0000 -0.0000
vt 0.000000 0.000000
s 1
usemtl Goddard_None
f 225/4/117 226/4/117 227/4/117
f 227/4/117 228/4/117 229/4/117
f 225/4/117 227/4/117 229/4/117
f 230/4/117 231/4/117 232/4/117
f 232/4/117 233/4/117 234/4/117
f 230/4/117 232/4/117 234/4/117
f 234/4/117 235/4/117 236/4/117
f 236/4/117 237/4/117 238/4/117
f 234/4/117 236/4/117 238/4/117
f 230/4/117 234/4/117 238/4/117
f 239/4/117 240/4/117 241/4/117
f 238/4/117 239/4/117 241/4/117
f 238/4/117 241/4/117 242/4/117
f 243/4/118 244/4/118 245/4/118
f 243/4/118 245/4/118 246/4/118
f 246/4/118 247/4/118 248/4/118
f 248/4/118 249/4/118 250/4/118
f 246/4/118 248/4/118 250/4/118
f 250/4/118 251/4/118 252/4/118
f 252/4/118 253/4/118 254/4/118
f 250/4/118 252/4/118 254/4/118
f 246/4/118 250/4/118 254/4/118
f 254/4/118 255/4/118 256/4/118
f 254/4/118 256/4/118 257/4/118
f 257/4/118 258/4/118 259/4/118
f 254/4/118 257/4/118 259/4/118
f 246/4/118 254/4/118 259/4/118
o Cilindro_001_Cilindro_006
v -0.418047 0.109463 0.247385
v -0.421947 0.035063 0.248885
v -0.418047 0.035063 0.247385
v -0.430247 0.109463 0.249485
v -0.430247 0.035063 0.249485
v -0.434347 0.109463 0.248485
v -0.434347 0.035063 0.248485
v -0.438147 0.109463 0.246785
v -0.441547 0.035063 0.244385
v -0.444447 0.035063 0.241285
v -0.446647 0.109463 0.237785
v -0.446647 0.035063 0.237785
v -0.448147 0.035063 0.233885
v -0.448847 0.035063 0.229785
v -0.448647 0.035063 0.225585
v -0.447747 0.035063 0.221485
v -0.446047 0.035063 0.217685
v -0.443547 0.035063 0.214285
v -0.443547 0.109463 0.214285
v -0.440547 0.035063 0.211385
v -0.437047 0.035063 0.209185
v -0.437047 0.109463 0.209185
v -0.433047 0.035063 0.207685
v -0.433047 0.109463 0.207685
v -0.428947 0.035063 0.206985
v -0.428947 0.109463 0.206985
v -0.424747 0.035063 0.207085
v -0.424747 0.109463 0.207085
v -0.420747 0.109463 0.208085
v -0.420747 0.035063 0.208085
v -0.416847 0.109463 0.209785
v -0.416847 0.035063 0.209785
v -0.413447 0.035063 0.212185
v -0.413447 0.109463 0.212185
v -0.410647 0.035063 0.215285
v -0.410647 0.109463 0.215285
v -0.408347 0.109463 0.218785
v -0.408347 0.035063 0.218785
v -0.406947 0.109463 0.222685
v -0.406947 0.035063 0.222685
v -0.406247 0.035063 0.226785
v -0.406247 0.109463 0.226785
v -0.406347 0.109463 0.230985
v -0.406347 0.035063 0.230985
v -0.407247 0.035063 0.235085
v -0.407247 0.109463 0.235085
v -0.408947 0.035063 0.238885
v -0.408947 0.109463 0.238885
v -0.411447 0.109463 0.242285
v -0.411447 0.035063 0.242285
v -0.438047 0.127863 0.233585
v -0.439147 0.127663 0.230885
v -0.414447 0.109463 0.245185
v -0.414447 0.035063 0.245185
v -0.427947 0.123863 0.242185
v -0.413547 0.134663 0.235085
v -0.413547 0.136663 0.233085
v -0.430347 0.125163 0.241385
v -0.429547 0.115463 0.214085
v -0.431847 0.117163 0.214285
v -0.415047 0.111463 0.231285
v -0.415247 0.110663 0.228485
v -0.432647 0.126363 0.239985
v -0.437647 0.122363 0.218085
v -0.418447 0.110163 0.220585
v -0.420247 0.110663 0.218385
v -0.420947 0.118963 0.241585
v -0.423147 0.120663 0.242285
v -0.418947 0.117163 0.240285
v -0.439747 0.127163 0.228085
v -0.427147 0.113963 0.214385
v -0.415347 0.112663 0.233985
v -0.434747 0.127163 0.238185
v -0.436047 0.120663 0.216285
v -0.416947 0.109963 0.223085
v -0.425447 0.122363 0.242585
v -0.439947 0.126363 0.225285
v -0.424647 0.112663 0.215185
v -0.416147 0.113963 0.236385
v -0.436647 0.127663 0.235985
v -0.434047 0.118963 0.215085
v -0.415847 0.110163 0.225685
v -0.422347 0.111463 0.216585
v -0.417347 0.115463 0.238485
v -0.414447 0.129763 0.237985
v -0.415347 0.127063 0.238785
v -0.416547 0.124463 0.239085
v -0.417947 0.121963 0.238785
v -0.419447 0.119563 0.237985
v -0.421047 0.117563 0.236785
v -0.422747 0.115863 0.235085
v -0.424347 0.114563 0.233085
v -0.425947 0.113863 0.230685
v -0.427247 0.113563 0.228185
v -0.428447 0.113863 0.225585
v -0.429447 0.114563 0.222885
v -0.430047 0.115863 0.220385
v -0.430347 0.117563 0.218085
v -0.430447 0.119563 0.215985
v -0.430047 0.121963 0.214285
v -0.429447 0.124463 0.213085
v -0.428547 0.127063 0.212285
v -0.427347 0.129763 0.211985
v -0.426047 0.132263 0.212285
v -0.424447 0.134663 0.213085
v -0.422847 0.136663 0.214285
v -0.421247 0.138363 0.215985
v -0.419547 0.139663 0.217985
v -0.418047 0.140363 0.220385
v -0.416647 0.140663 0.222885
v -0.415447 0.140363 0.225585
v -0.414547 0.139663 0.228185
v -0.413947 0.138363 0.230685
v -0.413847 0.132263 0.236785
v -0.459347 0.109463 -0.210715
v -0.459347 0.035063 -0.210715
v -0.456447 0.035063 -0.207715
v -0.456447 0.109463 -0.207715
v -0.461647 0.035063 -0.214215
v -0.461647 0.109463 -0.214215
v -0.463147 0.109463 -0.218115
v -0.463147 0.035063 -0.218115
v -0.463947 0.035063 -0.222215
v -0.463847 0.035063 -0.226415
v -0.461347 0.035063 -0.234315
v -0.461347 0.109463 -0.234315
v -0.459047 0.035063 -0.237715
v -0.456047 0.035063 -0.240715
v -0.452547 0.035063 -0.243015
v -0.448647 0.035063 -0.244515
v -0.444547 0.035063 -0.245315
v -0.440347 0.035063 -0.245215
v -0.436247 0.109463 -0.244415
v -0.428947 0.109463 -0.240415
v -0.428947 0.035063 -0.240415
v -0.426047 0.109463 -0.237415
v -0.426047 0.035063 -0.237415
v -0.423747 0.035063 -0.233915
v -0.423747 0.109463 -0.233915
v -0.422147 0.035063 -0.230015
v -0.422147 0.109463 -0.230015
v -0.421447 0.109463 -0.225915
v -0.421447 0.035063 -0.221715
v -0.421447 0.109463 -0.221715
v -0.422347 0.109463 -0.217615
v -0.422347 0.035063 -0.217615
v -0.423947 0.109463 -0.213815
v -0.423947 0.035063 -0.213815
v -0.426347 0.035063 -0.210315
v -0.426347 0.109463 -0.210315
v -0.429347 0.035063 -0.207415
v -0.429347 0.109463 -0.207415
v -0.432847 0.109463 -0.205115
v -0.432847 0.035063 -0.205115
v -0.436747 0.035063 -0.203515
v -0.436747 0.109463 -0.203515
v -0.440847 0.109463 -0.202815
v -0.440847 0.035063 -0.202815
v -0.445047 0.109463 -0.202815
v -0.445047 0.035063 -0.202815
v -0.449047 0.035063 -0.203715
v -0.449047 0.109463 -0.203715
v -0.449647 0.127663 -0.233715
v -0.451747 0.127863 -0.231615
v -0.452947 0.109463 -0.205315
v -0.452947 0.035063 -0.205315
v -0.455847 0.125163 -0.221415
v -0.455647 0.123863 -0.218815
v -0.443347 0.134663 -0.208515
v -0.441447 0.136663 -0.209315
v -0.430447 0.115463 -0.231615
v -0.431547 0.117163 -0.233715
v -0.440447 0.111463 -0.211415
v -0.437947 0.110663 -0.212715
v -0.455447 0.126363 -0.224015
v -0.437347 0.122363 -0.237415
v -0.430647 0.110663 -0.221315
v -0.431947 0.110163 -0.218815
v -0.452147 0.118963 -0.212715
v -0.453747 0.120663 -0.214415
v -0.450247 0.117163 -0.211415
v -0.447447 0.127163 -0.235415
v -0.429747 0.113963 -0.229215
v -0.443047 0.112663 -0.210615
v -0.454647 0.127163 -0.226715
v -0.435147 0.120663 -0.236615
v -0.433647 0.109963 -0.216415
v -0.454947 0.122363 -0.216515
v -0.429547 0.112663 -0.226715
v -0.445547 0.113963 -0.210415
v -0.453447 0.127663 -0.229315
v -0.433147 0.118963 -0.235415
v -0.435647 0.110163 -0.214415
v -0.429847 0.111463 -0.224015
v -0.448047 0.115463 -0.210715
v -0.448147 0.124463 -0.209715
v -0.448447 0.121963 -0.211015
v -0.448347 0.119563 -0.212815
v -0.447847 0.117563 -0.214715
v -0.447047 0.115863 -0.216915
v -0.445747 0.114563 -0.219215
v -0.444247 0.113863 -0.221615
v -0.442447 0.113563 -0.223915
v -0.440547 0.113863 -0.226015
v -0.438547 0.114563 -0.227915
v -0.436447 0.115863 -0.229515
v -0.434447 0.117563 -0.230815
v -0.432547 0.119563 -0.231615
v -0.430947 0.121963 -0.232015
v -0.429547 0.124463 -0.231915
v -0.428447 0.127063 -0.231415
v -0.427747 0.129763 -0.230415
v -0.427447 0.132263 -0.229115
v -0.427547 0.134663 -0.227415
v -0.428047 0.136663 -0.225415
v -0.428847 0.138363 -0.223215
v -0.430147 0.139663 -0.220915
v -0.431647 0.140363 -0.218515
v -0.433447 0.140663 -0.216215
v -0.435347 0.140363 -0.214115
v -0.437347 0.139663 -0.212215
v -0.439447 0.138363 -0.210615
v -0.444947 0.132263 -0.208115
v -0.447447 0.127063 -0.208715
v -0.446347 0.129763 -0.208215
v -0.490947 0.109463 0.027585
v -0.490947 0.035063 0.027585
v -0.486747 0.035063 0.027785
v -0.486747 0.109463 0.027785
v -0.495047 0.035063 0.026485
v -0.495047 0.109463 0.026485
v -0.498747 0.109463 0.024685
v -0.498747 0.035063 0.024685
v -0.502147 0.109463 0.022085
v -0.502147 0.035063 0.022085
v -0.504847 0.035063 0.018985
v -0.504847 0.109463 0.018985
v -0.506947 0.035063 0.015385
v -0.508347 0.035063 0.011385
v -0.508947 0.035063 0.007285
v -0.508647 0.035063 0.003085
v -0.500147 0.109463 -0.010815
v -0.496547 0.109463 -0.012915
v -0.492547 0.109463 -0.014315
v -0.488447 0.109463 -0.014815
v -0.484247 0.109463 -0.014615
v -0.480147 0.035063 -0.013515
v -0.480147 0.109463 -0.013515
v -0.476447 0.109463 -0.011715
v -0.476447 0.035063 -0.011715
v -0.473047 0.035063 -0.009215
v -0.473047 0.109463 -0.009215
v -0.470347 0.109463 -0.006015
v -0.470347 0.035063 -0.006015
v -0.468247 0.109463 -0.002415
v -0.468247 0.035063 -0.002415
v -0.466847 0.035063 0.001485
v -0.466847 0.109463 0.001485
v -0.466247 0.035063 0.005685
v -0.466247 0.109463 0.005685
v -0.466547 0.109463 0.009885
v -0.466547 0.035063 0.009885
v -0.467547 0.035063 0.013885
v -0.467547 0.109463 0.013885
v -0.469447 0.109463 0.017685
v -0.469447 0.035063 0.017685
v -0.471947 0.109463 0.020985
v -0.471947 0.035063 0.020985
v -0.475047 0.035063 0.023785
v -0.475047 0.109463 0.023785
v -0.478647 0.109463 0.025885
v -0.478647 0.035063 0.025885
v -0.499247 0.127663 0.003985
v -0.482647 0.109463 0.027185
v -0.482647 0.035063 0.027185
v -0.493647 0.123863 0.018985
v -0.477647 0.134663 0.018385
v -0.476847 0.136663 0.016485
v -0.495547 0.125163 0.017285
v -0.483647 0.115463 -0.007315
v -0.485847 0.117163 -0.008115
v -0.477447 0.111463 0.014285
v -0.476447 0.110663 0.011685
v -0.497147 0.126363 0.015085
v -0.494647 0.123863 -0.005615
v -0.492647 0.122363 -0.007015
v -0.476947 0.110663 0.000385
v -0.476147 0.110163 0.003185
v -0.489347 0.120663 0.021085
v -0.487047 0.118963 0.021285
v -0.484747 0.117163 0.020885
v -0.498747 0.127163 0.001185
v -0.481547 0.113963 -0.006115
v -0.478847 0.112663 0.016585
v -0.498247 0.127163 0.012585
v -0.490447 0.120663 -0.007915
v -0.475847 0.109963 0.005985
v -0.491647 0.122363 0.020285
v -0.497747 0.126363 -0.001415
v -0.479647 0.112663 -0.004315
v -0.480547 0.113963 0.018485
v -0.499047 0.127663 0.009785
v -0.488147 0.118963 -0.008315
v -0.475947 0.110163 0.008885
v -0.496347 0.125163 -0.003715
v -0.478147 0.111463 -0.002115
v -0.482547 0.115463 0.019985
v -0.479747 0.129763 0.020685
v -0.480847 0.127063 0.020985
v -0.482047 0.124463 0.020785
v -0.483147 0.121963 0.019985
v -0.484247 0.119563 0.018685
v -0.485247 0.117563 0.016885
v -0.486047 0.115863 0.014585
v -0.486747 0.114563 0.012085
v -0.487147 0.113863 0.009385
v -0.487347 0.113563 0.006485
v -0.487347 0.113863 0.003585
v -0.487147 0.114563 0.000785
v -0.486647 0.115863 -0.001815
v -0.486047 0.117563 -0.004015
v -0.485147 0.119563 -0.005915
v -0.484247 0.121963 -0.007315
v -0.483147 0.124463 -0.008215
v -0.481947 0.127063 -0.008515
v -0.480847 0.129763 -0.008315
v -0.479647 0.132263 -0.007515
v -0.478647 0.134663 -0.006215
v -0.477647 0.136663 -0.004415
v -0.476847 0.138363 -0.002115
v -0.476147 0.139663 0.000385
v -0.475747 0.140363 0.003085
v -0.475447 0.140663 0.005985
v -0.475547 0.140363 0.008885
v -0.475747 0.139663 0.011685
v -0.476147 0.138363 0.014285
v -0.478647 0.132263 0.019785
vn -0.2243 -0.0000 0.9745
vn -0.2259 0.0063 0.9741
vn -0.1657 -0.0000 -0.9862
vn -0.1661 -0.0013 -0.9861
vn 0.0299 -0.0000 -0.9996
vn 0.0291 -0.0029 -0.9996
vn 0.2266 -0.0091 -0.9740
vn 0.2243 -0.0000 -0.9745
vn 0.4101 -0.0000 -0.9120
vn 0.4088 -0.0056 -0.9126
vn 0.5802 -0.0000 -0.8145
vn 0.5797 -0.0021 -0.8148
vn 0.7279 -0.0008 -0.6857
vn 0.7279 -0.0000 -0.6857
vn 0.7412 0.0209 -0.6710
vn 0.8362 0.0222 -0.5480
vn 0.8477 -0.0000 -0.5305
vn 0.8477 -0.0008 -0.5305
vn 0.9357 -0.0088 -0.3528
vn 0.9349 -0.0000 -0.3549
vn 0.9862 -0.0000 -0.1657
vn 0.9861 -0.0013 -0.1660
vn 0.9997 0.0061 0.0241
vn 0.9996 -0.0000 0.0299
vn 0.9996 -0.0002 0.0299
vn 0.9745 -0.0000 0.2243
vn 0.9121 -0.0000 0.4101
vn 0.9122 -0.0009 0.4098
vn 0.8134 -0.0073 0.5817
vn 0.8145 -0.0000 0.5802
vn -0.8322 0.4649 0.3022
vn -0.8312 0.4606 0.3113
vn -0.8319 0.4603 0.3098
vn 0.6944 0.0129 0.7194
vn 0.6857 -0.0000 0.7279
vn 0.6857 -0.0005 0.7279
vn 0.5293 -0.0051 0.8484
vn 0.5305 -0.0000 0.8477
vn -0.0000 -1.0000 -0.0000
vn -0.0000 -1.0000 0.0001
vn -0.0000 -1.0000 -0.0001
vn -0.0000 -1.0000 -0.0003
vn -0.0000 -1.0000 0.0003
vn -0.0000 -1.0000 -0.0002
vn -0.0579 0.6232 0.7799
vn -0.0580 0.6233 0.7798
vn -0.0580 0.6233 0.7799
vn 0.0799 0.7021 -0.7076
vn 0.0798 0.7021 -0.7076
vn 0.1629 0.9797 -0.1168
vn 0.1629 0.9797 -0.1167
vn -0.2559 0.4465 0.8574
vn -0.3330 0.4517 0.8277
vn -0.3180 0.4471 0.8361
vn 0.1180 0.9930 -0.0100
vn 0.5558 0.6037 0.5715
vn 0.5559 0.6036 0.5715
vn 0.5559 0.6037 0.5715
vn 0.2241 0.8075 -0.5456
vn 0.2940 0.9504 -0.1014
vn -0.4614 0.4527 0.7630
vn -0.4980 0.4548 0.7383
vn -0.4920 0.4525 0.7438
vn -0.3708 0.4888 -0.7897
vn -0.5215 0.4843 -0.7025
vn -0.4973 0.4757 -0.7255
vn 0.0647 0.9978 -0.0115
vn 0.2814 0.8946 -0.3472
vn 0.2815 0.8946 -0.3472
vn 0.2814 0.8945 -0.3473
vn 0.2814 0.8945 -0.3474
vn 0.4467 0.8946 -0.0144
vn 0.4467 0.8946 -0.0143
vn 0.4467 0.8946 -0.0146
vn 0.4467 0.8946 -0.0147
vn 0.0482 0.9978 -0.0446
vn 0.2584 0.9504 -0.1730
vn 0.2584 0.9504 -0.1731
vn 0.5702 0.8075 0.1512
vn 0.5702 0.8075 0.1511
vn 0.1804 0.5544 -0.8125
vn -0.1195 0.6037 -0.7882
vn -0.0552 0.5838 -0.8100
vn 0.0792 0.9930 -0.0880
vn -0.1634 0.4562 0.8747
vn -0.1485 0.4521 0.8795
vn -0.2330 0.4101 0.8818
vn 0.1914 0.9797 -0.0593
vn 0.6121 0.7021 0.3638
vn 0.6121 0.7021 0.3639
vn 0.6122 0.7021 0.3637
vn 0.8203 -0.4014 -0.4074
vn 0.8201 -0.4014 -0.4077
vn 0.8202 -0.4016 -0.4075
vn 0.8204 -0.4014 -0.4073
vn 0.8203 -0.4014 -0.4075
vn 0.8202 -0.4015 -0.4076
vn 0.8202 -0.4016 -0.4074
vn 0.8203 -0.4015 -0.4074
vn 0.8202 -0.4014 -0.4075
vn 0.8203 -0.4015 -0.4073
vn 0.8201 -0.4014 -0.4078
vn 0.8201 -0.4017 -0.4075
vn 0.8203 -0.4016 -0.4073
vn 0.8204 -0.4013 -0.4074
vn 0.8201 -0.4018 -0.4074
vn 0.8204 -0.4012 -0.4074
vn 0.9366 -0.1056 0.3341
vn 0.9366 -0.1055 0.3341
vn 0.2996 -0.1056 -0.9482
vn 0.2997 -0.1054 -0.9482
vn -0.1749 0.8203 0.5446
vn -0.1544 0.7314 0.6643
vn -0.1709 0.7417 0.6486
vn 0.5748 -0.0878 0.8136
vn 0.5749 -0.0878 0.8135
vn 0.8931 0.3342 -0.3010
vn 0.8931 0.3342 -0.3012
vn 0.8931 0.3342 -0.3011
vn 0.8932 0.3341 -0.3010
vn -0.2405 0.8072 0.5390
vn -0.2405 0.8073 0.5390
vn -0.2405 0.8072 0.5391
vn 0.7744 0.6269 0.0857
vn 0.7744 0.6269 0.0858
vn -0.3145 0.8159 0.4852
vn -0.3184 0.8550 0.4094
vn -0.3144 0.8540 0.4146
vn 0.6107 0.7775 0.1500
vn 0.6107 0.7775 0.1501
vn -0.3901 0.8781 0.2772
vn -0.3901 0.8781 0.2773
vn -0.3901 0.8780 0.2773
vn -0.3901 0.8780 0.2774
vn 0.4802 0.8702 0.1104
vn 0.4802 0.8702 0.1105
vn 0.3773 0.9256 0.0288
vn 0.3773 0.9256 0.0287
vn -0.5352 0.8404 -0.0848
vn -0.5186 0.8550 0.0063
vn -0.5198 0.8543 -0.0023
vn 0.2976 0.9518 -0.0749
vn 0.2976 0.9517 -0.0750
vn 0.2976 0.9517 -0.0749
vn -0.5783 0.7790 -0.2425
vn -0.5748 0.8072 -0.1342
vn -0.5756 0.8048 -0.1448
vn 0.2395 0.9518 -0.1917
vn 0.2395 0.9518 -0.1918
vn -0.5995 0.7937 -0.1036
vn -0.6226 0.7314 -0.2782
vn -0.6238 0.7354 -0.2645
vn 0.2052 0.9256 -0.3180
vn 0.2020 0.8702 -0.4494
vn 0.2021 0.8702 -0.4493
vn 0.3422 0.0998 0.9343
vn 0.2495 0.7775 -0.5772
vn 0.2493 0.7775 -0.5773
vn 0.2494 0.7775 -0.5773
vn 0.2495 0.7775 -0.5773
vn -0.6915 0.4554 -0.5607
vn -0.6362 0.3011 -0.7103
vn -0.6538 0.3096 -0.6904
vn 0.1817 0.3010 0.9362
vn 0.1815 0.3010 0.9362
vn 0.1816 0.3010 0.9362
vn 0.3996 0.6269 -0.6688
vn 0.3995 0.6269 -0.6689
vn -0.5377 0.0998 -0.8372
vn -0.0514 0.6257 0.7784
vn 0.0523 0.4794 0.8760
vn 0.0135 0.5121 0.8588
vn 0.7796 0.3341 -0.5298
vn 0.7796 0.3341 -0.5297
vn 0.7796 0.3342 -0.5297
vn 0.7796 0.3342 -0.5296
vn -0.0668 -0.2086 -0.9757
vn -0.3009 -0.0879 -0.9496
vn -0.2538 -0.0903 -0.9630
vn 0.7148 -0.0000 -0.6994
vn 0.7148 -0.0000 -0.6993
vn 0.7147 -0.0000 -0.6994
vn 0.8375 -0.0000 -0.5465
vn 0.8375 -0.0000 -0.5464
vn 0.9280 -0.0000 -0.3726
vn 0.9276 -0.0036 -0.3735
vn 0.9832 -0.0079 -0.1824
vn 0.9829 -0.0000 -0.1844
vn 0.9999 -0.0000 0.0109
vn 0.9999 -0.0053 0.0095
vn 0.9786 -0.0000 0.2058
vn 0.9215 0.0050 0.3883
vn 0.9197 -0.0000 0.3927
vn 0.9197 -0.0002 0.3927
vn 0.8253 -0.0000 0.5647
vn 0.8252 -0.0000 0.5648
vn 0.6993 -0.0000 0.7148
vn 0.6994 -0.0000 0.7148
vn 0.5464 -0.0000 0.8375
vn 0.5465 -0.0000 0.8374
vn 0.3726 -0.0000 0.9280
vn 0.1844 -0.0000 0.9829
vn -0.0006 0.0109 0.9999
vn -0.0109 -0.0000 0.9999
vn -0.0109 -0.0004 0.9999
vn -0.2058 -0.0005 0.9786
vn -0.2058 -0.0000 0.9786
vn -0.2187 0.0140 0.9757
vn -0.0000 -1.0000 0.0002
vn -0.7402 0.6285 0.2391
vn -0.7379 0.6232 0.2591
vn -0.6709 0.7386 0.0654
vn 0.6804 0.7021 -0.2099
vn 0.1721 0.9797 0.1026
vn 0.1721 0.9797 0.1027
vn 0.1721 0.9797 0.1025
vn 0.0563 0.9930 0.1042
vn -0.5046 0.5300 0.6815
vn -0.3013 0.6037 0.7381
vn -0.3012 0.6037 0.7381
vn 0.5897 0.8075 -0.0129
vn 0.5897 0.8075 -0.0130
vn 0.2106 0.9504 0.2289
vn 0.2105 0.9504 0.2289
vn 0.6039 0.4596 -0.6512
vn 0.4350 0.4843 -0.7591
vn 0.4662 0.4776 -0.7447
vn 0.0364 0.9978 0.0547
vn -0.4786 0.4689 0.7423
vn -0.6720 0.4843 0.5603
vn -0.6225 0.4681 0.6271
vn 0.4308 0.8946 0.1189
vn 0.4308 0.8946 0.1190
vn 0.4307 0.8946 0.1190
vn 0.1919 0.8946 0.4036
vn 0.1918 0.8946 0.4036
vn 0.1920 0.8946 0.4036
vn 0.6696 0.5172 -0.5330
vn 0.5836 0.5300 -0.6152
vn 0.7865 0.5048 -0.3558
vn 0.0602 0.9978 0.0263
vn 0.0602 0.9978 0.0264
vn -0.8573 0.4595 0.2323
vn -0.7929 0.4608 0.3987
vn -0.8016 0.4649 0.3759
vn 0.2619 0.9504 0.1676
vn 0.2620 0.9504 0.1676
vn 0.0898 0.8075 0.5830
vn 0.0896 0.8075 0.5830
vn 0.0897 0.8075 0.5830
vn -0.7325 0.4600 -0.5019
vn -0.7349 0.4606 -0.4978
vn -0.7344 0.4606 -0.4985
vn 0.6746 0.6037 -0.4249
vn 0.1124 0.9930 0.0374
vn 0.1309 0.9797 0.1518
vn 0.1309 0.9797 0.1517
vn -0.0885 0.7021 0.7066
vn -0.0886 0.7021 0.7065
vn 0.7016 -0.4014 0.5887
vn 0.7015 -0.4015 0.5888
vn 0.7018 -0.4013 0.5886
vn 0.7016 -0.4015 0.5887
vn 0.7017 -0.4013 0.5887
vn 0.7015 -0.4016 0.5887
vn 0.7017 -0.4012 0.5887
vn 0.7013 -0.4015 0.5891
vn 0.7016 -0.4014 0.5888
vn 0.7017 -0.4014 0.5887
vn 0.7021 -0.4009 0.5884
vn 0.7017 -0.4016 0.5885
vn 0.7019 -0.4014 0.5884
vn 0.7017 -0.4015 0.5886
vn 0.7017 -0.4013 0.5886
vn 0.0687 -0.1057 0.9920
vn 0.0687 -0.1056 0.9920
vn 0.0686 -0.1055 0.9920
vn 0.9889 -0.1056 -0.1048
vn 0.9889 -0.1056 -0.1047
vn -0.6693 0.7348 0.1102
vn -0.6706 0.7314 0.1242
vn -0.6066 0.7944 -0.0306
vn -0.5157 -0.0878 0.8523
vn 0.6333 0.3342 0.6980
vn 0.6334 0.3342 0.6979
vn -0.6575 0.7511 0.0594
vn -0.5903 0.8072 -0.0046
vn -0.5934 0.8049 0.0022
vn 0.2313 0.6269 0.7440
vn 0.2312 0.6269 0.7440
vn 0.2313 0.6268 0.7440
vn 0.1067 0.7775 0.6197
vn 0.1069 0.7776 0.6197
vn -0.4094 0.8782 -0.2472
vn -0.4102 0.8781 -0.2465
vn -0.4066 0.8762 -0.2588
vn 0.0908 0.8702 0.4843
vn 0.0908 0.8702 0.4842
vn -0.3156 0.8780 -0.3598
vn -0.3142 0.8780 -0.3611
vn -0.3017 0.8892 -0.3440
vn 0.1247 0.9256 0.3574
vn 0.1247 0.9256 0.3573
vn -0.2196 0.8564 -0.4672
vn -0.2133 0.8550 -0.4727
vn -0.2589 0.8779 -0.4028
vn 0.1877 0.9518 0.2427
vn 0.1877 0.9518 0.2426
vn 0.2716 0.9518 0.1427
vn 0.3735 0.9256 0.0607
vn 0.3735 0.9256 0.0608
vn 0.4927 0.8702 0.0054
vn 0.4927 0.8702 0.0055
vn 0.2106 0.5148 -0.8311
vn 0.2568 0.4794 -0.8392
vn 0.1533 0.6397 -0.7532
vn -0.8255 0.2899 0.4842
vn -0.7194 0.0997 0.6874
vn -0.7990 0.2004 0.5670
vn 0.6288 0.7776 -0.0024
vn 0.6288 0.7776 -0.0023
vn 0.6289 0.7775 -0.0024
vn 0.3169 0.3655 -0.8752
vn 0.3964 0.3010 -0.8673
vn 0.2524 0.5029 -0.8267
vn 0.7728 0.6269 0.0986
vn 0.7738 0.6254 0.1005
vn 0.5522 0.0998 -0.8277
vn 0.5524 0.0997 -0.8276
vn -0.7083 0.6338 0.3108
vn -0.7819 0.4794 0.3985
vn -0.7821 0.5116 0.3557
vn 0.7975 0.3342 0.5024
vn 0.7974 0.3342 0.5024
vn 0.7974 0.3342 0.5025
vn 0.7499 -0.0878 -0.6557
vn 0.7498 -0.0878 -0.6558
vn 0.7499 -0.0879 -0.6557
vn -0.0483 0.0126 0.9988
vn -0.0602 -0.0000 0.9982
vn -0.0602 -0.0005 0.9982
vn 0.2538 -0.0002 -0.9673
vn 0.2538 -0.0000 -0.9673
vn 0.2588 0.0056 -0.9659
vn 0.4375 -0.0000 -0.8992
vn 0.6046 -0.0000 -0.7965
vn 0.7503 -0.0118 -0.6609
vn 0.7484 -0.0000 -0.6633
vn 0.8635 -0.0003 -0.5044
vn 0.8634 -0.0000 -0.5045
vn 0.8634 -0.0000 -0.5044
vn 0.9452 -0.0000 -0.3264
vn 0.9447 -0.0059 -0.3278
vn 0.9907 -0.0000 -0.1357
vn 0.9906 -0.0028 -0.1364
vn 0.9981 -0.0054 0.0616
vn 0.9982 -0.0000 0.0602
vn 0.9673 -0.0000 0.2538
vn 0.9676 -0.0056 0.2524
vn 0.8992 -0.0000 0.4376
vn 0.7966 -0.0000 0.6045
vn 0.7965 -0.0000 0.6046
vn 0.7967 -0.0000 0.6044
vn 0.6633 -0.0000 0.7484
vn 0.6632 -0.0000 0.7484
vn 0.5044 -0.0000 0.8635
vn 0.5045 -0.0000 0.8634
vn 0.3243 -0.0089 0.9459
vn 0.3264 -0.0000 0.9452
vn 0.1357 -0.0000 0.9908
vn 0.1357 -0.0000 0.9907
vn -0.3730 0.6232 0.6874
vn -0.3731 0.6233 0.6873
vn -0.3731 0.6232 0.6873
vn 0.3634 0.7021 -0.6124
vn 0.3633 0.7021 -0.6124
vn 0.1964 0.9797 -0.0396
vn 0.1964 0.9797 -0.0395
vn -0.7058 0.4573 0.5409
vn -0.6435 0.4517 0.6180
vn -0.6512 0.4538 0.6083
vn 0.1117 0.9930 0.0394
vn 0.4069 0.5147 0.7547
vn 0.0836 0.5300 0.8439
vn 0.2033 0.5124 0.8344
vn 0.2722 0.6037 0.7493
vn 0.4284 0.8075 -0.4055
vn 0.3097 0.9504 0.0283
vn 0.3097 0.9504 0.0284
vn 0.0154 0.4715 -0.8817
vn -0.1871 0.4843 -0.8547
vn -0.1523 0.4760 -0.8661
vn 0.0637 0.9978 0.0161
vn 0.0637 0.9978 0.0162
vn -0.1219 0.4843 0.8664
vn 0.3991 0.8946 -0.2011
vn 0.3991 0.8946 -0.2010
vn 0.4131 0.8946 0.1703
vn 0.4132 0.8946 0.1703
vn 0.4132 0.8946 0.1702
vn -0.1449 0.4482 -0.8821
vn 0.0193 0.5300 -0.8478
vn -0.0213 0.5426 -0.8397
vn 0.0623 0.9978 -0.0209
vn -0.3199 0.4608 0.8279
vn -0.3198 0.4608 0.8279
vn -0.3200 0.4608 0.8278
vn 0.3067 0.9504 -0.0517
vn 0.3066 0.9504 -0.0517
vn 0.4579 0.8075 0.3719
vn 0.4579 0.8074 0.3719
vn 0.3931 0.5817 -0.7121
vn 0.2146 0.6037 -0.7678
vn 0.6187 0.5687 -0.5420
vn 0.1084 0.9930 -0.0477
vn -0.5302 0.4460 -0.7211
vn -0.5512 0.4521 -0.7013
vn -0.4519 0.4390 -0.7766
vn 0.1989 0.9797 0.0246
vn 0.1989 0.9797 0.0245
vn 0.4088 0.7021 0.5830
vn 0.4088 0.7020 0.5831
vn 0.4088 0.7021 0.5831
vn 0.9152 -0.4014 -0.0347
vn 0.9154 -0.4011 -0.0347
vn 0.9151 -0.4016 -0.0347
vn 0.9153 -0.4013 -0.0346
vn 0.9153 -0.4013 -0.0348
vn 0.9152 -0.4015 -0.0347
vn 0.9153 -0.4013 -0.0347
vn 0.9153 -0.4014 -0.0347
vn 0.9152 -0.4015 -0.0346
vn 0.9152 -0.4014 -0.0345
vn 0.9153 -0.4014 -0.0346
vn 0.9151 -0.4018 -0.0347
vn 0.9150 -0.4019 -0.0347
vn 0.7169 -0.1056 0.6891
vn 0.7169 -0.1056 0.6892
vn 0.6625 -0.1056 -0.7416
vn 0.6626 -0.1055 -0.7415
vn 0.6627 -0.1056 -0.7414
vn -0.4135 0.7314 0.5423
vn 0.1903 -0.0879 0.9778
vn 0.1904 -0.0879 0.9778
vn 0.1900 -0.0878 0.9778
vn 0.9380 0.3342 0.0923
vn 0.9380 0.3343 0.0921
vn 0.9380 0.3342 0.0922
vn 0.6709 0.6269 0.3961
vn 0.6708 0.6269 0.3962
vn 0.6709 0.6269 0.3962
vn -0.4584 0.8550 0.2426
vn -0.4584 0.8550 0.2425
vn 0.4953 0.7775 0.3875
vn 0.4952 0.7775 0.3876
vn -0.4472 0.8919 0.0677
vn -0.4695 0.8780 0.0928
vn -0.4701 0.8781 0.0891
vn 0.3925 0.8702 0.2978
vn 0.3925 0.8702 0.2980
vn 0.3925 0.8702 0.2979
vn -0.4755 0.8781 -0.0532
vn -0.4752 0.8780 -0.0569
vn -0.4474 0.8936 -0.0367
vn 0.3323 0.9256 0.1810
vn 0.3021 0.9518 0.0538
vn 0.3021 0.9517 0.0540
vn -0.4315 0.7743 -0.4629
vn -0.4691 0.8072 -0.3582
vn -0.4649 0.8051 -0.3682
vn 0.2971 0.9518 -0.0766
vn 0.3176 0.9256 -0.2057
vn 0.3687 0.8702 -0.3267
vn 0.3687 0.8703 -0.3266
vn 0.3687 0.8702 -0.3269
vn -0.4676 0.6060 -0.6435
vn -0.3731 0.4795 -0.7943
vn -0.3872 0.4878 -0.7823
vn -0.0715 0.0998 0.9924
vn -0.0716 0.0998 0.9924
vn 0.4644 0.7776 -0.4239
vn 0.4644 0.7775 -0.4240
vn -0.3651 0.3792 -0.8502
vn -0.2886 0.3010 -0.9089
vn -0.4063 0.5333 -0.7420
vn -0.3537 0.5156 0.7804
vn -0.2188 0.3010 0.9282
vn -0.2930 0.3727 0.8805
vn 0.6390 0.6268 -0.4458
vn 0.6389 0.6269 -0.4458
vn 0.6390 0.6269 -0.4458
vn -0.2051 0.1590 -0.9657
vn -0.1465 0.0998 -0.9842
vn -0.1588 0.1033 -0.9819
vn -0.3291 0.4863 0.8095
vn -0.3118 0.4793 0.8204
vn -0.4117 0.6135 0.6739
vn 0.9283 0.3342 -0.1630
vn 0.9283 0.3342 -0.1629
vn 0.3226 -0.1948 -0.9263
vn 0.1154 -0.0878 -0.9894
vn 0.1588 -0.0893 -0.9833
vt 0.875000 0.500000
vt 0.906200 0.500000
vt 0.906200 1.000000
vt 0.468800 1.000000
vt 0.437500 1.000000
vt 0.437500 0.500000
vt 0.406200 1.000000
vt 0.406200 0.500000
vt 0.375000 1.000000
vt 0.343800 1.000000
vt 0.343800 0.500000
vt 0.312500 1.000000
vt 0.312500 0.500000
vt 0.281200 1.000000
vt 0.281200 0.500000
vt 0.250000 1.000000
vt 0.250000 0.500000
vt 0.218800 1.000000
vt 0.187500 1.000000
vt 0.187500 0.500000
vt 0.156200 1.000000
vt 0.125000 0.500000
vt 0.156200 0.500000
vt 0.125000 1.000000
vt 0.093800 1.000000
vt 0.093800 0.500000
vt 0.062500 1.000000
vt 0.750000 1.000000
vt 0.718800 1.000000
vt 0.062500 0.500000
vt 0.031200 1.000000
vt 0.031200 0.500000
vt 0.000000 1.000000
vt 0.971700 0.341800
vt 0.985400 0.296800
vt 0.990000 0.250000
vt 0.985400 0.203200
vt 0.971700 0.158200
vt 0.949600 0.116700
vt 0.919700 0.080300
vt 0.883300 0.050400
vt 0.841800 0.028300
vt 0.796800 0.014600
vt 0.750000 0.010000
vt 0.703200 0.014600
vt 0.658200 0.028300
vt 0.616700 0.050400
vt 0.580300 0.080300
vt 0.550400 0.116700
vt 0.528300 0.158200
vt 0.514600 0.203200
vt 0.510000 0.250000
vt 0.514600 0.296800
vt 0.528300 0.341800
vt 0.550400 0.383300
vt 0.580300 0.419700
vt 0.616700 0.449600
vt 0.658200 0.471700
vt 0.750000 0.490000
vt 0.796800 0.485400
vt 0.875000 1.000000
vt 0.843800 1.000000
vt 0.812500 1.000000
vt 0.562500 1.000000
vt 0.531200 1.000000
vt 0.500000 1.000000
vt 0.296800 0.485400
vt 0.250000 0.490000
vt 0.203200 0.485400
vt 0.158200 0.471700
vt 0.116700 0.449600
vt 0.080300 0.419700
vt 0.050400 0.383300
vt 0.028300 0.341800
vt 0.014600 0.296800
vt 0.010000 0.250000
vt 0.014600 0.203200
vt 0.028300 0.158200
vt 0.050400 0.116700
vt 0.080300 0.080300
vt 0.116700 0.050400
vt 0.158200 0.028300
vt 0.203200 0.014600
vt 0.250000 0.010000
vt 0.296800 0.014600
vt 0.341800 0.028300
vt 0.383300 0.050400
vt 0.419700 0.080300
vt 0.449600 0.116700
vt 0.471700 0.158200
vt 0.485400 0.203200
vt 0.490000 0.250000
vt 0.485400 0.296800
vt 0.471700 0.341800
vt 0.449600 0.383300
vt 0.419700 0.419700
vt 0.383300 0.449600
vt 0.341800 0.471700
vt 0.781200 1.000000
vt 0.687500 1.000000
vt 0.656200 1.000000
vt 0.625000 1.000000
vt 1.000000 1.000000
vt 0.968800 1.000000
vt 0.937500 1.000000
vt 0.468800 0.500000
vt 0.500000 0.500000
vt 0.218800 0.500000
vt 0.841800 0.471700
vt 0.883300 0.449600
vt 0.919700 0.419700
vt 0.949600 0.383300
vt 0.703200 0.485400
vt 0.593800 1.000000
vt 1.000000 0.500000
vt 0.375000 0.500000
vt 0.000000 0.500000
s 1
usemtl Goddard_None
f 266/5/119 264/6/119 263/7/120
f 283/8/121 285/9/121 284/10/122
f 285/9/123 287/11/123 286/12/124
f 286/12/125 287/11/126 288/13/126
f 288/13/127 290/14/127 291/15/128
f 290/14/129 293/16/129 292/17/130
f 293/16/131 295/18/132 294/19/133
f 294/19/134 295/18/135 296/20/136
f 297/21/137 296/20/138 298/22/138
f 298/22/139 301/23/139 300/24/140
f 300/24/141 301/23/142 302/25/143
f 304/26/144 303/27/144 302/25/144
f 302/25/144 305/28/144 304/26/144
f 305/28/145 307/29/145 306/30/146
f 306/30/147 307/29/148 308/31/148
f 270/32/149 310/32/150 311/33/151
f 309/34/152 308/31/153 312/35/154
f 313/36/155 312/35/156 260/37/156
f 268/38/157 269/39/157 271/40/157
f 271/40/157 272/41/157 273/42/157
f 273/42/158 274/43/158 275/44/158
f 275/44/159 276/45/159 277/46/159
f 277/46/160 279/47/160 280/48/160
f 280/48/161 282/49/161 284/50/161
f 284/50/157 286/51/162 289/52/157
f 289/52/157 291/53/160 292/54/157
f 284/50/157 289/52/157 292/54/157
f 292/54/157 294/55/162 297/56/157
f 297/56/157 299/57/162 300/58/157
f 292/54/157 297/56/157 300/58/157
f 300/58/157 303/59/157 304/60/157
f 304/60/157 306/61/158 309/62/157
f 300/58/157 304/60/157 309/62/157
f 262/63/162 261/64/162 309/62/162
f 314/7/163 315/7/164 316/65/165
f 316/65/165 317/65/163 314/7/163
f 318/9/166 285/9/167 283/8/166
f 283/8/166 319/8/166 318/9/166
f 320/25/168 302/25/169 301/23/169
f 301/23/169 321/23/169 320/25/168
f 265/65/170 317/65/171 322/66/172
f 324/18/173 295/18/173 293/16/173
f 293/16/173 325/16/173 324/18/173
f 312/35/174 328/35/175 326/37/176
f 326/37/176 260/37/174 312/35/174
f 330/11/177 287/11/177 285/9/177
f 285/9/177 318/9/177 330/11/177
f 320/25/178 331/28/178 305/28/178
f 305/28/178 302/25/178 320/25/178
f 267/66/179 322/66/180 332/67/181
f 278/68/182 323/68/183 333/69/184
f 334/20/185 296/20/185 295/18/185
f 295/18/185 324/18/185 334/20/185
f 330/11/186 337/13/187 288/13/188
f 288/13/188 287/11/189 330/11/186
f 307/29/190 305/28/191 331/28/192
f 331/28/192 338/29/193 307/29/190
f 341/22/194 298/22/194 296/20/194
f 296/20/194 334/20/194 341/22/194
f 342/14/195 290/14/195 288/13/195
f 288/13/195 337/13/196 342/14/195
f 308/31/197 307/29/197 338/29/198
f 338/29/198 343/31/198 308/31/197
f 281/70/199 340/70/200 319/8/201
f 321/23/202 301/23/202 298/22/202
f 298/22/202 341/22/202 321/23/202
f 265/65/203 263/7/204 314/7/205
f 325/16/206 293/16/206 290/14/206
f 290/14/206 342/14/206 325/16/206
f 312/35/207 308/31/208 343/31/207
f 343/31/207 328/35/209 312/35/207
f 344/71/210 345/72/211 346/73/210
f 346/73/210 347/74/212 348/75/210
f 344/71/210 346/73/210 348/75/210
f 348/75/210 349/76/213 350/77/210
f 350/77/210 351/78/214 352/79/210
f 348/75/210 350/77/210 352/79/210
f 352/79/210 353/80/215 354/81/210
f 354/81/210 355/82/216 356/83/217
f 352/79/210 354/81/210 356/83/217
f 348/75/210 352/79/210 356/83/217
f 356/83/217 357/84/218 358/85/210
f 358/85/210 359/86/216 360/87/210
f 356/83/217 358/85/210 360/87/210
f 360/87/210 361/88/219 362/89/210
f 362/89/210 363/90/220 364/91/221
f 360/87/210 362/89/210 364/91/221
f 356/83/217 360/87/210 364/91/221
f 348/75/210 356/83/217 364/91/221
f 364/91/221 365/92/222 366/93/217
f 366/93/217 367/94/223 368/95/210
f 364/91/221 366/93/217 368/95/210
f 364/91/221 368/95/210 369/96/210
f 348/75/210 364/91/221 369/96/210
f 369/96/210 370/97/219 371/98/210
f 371/98/210 372/99/224 316/100/210
f 369/96/210 371/98/210 316/100/210
f 348/75/210 369/96/210 316/100/210
f 344/71/210 348/75/210 316/100/210
f 344/71/210 316/100/210 315/101/210
f 344/71/210 315/101/210 373/102/225
f 343/31/226 347/31/227 346/35/226
f 346/35/226 328/35/226 343/31/226
f 319/8/228 360/8/229 359/9/228
f 359/9/228 318/9/228 319/8/228
f 317/65/230 316/65/231 372/66/232
f 328/35/233 346/35/233 345/37/234
f 345/37/234 326/37/233 328/35/233
f 318/9/235 359/9/236 358/11/237
f 358/11/237 330/11/238 318/9/235
f 322/66/239 372/66/240 371/67/239
f 371/67/239 332/67/241 322/66/239
f 330/11/242 358/11/242 357/13/242
f 357/13/242 337/13/243 330/11/242
f 370/103/244 339/103/245 332/67/246
f 337/13/247 357/13/248 356/14/248
f 356/14/248 342/14/247 337/13/247
f 310/32/249 339/103/250 370/103/251
f 370/103/251 369/32/252 310/32/249
f 342/14/253 356/14/254 355/16/254
f 355/16/254 325/16/253 342/14/253
f 325/16/255 355/16/256 354/18/256
f 354/18/256 324/18/255 325/16/255
f 367/104/257 329/104/258 311/33/259
f 324/18/260 354/18/261 353/20/262
f 353/20/262 334/20/260 324/18/260
f 366/105/263 336/105/264 329/104/265
f 334/20/266 353/20/267 352/22/267
f 352/22/267 341/22/266 334/20/266
f 336/105/268 366/105/269 365/106/270
f 341/22/271 352/22/271 351/23/271
f 351/23/271 321/23/271 341/22/271
f 321/23/272 351/23/272 350/25/272
f 350/25/272 320/25/273 321/23/272
f 326/107/274 345/107/274 344/108/274
f 344/108/274 327/108/274 326/107/274
f 320/25/275 350/25/276 349/28/277
f 349/28/277 331/28/278 320/25/275
f 323/68/279 363/68/280 362/69/281
f 327/108/282 344/108/283 373/109/284
f 373/109/284 335/109/282 327/108/282
f 331/28/285 349/28/285 348/29/285
f 348/29/285 338/29/286 331/28/285
f 333/69/287 362/69/287 361/70/287
f 361/70/287 340/70/287 333/69/287
f 335/109/288 373/109/289 315/7/290
f 338/29/291 348/29/292 347/31/293
f 347/31/293 343/31/294 338/29/291
f 340/70/295 361/70/296 360/8/297
f 395/8/298 396/110/299 394/111/299
f 394/111/299 393/70/300 395/8/298
f 397/10/301 396/110/302 395/8/301
f 395/8/301 398/9/301 397/10/301
f 398/9/303 400/11/303 399/12/304
f 399/12/305 400/11/306 401/13/306
f 401/13/307 403/14/307 402/15/308
f 404/16/309 405/17/309 402/15/309
f 402/15/309 403/14/309 404/16/309
f 405/17/310 404/16/311 406/18/312
f 408/21/313 407/19/314 406/18/313
f 406/18/313 409/20/314 408/21/313
f 410/112/315 408/21/316 409/20/316
f 409/20/316 411/22/315 410/112/315
f 412/23/317 413/24/318 410/112/318
f 410/112/318 411/22/317 412/23/317
f 414/27/319 413/24/319 412/23/319
f 412/23/319 415/25/319 414/27/319
f 416/28/320 417/26/320 414/27/320
f 414/27/320 415/25/320 416/28/320
f 417/26/321 416/28/322 418/29/323
f 418/29/324 421/31/325 420/34/326
f 376/63/159 375/64/159 378/113/159
f 378/113/157 381/114/157 382/115/157
f 382/115/157 383/116/157 384/39/157
f 386/40/160 387/41/160 388/42/160
f 389/43/162 390/44/162 391/45/162
f 407/55/161 408/56/161 410/57/161
f 376/63/327 419/61/158 420/62/158
f 376/63/327 420/62/158 425/117/327
f 428/7/328 429/65/329 426/65/330
f 430/9/331 398/9/331 395/8/331
f 395/8/331 431/8/331 430/9/331
f 432/25/332 415/25/333 412/23/332
f 412/23/332 433/23/334 432/25/332
f 406/18/335 404/16/335 436/16/335
f 436/16/335 437/18/335 406/18/335
f 377/107/336 438/107/336 439/108/336
f 439/108/336 374/108/336 377/107/336
f 377/37/337 424/35/337 440/35/338
f 440/35/338 438/37/338 377/37/337
f 430/9/339 442/11/339 400/11/340
f 400/11/340 398/9/340 430/9/339
f 432/25/341 443/28/341 416/28/342
f 416/28/342 415/25/342 432/25/341
f 392/68/343 435/68/344 445/69/345
f 446/20/346 409/20/346 406/18/346
f 406/18/346 437/18/346 446/20/346
f 374/108/347 439/108/348 447/109/349
f 401/13/350 400/11/350 442/11/351
f 442/11/351 448/13/352 401/13/350
f 418/29/353 416/28/354 443/28/353
f 443/28/353 449/29/355 418/29/353
f 445/69/356 451/70/357 393/70/358
f 446/20/359 452/22/359 411/22/359
f 411/22/359 409/20/360 446/20/359
f 427/7/361 380/7/362 379/109/363
f 453/14/364 403/14/364 401/13/364
f 401/13/364 448/13/365 453/14/364
f 454/31/366 421/31/367 418/29/368
f 418/29/368 449/29/368 454/31/366
f 385/103/369 450/103/370 423/32/371
f 393/70/372 451/70/372 431/8/372
f 431/8/372 395/8/372 393/70/372
f 412/23/373 411/22/373 452/22/373
f 452/22/373 433/23/373 412/23/373
f 453/14/374 436/16/374 404/16/375
f 404/16/375 403/14/375 453/14/374
f 454/31/376 440/35/376 424/35/377
f 424/35/377 421/31/377 454/31/376
f 455/73/378 456/74/379 457/75/380
f 455/73/378 457/75/380 458/76/381
f 458/76/381 459/77/382 460/78/378
f 455/73/378 458/76/381 460/78/378
f 455/73/378 460/78/378 461/79/378
f 461/79/378 462/80/383 463/81/381
f 455/73/378 461/79/378 463/81/381
f 455/73/378 463/81/381 464/82/378
f 464/82/378 465/83/384 466/84/378
f 455/73/378 464/82/378 466/84/378
f 455/73/378 466/84/378 467/85/378
f 467/85/378 468/86/385 469/87/378
f 455/73/378 467/85/378 469/87/378
f 455/73/378 469/87/378 470/88/378
f 470/88/378 471/89/386 472/90/378
f 455/73/378 470/88/378 472/90/378
f 455/73/378 472/90/378 473/91/387
f 473/91/387 474/92/388 475/93/378
f 455/73/378 473/91/387 475/93/378
f 455/73/378 475/93/378 476/94/378
f 476/94/378 477/95/389 478/96/378
f 455/73/378 476/94/378 478/96/378
f 478/96/378 479/97/390 480/98/387
f 478/96/378 480/98/387 481/99/387
f 455/73/378 478/96/378 481/99/387
f 455/73/378 481/99/387 429/100/378
f 429/100/378 428/101/382 482/102/378
f 455/73/378 429/100/378 482/102/378
f 483/72/391 455/73/378 482/102/378
f 484/71/392 483/72/391 482/102/378
f 440/35/393 454/31/394 456/31/395
f 456/31/395 455/35/395 440/35/393
f 469/8/396 468/9/397 430/9/397
f 430/9/397 431/8/397 469/8/396
f 429/65/398 481/66/399 434/66/400
f 438/37/401 440/35/401 455/35/401
f 455/35/401 483/37/401 438/37/401
f 442/11/402 430/9/402 468/9/403
f 468/9/403 467/11/403 442/11/402
f 480/67/404 444/67/405 434/66/406
f 448/13/407 442/11/408 467/11/409
f 467/11/409 466/13/409 448/13/407
f 466/13/410 465/14/410 453/14/411
f 453/14/411 448/13/411 466/13/410
f 479/103/412 478/32/413 423/32/414
f 436/16/415 453/14/416 465/14/415
f 465/14/415 464/16/415 436/16/415
f 478/32/417 477/33/418 422/33/419
f 437/18/420 436/16/420 464/16/420
f 464/16/420 463/18/421 437/18/420
f 477/33/422 476/104/423 441/104/424
f 463/18/425 462/20/425 446/20/426
f 446/20/426 437/18/426 463/18/425
f 452/22/427 446/20/427 462/20/427
f 462/20/427 461/22/427 452/22/427
f 433/23/428 452/22/429 461/22/429
f 461/22/429 460/23/429 433/23/428
f 460/23/430 459/25/430 432/25/431
f 432/25/431 433/23/431 460/23/430
f 473/118/432 472/68/433 435/68/434
f 438/107/435 483/107/436 484/108/437
f 443/28/438 432/25/439 459/25/440
f 459/25/440 458/28/440 443/28/438
f 472/68/441 471/69/442 445/69/443
f 449/29/444 443/28/444 458/28/445
f 458/28/445 457/29/444 449/29/444
f 451/70/446 445/69/446 471/69/446
f 471/69/446 470/70/447 451/70/446
f 447/109/448 482/109/449 428/7/450
f 457/29/451 456/31/452 454/31/452
f 454/31/452 449/29/453 457/29/451
f 431/8/454 451/70/455 470/70/456
f 470/70/456 469/8/454 431/8/454
f 487/119/457 488/107/458 485/108/459
f 505/8/460 507/9/461 506/10/462
f 506/10/463 507/9/463 508/11/463
f 510/120/464 509/12/464 508/11/464
f 508/11/464 511/13/464 510/120/464
f 510/120/465 511/13/466 512/14/466
f 513/15/467 512/14/468 514/16/469
f 514/16/470 517/18/470 516/19/471
f 517/18/472 519/20/472 518/21/473
f 518/21/474 519/20/475 520/22/475
f 520/22/476 523/23/476 522/24/477
f 524/25/478 525/27/478 522/24/478
f 522/24/478 523/23/478 524/25/478
f 526/28/479 527/26/480 525/27/479
f 525/27/479 524/25/481 526/28/479
f 528/30/482 527/26/482 526/28/483
f 526/28/483 529/29/483 528/30/482
f 530/31/484 531/34/485 528/30/485
f 528/30/485 529/29/485 530/31/484
f 531/34/486 530/31/487 533/35/487
f 533/35/488 488/37/488 487/121/489
f 487/121/489 534/36/489 533/35/488
f 486/64/157 489/113/157 492/114/159
f 487/63/157 486/64/157 492/114/159
f 487/63/157 492/114/159 494/115/159
f 494/115/159 495/116/159 497/38/159
f 498/39/157 499/40/157 500/41/157
f 515/54/159 516/55/159 518/56/159
f 521/57/157 522/58/157 525/59/157
f 527/60/157 528/61/161 531/62/157
f 487/63/157 527/60/157 531/62/157
f 487/63/157 531/62/157 534/117/161
f 535/7/490 536/7/491 537/65/492
f 537/65/492 538/65/490 535/7/490
f 539/9/493 507/9/494 505/8/494
f 505/8/494 540/8/494 539/9/493
f 541/25/495 524/25/496 523/23/496
f 523/23/496 542/23/495 541/25/495
f 543/66/497 496/66/498 493/65/499
f 517/18/500 514/16/500 546/16/500
f 546/16/500 547/18/500 517/18/500
f 488/107/501 549/107/502 548/108/503
f 550/35/504 549/37/504 488/37/504
f 488/37/504 533/35/504 550/35/504
f 552/11/505 508/11/505 507/9/505
f 507/9/505 539/9/505 552/11/505
f 553/28/506 526/28/506 524/25/507
f 524/25/507 541/25/506 553/28/506
f 502/68/508 545/68/509 555/69/510
f 556/20/511 519/20/511 517/18/511
f 517/18/511 547/18/512 556/20/511
f 485/108/513 548/108/513 557/109/513
f 557/109/513 490/109/513 485/108/513
f 511/13/514 508/11/514 552/11/515
f 552/11/515 559/13/515 511/13/514
f 529/29/516 526/28/517 553/28/518
f 553/28/518 560/29/518 529/29/516
f 562/70/519 504/70/520 503/69/521
f 563/22/522 520/22/522 519/20/522
f 519/20/522 556/20/522 563/22/522
f 490/109/523 557/109/524 535/7/524
f 535/7/524 491/7/525 490/109/523
f 565/14/526 512/14/527 511/13/527
f 511/13/527 559/13/526 565/14/526
f 566/31/528 530/31/528 529/29/528
f 529/29/528 560/29/529 566/31/528
f 562/70/530 540/8/531 505/8/532
f 523/23/533 520/22/533 563/22/533
f 563/22/533 542/23/533 523/23/533
f 564/106/534 544/118/535 501/118/536
f 546/16/537 514/16/538 512/14/538
f 512/14/538 565/14/537 546/16/537
f 550/35/539 533/35/540 530/31/541
f 530/31/541 566/31/539 550/35/539
f 567/71/542 568/72/543 569/73/542
f 569/73/542 570/74/544 571/75/542
f 567/71/542 569/73/542 571/75/542
f 572/76/545 573/77/546 574/78/542
f 571/75/542 572/76/545 574/78/542
f 567/71/542 571/75/542 574/78/542
f 575/79/547 576/80/548 577/81/549
f 574/78/542 575/79/547 577/81/549
f 578/82/547 579/83/547 580/84/542
f 577/81/549 578/82/547 580/84/542
f 574/78/542 577/81/549 580/84/542
f 567/71/542 574/78/542 580/84/542
f 581/85/542 582/86/550 583/87/547
f 580/84/542 581/85/542 583/87/547
f 584/88/551 585/89/552 586/90/542
f 583/87/547 584/88/551 586/90/542
f 580/84/542 583/87/547 586/90/542
f 587/91/545 588/92/547 589/93/542
f 586/90/542 587/91/545 589/93/542
f 590/94/547 591/95/553 592/96/549
f 589/93/542 590/94/547 592/96/549
f 586/90/542 589/93/542 592/96/549
f 580/84/542 586/90/542 592/96/549
f 567/71/542 580/84/542 592/96/549
f 593/97/548 594/98/554 595/99/542
f 592/96/549 593/97/548 595/99/542
f 537/100/548 536/101/547 596/102/542
f 595/99/542 537/100/548 596/102/542
f 592/96/549 595/99/542 596/102/542
f 567/71/542 592/96/549 596/102/542
f 566/31/555 570/31/555 569/35/556
f 569/35/556 550/35/555 566/31/555
f 539/9/557 540/8/557 583/8/558
f 583/8/558 582/9/559 539/9/557
f 595/66/560 543/66/560 538/65/560
f 538/65/560 537/65/560 595/66/560
f 569/35/561 568/37/562 549/37/563
f 549/37/563 550/35/563 569/35/561
f 539/9/564 582/9/565 581/11/566
f 581/11/566 552/11/564 539/9/564
f 580/13/567 559/13/568 552/11/569
f 552/11/569 581/11/567 580/13/567
f 554/67/570 594/67/571 593/103/570
f 593/103/570 561/103/570 554/67/570
f 565/14/572 559/13/572 580/13/573
f 580/13/573 579/14/573 565/14/572
f 561/103/574 593/103/575 592/32/576
f 565/14/577 579/14/578 578/16/579
f 578/16/579 546/16/577 565/14/577
f 592/32/580 591/33/581 532/33/582
f 577/18/583 547/18/583 546/16/583
f 546/16/583 578/16/583 577/18/583
f 556/20/584 547/18/584 577/18/585
f 577/18/585 576/20/585 556/20/584
f 589/105/586 558/105/587 551/104/588
f 556/20/589 576/20/589 575/22/589
f 575/22/589 563/22/589 556/20/589
f 574/23/590 542/23/590 563/22/590
f 563/22/590 575/22/590 574/23/590
f 541/25/591 542/23/592 574/23/593
f 574/23/593 573/25/593 541/25/591
f 544/118/594 587/118/595 586/68/596
f 548/108/597 549/107/597 568/107/598
f 568/107/598 567/108/598 548/108/597
f 541/25/599 573/25/600 572/28/600
f 572/28/600 553/28/599 541/25/599
f 586/68/601 585/69/602 555/69/603
f 548/108/604 567/108/605 596/109/606
f 571/29/607 560/29/608 553/28/609
f 553/28/609 572/28/609 571/29/607
f 555/69/610 585/69/611 584/70/612
f 596/109/613 536/7/614 535/7/615
f 566/31/616 560/29/616 571/29/616
f 571/29/616 570/31/617 566/31/616
f 562/70/618 584/70/619 583/8/620
o C_rculo_007_C_rculo_008.001
v 0.219853 1.401463 0.379585
v 0.152753 1.430263 0.371885
v 0.088153 1.457863 0.349085
v 0.028753 1.483263 0.312085
v -0.023347 1.505563 0.262185
v -0.066147 1.523863 0.201485
v -0.097947 1.537463 0.132185
v -0.117447 1.545863 0.056985
v -0.124147 1.548663 -0.021215
v -0.117447 1.545863 -0.099415
v -0.097947 1.537463 -0.174615
v -0.066147 1.523863 -0.243915
v -0.023347 1.505563 -0.304715
v 0.028753 1.483263 -0.354515
v 0.088153 1.457863 -0.391615
v 0.152753 1.430263 -0.414415
v 0.219853 1.401463 -0.422115
v 0.286853 1.372763 -0.414415
v 0.351453 1.345163 -0.391615
v 0.410853 1.319763 -0.354515
v 0.462953 1.297463 -0.304715
v 0.505753 1.279163 -0.243915
v 0.537553 1.265563 -0.174615
v 0.557153 1.257163 -0.099415
v 0.563753 1.254363 -0.021215
v 0.557153 1.257163 0.056985
v 0.537553 1.265563 0.132185
v 0.505753 1.279163 0.201485
v 0.462953 1.297463 0.262185
v 0.286853 1.372763 0.371885
v 0.410853 1.319763 0.312085
v 0.351453 1.345163 0.349085
v 0.529053 1.191663 -0.099415
v 0.491153 1.186663 -0.092415
v 0.497153 1.184163 -0.021215
v 0.535653 1.188863 -0.021215
v 0.323353 1.279663 -0.391615
v 0.382853 1.254263 -0.354515
v 0.191753 1.335963 0.379585
v 0.258853 1.307263 0.371885
v -0.051447 1.440063 0.262185
v -0.094147 1.458363 0.201485
v 0.258853 1.307263 -0.414415
v 0.323353 1.279663 0.349085
v 0.000753 1.417763 0.312085
v 0.191753 1.335963 -0.422115
v 0.382853 1.254263 0.312085
v 0.060153 1.392263 0.349085
v 0.124653 1.364663 -0.414415
v 0.434953 1.231963 0.262185
v 0.124653 1.364663 0.371885
v 0.060153 1.392263 -0.391615
v 0.477753 1.213663 0.201485
v 0.000753 1.417763 -0.354515
v 0.509453 1.200063 0.132185
v -0.051447 1.440063 -0.304715
v 0.529053 1.191663 0.056985
v -0.094147 1.458363 -0.243915
v -0.125947 1.471963 -0.174615
v -0.145547 1.480263 -0.099415
v 0.509453 1.200063 -0.174615
v -0.152147 1.483063 -0.021215
v 0.477753 1.213663 -0.243915
v -0.145547 1.480263 0.056985
v 0.434953 1.231963 -0.304715
v -0.125947 1.471963 0.132185
v 0.405453 1.223363 -0.279315
v 0.419253 1.206063 -0.300215
v 0.461353 1.187963 -0.240415
v 0.444353 1.206663 -0.224015
v -0.122947 1.449463 -0.092415
v -0.105147 1.441763 -0.160915
v 0.473353 1.194263 -0.160915
v -0.128947 1.451963 -0.021215
v -0.122947 1.449463 0.049985
v -0.105147 1.441763 0.118385
v 0.358053 1.243663 -0.324615
v -0.076247 1.429463 0.181485
v 0.303953 1.266763 -0.358415
v 0.245153 1.291963 0.336685
v 0.184053 1.318063 0.343685
v -0.037247 1.412763 0.236785
v 0.245153 1.291963 -0.379115
v 0.303953 1.266763 0.315885
v 0.010153 1.392463 0.282185
v 0.184053 1.318063 -0.386115
v 0.358053 1.243663 0.282185
v 0.064253 1.369263 0.315885
v 0.123053 1.344163 -0.379115
v 0.405453 1.223363 0.236785
v 0.123053 1.344163 0.336685
v 0.064253 1.369263 -0.358415
v 0.444353 1.206663 0.181485
v 0.010153 1.392463 -0.324615
v 0.473353 1.194263 0.118385
v -0.037247 1.412763 -0.279315
v 0.491153 1.186663 0.049985
v -0.076247 1.429463 -0.224015
v 0.309453 1.252963 -0.385715
v 0.245953 1.280163 -0.408115
v 0.213653 1.204563 -0.408115
v 0.277153 1.177463 -0.385715
v -0.132647 1.442163 0.129685
v -0.151947 1.450363 0.055685
v 0.367953 1.227963 -0.349215
v -0.101447 1.428763 0.197885
v 0.245953 1.280163 0.365585
v 0.179953 1.308363 0.373185
v -0.059347 1.410763 0.257685
v 0.309453 1.252963 0.343185
v -0.008047 1.388863 0.306685
v 0.179953 1.308363 -0.415715
v 0.367953 1.227963 0.306685
v 0.050453 1.363763 0.343185
v 0.113953 1.336663 -0.408115
v 0.419253 1.206063 0.257685
v 0.113953 1.336663 0.365585
v 0.050453 1.363763 -0.385715
v 0.461353 1.187963 0.197885
v -0.008047 1.388863 -0.349215
v 0.492653 1.174663 0.129685
v -0.059347 1.410763 -0.300215
v 0.511853 1.166363 0.055685
v -0.101447 1.428763 -0.240415
v 0.518353 1.163563 -0.021215
v -0.132647 1.442163 -0.172215
v 0.511853 1.166363 -0.098215
v -0.151947 1.450363 -0.098215
v 0.492653 1.174663 -0.172215
v -0.158447 1.453163 -0.021215
v 0.018153 1.288263 -0.385715
v 0.023053 1.261563 -0.346715
v 0.079753 1.237263 -0.366715
v 0.081653 1.261063 -0.408115
v 0.277153 1.177463 0.343185
v 0.213653 1.204563 0.365585
v -0.040347 1.313263 0.306685
v -0.091647 1.335163 0.257685
v 0.147653 1.232863 -0.415715
v 0.335653 1.152363 0.306685
v 0.018153 1.288263 0.343185
v 0.386953 1.130463 0.257685
v 0.081653 1.261063 0.365585
v 0.429053 1.112463 0.197885
v 0.147653 1.232863 0.373185
v -0.040347 1.313263 -0.349215
v 0.460253 1.099063 0.129685
v -0.091647 1.335163 -0.300215
v 0.479553 1.090863 0.055685
v -0.133747 1.353263 -0.240415
v 0.486053 1.088063 -0.021215
v -0.165047 1.366563 -0.172215
v 0.479553 1.090863 -0.098215
v -0.184247 1.374863 -0.098215
v 0.460253 1.099063 -0.172215
v -0.190747 1.377663 -0.021215
v 0.429053 1.112463 -0.240415
v -0.184247 1.374863 0.055685
v 0.386953 1.130463 -0.300215
v -0.165047 1.366563 0.129685
v 0.335653 1.152363 -0.349215
v -0.133747 1.353263 0.197885
v -0.112547 1.319563 -0.216915
v -0.152347 1.307663 -0.239815
v -0.110447 1.289663 -0.299415
v -0.074947 1.303463 -0.270315
v 0.390053 1.104563 0.174485
v 0.352453 1.120663 0.227885
v 0.079753 1.237263 0.324285
v 0.138753 1.212063 0.330985
v -0.029147 1.283863 -0.314115
v 0.417953 1.092563 0.113585
v 0.435153 1.085263 0.047485
v 0.440953 1.082763 -0.021215
v -0.140447 1.331463 -0.156015
v 0.435153 1.085263 -0.090015
v -0.157647 1.338863 -0.090015
v 0.417953 1.092563 -0.156015
v -0.163447 1.341363 -0.021215
v 0.390053 1.104563 -0.216915
v -0.157647 1.338863 0.047485
v 0.352453 1.120663 -0.270315
v -0.140447 1.331463 0.113585
v 0.306653 1.140263 -0.314115
v -0.112547 1.319563 0.174485
v 0.254353 1.162563 -0.346715
v 0.197753 1.186863 0.324285
v -0.074947 1.303463 0.227885
v 0.197753 1.186863 -0.366715
v 0.254353 1.162563 0.304185
v -0.029147 1.283863 0.271685
v 0.138753 1.212063 -0.373515
v 0.306653 1.140263 0.271685
v 0.023053 1.261563 0.304185
v -0.241247 1.257263 -0.021215
v -0.234747 1.254563 -0.098015
v -0.202747 1.329163 -0.098015
v -0.209247 1.331963 -0.021215
v 0.459353 1.045963 0.055485
v 0.465853 1.043163 -0.021215
v -0.183547 1.320963 -0.171815
v 0.459353 1.045963 -0.098015
v 0.440153 1.054163 -0.171815
v 0.408953 1.067463 -0.239815
v -0.202747 1.329163 0.055485
v 0.366953 1.085463 -0.299415
v -0.183547 1.320963 0.129285
v 0.315753 1.107363 -0.348415
v -0.152347 1.307663 0.197285
v 0.257453 1.132263 -0.384715
v 0.194153 1.159363 0.364585
v 0.128253 1.187563 0.372185
v -0.110447 1.289663 0.256985
v 0.194153 1.159363 -0.407115
v 0.257453 1.132263 0.342185
v -0.059247 1.267763 0.305885
v 0.128253 1.187563 -0.414715
v 0.315753 1.107363 0.305885
v -0.000847 1.242863 0.342185
v 0.062453 1.215763 -0.407115
v 0.366953 1.085463 0.256985
v 0.062453 1.215763 0.364585
v -0.000847 1.242863 -0.384715
v 0.408953 1.067463 0.197285
v -0.059247 1.267763 -0.348415
v 0.440153 1.054163 0.129285
v -0.184347 1.232963 0.197285
v -0.159047 1.182563 0.166685
v -0.186147 1.193163 0.108185
v -0.215547 1.246363 0.129285
v 0.376953 0.992863 -0.239815
v 0.408153 0.979463 -0.171815
v -0.234747 1.254563 0.055485
v 0.335053 1.010763 -0.299415
v 0.283853 1.032663 -0.348415
v 0.225453 1.057663 -0.384715
v 0.162153 1.084763 0.364585
v 0.096353 1.112863 0.372185
v -0.142347 1.215063 0.256985
v 0.162153 1.084763 -0.407115
v 0.225453 1.057663 0.342185
v -0.091147 1.193163 0.305885
v 0.096353 1.112863 -0.414715
v 0.283853 1.032663 0.305885
v -0.032847 1.168163 0.342185
v 0.030453 1.141063 -0.407115
v 0.335053 1.010763 0.256985
v 0.030453 1.141063 0.364585
v -0.032847 1.168163 -0.384715
v 0.376953 0.992863 0.197285
v -0.091147 1.193163 -0.348415
v 0.408153 0.979463 0.129285
v -0.142347 1.215063 -0.299415
v 0.427353 0.971263 0.055485
v -0.184347 1.232963 -0.239815
v 0.433853 0.968463 -0.021215
v -0.215547 1.246363 -0.171815
v 0.427353 0.971263 -0.098015
v -0.253347 1.195463 -0.097215
v -0.234047 1.187863 -0.170315
v -0.186147 1.193163 -0.150715
v -0.202847 1.199663 -0.087215
v 0.197553 1.042763 -0.333815
v 0.248353 1.022863 -0.302615
v 0.142453 1.064363 0.310585
v 0.085153 1.086863 0.317085
v -0.122447 1.168163 0.217985
v 0.142453 1.064363 -0.353115
v 0.197553 1.042763 0.291385
v -0.077947 1.150763 0.260085
v 0.085153 1.086863 -0.359615
v 0.248353 1.022863 0.260085
v -0.027247 1.130863 0.291385
v 0.027853 1.109263 -0.353115
v 0.292853 1.005463 0.217985
v 0.027853 1.109263 0.310585
v -0.027247 1.130863 -0.333815
v 0.329353 0.991063 0.166685
v -0.077947 1.150763 -0.302615
v 0.356553 0.980463 0.108185
v -0.122447 1.168163 -0.260515
v 0.373253 0.973963 0.044785
v -0.159047 1.182563 -0.209215
v 0.378853 0.971763 -0.021215
v 0.373253 0.973963 -0.087215
v 0.356553 0.980463 -0.150715
v -0.208547 1.201963 -0.021215
v 0.329353 0.991063 -0.209215
v -0.202847 1.199663 0.044785
v 0.292853 1.005463 -0.260515
v -0.234047 1.187863 0.127785
v -0.257647 1.115263 0.127785
v -0.276847 1.122763 0.054685
v -0.253347 1.195463 0.054685
v 0.390553 0.943063 -0.170315
v 0.409853 0.935563 -0.097215
v -0.259847 1.197963 -0.021215
v 0.359353 0.955363 -0.237615
v 0.317353 0.971763 -0.296615
v 0.266053 0.991863 -0.345115
v -0.202847 1.175663 0.195085
v 0.207653 1.014763 -0.381115
v 0.144253 1.039663 0.360785
v 0.078253 1.065463 0.368185
v -0.160747 1.159163 0.254185
v 0.144253 1.039663 -0.403215
v 0.207653 1.014763 0.338585
v -0.109547 1.139063 0.302585
v 0.078253 1.065463 -0.410715
v 0.266053 0.991863 0.302585
v -0.051147 1.116163 0.338585
v 0.012353 1.091363 -0.403215
v 0.317353 0.971763 0.254185
v 0.012353 1.091363 0.360785
v -0.051147 1.116163 -0.381115
v 0.359353 0.955363 0.195085
v -0.109547 1.139063 -0.345115
v 0.390553 0.943063 0.127785
v -0.160747 1.159163 -0.296615
v 0.409853 0.935563 0.054685
v -0.202847 1.175663 -0.237615
v 0.416353 0.932963 -0.021215
v -0.161847 1.035063 0.214585
v -0.184347 1.086563 0.254185
v -0.133147 1.066463 0.302585
v -0.117547 1.019463 0.255985
v 0.242553 0.919263 -0.345115
v 0.293753 0.899163 -0.296615
v -0.226347 1.102963 0.195085
v 0.184053 0.942163 -0.381115
v 0.120653 0.966963 0.360785
v 0.054753 0.992863 0.368185
v 0.120653 0.966963 -0.403215
v 0.184053 0.942163 0.338585
v 0.054753 0.992863 -0.410715
v 0.242553 0.919263 0.302585
v -0.074647 1.043563 0.338585
v -0.011247 1.018663 -0.403215
v 0.293753 0.899163 0.254185
v -0.011247 1.018663 0.360785
v -0.074647 1.043563 -0.381115
v 0.335753 0.882663 0.195085
v -0.133147 1.066463 -0.345115
v 0.367053 0.870463 0.127785
v -0.184347 1.086563 -0.296615
v 0.386253 0.862863 0.054685
v -0.226347 1.102963 -0.237615
v 0.392753 0.860363 -0.021215
v -0.257647 1.115263 -0.170315
v 0.386253 0.862863 -0.097215
v -0.276847 1.122763 -0.097215
v 0.367053 0.870463 -0.170315
v -0.283347 1.125363 -0.021215
v 0.335753 0.882663 -0.237615
v 0.040153 0.940963 0.355885
v -0.024347 0.963663 0.348685
v -0.012247 0.982263 0.305785
v 0.044753 0.962163 0.312185
v 0.044753 0.962163 -0.354715
v 0.101753 0.941963 -0.348315
v 0.207153 0.904863 0.255985
v 0.156553 0.922663 0.286785
v -0.067047 1.001563 0.286785
v -0.012247 0.982263 -0.348315
v 0.251353 0.889163 0.214585
v -0.067047 1.001563 -0.329315
v 0.287753 0.876363 0.163985
v -0.117547 1.019463 -0.298515
v 0.314753 0.866863 0.106385
v -0.161847 1.035063 -0.257015
v 0.331353 0.860963 0.043785
v -0.198247 1.047863 -0.206515
v 0.336953 0.858963 -0.021215
v -0.225247 1.057463 -0.148815
v 0.331353 0.860963 -0.086315
v -0.241847 1.063263 -0.086315
v 0.314753 0.866863 -0.148815
v -0.247447 1.065263 -0.021215
v 0.287753 0.876363 -0.206515
v -0.241847 1.063263 0.043785
v 0.251353 0.889163 -0.257015
v -0.225247 1.057463 0.106385
v 0.207153 0.904863 -0.298515
v -0.198247 1.047863 0.163985
v 0.156553 0.922663 -0.329315
v 0.101753 0.941963 0.305785
v -0.265147 1.048763 -0.165615
v -0.280247 0.979463 -0.165615
v -0.249647 0.968663 -0.230815
v -0.234647 1.037963 -0.230815
v -0.143447 1.005763 -0.334815
v -0.086347 0.985563 -0.369715
v 0.314953 0.843963 0.188285
v 0.345453 0.833163 0.123085
v -0.193547 1.023463 -0.287915
v 0.364353 0.826563 0.052285
v 0.370653 0.824263 -0.021215
v 0.364353 0.826563 -0.094815
v -0.283947 1.055363 -0.094815
v 0.345453 0.833163 -0.165615
v -0.290347 1.057563 -0.021215
v 0.314953 0.843963 -0.230815
v -0.283947 1.055363 0.052285
v 0.273853 0.858463 -0.287915
v -0.265147 1.048763 0.123085
v 0.223753 0.876163 -0.334815
v -0.234647 1.037963 0.188285
v 0.166653 0.896363 -0.369715
v 0.104653 0.918163 0.348685
v -0.193547 1.023463 0.245385
v 0.104653 0.918163 -0.391115
v 0.166653 0.896363 0.327185
v -0.143447 1.005763 0.292285
v 0.040153 0.940963 -0.398415
v 0.223753 0.876163 0.292285
v -0.086347 0.985563 0.327185
v -0.024347 0.963663 -0.391115
v 0.273853 0.858463 0.245385
v -0.259047 0.929963 -0.021215
v -0.305347 0.988363 -0.021215
v -0.299047 0.986063 0.052285
v -0.253647 0.928363 0.040285
v 0.349253 0.757263 -0.094815
v 0.355653 0.755063 -0.021215
v -0.299047 0.986063 -0.094815
v 0.330453 0.763963 -0.165615
v 0.299953 0.774663 -0.230815
v 0.258853 0.789263 -0.287915
v -0.280247 0.979463 0.123085
v 0.208753 0.806863 -0.334815
v -0.249647 0.968663 0.188285
v 0.151553 0.827063 -0.369715
v 0.025153 0.871663 0.355885
v 0.089553 0.848963 0.348685
v -0.208547 0.954163 0.245385
v 0.089553 0.848963 -0.391115
v 0.151553 0.827063 0.327185
v -0.158447 0.936463 0.292285
v 0.025153 0.871663 -0.398415
v 0.208753 0.806863 0.292285
v -0.101347 0.916363 0.327185
v -0.039347 0.894463 -0.391115
v 0.258853 0.789263 0.245385
v -0.039347 0.894463 0.348685
v -0.101347 0.916363 -0.369715
v 0.299953 0.774663 0.188285
v -0.158447 0.936463 -0.334815
v 0.330453 0.763963 0.123085
v -0.208547 0.954163 -0.287915
v 0.349253 0.757263 0.052285
v 0.019653 0.846263 0.294385
v 0.073953 0.829963 0.288285
v 0.079753 0.794463 0.336385
v 0.016953 0.813363 0.343485
v 0.216653 0.787063 -0.244415
v 0.251253 0.776663 -0.196615
v -0.237847 0.923663 0.099485
v 0.174453 0.799763 -0.283715
v -0.212047 0.915863 0.154085
v 0.126253 0.814263 -0.312815
v -0.177447 0.905463 0.201885
v 0.073953 0.829963 -0.330815
v 0.126253 0.814263 0.270285
v -0.135147 0.892763 0.241185
v 0.019653 0.846263 -0.336815
v 0.174453 0.799763 0.241185
v -0.087047 0.878363 0.270285
v -0.034747 0.862663 -0.330815
v 0.216653 0.787063 0.201885
v -0.034747 0.862663 0.288285
v -0.087047 0.878363 -0.312815
v 0.251253 0.776663 0.154085
v -0.135147 0.892763 -0.283715
v 0.277053 0.768963 0.099485
v -0.177447 0.905463 -0.244415
v 0.292853 0.764163 0.040285
v -0.212047 0.915863 -0.196615
v 0.298253 0.762563 -0.021215
v -0.237847 0.923663 -0.142015
v 0.292853 0.764163 -0.082815
v -0.253647 0.928363 -0.082815
v 0.277053 0.768963 -0.142015
v 0.244553 0.744963 0.236585
v 0.238653 0.672863 0.236585
v 0.189853 0.687563 0.281985
v 0.195753 0.759563 0.281985
v -0.210747 0.881763 0.236585
v -0.250747 0.893763 0.181385
v 0.079753 0.794463 -0.378915
v 0.140153 0.776363 -0.358215
v 0.140153 0.776363 0.315685
v -0.161947 0.867063 0.281985
v 0.016953 0.813363 -0.385915
v -0.106247 0.850363 0.315685
v -0.045847 0.832263 -0.378915
v -0.045847 0.832263 0.336385
v -0.106247 0.850363 -0.358215
v 0.284653 0.732963 0.181385
v -0.161947 0.867063 -0.324515
v 0.314353 0.723963 0.118285
v -0.210747 0.881763 -0.279115
v 0.332653 0.718463 0.049885
v -0.250747 0.893763 -0.223815
v 0.338853 0.716663 -0.021215
v -0.280547 0.902763 -0.160815
v 0.332653 0.718463 -0.092415
v -0.298847 0.908263 -0.092415
v 0.314353 0.723963 -0.160815
v -0.305047 0.910063 -0.021215
v 0.284653 0.732963 -0.223815
v -0.298847 0.908263 0.049885
v 0.244553 0.744963 -0.279115
v -0.280547 0.902763 0.118285
v 0.195753 0.759563 -0.324515
v 0.274853 0.653863 0.038385
v 0.259453 0.658063 0.095685
v 0.308453 0.651963 0.118285
v 0.326853 0.646463 0.049885
v -0.051747 0.760163 0.336385
v -0.112147 0.778263 0.315685
v -0.112147 0.778263 -0.358215
v -0.051747 0.760163 -0.378915
v 0.278753 0.660863 0.181385
v 0.011053 0.741263 0.343485
v -0.167847 0.795063 -0.324515
v -0.216647 0.809663 -0.279115
v -0.256647 0.821763 -0.223815
v 0.332953 0.644563 -0.021215
v -0.286447 0.830663 -0.160815
v 0.326853 0.646463 -0.092415
v -0.304747 0.836163 -0.092415
v 0.308453 0.651963 -0.160815
v -0.310947 0.838063 -0.021215
v 0.278753 0.660863 -0.223815
v -0.304747 0.836163 0.049885
v 0.238653 0.672863 -0.279115
v -0.286447 0.830663 0.118285
v 0.189853 0.687563 -0.324515
v -0.256647 0.821763 0.181385
v 0.134253 0.704263 -0.358215
v 0.073853 0.722463 0.336385
v -0.216647 0.809663 0.236585
v 0.073853 0.722463 -0.378915
v 0.134253 0.704263 0.315685
v -0.167847 0.795063 0.281985
v 0.011053 0.741263 -0.385915
v 0.259453 0.658063 -0.138215
v 0.300053 0.627763 -0.157415
v 0.317953 0.622863 -0.090615
v 0.274853 0.653863 -0.080915
v -0.214847 0.788163 -0.191115
v -0.181247 0.778863 -0.237415
v 0.280053 0.652463 -0.021215
v -0.239847 0.794963 -0.138215
v -0.255247 0.799163 -0.080915
v -0.260347 0.800563 -0.021215
v 0.234453 0.664963 -0.191115
v -0.255247 0.799163 0.038385
v 0.200853 0.674163 -0.237415
v -0.239847 0.794963 0.095685
v 0.159953 0.685363 -0.275415
v -0.214847 0.788163 0.148585
v 0.113253 0.698163 -0.303715
v 0.062553 0.712063 0.278585
v 0.009853 0.726563 0.284485
v -0.181247 0.778863 0.194885
v 0.062553 0.712063 -0.321015
v 0.113253 0.698163 0.261185
v -0.140347 0.767663 0.232885
v 0.009853 0.726563 -0.326915
v 0.159953 0.685363 0.232885
v -0.093547 0.754863 0.261185
v -0.042847 0.740963 -0.321015
v 0.200853 0.674163 0.194885
v -0.042847 0.740963 0.278585
v -0.093547 0.754863 -0.303715
v 0.234453 0.664963 0.148585
v -0.140347 0.767663 -0.275415
v 0.184253 0.659563 -0.317115
v 0.182953 0.587363 -0.317115
v 0.230653 0.574263 -0.272815
v 0.231853 0.646463 -0.272815
v -0.305047 0.793663 -0.021215
v -0.298947 0.791963 -0.090615
v 0.271053 0.635763 -0.218915
v -0.298947 0.791963 0.048185
v -0.281047 0.787063 0.114885
v -0.252047 0.779163 0.176385
v 0.129853 0.674463 -0.350015
v 0.070853 0.690663 0.327685
v 0.009453 0.707463 0.334585
v -0.212947 0.768363 0.230385
v 0.070853 0.690663 -0.370215
v 0.129853 0.674463 0.307485
v -0.165247 0.755363 0.274585
v 0.009453 0.707463 -0.377015
v 0.184253 0.659563 0.274585
v -0.110847 0.740463 0.307485
v -0.051847 0.724263 -0.370215
v 0.231853 0.646463 0.230385
v -0.051847 0.724263 0.327685
v -0.110847 0.740463 -0.350015
v 0.271053 0.635763 0.176385
v -0.165247 0.755363 -0.317115
v 0.300053 0.627763 0.114885
v -0.212947 0.768363 -0.272815
v 0.317953 0.622863 0.048185
v -0.252047 0.779163 -0.218915
v 0.324053 0.621263 -0.021215
v -0.281047 0.787063 -0.157415
v 0.008253 0.635263 -0.377015
v 0.007753 0.607063 -0.331315
v 0.060953 0.596463 -0.325315
v 0.069653 0.618363 -0.370215
v -0.253247 0.706863 0.176385
v -0.282347 0.714863 0.114885
v 0.128653 0.602263 -0.350015
v 0.069653 0.618363 0.327685
v 0.008253 0.635263 0.334585
v -0.214147 0.696163 0.230385
v 0.128653 0.602263 0.307485
v -0.166447 0.683163 0.274585
v 0.182953 0.587363 0.274585
v -0.112147 0.668263 0.307485
v -0.053147 0.652063 -0.370215
v 0.230653 0.574263 0.230385
v -0.053147 0.652063 0.327685
v -0.112147 0.668263 -0.350015
v 0.269753 0.563563 0.176385
v -0.166447 0.683163 -0.317115
v 0.298853 0.555563 0.114885
v -0.214147 0.696163 -0.272815
v 0.316753 0.550663 0.048185
v -0.253247 0.706863 -0.218915
v 0.322753 0.549063 -0.021215
v -0.282347 0.714863 -0.157415
v 0.316753 0.550663 -0.090615
v -0.300247 0.719763 -0.090615
v 0.298853 0.555563 -0.157415
v -0.306247 0.721463 -0.021215
v 0.269753 0.563563 -0.218915
v -0.300247 0.719763 0.048185
v -0.143647 0.637263 -0.279015
v -0.161547 0.627163 -0.313115
v -0.108147 0.616563 -0.345515
v -0.096547 0.627863 -0.307715
v 0.159253 0.576863 0.236585
v 0.112153 0.586263 0.265185
v -0.096547 0.627863 0.265185
v -0.143647 0.637263 0.236585
v -0.045447 0.617663 -0.325315
v 0.200553 0.568563 0.197985
v -0.045447 0.617663 0.282885
v 0.234453 0.561763 0.150985
v 0.007753 0.607063 0.288785
v 0.259653 0.556763 0.097385
v -0.185047 0.645463 -0.240515
v 0.275153 0.553663 0.039285
v -0.218947 0.652263 -0.193515
v 0.280353 0.552663 -0.021215
v -0.244147 0.657263 -0.139915
v 0.275153 0.553663 -0.081715
v -0.259647 0.660363 -0.081715
v 0.259653 0.556763 -0.139915
v -0.264847 0.661463 -0.021215
v 0.234453 0.561763 -0.193515
v -0.259647 0.660363 0.039285
v 0.200553 0.568563 -0.240515
v -0.244147 0.657263 0.097385
v 0.159253 0.576863 -0.279015
v -0.218947 0.652263 0.150985
v 0.112153 0.586263 -0.307715
v 0.060953 0.596463 0.282885
v -0.185047 0.645463 0.197985
v -0.275247 0.649863 -0.155615
v -0.263947 0.576763 -0.155615
v -0.235447 0.571063 -0.216315
v -0.246647 0.644163 -0.216315
v 0.266553 0.541763 0.173785
v 0.295053 0.536063 0.113085
v -0.208347 0.636563 -0.269415
v 0.312653 0.532563 0.047185
v 0.318553 0.531363 -0.021215
v 0.312653 0.532563 -0.089715
v -0.292747 0.653363 -0.089715
v 0.295053 0.536063 -0.155615
v -0.298747 0.654563 -0.021215
v 0.266553 0.541763 -0.216315
v -0.292747 0.653363 0.047185
v 0.228153 0.549463 -0.269415
v -0.275247 0.649863 0.113085
v 0.181453 0.558763 -0.313115
v -0.246647 0.644163 0.173785
v 0.128053 0.569463 -0.345515
v 0.070153 0.580963 0.322985
v 0.009953 0.592963 0.329785
v -0.208347 0.636563 0.226985
v 0.070153 0.580963 -0.365515
v 0.128053 0.569463 0.303085
v -0.161547 0.627163 0.270585
v 0.009953 0.592963 -0.372315
v 0.181453 0.558763 0.270585
v -0.108147 0.616563 0.303085
v -0.050247 0.604963 -0.365515
v 0.228153 0.549463 0.226985
v -0.050247 0.604963 0.322985
v -0.281447 0.580263 0.047185
v -0.242747 0.542063 0.039685
v -0.247947 0.542963 -0.021215
v -0.287447 0.581463 -0.021215
v 0.323953 0.459463 -0.089715
v 0.329853 0.458263 -0.021215
v -0.281447 0.580263 -0.089715
v 0.306353 0.462963 -0.155615
v 0.277853 0.468663 -0.216315
v 0.239453 0.476263 -0.269415
v -0.263947 0.576763 0.113085
v 0.192653 0.485663 -0.313115
v -0.235447 0.571063 0.173785
v 0.139353 0.496263 -0.345515
v 0.021253 0.519863 0.329785
v 0.081453 0.507863 0.322985
v -0.197047 0.563363 0.226985
v 0.081453 0.507863 -0.365515
v 0.139353 0.496263 0.303085
v -0.150247 0.554063 0.270585
v 0.021253 0.519863 -0.372315
v 0.192653 0.485663 0.270585
v -0.096847 0.543463 0.303085
v -0.038947 0.531863 -0.365515
v 0.239453 0.476263 0.226985
v -0.038947 0.531863 0.322985
v -0.096847 0.543463 -0.345515
v 0.277853 0.468663 0.173785
v -0.150247 0.554063 -0.313115
v 0.306353 0.462963 0.113085
v -0.197047 0.563363 -0.269415
v 0.323953 0.459463 0.047185
v -0.038947 0.485763 -0.365615
v -0.028647 0.507063 -0.327415
v -0.079747 0.515363 -0.309615
v -0.096447 0.495163 -0.345615
v 0.217253 0.466763 -0.242015
v 0.251153 0.461263 -0.194715
v -0.227247 0.539563 0.098185
v 0.175953 0.473563 -0.280815
v -0.202047 0.535463 0.152185
v 0.128853 0.481263 -0.309615
v 0.077753 0.489563 0.284885
v 0.024553 0.498363 0.290885
v -0.168147 0.529863 0.199485
v 0.077753 0.489563 -0.327415
v 0.128853 0.481263 0.267185
v -0.126847 0.523063 0.238285
v 0.024553 0.498363 -0.333415
v 0.175953 0.473563 0.238285
v -0.079747 0.515363 0.267185
v 0.217253 0.466763 0.199485
v -0.028647 0.507063 0.284885
v 0.251153 0.461263 0.152185
v -0.126847 0.523063 -0.280815
v 0.276353 0.457063 0.098185
v -0.168147 0.529863 -0.242015
v 0.291853 0.454563 0.039685
v -0.202047 0.535463 -0.194715
v 0.297053 0.453663 -0.021215
v -0.227247 0.539563 -0.140715
v 0.291853 0.454563 -0.082115
v -0.242747 0.542063 -0.082115
v 0.276353 0.457063 -0.140715
v -0.204347 0.459663 -0.269515
v -0.195847 0.511463 -0.269515
v -0.234047 0.517763 -0.216315
v -0.242447 0.465863 -0.216315
v 0.275753 0.434263 0.173785
v 0.237653 0.440463 0.227085
v 0.020853 0.475963 0.329885
v -0.038947 0.485763 0.323185
v -0.149447 0.503863 -0.313215
v 0.304053 0.429563 0.113085
v 0.321553 0.426763 0.047285
v 0.327453 0.425763 -0.021215
v -0.262347 0.522363 -0.155615
v 0.321553 0.426763 -0.089715
v -0.279747 0.525263 -0.089715
v 0.304053 0.429563 -0.155615
v -0.285647 0.526163 -0.021215
v 0.275753 0.434263 -0.216315
v -0.279747 0.525263 0.047285
v 0.237653 0.440463 -0.269515
v -0.262347 0.522363 0.113085
v 0.191153 0.448063 -0.313215
v -0.234047 0.517763 0.173785
v 0.138153 0.456763 -0.345615
v 0.080653 0.466163 0.323185
v -0.195847 0.511463 0.227085
v 0.080653 0.466163 -0.365615
v 0.138153 0.456763 0.303185
v -0.149447 0.503863 0.270685
v 0.020853 0.475963 -0.372415
v 0.191153 0.448063 0.270685
v -0.096447 0.495163 0.303185
v -0.266247 0.401263 -0.082815
v -0.288247 0.473363 -0.089715
v -0.294147 0.474363 -0.021215
v -0.271547 0.401463 -0.021215
v 0.313053 0.374863 0.047285
v 0.318953 0.373963 -0.021215
v -0.270847 0.470563 -0.155615
v 0.313053 0.374863 -0.089715
v 0.295653 0.377763 -0.155615
v 0.267253 0.382363 -0.216315
v -0.288247 0.473363 0.047285
v 0.229153 0.388663 -0.269515
v -0.270847 0.470563 0.113085
v 0.182753 0.396263 -0.313215
v -0.242447 0.465863 0.173785
v 0.129753 0.404963 -0.345615
v 0.072153 0.414363 0.323185
v 0.012353 0.424163 0.329885
v -0.204347 0.459663 0.227085
v 0.072153 0.414363 -0.365615
v 0.129753 0.404963 0.303185
v -0.157947 0.452063 0.270685
v 0.012353 0.424163 -0.372415
v 0.182753 0.396263 0.270685
v -0.104947 0.443363 0.303185
v -0.047447 0.433963 -0.365615
v 0.229153 0.388663 0.227085
v -0.047447 0.433963 0.323185
v -0.104947 0.443363 -0.345615
v 0.267253 0.382363 0.173785
v -0.157947 0.452063 -0.313215
v 0.295653 0.377763 0.113085
v 0.061953 0.393063 0.288285
v 0.114353 0.391663 0.270385
v 0.114353 0.391663 -0.312815
v 0.061953 0.393063 -0.330815
v 0.007553 0.394363 -0.336915
v -0.046947 0.395763 -0.330815
v -0.099247 0.397063 -0.312815
v -0.147547 0.398263 -0.283715
v -0.189847 0.399363 -0.244415
v -0.224547 0.400263 -0.196615
v -0.250347 0.400863 -0.142015
v -0.266247 0.401263 0.040285
v -0.250347 0.400863 0.099485
v -0.224547 0.400263 0.154085
v -0.189847 0.399363 0.201885
v -0.147547 0.398263 0.241185
v -0.099247 0.397063 0.270385
v -0.046947 0.395763 0.288285
v 0.007553 0.394363 0.294385
vn -0.1219 0.9915 0.0461
vn -0.1218 0.9915 0.0461
vn -0.1218 0.9915 0.0460
vn -0.4571 0.1956 0.8676
vn -0.4572 0.1961 0.8675
vn -0.4572 0.1957 0.8676
vn -0.4573 0.1956 0.8676
vn -0.0965 0.0413 -0.9945
vn -0.0964 0.0411 -0.9945
vn -0.0965 0.0412 -0.9945
vn 0.7297 -0.3125 -0.6081
vn 0.7299 -0.3123 -0.6080
vn 0.7297 -0.3125 -0.6082
vn 0.7297 -0.3119 -0.6085
vn -0.2840 0.1216 0.9511
vn -0.2842 0.1215 0.9510
vn -0.2839 0.1216 0.9511
vn -0.2837 0.1217 0.9512
vn -0.2839 0.1216 -0.9511
vn -0.2839 0.1213 -0.9512
vn -0.2840 0.1216 -0.9511
vn -0.2840 0.1219 -0.9510
vn 0.6072 -0.2600 -0.7508
vn 0.6071 -0.2595 -0.7511
vn 0.6072 -0.2601 -0.7508
vn 0.6072 -0.2601 -0.7507
vn -0.0965 0.0413 0.9945
vn -0.0964 0.0414 0.9945
vn -0.0966 0.0413 0.9945
vn -0.4566 0.1956 -0.8679
vn -0.4570 0.1955 -0.8677
vn -0.4569 0.1955 -0.8678
vn -0.4568 0.1954 -0.8678
vn 0.4570 -0.1955 -0.8677
vn 0.4570 -0.1954 -0.8678
vn 0.0964 -0.0413 0.9945
vn 0.0965 -0.0413 0.9945
vn -0.6077 0.2598 -0.7505
vn -0.6074 0.2598 -0.7507
vn 0.2840 -0.1214 -0.9511
vn 0.2841 -0.1217 -0.9510
vn 0.2842 -0.1217 -0.9510
vn 0.2842 -0.1216 -0.9510
vn 0.2840 -0.1214 0.9511
vn 0.2843 -0.1213 0.9510
vn 0.2838 -0.1216 0.9512
vn -0.7298 0.3122 -0.6082
vn -0.7299 0.3123 -0.6080
vn 0.0964 -0.0413 -0.9945
vn 0.4570 -0.1955 0.8677
vn 0.4571 -0.1955 0.8677
vn -0.8227 0.3524 -0.4461
vn -0.8229 0.3520 -0.4460
vn -0.8228 0.3523 -0.4461
vn -0.8227 0.3521 -0.4463
vn 0.6072 -0.2598 0.7509
vn 0.6071 -0.2598 0.7509
vn -0.8846 0.3786 -0.2724
vn -0.8846 0.3785 -0.2724
vn -0.8845 0.3787 -0.2725
vn 0.7299 -0.3124 0.6079
vn 0.7299 -0.3123 0.6080
vn 0.7299 -0.3124 0.6080
vn -0.9156 0.3917 -0.0915
vn -0.9155 0.3918 -0.0915
vn -0.9155 0.3917 -0.0915
vn 0.8227 -0.3517 0.4466
vn 0.8227 -0.3521 0.4463
vn -0.9156 0.3916 0.0915
vn -0.9156 0.3917 0.0915
vn -0.9155 0.3917 0.0915
vn 0.8846 -0.3785 0.2724
vn 0.8846 -0.3786 0.2724
vn 0.8846 -0.3784 0.2725
vn -0.8847 0.3784 0.2724
vn -0.8846 0.3785 0.2724
vn -0.8847 0.3783 0.2724
vn 0.9156 -0.3915 0.0918
vn 0.9155 -0.3917 0.0915
vn 0.9156 -0.3915 0.0919
vn 0.9155 -0.3917 0.0917
vn -0.8228 0.3523 0.4461
vn -0.8229 0.3520 0.4461
vn -0.8228 0.3520 0.4462
vn -0.8227 0.3520 0.4463
vn 0.9156 -0.3915 -0.0918
vn 0.9156 -0.3915 -0.0916
vn 0.9156 -0.3915 -0.0919
vn 0.9155 -0.3917 -0.0915
vn -0.7301 0.3121 0.6079
vn 0.8847 -0.3783 -0.2724
vn 0.8848 -0.3782 -0.2723
vn 0.8847 -0.3784 -0.2723
vn 0.8846 -0.3784 -0.2725
vn -0.6072 0.2598 0.7509
vn -0.6071 0.2597 0.7510
vn 0.8227 -0.3517 -0.4466
vn 0.8227 -0.3521 -0.4463
vn -0.6235 -0.7524 0.2123
vn -0.6235 -0.7524 0.2124
vn -0.6235 -0.7524 0.2122
vn 0.7844 0.6049 0.1368
vn 0.7844 0.6050 0.1368
vn 0.7845 0.6048 0.1368
vn -0.1042 0.9851 0.1368
vn 0.8012 0.5966 0.0461
vn 0.8012 0.5967 0.0461
vn 0.8011 0.5967 0.0461
vn -0.0695 0.9724 0.2226
vn 0.8011 0.5967 -0.0461
vn 0.8012 0.5966 -0.0461
vn 0.8010 0.5969 -0.0461
vn -0.0190 0.9535 0.3006
vn -0.0188 0.9535 0.3008
vn -0.0190 0.9536 0.3006
vn -0.0190 0.9536 0.3005
vn 0.7846 0.6048 -0.1368
vn 0.7845 0.6048 -0.1368
vn 0.7844 0.6050 -0.1369
vn 0.7844 0.6049 -0.1368
vn 0.0460 0.9289 0.3674
vn 0.0460 0.9289 0.3673
vn 0.0460 0.9290 0.3672
vn 0.7513 0.6213 -0.2226
vn 0.7513 0.6212 -0.2226
vn 0.1227 0.8990 0.4204
vn 0.1226 0.8990 0.4204
vn 0.2991 0.8268 -0.4764
vn 0.2991 0.8269 -0.4761
vn 0.2989 0.8270 -0.4762
vn 0.2990 0.8268 -0.4764
vn 0.7028 0.6447 -0.3007
vn 0.7025 0.6451 -0.3006
vn 0.7026 0.6449 -0.3006
vn 0.7027 0.6449 -0.3005
vn 0.2082 0.8646 0.4574
vn 0.2083 0.8646 0.4572
vn 0.2083 0.8646 0.4573
vn 0.2082 0.8645 0.4575
vn 0.2084 0.8647 -0.4571
vn 0.2083 0.8646 -0.4573
vn 0.2085 0.8646 -0.4572
vn 0.2085 0.8647 -0.4570
vn 0.6402 0.6747 -0.3674
vn 0.6401 0.6747 -0.3674
vn 0.6402 0.6746 -0.3676
vn 0.6403 0.6747 -0.3672
vn 0.2991 0.8269 0.4762
vn 0.1222 0.8991 -0.4203
vn 0.1222 0.8992 -0.4201
vn 0.1225 0.8991 -0.4202
vn 0.1226 0.8990 -0.4205
vn 0.5655 0.7096 -0.4204
vn 0.5655 0.7095 -0.4204
vn 0.3915 0.7876 0.4759
vn 0.3915 0.7875 0.4761
vn 0.0457 0.9289 -0.3675
vn 0.0457 0.9289 -0.3676
vn 0.0458 0.9289 -0.3674
vn 0.0462 0.9289 -0.3675
vn 0.4815 0.7477 -0.4573
vn 0.4814 0.7478 -0.4573
vn 0.4816 0.7477 -0.4572
vn 0.4815 0.7477 0.4573
vn 0.4816 0.7477 0.4572
vn 0.4815 0.7477 0.4572
vn -0.0190 0.9535 -0.3007
vn -0.0189 0.9536 -0.3006
vn -0.0190 0.9535 -0.3008
vn 0.3915 0.7873 -0.4764
vn 0.3914 0.7873 -0.4765
vn 0.3914 0.7873 -0.4764
vn 0.3915 0.7873 -0.4763
vn 0.5655 0.7095 0.4204
vn 0.5655 0.7096 0.4204
vn -0.0696 0.9724 -0.2226
vn -0.0695 0.9724 -0.2226
vn -0.0697 0.9724 -0.2226
vn 0.6401 0.6748 0.3673
vn 0.6401 0.6748 0.3674
vn 0.6401 0.6747 0.3675
vn -0.1041 0.9851 -0.1368
vn -0.1042 0.9851 -0.1368
vn 0.7027 0.6449 0.3005
vn 0.7028 0.6448 0.3005
vn -0.1218 0.9915 -0.0461
vn -0.1218 0.9915 -0.0460
vn 0.7513 0.6213 0.2226
vn -0.2841 0.1215 0.9511
vn -0.2840 0.1214 0.9511
vn -0.2840 0.1215 0.9511
vn -0.5787 -0.7732 0.2593
vn -0.5785 -0.7735 0.2590
vn -0.5787 -0.7732 0.2592
vn -0.5257 -0.7974 0.2962
vn -0.5257 -0.7974 0.2963
vn -0.5257 -0.7975 0.2962
vn -0.4029 -0.8518 -0.3349
vn -0.4029 -0.8518 -0.3348
vn -0.4029 -0.8518 -0.3350
vn -0.4663 -0.8240 0.3218
vn -0.4663 -0.8240 0.3217
vn -0.4664 -0.8240 0.3219
vn -0.4664 -0.8240 -0.3218
vn -0.4663 -0.8240 -0.3217
vn -0.4025 -0.8519 0.3351
vn -0.4029 -0.8518 0.3348
vn -0.4029 -0.8518 0.3349
vn -0.4028 -0.8518 0.3350
vn -0.5257 -0.7974 -0.2963
vn -0.5257 -0.7974 -0.2964
vn -0.3379 -0.8796 0.3349
vn -0.3379 -0.8796 0.3348
vn -0.3381 -0.8796 0.3347
vn -0.3379 -0.8795 0.3350
vn -0.5786 -0.7733 -0.2593
vn -0.5788 -0.7732 -0.2592
vn -0.5787 -0.7732 -0.2592
vn -0.6235 -0.7524 -0.2124
vn -0.3380 -0.8796 -0.3348
vn -0.3379 -0.8796 -0.3348
vn -0.3379 -0.8796 -0.3349
vn -0.3381 -0.8796 -0.3348
vn -0.6585 -0.7359 -0.1576
vn -0.6824 -0.7245 -0.0969
vn -0.6945 -0.7187 -0.0327
vn -0.6946 -0.7187 -0.0327
vn -0.6947 -0.7186 0.0327
vn -0.6948 -0.7185 0.0327
vn -0.6946 -0.7186 0.0327
vn -0.6946 -0.7187 0.0327
vn -0.6824 -0.7245 0.0969
vn -0.6825 -0.7245 0.0967
vn -0.6825 -0.7244 0.0969
vn -0.6585 -0.7359 0.1576
vn 0.4812 0.7505 0.4530
vn 0.4814 0.7503 0.4532
vn 0.4813 0.7504 0.4530
vn -0.2841 0.1215 -0.9511
vn -0.2837 0.1214 -0.9512
vn -0.2842 0.1216 -0.9510
vn -0.2840 0.1214 -0.9511
vn 0.6071 -0.2597 -0.7510
vn 0.6072 -0.2598 -0.7509
vn 0.6072 -0.2598 -0.7508
vn -0.0968 0.0414 0.9944
vn -0.0968 0.0413 0.9944
vn -0.4571 0.1955 -0.8677
vn -0.4575 0.1956 -0.8675
vn -0.4575 0.1957 -0.8674
vn 0.4575 -0.1956 -0.8675
vn 0.4573 -0.1956 -0.8675
vn 0.4572 -0.1955 -0.8676
vn 0.4573 -0.1955 -0.8675
vn 0.0962 -0.0413 0.9945
vn 0.0963 -0.0412 0.9945
vn 0.0964 -0.0412 0.9945
vn -0.6071 0.2596 -0.7510
vn -0.6072 0.2598 -0.7509
vn -0.6069 0.2593 -0.7513
vn 0.2841 -0.1215 -0.9511
vn 0.2840 -0.1215 0.9511
vn 0.2842 -0.1216 0.9510
vn -0.7300 0.3121 -0.6081
vn -0.7300 0.3123 -0.6079
vn -0.7299 0.3119 -0.6083
vn 0.0965 -0.0413 -0.9945
vn 0.0961 -0.0412 -0.9945
vn 0.0963 -0.0412 -0.9945
vn 0.4572 -0.1955 0.8676
vn -0.8228 0.3521 -0.4462
vn -0.8227 0.3520 -0.4463
vn -0.8228 0.3520 -0.4463
vn 0.6071 -0.2597 0.7510
vn 0.6071 -0.2596 0.7510
vn 0.6070 -0.2596 0.7511
vn -0.8846 0.3785 -0.2725
vn -0.8846 0.3784 -0.2726
vn -0.8845 0.3787 -0.2723
vn -0.8847 0.3784 -0.2725
vn 0.7300 -0.3121 0.6081
vn 0.7300 -0.3123 0.6079
vn 0.7299 -0.3121 0.6081
vn 0.7299 -0.3125 0.6080
vn -0.9155 0.3917 -0.0916
vn 0.8227 -0.3519 0.4464
vn 0.8227 -0.3520 0.4463
vn 0.8228 -0.3520 0.4463
vn 0.8845 -0.3788 0.2723
vn 0.8845 -0.3791 0.2720
vn 0.8845 -0.3787 0.2723
vn 0.8846 -0.3784 0.2726
vn -0.8845 0.3788 0.2723
vn -0.8847 0.3785 0.2720
vn -0.8845 0.3787 0.2723
vn -0.8227 0.3520 0.4464
vn -0.8228 0.3520 0.4463
vn -0.8228 0.3526 0.4457
vn 0.9155 -0.3918 -0.0912
vn 0.9155 -0.3917 -0.0916
vn 0.9155 -0.3918 -0.0913
vn 0.9155 -0.3919 -0.0910
vn -0.7300 0.3121 0.6081
vn -0.7298 0.3122 0.6083
vn -0.7299 0.3121 0.6081
vn -0.7299 0.3124 0.6080
vn 0.8845 -0.3787 -0.2723
vn 0.8847 -0.3785 -0.2720
vn 0.8845 -0.3788 -0.2723
vn 0.8843 -0.3790 -0.2726
vn -0.6070 0.2596 0.7511
vn 0.8228 -0.3523 -0.4460
vn 0.8227 -0.3520 -0.4463
vn 0.8226 -0.3525 -0.4463
vn -0.4571 0.1955 0.8677
vn -0.4570 0.1955 0.8677
vn -0.0968 0.0414 -0.9944
vn -0.0968 0.0413 -0.9944
vn 0.7299 -0.3124 -0.6080
vn 0.7299 -0.3121 -0.6081
vn 0.7298 -0.3122 -0.6083
vn 0.0840 -0.9362 0.3414
vn 0.0843 -0.9362 0.3413
vn 0.0840 -0.9361 0.3414
vn -0.0149 0.9546 -0.2976
vn -0.0148 0.9546 -0.2974
vn -0.0148 0.9545 -0.2978
vn -0.0146 0.9545 -0.2978
vn 0.3921 0.7898 -0.4717
vn 0.3921 0.7897 -0.4719
vn 0.3920 0.7898 -0.4718
vn 0.3920 0.7898 -0.4717
vn 0.5645 0.7127 0.4165
vn 0.5644 0.7127 0.4165
vn 0.5646 0.7125 0.4167
vn 0.5646 0.7125 0.4166
vn -0.0649 0.9732 -0.2207
vn -0.0648 0.9732 -0.2205
vn -0.0649 0.9732 -0.2205
vn 0.6384 0.6782 0.3640
vn 0.6383 0.6782 0.3642
vn -0.0990 0.9858 -0.1357
vn -0.0991 0.9858 -0.1355
vn -0.0991 0.9858 -0.1356
vn -0.0992 0.9858 -0.1356
vn 0.7004 0.6486 0.2977
vn 0.7004 0.6487 0.2978
vn 0.7004 0.6486 0.2978
vn -0.1166 0.9921 -0.0460
vn -0.1166 0.9921 -0.0459
vn -0.1166 0.9921 -0.0456
vn 0.7486 0.6252 0.2205
vn 0.7486 0.6252 0.2206
vn -0.1166 0.9921 0.0459
vn -0.1167 0.9921 0.0459
vn -0.1167 0.9921 0.0456
vn 0.7815 0.6090 0.1356
vn 0.7815 0.6089 0.1356
vn 0.7814 0.6091 0.1354
vn -0.0992 0.9858 0.1355
vn -0.0991 0.9858 0.1356
vn 0.7981 0.6007 0.0457
vn 0.7981 0.6008 0.0457
vn 0.7982 0.6006 0.0457
vn -0.0649 0.9732 0.2207
vn -0.0648 0.9732 0.2206
vn -0.0650 0.9732 0.2206
vn -0.0649 0.9731 0.2209
vn 0.7984 0.6004 -0.0456
vn 0.7981 0.6008 -0.0457
vn -0.0146 0.9545 0.2978
vn 0.7815 0.6091 -0.1356
vn 0.7814 0.6091 -0.1355
vn 0.7814 0.6091 -0.1356
vn 0.7815 0.6090 -0.1356
vn 0.0497 0.9301 0.3640
vn 0.0498 0.9301 0.3639
vn 0.7486 0.6251 -0.2211
vn 0.7486 0.6253 -0.2206
vn 0.7485 0.6253 -0.2208
vn 0.1258 0.9004 0.4165
vn 0.1257 0.9004 0.4165
vn 0.1258 0.9004 0.4164
vn 0.3004 0.8290 -0.4717
vn 0.3005 0.8290 -0.4717
vn 0.7004 0.6487 -0.2977
vn 0.7004 0.6486 -0.2978
vn 0.7007 0.6484 -0.2976
vn 0.7004 0.6487 -0.2976
vn 0.2105 0.8663 0.4530
vn 0.2103 0.8663 0.4531
vn 0.2103 0.8663 0.4532
vn 0.2104 0.8662 -0.4533
vn 0.2105 0.8662 -0.4533
vn 0.2104 0.8664 -0.4529
vn 0.2105 0.8663 -0.4529
vn 0.6384 0.6781 -0.3643
vn 0.6384 0.6781 -0.3641
vn 0.6383 0.6782 -0.3642
vn 0.6383 0.6783 -0.3641
vn 0.3005 0.8290 0.4717
vn 0.1255 0.9004 -0.4165
vn 0.1257 0.9004 -0.4165
vn 0.1258 0.9004 -0.4164
vn 0.5644 0.7127 -0.4166
vn 0.5644 0.7127 -0.4165
vn 0.5644 0.7126 -0.4166
vn 0.5645 0.7125 -0.4167
vn 0.3918 0.7898 0.4720
vn 0.3917 0.7898 0.4720
vn 0.3918 0.7898 0.4719
vn 0.0498 0.9301 -0.3639
vn 0.0501 0.9301 -0.3639
vn 0.0498 0.9301 -0.3640
vn 0.0497 0.9301 -0.3639
vn 0.4812 0.7504 -0.4531
vn 0.4812 0.7505 -0.4530
vn 0.9155 -0.3918 0.0915
vn 0.9156 -0.3917 0.0915
vn -0.8459 -0.5308 -0.0523
vn -0.8458 -0.5309 -0.0522
vn -0.8458 -0.5309 -0.0523
vn 0.1415 -0.9572 0.2526
vn 0.1415 -0.9571 0.2527
vn -0.8459 -0.5308 0.0523
vn -0.8459 -0.5307 0.0523
vn -0.8460 -0.5307 0.0523
vn 0.1804 -0.9713 0.1552
vn 0.1804 -0.9713 0.1551
vn 0.1807 -0.9712 0.1553
vn 0.1805 -0.9713 0.1551
vn -0.8272 -0.5401 0.1551
vn 0.2005 -0.9783 0.0523
vn 0.2004 -0.9783 0.0523
vn 0.2005 -0.9783 0.0524
vn -0.7899 -0.5587 0.2527
vn -0.7899 -0.5588 0.2526
vn 0.2009 -0.9782 -0.0527
vn 0.2006 -0.9783 -0.0524
vn 0.2009 -0.9782 -0.0526
vn 0.2008 -0.9782 -0.0525
vn -0.7353 -0.5856 0.3413
vn -0.7353 -0.5855 0.3413
vn -0.7351 -0.5859 0.3411
vn 0.1808 -0.9711 -0.1555
vn 0.1805 -0.9713 -0.1551
vn 0.1806 -0.9712 -0.1552
vn -0.6645 -0.6196 0.4177
vn -0.6644 -0.6197 0.4177
vn -0.6645 -0.6197 0.4176
vn -0.6645 -0.6198 0.4175
vn 0.1415 -0.9572 -0.2524
vn 0.1415 -0.9572 -0.2527
vn 0.1415 -0.9572 -0.2526
vn 0.1415 -0.9572 -0.2525
vn -0.5799 -0.6594 0.4785
vn -0.5799 -0.6593 0.4785
vn -0.5796 -0.6595 0.4787
vn -0.5800 -0.6593 0.4784
vn -0.3822 -0.7481 -0.5424
vn -0.3823 -0.7481 -0.5424
vn -0.3823 -0.7482 -0.5423
vn -0.3821 -0.7483 -0.5423
vn 0.0842 -0.9361 -0.3414
vn 0.0841 -0.9362 -0.3413
vn 0.0842 -0.9361 -0.3415
vn -0.4848 -0.7027 0.5207
vn -0.4848 -0.7028 0.5206
vn -0.4847 -0.7028 0.5207
vn -0.4849 -0.7027 -0.5207
vn -0.4850 -0.7026 -0.5207
vn -0.4848 -0.7028 -0.5207
vn 0.0106 -0.9084 -0.4179
vn -0.3824 -0.7479 0.5426
vn -0.3826 -0.7480 0.5423
vn -0.3824 -0.7480 0.5425
vn -0.3823 -0.7482 0.5423
vn -0.5800 -0.6593 -0.4784
vn -0.5801 -0.6592 -0.4785
vn -0.5801 -0.6593 -0.4784
vn -0.0764 -0.8748 -0.4784
vn -0.0762 -0.8748 -0.4784
vn -0.0758 -0.8749 -0.4784
vn -0.0763 -0.8748 -0.4784
vn -0.2771 -0.7931 0.5424
vn -0.2770 -0.7932 0.5423
vn -0.2771 -0.7932 0.5422
vn -0.6645 -0.6196 -0.4177
vn -0.6644 -0.6194 -0.4182
vn -0.6646 -0.6195 -0.4178
vn -0.6646 -0.6196 -0.4177
vn -0.1737 -0.8360 -0.5206
vn -0.1737 -0.8359 -0.5206
vn -0.1737 -0.8360 0.5206
vn -0.1738 -0.8360 0.5205
vn -0.1737 -0.8359 0.5206
vn -0.7353 -0.5855 -0.3413
vn -0.2772 -0.7932 -0.5423
vn -0.2773 -0.7932 -0.5422
vn -0.2772 -0.7931 -0.5423
vn -0.0762 -0.8748 0.4785
vn -0.0762 -0.8748 0.4784
vn -0.7899 -0.5587 -0.2527
vn -0.7898 -0.5588 -0.2527
vn -0.7901 -0.5585 -0.2525
vn -0.7900 -0.5586 -0.2527
vn 0.0106 -0.9086 0.4175
vn 0.0103 -0.9087 0.4174
vn 0.0107 -0.9086 0.4175
vn 0.0109 -0.9086 0.4175
vn -0.8272 -0.5401 -0.1551
vn 0.7937 0.5491 -0.2618
vn 0.7937 0.5491 -0.2617
vn -0.8226 0.3521 0.4464
vn -0.8228 0.3519 0.4463
vn 0.9156 -0.3916 -0.0914
vn 0.9156 -0.3916 -0.0915
vn 0.9156 -0.3917 -0.0915
vn -0.7300 0.3125 0.6079
vn -0.7299 0.3123 0.6080
vn -0.7300 0.3124 0.6079
vn -0.7299 0.3122 0.6081
vn 0.8846 -0.3785 -0.2724
vn 0.8846 -0.3784 -0.2724
vn 0.8227 -0.3520 -0.4464
vn 0.8226 -0.3522 -0.4465
vn 0.8226 -0.3521 -0.4464
vn 0.8228 -0.3518 -0.4463
vn -0.4569 0.1954 0.8678
vn -0.4569 0.1955 0.8678
vn -0.4570 0.1952 0.8678
vn -0.0966 0.0414 -0.9945
vn -0.0964 0.0413 -0.9945
vn -0.0966 0.0413 -0.9945
vn 0.7300 -0.3123 -0.6079
vn 0.7301 -0.3123 -0.6078
vn 0.7300 -0.3124 -0.6078
vn -0.2843 0.1220 0.9509
vn -0.2842 0.1214 0.9511
vn -0.2842 0.1216 0.9510
vn -0.2843 0.1220 -0.9509
vn 0.6070 -0.2596 -0.7511
vn -0.0966 0.0414 0.9945
vn -0.4570 0.1956 -0.8677
vn -0.4567 0.1959 -0.8678
vn 0.4568 -0.1954 -0.8679
vn 0.4567 -0.1954 -0.8679
vn 0.4569 -0.1955 -0.8678
vn 0.0966 -0.0413 0.9945
vn 0.0966 -0.0414 0.9945
vn 0.2844 -0.1218 -0.9509
vn 0.2844 -0.1218 0.9509
vn 0.2842 -0.1215 0.9510
vn 0.0969 -0.0415 -0.9944
vn 0.0965 -0.0414 -0.9945
vn 0.4569 -0.1955 0.8678
vn -0.8226 0.3521 -0.4464
vn -0.8227 0.3522 -0.4463
vn -0.8226 0.3522 -0.4464
vn -0.8227 0.3521 -0.4464
vn 0.6074 -0.2597 0.7507
vn -0.8846 0.3783 -0.2725
vn 0.7300 -0.3124 0.6079
vn -0.9156 0.3916 -0.0914
vn -0.9155 0.3918 -0.0916
vn -0.9156 0.3915 -0.0913
vn 0.8226 -0.3521 0.4464
vn 0.8226 -0.3522 0.4464
vn -0.9156 0.3916 0.0914
vn -0.9156 0.3915 0.0914
vn -0.8845 0.3789 0.2722
vn 0.0593 -0.9914 0.1171
vn 0.0605 -0.9911 0.1182
vn 0.0597 -0.9913 0.1173
vn 0.1661 0.9238 0.3449
vn 0.2969 0.8454 -0.4440
vn 0.7313 0.5873 -0.3468
vn 0.7313 0.5873 -0.3469
vn 0.2244 0.8884 0.4004
vn 0.2246 0.8884 0.4004
vn 0.2244 0.8885 -0.4004
vn 0.2244 0.8884 -0.4004
vn 0.6536 0.6344 -0.4128
vn 0.6535 0.6342 -0.4131
vn 0.2970 0.8454 0.4440
vn 0.2969 0.8454 0.4440
vn 0.1661 0.9238 -0.3449
vn 0.1661 0.9238 -0.3450
vn 0.5654 0.6871 -0.4564
vn 0.5653 0.6872 -0.4563
vn 0.3811 0.7960 0.4704
vn 0.3810 0.7960 0.4704
vn 0.1223 0.9514 -0.2825
vn 0.1222 0.9514 -0.2825
vn 0.4723 0.7422 -0.4754
vn 0.4722 0.7423 -0.4754
vn 0.4723 0.7422 0.4755
vn 0.4723 0.7422 0.4754
vn 0.4724 0.7422 0.4753
vn 0.0919 0.9717 -0.2177
vn 0.3810 0.7960 -0.4704
vn 0.5652 0.6872 0.4564
vn 0.5653 0.6872 0.4563
vn 0.0725 0.9855 -0.1533
vn 0.0725 0.9855 -0.1534
vn 0.6536 0.6344 0.4128
vn 0.6537 0.6342 0.4128
vn 0.0615 0.9940 -0.0908
vn 0.7313 0.5873 0.3468
vn 0.7314 0.5872 0.3468
vn 0.0566 0.9979 -0.0300
vn 0.7937 0.5491 0.2617
vn 0.7937 0.5491 0.2618
vn 0.7936 0.5492 0.2618
vn 0.0566 0.9979 0.0300
vn 0.0565 0.9979 0.0300
vn 0.8371 0.5223 0.1627
vn 0.8371 0.5223 0.1628
vn 0.8372 0.5222 0.1628
vn 0.0615 0.9940 0.0908
vn 0.8592 0.5086 0.0553
vn 0.8593 0.5085 0.0554
vn 0.8593 0.5085 0.0552
vn 0.0724 0.9855 0.1534
vn 0.0725 0.9855 0.1534
vn 0.0726 0.9855 0.1534
vn 0.8594 0.5084 -0.0551
vn 0.8595 0.5082 -0.0549
vn 0.8594 0.5083 -0.0550
vn 0.8593 0.5085 -0.0552
vn 0.0919 0.9717 0.2177
vn 0.8371 0.5222 -0.1627
vn 0.8371 0.5223 -0.1628
vn 0.8372 0.5222 -0.1627
vn 0.1223 0.9514 0.2826
vn 0.1223 0.9514 0.2825
vn 0.9155 -0.2968 -0.2717
vn 0.9155 -0.2967 -0.2717
vn -0.7042 -0.7009 0.1132
vn -0.7042 -0.7010 0.1131
vn -0.7042 -0.7009 0.1131
vn -0.7042 -0.7010 0.1130
vn 0.0750 -0.9964 0.0406
vn 0.0764 -0.9963 0.0399
vn 0.0747 -0.9964 0.0412
vn -0.6766 -0.7129 0.1842
vn -0.6766 -0.7130 0.1841
vn -0.6765 -0.7130 0.1842
vn 0.0756 -0.9964 -0.0392
vn 0.0764 -0.9963 -0.0399
vn 0.0749 -0.9964 -0.0386
vn -0.6359 -0.7305 0.2491
vn -0.6359 -0.7303 0.2494
vn 0.0601 -0.9912 -0.1181
vn 0.0604 -0.9912 -0.1181
vn 0.0604 -0.9911 -0.1184
vn 0.0605 -0.9911 -0.1182
vn -0.5836 -0.7525 0.3054
vn -0.5835 -0.7525 0.3053
vn -0.5835 -0.7526 0.3051
vn 0.0293 -0.9810 -0.1920
vn -0.5207 -0.7785 0.3504
vn -0.5208 -0.7785 0.3502
vn -0.5207 -0.7786 0.3502
vn -0.5208 -0.7785 0.3503
vn -0.3735 -0.8371 -0.3996
vn -0.3735 -0.8372 -0.3996
vn -0.3734 -0.8371 -0.3997
vn -0.4500 -0.8071 0.3821
vn -0.4501 -0.8072 0.3818
vn -0.4502 -0.8072 0.3817
vn -0.4499 -0.8071 -0.3822
vn -0.4501 -0.8070 -0.3823
vn -0.4500 -0.8072 -0.3822
vn -0.4499 -0.8072 -0.3822
vn -0.3734 -0.8371 0.3999
vn -0.3734 -0.8371 0.3998
vn -0.3734 -0.8370 0.4000
vn -0.3733 -0.8371 0.3998
vn -0.5208 -0.7786 -0.3501
vn -0.5212 -0.7781 -0.3505
vn -0.5209 -0.7785 -0.3502
vn -0.5208 -0.7785 -0.3504
vn -0.1412 -0.9230 -0.3580
vn -0.1412 -0.9229 -0.3581
vn -0.1414 -0.9229 -0.3582
vn -0.2942 -0.8672 0.4017
vn -0.2943 -0.8672 0.4016
vn -0.2943 -0.8673 0.4015
vn -0.5835 -0.7525 -0.3053
vn -0.5835 -0.7526 -0.3052
vn -0.2158 -0.8962 -0.3877
vn -0.2158 -0.8962 -0.3876
vn -0.2158 -0.8961 -0.3877
vn -0.2158 -0.8960 -0.3880
vn -0.2158 -0.8962 0.3876
vn -0.2157 -0.8963 0.3876
vn -0.2156 -0.8964 0.3872
vn -0.2158 -0.8964 0.3871
vn -0.6359 -0.7305 -0.2490
vn -0.6359 -0.7305 -0.2491
vn -0.6359 -0.7305 -0.2489
vn -0.2945 -0.8671 -0.4017
vn -0.2943 -0.8672 -0.4016
vn -0.1412 -0.9229 0.3582
vn -0.1411 -0.9229 0.3583
vn -0.1412 -0.9228 0.3585
vn -0.1414 -0.9229 0.3582
vn -0.6766 -0.7130 -0.1841
vn -0.6766 -0.7130 -0.1842
vn -0.6762 -0.7133 -0.1842
vn -0.6765 -0.7130 -0.1842
vn -0.0738 -0.9464 0.3143
vn -0.0737 -0.9464 0.3144
vn -0.0738 -0.9465 0.3143
vn -0.7042 -0.7009 -0.1131
vn -0.7042 -0.7009 -0.1132
vn -0.7042 -0.7010 -0.1131
vn -0.7181 -0.6949 -0.0381
vn -0.7180 -0.6950 -0.0382
vn -0.7182 -0.6948 -0.0380
vn 0.0294 -0.9809 0.1920
vn 0.0293 -0.9810 0.1920
vn 0.0293 -0.9810 0.1919
vn -0.7182 -0.6948 0.0380
vn -0.7183 -0.6947 0.0379
vn -0.7180 -0.6950 0.0381
vn 0.6444 0.6291 -0.4347
vn -0.6292 0.2039 0.7500
vn 0.8518 -0.2760 -0.4454
vn 0.8518 -0.2759 -0.4453
vn 0.8516 -0.2761 -0.4457
vn 0.8517 -0.2760 -0.4454
vn -0.4738 0.1537 0.8671
vn -0.4737 0.1537 0.8672
vn -0.4738 0.1536 0.8671
vn -0.1001 0.0324 -0.9945
vn -0.1000 0.0324 -0.9945
vn -0.1001 0.0324 -0.9944
vn 0.7560 -0.2449 -0.6070
vn 0.7560 -0.2450 -0.6070
vn -0.2946 0.0956 0.9508
vn -0.2945 0.0956 0.9509
vn -0.2944 0.0956 0.9509
vn -0.2949 0.0957 -0.9507
vn -0.2948 0.0956 -0.9508
vn 0.6289 -0.2044 -0.7502
vn 0.6291 -0.2040 -0.7500
vn -0.1003 0.0325 0.9944
vn -0.1003 0.0326 0.9944
vn -0.1004 0.0325 0.9944
vn -0.4738 0.1537 -0.8671
vn -0.4738 0.1536 -0.8672
vn -0.4739 0.1537 -0.8671
vn 0.4738 -0.1537 -0.8671
vn 0.4738 -0.1536 -0.8671
vn 0.1003 -0.0325 0.9944
vn 0.1003 -0.0326 0.9944
vn 0.1004 -0.0325 0.9944
vn -0.6292 0.2039 -0.7500
vn 0.2949 -0.0955 -0.9508
vn 0.2951 -0.0955 -0.9507
vn 0.2951 -0.0957 -0.9507
vn 0.2946 -0.0956 -0.9508
vn 0.2947 -0.0956 0.9508
vn 0.2948 -0.0956 0.9508
vn 0.2946 -0.0956 0.9508
vn -0.7560 0.2450 -0.6070
vn 0.1001 -0.0324 -0.9944
vn 0.1001 -0.0324 -0.9945
vn 0.4738 -0.1534 0.8672
vn 0.4738 -0.1536 0.8671
vn 0.4738 -0.1537 0.8671
vn -0.8517 0.2760 -0.4454
vn -0.8516 0.2765 -0.4453
vn -0.8516 0.2760 -0.4457
vn -0.8516 0.2759 -0.4456
vn 0.6292 -0.2039 0.7500
vn -0.9155 0.2968 -0.2717
vn -0.9155 0.2967 -0.2717
vn -0.9155 0.2966 -0.2719
vn 0.7559 -0.2450 0.6071
vn 0.7560 -0.2451 0.6069
vn 0.7559 -0.2451 0.6071
vn 0.7560 -0.2450 0.6070
vn -0.9472 0.3072 -0.0914
vn -0.9473 0.3070 -0.0913
vn -0.9471 0.3075 -0.0916
vn 0.8516 -0.2761 0.4457
vn 0.8517 -0.2760 0.4454
vn 0.8516 -0.2760 0.4457
vn -0.9472 0.3073 0.0914
vn -0.9471 0.3075 0.0915
vn -0.9471 0.3077 0.0913
vn -0.9473 0.3070 0.0913
vn 0.9155 -0.2968 0.2717
vn 0.9155 -0.2967 0.2717
vn 0.9154 -0.2969 0.2719
vn -0.9156 0.2966 0.2715
vn -0.9155 0.2967 0.2717
vn -0.9157 0.2964 0.2713
vn 0.9473 -0.3070 0.0913
vn 0.9473 -0.3072 0.0913
vn 0.9474 -0.3069 0.0913
vn -0.8516 0.2760 0.4457
vn -0.8515 0.2756 0.4460
vn -0.8517 0.2760 0.4454
vn 0.9474 -0.3068 -0.0913
vn 0.9474 -0.3067 -0.0912
vn 0.9475 -0.3065 -0.0914
vn 0.9474 -0.3068 -0.0914
vn -0.7560 0.2452 0.6069
vn -0.7560 0.2451 0.6070
vn -0.7560 0.2452 0.6070
vn -0.2534 -0.8596 -0.4436
vn -0.2534 -0.8596 -0.4437
vn -0.2531 -0.8596 -0.4439
vn -0.2533 -0.8596 -0.4437
vn 0.2574 0.8352 0.4859
vn 0.2574 0.8353 0.4859
vn 0.1073 0.9170 -0.3842
vn 0.5510 0.6794 -0.4846
vn 0.5511 0.6792 -0.4847
vn 0.5511 0.6793 -0.4847
vn 0.3512 0.7854 0.5097
vn 0.0554 0.9468 -0.3171
vn 0.4511 0.7327 -0.5095
vn 0.4512 0.7324 -0.5099
vn 0.4512 0.7325 -0.5098
vn 0.4511 0.7323 0.5101
vn 0.4512 0.7324 0.5099
vn 0.4512 0.7324 0.5100
vn 0.0186 0.9691 -0.2459
vn 0.3512 0.7854 -0.5097
vn 0.5510 0.6792 0.4848
vn 0.5511 0.6792 0.4847
vn 0.5510 0.6792 0.4849
vn -0.0055 0.9847 -0.1741
vn 0.6444 0.6292 0.4347
vn 0.6444 0.6291 0.4347
vn 0.6444 0.6292 0.4346
vn -0.0196 0.9944 -0.1035
vn -0.0195 0.9944 -0.1035
vn 0.7254 0.5852 0.3624
vn 0.7254 0.5853 0.3624
vn -0.0258 0.9991 -0.0343
vn 0.7897 0.5498 0.2722
vn 0.7895 0.5501 0.2721
vn 0.7897 0.5498 0.2721
vn -0.0258 0.9991 0.0343
vn -0.0259 0.9991 0.0343
vn 0.8338 0.5256 0.1687
vn 0.8338 0.5257 0.1685
vn 0.8338 0.5257 0.1684
vn -0.0195 0.9944 0.1035
vn 0.8564 0.5132 0.0571
vn 0.8564 0.5132 0.0570
vn -0.0055 0.9847 0.1741
vn 0.8565 0.5130 -0.0568
vn 0.8564 0.5132 -0.0571
vn 0.0186 0.9691 0.2459
vn 0.8338 0.5256 -0.1685
vn 0.8338 0.5257 -0.1685
vn 0.8338 0.5257 -0.1686
vn 0.0554 0.9468 0.3171
vn 0.7896 0.5499 -0.2723
vn 0.7895 0.5501 -0.2721
vn 0.1072 0.9170 0.3843
vn 0.1073 0.9170 0.3842
vn 0.2573 0.8353 -0.4859
vn 0.2574 0.8353 -0.4859
vn 0.2575 0.8352 -0.4859
vn 0.7252 0.5852 -0.3628
vn 0.7254 0.5852 -0.3624
vn 0.1749 0.8796 0.4423
vn 0.1745 0.8796 0.4425
vn 0.1749 0.8796 -0.4423
vn 0.8765 -0.1904 0.4422
vn 0.8766 -0.1903 0.4420
vn 0.8766 -0.1903 0.4419
vn 0.8766 -0.1902 0.4421
vn -0.0785 -0.9133 0.3997
vn -0.0786 -0.9133 0.3997
vn -0.6730 -0.7129 -0.1974
vn -0.6729 -0.7130 -0.1973
vn -0.6729 -0.7129 -0.1973
vn -0.6730 -0.7129 -0.1973
vn -0.0003 -0.9359 0.3524
vn -0.0002 -0.9358 0.3526
vn 0.0001 -0.9358 0.3525
vn -0.0002 -0.9358 0.3525
vn -0.7022 -0.7017 -0.1207
vn -0.7022 -0.7017 -0.1208
vn -0.7021 -0.7017 -0.1208
vn 0.0668 -0.9546 0.2903
vn 0.0670 -0.9546 0.2904
vn 0.0670 -0.9545 0.2905
vn -0.7169 -0.6960 -0.0407
vn -0.7169 -0.6960 -0.0406
vn -0.7168 -0.6961 -0.0407
vn 0.1199 -0.9689 0.2166
vn 0.1200 -0.9688 0.2166
vn 0.1202 -0.9688 0.2166
vn 0.1203 -0.9688 0.2165
vn -0.7169 -0.6960 0.0407
vn -0.7169 -0.6960 0.0406
vn 0.1571 -0.9785 0.1336
vn 0.1571 -0.9785 0.1337
vn 0.1571 -0.9785 0.1338
vn -0.7021 -0.7017 0.1208
vn -0.7019 -0.7019 0.1209
vn 0.1758 -0.9834 0.0451
vn 0.1754 -0.9835 0.0453
vn 0.1761 -0.9833 0.0449
vn 0.1761 -0.9834 0.0450
vn -0.6731 -0.7128 0.1972
vn -0.6732 -0.7128 0.1968
vn -0.6730 -0.7128 0.1972
vn -0.6729 -0.7129 0.1973
vn 0.1758 -0.9834 -0.0450
vn 0.1759 -0.9834 -0.0451
vn 0.1761 -0.9833 -0.0452
vn -0.6295 -0.7294 0.2678
vn -0.6296 -0.7293 0.2678
vn -0.6296 -0.7293 0.2677
vn -0.6296 -0.7294 0.2677
vn 0.1572 -0.9785 -0.1334
vn 0.1574 -0.9785 -0.1333
vn 0.1572 -0.9785 -0.1335
vn 0.1571 -0.9785 -0.1336
vn -0.5734 -0.7502 0.3294
vn -0.5733 -0.7502 0.3294
vn -0.5733 -0.7502 0.3295
vn 0.1204 -0.9688 -0.2165
vn 0.1203 -0.9688 -0.2165
vn -0.5053 -0.7749 0.3799
vn -0.5053 -0.7747 0.3801
vn -0.5051 -0.7748 0.3802
vn -0.5052 -0.7747 0.3801
vn -0.3426 -0.8307 -0.4389
vn -0.3425 -0.8307 -0.4389
vn -0.3425 -0.8306 -0.4390
vn -0.3426 -0.8306 -0.4390
vn 0.0671 -0.9545 -0.2906
vn 0.0670 -0.9545 -0.2906
vn 0.0670 -0.9545 -0.2904
vn 0.0671 -0.9545 -0.2905
vn -0.4274 -0.8021 0.4171
vn -0.4275 -0.8021 0.4170
vn -0.4274 -0.8020 0.4171
vn -0.4273 -0.8021 0.4172
vn -0.4275 -0.8020 -0.4172
vn -0.4275 -0.8020 -0.4171
vn -0.0000 -0.9357 -0.3529
vn -0.0002 -0.9358 -0.3525
vn -0.0000 -0.9357 -0.3528
vn -0.0001 -0.9358 -0.3525
vn -0.3427 -0.8306 0.4389
vn -0.3425 -0.8307 0.4389
vn -0.5053 -0.7747 -0.3801
vn -0.5053 -0.7748 -0.3799
vn -0.5054 -0.7747 -0.3801
vn -0.2534 -0.8596 0.4436
vn -0.2535 -0.8596 0.4436
vn -0.2533 -0.8596 0.4437
vn -0.5733 -0.7502 -0.3293
vn -0.5732 -0.7504 -0.3292
vn -0.5733 -0.7502 -0.3294
vn -0.1642 -0.8875 -0.4305
vn -0.1643 -0.8875 -0.4305
vn -0.1643 -0.8876 -0.4304
vn -0.1641 -0.8877 -0.4303
vn -0.1642 -0.8875 0.4306
vn -0.1641 -0.8874 0.4308
vn -0.1643 -0.8875 0.4304
vn -0.6293 -0.7295 -0.2679
vn -0.6295 -0.7294 -0.2679
vn -0.6292 -0.7296 -0.2679
vn -0.6294 -0.7295 -0.2678
vn 0.7811 0.6224 -0.0499
vn 0.7813 0.6222 -0.0497
vn -0.9732 0.2115 0.0904
vn -0.9732 0.2112 0.0905
vn -0.9732 0.2113 0.0904
vn 0.9411 -0.2045 0.2692
vn 0.9411 -0.2043 0.2694
vn 0.9411 -0.2047 0.2691
vn -0.9410 0.2045 0.2697
vn -0.9411 0.2043 0.2693
vn -0.9411 0.2044 0.2694
vn 0.9732 -0.2115 0.0904
vn 0.9732 -0.2113 0.0904
vn 0.9732 -0.2113 0.0906
vn -0.8765 0.1903 0.4422
vn -0.8766 0.1902 0.4420
vn -0.8766 0.1903 0.4420
vn 0.9732 -0.2115 -0.0905
vn 0.9732 -0.2114 -0.0903
vn 0.9732 -0.2115 -0.0906
vn 0.9732 -0.2113 -0.0906
vn -0.7792 0.1691 0.6035
vn -0.7793 0.1693 0.6033
vn -0.7791 0.1689 0.6037
vn 0.9411 -0.2046 -0.2692
vn 0.9411 -0.2044 -0.2694
vn -0.6495 0.1412 0.7471
vn -0.6497 0.1410 0.7470
vn -0.6496 0.1410 0.7471
vn -0.6496 0.1408 0.7471
vn 0.8765 -0.1903 -0.4422
vn 0.8766 -0.1903 -0.4420
vn 0.8765 -0.1904 -0.4422
vn -0.4900 0.1063 0.8652
vn -0.4901 0.1062 0.8652
vn -0.4901 0.1064 0.8651
vn -0.4902 0.1064 0.8651
vn -0.1038 0.0225 -0.9943
vn -0.1040 0.0225 -0.9943
vn 0.7793 -0.1691 -0.6035
vn 0.7792 -0.1690 -0.6035
vn 0.7793 -0.1692 -0.6034
vn -0.3053 0.0663 0.9499
vn -0.3053 0.0663 0.9500
vn -0.3054 0.0663 0.9499
vn -0.3055 0.0664 -0.9499
vn -0.3054 0.0663 -0.9499
vn -0.3058 0.0666 -0.9498
vn 0.6497 -0.1406 -0.7471
vn 0.6497 -0.1411 -0.7470
vn -0.1039 0.0225 0.9943
vn -0.1038 0.0225 0.9943
vn -0.4903 0.1063 -0.8650
vn -0.4903 0.1061 -0.8651
vn -0.4905 0.1065 -0.8649
vn -0.4901 0.1064 -0.8651
vn 0.4902 -0.1064 -0.8651
vn 0.4901 -0.1064 -0.8651
vn 0.4900 -0.1064 -0.8652
vn 0.1039 -0.0225 0.9943
vn 0.1038 -0.0225 0.9943
vn 0.1040 -0.0225 0.9943
vn -0.6497 0.1407 -0.7470
vn -0.6497 0.1406 -0.7471
vn -0.6498 0.1408 -0.7470
vn 0.3059 -0.0663 -0.9497
vn 0.3056 -0.0663 -0.9498
vn 0.3052 -0.0662 0.9500
vn 0.3046 -0.0660 0.9502
vn 0.3052 -0.0663 0.9500
vn -0.7792 0.1690 -0.6036
vn -0.7793 0.1693 -0.6033
vn -0.7792 0.1691 -0.6035
vn -0.7791 0.1689 -0.6037
vn 0.1038 -0.0225 -0.9943
vn 0.1039 -0.0225 -0.9943
vn 0.4901 -0.1064 0.8651
vn 0.4901 -0.1064 0.8652
vn -0.8765 0.1903 -0.4422
vn -0.8765 0.1903 -0.4421
vn -0.8766 0.1902 -0.4421
vn 0.6497 -0.1406 0.7471
vn -0.9411 0.2046 -0.2691
vn -0.9411 0.2044 -0.2693
vn -0.9411 0.2045 -0.2693
vn -0.9410 0.2050 -0.2693
vn 0.7793 -0.1692 0.6034
vn 0.7793 -0.1691 0.6035
vn -0.9732 0.2112 -0.0903
vn -0.9732 0.2111 -0.0908
vn -0.9732 0.2112 -0.0904
vn -0.9732 0.2115 -0.0903
vn -0.2966 -0.7854 -0.5433
vn 0.1223 0.9819 0.1448
vn 0.1222 0.9819 0.1447
vn 0.7598 0.6333 -0.1471
vn 0.7598 0.6332 -0.1471
vn 0.7599 0.6332 -0.1471
vn 0.1315 0.9707 0.2011
vn 0.1316 0.9707 0.2011
vn 0.1316 0.9707 0.2010
vn 0.7182 0.6545 -0.2363
vn 0.7181 0.6545 -0.2363
vn 0.1543 0.9528 0.2613
vn 0.1546 0.9528 0.2612
vn 0.1546 0.9528 0.2613
vn 0.2527 0.8942 -0.3696
vn 0.2525 0.8943 -0.3694
vn 0.6582 0.6850 -0.3124
vn 0.6582 0.6850 -0.3123
vn 0.6584 0.6850 -0.3121
vn 0.1946 0.9273 0.3197
vn 0.1947 0.9273 0.3197
vn 0.1948 0.9273 0.3197
vn 0.1947 0.9273 -0.3197
vn 0.5834 0.7229 -0.3702
vn 0.5833 0.7230 -0.3702
vn 0.2527 0.8942 0.3696
vn 0.1546 0.9528 -0.2611
vn 0.1546 0.9528 -0.2612
vn 0.4987 0.7657 -0.4061
vn 0.4986 0.7660 -0.4058
vn 0.3264 0.8546 0.4039
vn 0.3263 0.8546 0.4039
vn 0.3263 0.8546 0.4040
vn 0.1315 0.9707 -0.2011
vn 0.1316 0.9707 -0.2011
vn 0.4106 0.8109 -0.4170
vn 0.4106 0.8109 -0.4169
vn 0.4106 0.8109 0.4169
vn 0.4106 0.8109 0.4170
vn 0.1223 0.9819 -0.1448
vn 0.1223 0.9819 -0.1447
vn 0.3263 0.8546 -0.4039
vn 0.3264 0.8546 -0.4039
vn 0.4986 0.7660 0.4058
vn 0.4986 0.7660 0.4057
vn 0.1217 0.9880 -0.0955
vn 0.1218 0.9880 -0.0955
vn 0.5833 0.7230 0.3701
vn 0.5833 0.7230 0.3702
vn 0.1248 0.9907 -0.0536
vn 0.1247 0.9907 -0.0536
vn 0.6582 0.6850 0.3123
vn 0.6582 0.6850 0.3124
vn 0.1275 0.9917 -0.0172
vn 0.1274 0.9917 -0.0171
vn 0.7182 0.6545 0.2364
vn 0.7182 0.6545 0.2363
vn 0.7180 0.6548 0.2361
vn 0.1275 0.9917 0.0172
vn 0.7599 0.6332 0.1471
vn 0.7599 0.6332 0.1470
vn 0.1248 0.9907 0.0536
vn 0.7812 0.6223 0.0496
vn 0.7811 0.6224 0.0499
vn 0.7814 0.6221 0.0499
vn 0.1217 0.9880 0.0955
vn 0.1218 0.9880 0.0954
vn -0.6712 0.0550 -0.7392
vn -0.6712 0.0549 -0.7392
vn -0.6709 0.0548 -0.7395
vn 0.2473 -0.8939 -0.3739
vn 0.2473 -0.8940 -0.3737
vn 0.2473 -0.8939 -0.3738
vn -0.4034 -0.7590 0.5111
vn -0.4033 -0.7589 0.5112
vn -0.4032 -0.7592 0.5110
vn -0.4036 -0.7588 0.5112
vn -0.4035 -0.7589 -0.5111
vn -0.4036 -0.7590 -0.5110
vn -0.4036 -0.7589 -0.5111
vn -0.4037 -0.7587 -0.5113
vn 0.1553 -0.8787 -0.4513
vn 0.1556 -0.8787 -0.4514
vn 0.1555 -0.8787 -0.4513
vn -0.2969 -0.7853 0.5432
vn -0.2966 -0.7854 0.5433
vn -0.2964 -0.7855 0.5433
vn -0.2967 -0.7854 0.5432
vn -0.4995 -0.7337 -0.4606
vn -0.4994 -0.7338 -0.4607
vn -0.4998 -0.7336 -0.4605
vn 0.0497 -0.8595 -0.5087
vn 0.0502 -0.8594 -0.5088
vn 0.0502 -0.8595 -0.5086
vn 0.0500 -0.8595 -0.5086
vn -0.1822 -0.8117 0.5549
vn -0.1820 -0.8118 0.5548
vn -0.1824 -0.8116 0.5550
vn -0.5812 -0.7112 -0.3955
vn -0.5811 -0.7112 -0.3955
vn -0.0643 -0.8369 -0.5436
vn -0.0647 -0.8369 -0.5435
vn -0.0649 -0.8369 -0.5435
vn -0.0648 -0.8369 0.5435
vn -0.0645 -0.8369 0.5435
vn -0.0646 -0.8369 0.5435
vn -0.0647 -0.8369 0.5435
vn -0.6476 -0.6921 -0.3187
vn -0.6476 -0.6921 -0.3188
vn -0.6477 -0.6920 -0.3187
vn -0.1821 -0.8119 -0.5546
vn -0.1824 -0.8116 -0.5550
vn -0.1820 -0.8120 -0.5546
vn 0.0497 -0.8595 0.5088
vn 0.0496 -0.8594 0.5088
vn 0.0499 -0.8595 0.5087
vn 0.0500 -0.8595 0.5087
vn -0.6979 -0.6773 -0.2330
vn -0.6979 -0.6771 -0.2334
vn -0.6978 -0.6772 -0.2333
vn -0.6977 -0.6773 -0.2334
vn 0.1553 -0.8787 0.4513
vn 0.1553 -0.8787 0.4515
vn 0.1556 -0.8787 0.4514
vn -0.7315 -0.6669 -0.1421
vn -0.7316 -0.6668 -0.1421
vn -0.7315 -0.6669 -0.1422
vn 0.2473 -0.8939 0.3738
vn 0.2472 -0.8939 0.3738
vn 0.2473 -0.8939 0.3739
vn -0.7482 -0.6617 -0.0477
vn -0.7482 -0.6617 -0.0476
vn -0.7482 -0.6617 -0.0480
vn -0.7481 -0.6618 -0.0485
vn 0.3201 -0.9052 0.2795
vn 0.3200 -0.9052 0.2796
vn 0.3201 -0.9052 0.2796
vn 0.3200 -0.9052 0.2798
vn -0.7482 -0.6617 0.0481
vn -0.7482 -0.6617 0.0484
vn -0.7482 -0.6618 0.0484
vn 0.3707 -0.9126 0.1727
vn 0.3707 -0.9125 0.1728
vn 0.3706 -0.9126 0.1726
vn 0.3705 -0.9126 0.1727
vn -0.7316 -0.6668 0.1421
vn -0.7316 -0.6667 0.1422
vn -0.7315 -0.6669 0.1421
vn 0.3964 -0.9162 0.0583
vn 0.3965 -0.9162 0.0582
vn 0.3964 -0.9162 0.0584
vn -0.6978 -0.6772 0.2332
vn -0.6979 -0.6771 0.2334
vn -0.6979 -0.6772 0.2332
vn -0.6978 -0.6772 0.2334
vn 0.3964 -0.9162 -0.0585
vn 0.3966 -0.9162 -0.0584
vn 0.3965 -0.9162 -0.0585
vn 0.3964 -0.9162 -0.0586
vn -0.6478 -0.6920 0.3187
vn -0.6477 -0.6920 0.3187
vn 0.3707 -0.9125 -0.1727
vn 0.3707 -0.9126 -0.1726
vn 0.3708 -0.9125 -0.1725
vn -0.5813 -0.7111 0.3955
vn -0.5813 -0.7110 0.3956
vn -0.5812 -0.7112 0.3955
vn 0.3200 -0.9052 -0.2796
vn 0.3201 -0.9052 -0.2795
vn 0.3201 -0.9052 -0.2796
vn -0.4995 -0.7337 0.4606
vn -0.4994 -0.7338 0.4607
vn -0.4993 -0.7338 0.4607
vn 0.1463 0.9885 -0.0372
vn 0.3176 -0.0260 -0.9479
vn 0.3178 -0.0260 0.9478
vn -0.8012 0.0654 -0.5948
vn -0.8013 0.0654 -0.5947
vn -0.8011 0.0654 -0.5950
vn 0.1082 -0.0088 -0.9941
vn 0.5080 -0.0416 0.8603
vn 0.5083 -0.0415 0.8602
vn 0.5081 -0.0416 0.8603
vn -0.8979 0.0733 -0.4340
vn -0.8979 0.0733 -0.4341
vn -0.8980 0.0733 -0.4339
vn 0.6712 -0.0550 0.7392
vn 0.6713 -0.0549 0.7392
vn 0.6709 -0.0548 0.7395
vn -0.9614 0.0787 -0.2637
vn -0.9614 0.0785 -0.2638
vn -0.9614 0.0786 -0.2637
vn -0.9614 0.0788 -0.2636
vn 0.8014 -0.0655 0.5945
vn 0.8013 -0.0654 0.5947
vn -0.9928 0.0811 -0.0884
vn -0.9928 0.0810 -0.0884
vn 0.8979 -0.0733 0.4340
vn 0.8979 -0.0733 0.4341
vn -0.9928 0.0811 0.0884
vn -0.9928 0.0811 0.0886
vn -0.9928 0.0810 0.0884
vn 0.9614 -0.0787 0.2636
vn -0.9614 0.0783 0.2639
vn -0.9614 0.0785 0.2639
vn -0.9615 0.0780 0.2636
vn 0.9927 -0.0813 0.0886
vn 0.9927 -0.0812 0.0886
vn 0.9928 -0.0808 0.0884
vn 0.9928 -0.0810 0.0884
vn -0.8980 0.0735 0.4338
vn -0.8978 0.0732 0.4343
vn -0.8978 0.0733 0.4342
vn -0.8980 0.0736 0.4338
vn 0.9927 -0.0813 -0.0887
vn 0.9928 -0.0811 -0.0883
vn 0.9928 -0.0812 -0.0884
vn 0.9927 -0.0813 -0.0886
vn -0.8010 0.0655 0.5951
vn 0.9614 -0.0787 -0.2636
vn -0.6712 0.0550 0.7392
vn -0.6712 0.0550 0.7393
vn -0.6709 0.0548 0.7395
vn 0.8977 -0.0735 -0.4344
vn 0.8977 -0.0735 -0.4343
vn 0.8977 -0.0736 -0.4344
vn -0.5084 0.0416 0.8601
vn -0.5083 0.0415 0.8602
vn -0.5087 0.0417 0.8599
vn -0.5086 0.0417 0.8600
vn -0.1083 0.0088 -0.9941
vn -0.1082 0.0088 -0.9941
vn 0.8011 -0.0656 -0.5949
vn 0.8012 -0.0657 -0.5948
vn -0.3177 0.0260 0.9478
vn -0.3176 0.0260 0.9479
vn -0.3177 0.0260 0.9479
vn -0.3178 0.0260 0.9478
vn -0.3176 0.0260 -0.9479
vn -0.3174 0.0260 -0.9479
vn -0.3178 0.0260 -0.9478
vn 0.6712 -0.0550 -0.7392
vn 0.6709 -0.0548 -0.7395
vn 0.6712 -0.0549 -0.7392
vn -0.1081 0.0089 0.9941
vn -0.1082 0.0089 0.9941
vn -0.5087 0.0417 -0.8599
vn -0.5087 0.0416 -0.8599
vn -0.5086 0.0417 -0.8600
vn 0.5080 -0.0416 -0.8603
vn 0.5080 -0.0416 -0.8604
vn 0.5081 -0.0416 -0.8603
vn 0.1081 -0.0088 0.9941
vn -0.5674 -0.8183 0.0922
vn -0.5673 -0.8184 0.0920
vn -0.5674 -0.8182 0.0923
vn -0.5674 -0.8183 0.0921
vn 0.5104 0.8376 0.1949
vn 0.5104 0.8375 0.1949
vn 0.1464 0.9891 -0.0121
vn 0.1464 0.9892 -0.0121
vn 0.5509 0.8213 0.1482
vn 0.5509 0.8213 0.1483
vn 0.1464 0.9892 0.0121
vn 0.5793 0.8098 0.0927
vn 0.5792 0.8099 0.0926
vn 0.1463 0.9885 0.0372
vn 0.5940 0.8039 0.0315
vn 0.5940 0.8038 0.0315
vn 0.5940 0.8039 0.0314
vn 0.1472 0.9870 0.0649
vn 0.1473 0.9870 0.0649
vn 0.1473 0.9870 0.0651
vn 0.5941 0.8038 -0.0314
vn 0.5940 0.8038 -0.0315
vn 0.5940 0.8039 -0.0314
vn 0.1514 0.9838 0.0959
vn 0.5793 0.8098 -0.0927
vn 0.5795 0.8097 -0.0929
vn 0.1613 0.9783 0.1299
vn 0.1613 0.9783 0.1300
vn 0.5508 0.8213 -0.1484
vn 0.5509 0.8213 -0.1483
vn 0.1795 0.9697 0.1655
vn 0.1796 0.9697 0.1655
vn 0.2462 0.9419 -0.2285
vn 0.2461 0.9419 -0.2286
vn 0.5105 0.8375 -0.1948
vn 0.5104 0.8376 -0.1949
vn 0.5103 0.8376 -0.1950
vn 0.2077 0.9576 0.1996
vn 0.2075 0.9576 -0.1997
vn 0.2077 0.9576 -0.1996
vn 0.2077 0.9576 -0.1997
vn 0.4607 0.8573 -0.2298
vn 0.4607 0.8573 -0.2297
vn 0.2462 0.9419 0.2285
vn 0.2461 0.9419 0.2286
vn 0.1795 0.9698 -0.1654
vn 0.1795 0.9697 -0.1655
vn 0.1792 0.9697 -0.1658
vn 0.4051 0.8793 -0.2505
vn 0.4052 0.8792 -0.2506
vn 0.4049 0.8794 -0.2505
vn 0.2939 0.9229 0.2486
vn 0.1613 0.9783 -0.1300
vn 0.1614 0.9783 -0.1300
vn 0.3482 0.9016 -0.2567
vn 0.3483 0.9016 -0.2566
vn 0.3483 0.9016 0.2567
vn 0.3482 0.9016 0.2567
vn 0.1514 0.9838 -0.0959
vn 0.1515 0.9838 -0.0958
vn 0.2940 0.9229 -0.2486
vn 0.2939 0.9229 -0.2486
vn 0.2940 0.9229 -0.2485
vn 0.4052 0.8792 0.2507
vn 0.4052 0.8792 0.2506
vn 0.1472 0.9870 -0.0648
vn 0.1473 0.9870 -0.0649
vn 0.1472 0.9870 -0.0649
vn 0.4607 0.8573 0.2297
vn 0.4607 0.8573 0.2298
vn -0.6785 0.0119 0.7345
vn -0.6787 0.0122 0.7344
vn -0.6786 0.0119 0.7344
vn -0.6786 0.0116 0.7344
vn 0.1537 -0.9874 0.0369
vn 0.1538 -0.9874 0.0369
vn -0.5447 -0.8250 0.1505
vn -0.5447 -0.8250 0.1504
vn -0.5447 -0.8250 0.1506
vn 0.1536 -0.9874 -0.0372
vn 0.1537 -0.9874 -0.0368
vn 0.1537 -0.9874 -0.0369
vn -0.5109 -0.8349 0.2048
vn -0.5111 -0.8347 0.2049
vn -0.5109 -0.8349 0.2049
vn -0.5107 -0.8350 0.2047
vn 0.1370 -0.9845 -0.1091
vn 0.1371 -0.9845 -0.1091
vn 0.1369 -0.9846 -0.1091
vn -0.4672 -0.8472 0.2529
vn -0.4671 -0.8472 0.2530
vn -0.4672 -0.8472 0.2530
vn -0.4674 -0.8469 0.2534
vn 0.1048 -0.9787 -0.1763
vn -0.4136 -0.8619 0.2933
vn -0.4137 -0.8619 0.2934
vn -0.4137 -0.8618 0.2934
vn -0.2838 -0.8954 -0.3430
vn -0.2837 -0.8955 -0.3430
vn -0.2837 -0.8954 -0.3431
vn 0.0585 -0.9702 -0.2353
vn -0.3518 -0.8783 0.3238
vn -0.3519 -0.8782 0.3239
vn -0.3519 -0.8782 0.3240
vn -0.3516 -0.8784 0.3238
vn -0.3519 -0.8784 -0.3234
vn -0.3519 -0.8783 -0.3237
vn 0.0006 -0.9589 -0.2837
vn 0.0007 -0.9590 -0.2834
vn 0.0006 -0.9589 -0.2836
vn 0.0006 -0.9589 -0.2838
vn -0.2837 -0.8955 0.3430
vn -0.2837 -0.8955 0.3429
vn -0.4137 -0.8619 -0.2931
vn -0.4136 -0.8619 -0.2933
vn -0.4137 -0.8620 -0.2930
vn -0.4138 -0.8620 -0.2929
vn -0.2113 -0.9130 0.3491
vn -0.2113 -0.9130 0.3489
vn -0.2114 -0.9129 0.3491
vn -0.4670 -0.8472 -0.2531
vn -0.4670 -0.8473 -0.2531
vn -0.4671 -0.8473 -0.2530
vn -0.4671 -0.8472 -0.2530
vn -0.1377 -0.9298 -0.3414
vn -0.1380 -0.9297 -0.3415
vn -0.1378 -0.9298 -0.3412
vn -0.1378 -0.9298 0.3414
vn -0.1379 -0.9298 0.3413
vn -0.5113 -0.8347 -0.2048
vn -0.5111 -0.8347 -0.2050
vn -0.5111 -0.8347 -0.2049
vn -0.5111 -0.8348 -0.2048
vn -0.2112 -0.9129 -0.3492
vn -0.2112 -0.9130 -0.3491
vn -0.2113 -0.9129 -0.3491
vn -0.0659 -0.9453 0.3195
vn -0.0659 -0.9453 0.3194
vn -0.5447 -0.8250 -0.1504
vn -0.5447 -0.8250 -0.1505
vn 0.0005 -0.9589 0.2837
vn 0.0006 -0.9589 0.2837
vn 0.0005 -0.9589 0.2838
vn 0.0009 -0.9589 0.2836
vn -0.5673 -0.8183 -0.0920
vn -0.5673 -0.8184 -0.0918
vn -0.5673 -0.8183 -0.0922
vn 0.0585 -0.9702 0.2353
vn 0.0585 -0.9701 0.2354
vn -0.5788 -0.8149 -0.0309
vn -0.5788 -0.8149 -0.0308
vn 0.1048 -0.9787 0.1763
vn 0.1049 -0.9787 0.1762
vn -0.5787 -0.8149 0.0310
vn -0.5788 -0.8149 0.0311
vn -0.5788 -0.8149 0.0309
vn -0.5787 -0.8149 0.0309
vn 0.1372 -0.9845 0.1091
vn 0.1370 -0.9845 0.1091
vn 0.1375 -0.9845 0.1091
vn 0.1508 0.8584 0.4904
vn 0.9033 -0.0156 -0.4287
vn 0.9032 -0.0155 -0.4289
vn 0.9033 -0.0153 -0.4288
vn 0.9033 -0.0154 -0.4287
vn -0.5156 0.0088 0.8568
vn -0.5155 0.0088 0.8568
vn -0.5157 0.0088 0.8568
vn -0.5156 0.0089 0.8568
vn -0.1103 0.0019 -0.9939
vn -0.1102 0.0019 -0.9939
vn 0.8079 -0.0139 -0.5891
vn 0.8079 -0.0139 -0.5892
vn -0.3231 0.0055 0.9463
vn -0.3232 0.0055 0.9463
vn -0.3230 0.0055 0.9464
vn -0.3229 0.0055 -0.9464
vn -0.3230 0.0055 -0.9464
vn 0.6786 -0.0116 -0.7344
vn -0.1101 0.0019 0.9939
vn -0.5157 0.0087 -0.8567
vn -0.5155 0.0088 -0.8568
vn -0.5158 0.0088 -0.8567
vn -0.5156 0.0084 -0.8568
vn 0.5157 -0.0089 -0.8567
vn 0.5156 -0.0088 -0.8568
vn 0.5157 -0.0088 -0.8568
vn 0.5155 -0.0088 -0.8569
vn 0.1101 -0.0019 0.9939
vn -0.6786 0.0116 -0.7344
vn -0.6786 0.0119 -0.7344
vn 0.3232 -0.0055 -0.9463
vn 0.3232 -0.0055 0.9463
vn 0.3231 -0.0056 0.9464
vn -0.8079 0.0139 -0.5891
vn -0.8080 0.0139 -0.5890
vn -0.8080 0.0139 -0.5891
vn 0.1102 -0.0019 -0.9939
vn 0.1104 -0.0019 -0.9939
vn 0.1103 -0.0019 -0.9939
vn 0.5157 -0.0087 0.8567
vn 0.5156 -0.0086 0.8568
vn 0.5156 -0.0087 0.8568
vn 0.5156 -0.0088 0.8568
vn -0.9033 0.0157 -0.4287
vn -0.9033 0.0154 -0.4287
vn -0.9033 0.0156 -0.4287
vn -0.9033 0.0155 -0.4287
vn 0.6788 -0.0113 0.7342
vn -0.9654 0.0166 -0.2601
vn -0.9654 0.0160 -0.2603
vn -0.9654 0.0165 -0.2602
vn 0.8080 -0.0141 0.5890
vn 0.8080 -0.0139 0.5890
vn 0.8080 -0.0140 0.5890
vn -0.9960 0.0172 -0.0872
vn -0.9961 0.0171 -0.0871
vn -0.9960 0.0173 -0.0872
vn -0.9960 0.0169 -0.0874
vn 0.9033 -0.0156 0.4287
vn 0.9032 -0.0155 0.4289
vn 0.9032 -0.0154 0.4289
vn 0.9033 -0.0155 0.4288
vn -0.9960 0.0172 0.0872
vn -0.9960 0.0169 0.0874
vn -0.9960 0.0173 0.0872
vn -0.9961 0.0172 0.0870
vn 0.9654 -0.0166 0.2601
vn 0.9654 -0.0165 0.2601
vn 0.9654 -0.0169 0.2601
vn -0.9654 0.0167 0.2601
vn -0.9654 0.0166 0.2601
vn -0.9654 0.0165 0.2601
vn 0.9960 -0.0172 0.0873
vn 0.9961 -0.0171 0.0871
vn 0.9960 -0.0173 0.0872
vn -0.9033 0.0156 0.4287
vn -0.9033 0.0155 0.4288
vn -0.9033 0.0157 0.4287
vn 0.9960 -0.0173 -0.0872
vn 0.9960 -0.0170 -0.0872
vn 0.9960 -0.0172 -0.0873
vn 0.9961 -0.0171 -0.0871
vn -0.8080 0.0139 0.5890
vn -0.8081 0.0139 0.5889
vn 0.9654 -0.0167 -0.2602
vn 0.9654 -0.0168 -0.2601
vn 0.9654 -0.0168 -0.2602
vn -0.0147 -0.9569 0.2901
vn -0.0146 -0.9569 0.2901
vn 0.0284 0.9448 -0.3263
vn 0.4847 0.7018 -0.5221
vn 0.4846 0.7019 -0.5221
vn 0.2529 0.8055 0.5360
vn 0.2528 0.8054 0.5361
vn 0.0143 0.9720 -0.2347
vn 0.3682 0.7520 -0.5468
vn 0.3681 0.7520 -0.5468
vn 0.3682 0.7520 0.5467
vn 0.3682 0.7520 0.5468
vn 0.3679 0.7520 0.5470
vn 0.0238 0.9878 -0.1540
vn 0.2529 0.8055 -0.5360
vn 0.2528 0.8054 -0.5361
vn 0.4846 0.7019 0.5220
vn 0.4846 0.7019 0.5221
vn 0.0453 0.9948 -0.0909
vn 0.5914 0.6581 0.4661
vn 0.0671 0.9967 -0.0459
vn 0.6815 0.6222 0.3853
vn 0.6814 0.6222 0.3853
vn 0.6814 0.6222 0.3854
vn 0.0802 0.9967 -0.0138
vn 0.0803 0.9967 -0.0138
vn 0.7508 0.5951 0.2866
vn 0.7507 0.5952 0.2866
vn 0.0803 0.9967 0.0138
vn 0.0801 0.9967 0.0138
vn 0.7973 0.5772 0.1763
vn 0.7973 0.5773 0.1763
vn 0.7974 0.5772 0.1762
vn 0.0671 0.9967 0.0459
vn 0.8207 0.5683 0.0595
vn 0.8207 0.5682 0.0595
vn 0.0453 0.9948 0.0909
vn 0.8206 0.5683 -0.0594
vn 0.8206 0.5684 -0.0595
vn 0.8207 0.5683 -0.0593
vn 0.8206 0.5683 -0.0595
vn 0.0238 0.9878 0.1540
vn 0.7972 0.5773 -0.1765
vn 0.7973 0.5773 -0.1763
vn 0.7974 0.5772 -0.1763
vn 0.0143 0.9720 0.2347
vn 0.7508 0.5951 -0.2867
vn 0.7507 0.5952 -0.2866
vn 0.0284 0.9448 0.3263
vn 0.1508 0.8584 -0.4904
vn 0.6816 0.6221 -0.3852
vn 0.6814 0.6222 -0.3853
vn 0.6814 0.6223 -0.3853
vn 0.6815 0.6222 -0.3853
vn 0.0738 0.9062 0.4164
vn 0.0738 0.9062 -0.4164
vn 0.5913 0.6581 -0.4661
vn 0.5914 0.6581 -0.4661
vn 0.9012 0.1390 0.4105
vn 0.9011 0.1387 0.4108
vn -0.4556 -0.8804 -0.1317
vn -0.4556 -0.8804 -0.1316
vn -0.4555 -0.8804 -0.1316
vn 0.0493 -0.9646 0.2590
vn 0.0492 -0.9647 0.2589
vn 0.0492 -0.9646 0.2591
vn -0.4760 -0.8757 -0.0805
vn -0.4758 -0.8758 -0.0806
vn -0.4761 -0.8757 -0.0804
vn -0.4763 -0.8756 -0.0804
vn 0.1052 -0.9708 0.2157
vn 0.1053 -0.9708 0.2157
vn 0.1051 -0.9708 0.2158
vn -0.4858 -0.8736 -0.0271
vn -0.4858 -0.8737 -0.0270
vn -0.4858 -0.8736 -0.0273
vn 0.1506 -0.9752 0.1623
vn 0.1504 -0.9752 0.1622
vn 0.1505 -0.9752 0.1622
vn 0.1506 -0.9752 0.1622
vn -0.4859 -0.8736 0.0268
vn -0.4859 -0.8736 0.0270
vn -0.4862 -0.8734 0.0269
vn -0.4859 -0.8736 0.0265
vn 0.1824 -0.9781 0.1005
vn 0.1819 -0.9781 0.1007
vn 0.1820 -0.9781 0.1006
vn -0.4758 -0.8759 0.0802
vn -0.4762 -0.8756 0.0807
vn -0.4760 -0.8758 0.0803
vn -0.4758 -0.8759 0.0801
vn 0.1986 -0.9795 0.0342
vn 0.1985 -0.9795 0.0340
vn 0.1986 -0.9795 0.0341
vn 0.1988 -0.9794 0.0342
vn -0.4556 -0.8804 0.1316
vn -0.4556 -0.8804 0.1315
vn -0.4558 -0.8803 0.1318
vn 0.1985 -0.9795 -0.0341
vn 0.1983 -0.9795 -0.0339
vn 0.1987 -0.9795 -0.0343
vn -0.4258 -0.8868 0.1795
vn -0.4257 -0.8869 0.1796
vn -0.4258 -0.8869 0.1791
vn -0.4259 -0.8868 0.1794
vn 0.1821 -0.9781 -0.1008
vn 0.1821 -0.9781 -0.1009
vn 0.1822 -0.9781 -0.1007
vn 0.1823 -0.9781 -0.1007
vn -0.3866 -0.8950 0.2226
vn -0.3864 -0.8950 0.2226
vn -0.3866 -0.8950 0.2225
vn -0.3863 -0.8951 0.2225
vn 0.1507 -0.9752 -0.1621
vn 0.1504 -0.9752 -0.1622
vn -0.3382 -0.9047 0.2592
vn -0.3384 -0.9046 0.2593
vn -0.3380 -0.9048 0.2591
vn -0.2191 -0.9264 -0.3061
vn -0.2191 -0.9264 -0.3062
vn 0.1053 -0.9708 -0.2156
vn 0.1053 -0.9708 -0.2157
vn 0.1052 -0.9708 -0.2157
vn -0.2818 -0.9154 0.2876
vn -0.2817 -0.9153 0.2878
vn -0.2818 -0.9154 0.2875
vn -0.2817 -0.9154 -0.2876
vn -0.2815 -0.9154 -0.2877
vn -0.2817 -0.9154 -0.2875
vn -0.2818 -0.9154 -0.2875
vn 0.0492 -0.9647 -0.2589
vn 0.0492 -0.9646 -0.2591
vn 0.0492 -0.9646 -0.2589
vn -0.2191 -0.9264 0.3062
vn -0.2191 -0.9264 0.3061
vn -0.3381 -0.9047 -0.2592
vn -0.3380 -0.9047 -0.2593
vn -0.3380 -0.9048 -0.2592
vn -0.3380 -0.9048 -0.2591
vn -0.0145 -0.9569 -0.2901
vn -0.0146 -0.9569 -0.2901
vn -0.0144 -0.9569 -0.2901
vn -0.1520 -0.9374 0.3133
vn -0.1519 -0.9374 0.3134
vn -0.3867 -0.8950 -0.2225
vn -0.3862 -0.8952 -0.2225
vn -0.3863 -0.8951 -0.2225
vn -0.0829 -0.9474 -0.3090
vn -0.0827 -0.9477 -0.3082
vn -0.0832 -0.9473 -0.3093
vn -0.0827 -0.9477 0.3082
vn -0.0827 -0.9477 0.3081
vn -0.0826 -0.9478 0.3081
vn -0.4257 -0.8869 -0.1795
vn -0.4257 -0.8869 -0.1796
vn -0.1519 -0.9374 -0.3133
vn -0.1519 -0.9374 -0.3134
vn 0.6967 0.7157 -0.0488
vn 0.6968 0.7156 -0.0489
vn 0.6967 0.7157 -0.0489
vn 0.6966 0.7158 -0.0488
vn -0.9849 -0.1520 0.0824
vn -0.9849 -0.1520 0.0825
vn 0.9576 0.1477 0.2474
vn 0.9576 0.1477 0.2475
vn -0.9574 -0.1480 0.2478
vn 0.9849 0.1520 0.0830
vn 0.9849 0.1520 0.0831
vn 0.9849 0.1519 0.0829
vn -0.9012 -0.1390 0.4105
vn -0.9012 -0.1391 0.4105
vn -0.9013 -0.1393 0.4101
vn 0.9849 0.1520 -0.0828
vn 0.9849 0.1521 -0.0832
vn 0.9849 0.1519 -0.0827
vn -0.8129 -0.1254 0.5687
vn -0.8128 -0.1255 0.5689
vn 0.9576 0.1477 -0.2474
vn 0.9576 0.1477 -0.2475
vn -0.6899 -0.1063 0.7161
vn -0.6897 -0.1064 0.7162
vn -0.6898 -0.1062 0.7162
vn 0.9013 0.1392 -0.4103
vn 0.9013 0.1393 -0.4101
vn 0.9013 0.1392 -0.4102
vn 0.9012 0.1390 -0.4105
vn -0.5295 -0.0816 0.8444
vn -0.5295 -0.0817 0.8443
vn -0.5296 -0.0817 0.8443
vn -0.1150 -0.0177 -0.9932
vn -0.1152 -0.0178 -0.9932
vn -0.1151 -0.0177 -0.9932
vn 0.8133 0.1250 -0.5683
vn 0.8130 0.1252 -0.5686
vn 0.8130 0.1254 -0.5686
vn 0.8131 0.1254 -0.5685
vn -0.3353 -0.0518 0.9407
vn -0.3352 -0.0517 0.9407
vn -0.3348 -0.0517 -0.9409
vn -0.3347 -0.0517 -0.9409
vn 0.6896 0.1064 -0.7163
vn 0.6897 0.1064 -0.7162
vn 0.6895 0.1064 -0.7164
vn -0.1148 -0.0177 0.9932
vn -0.1149 -0.0177 0.9932
vn -0.5296 -0.0817 -0.8443
vn -0.5294 -0.0817 -0.8445
vn 0.5296 0.0817 -0.8443
vn 0.1148 0.0177 0.9932
vn 0.1151 0.0177 0.9932
vn -0.6897 -0.1063 -0.7163
vn -0.6897 -0.1063 -0.7162
vn -0.6898 -0.1065 -0.7161
vn -0.6898 -0.1064 -0.7161
vn 0.3348 0.0517 -0.9409
vn 0.3350 0.0517 -0.9408
vn 0.3345 0.0517 -0.9410
vn 0.3353 0.0518 0.9407
vn -0.8129 -0.1256 -0.5687
vn -0.8128 -0.1257 -0.5688
vn -0.8130 -0.1255 -0.5686
vn 0.1147 0.0177 -0.9932
vn 0.1146 0.0177 -0.9933
vn 0.1148 0.0177 -0.9932
vn 0.5296 0.0817 0.8443
vn -0.9012 -0.1390 -0.4105
vn -0.9012 -0.1391 -0.4104
vn 0.6899 0.1066 0.7160
vn 0.6898 0.1065 0.7161
vn 0.6900 0.1067 0.7160
vn -0.9574 -0.1480 -0.2478
vn 0.8130 0.1255 0.5685
vn 0.8130 0.1254 0.5686
vn 0.8131 0.1255 0.5685
vn -0.9849 -0.1520 -0.0825
vn -0.9849 -0.1519 -0.0827
vn 0.0237 -0.8766 0.4807
vn 0.0235 -0.8766 0.4807
vn 0.0238 -0.8765 0.4807
vn 0.0239 -0.8765 0.4807
vn -0.1211 0.9692 0.2145
vn 0.6773 0.7213 -0.1449
vn 0.6772 0.7213 -0.1450
vn 0.6773 0.7213 -0.1450
vn 0.6772 0.7214 -0.1450
vn -0.0927 0.9540 0.2851
vn 0.6384 0.7325 -0.2363
vn 0.6384 0.7325 -0.2366
vn -0.0451 0.9342 0.3539
vn 0.1100 0.8829 -0.4565
vn 0.5806 0.7491 -0.3191
vn 0.5806 0.7490 -0.3191
vn 0.5807 0.7490 -0.3190
vn 0.0232 0.9102 0.4135
vn 0.0232 0.9102 -0.4135
vn 0.5053 0.7702 -0.3892
vn 0.5052 0.7703 -0.3891
vn 0.1100 0.8829 0.4565
vn -0.0451 0.9342 -0.3539
vn 0.4147 0.7957 -0.4414
vn 0.2096 0.8536 0.4769
vn -0.0927 0.9540 -0.2851
vn 0.3139 0.8240 -0.4717
vn 0.3139 0.8240 0.4717
vn -0.1211 0.9692 -0.2145
vn 0.2096 0.8536 -0.4769
vn 0.4147 0.7957 0.4414
vn 0.4149 0.7957 0.4413
vn -0.1351 0.9799 -0.1471
vn -0.1351 0.9798 -0.1471
vn 0.5052 0.7703 0.3891
vn -0.1401 0.9865 -0.0852
vn 0.5806 0.7490 0.3191
vn 0.5806 0.7489 0.3194
vn -0.1413 0.9896 -0.0278
vn -0.1414 0.9896 -0.0278
vn 0.6386 0.7325 0.2359
vn 0.6384 0.7325 0.2363
vn -0.1413 0.9896 0.0278
vn -0.1412 0.9896 0.0278
vn 0.6773 0.7213 0.1450
vn 0.6772 0.7213 0.1450
vn -0.1401 0.9865 0.0852
vn 0.6967 0.7157 0.0488
vn 0.6968 0.7156 0.0485
vn 0.6970 0.7154 0.0487
vn 0.6968 0.7156 0.0488
vn -0.1351 0.9799 0.1471
vn -0.1351 0.9798 0.1471
vn 0.7985 -0.1306 0.5876
vn 0.7986 -0.1308 0.5875
vn 0.7986 -0.1306 0.5875
vn -0.5623 -0.7653 -0.3132
vn -0.5623 -0.7654 -0.3131
vn -0.5623 -0.7654 -0.3132
vn -0.5622 -0.7654 -0.3132
vn -0.0845 -0.8611 -0.5013
vn -0.0845 -0.8612 -0.5012
vn 0.1239 -0.8890 0.4408
vn 0.1239 -0.8888 0.4413
vn 0.1242 -0.8889 0.4409
vn 0.1243 -0.8890 0.4408
vn -0.6185 -0.7510 -0.2312
vn 0.2141 -0.8981 0.3842
vn 0.2139 -0.8982 0.3840
vn 0.2141 -0.8982 0.3839
vn -0.6565 -0.7409 -0.1417
vn 0.2888 -0.9047 0.3131
vn 0.2888 -0.9048 0.3130
vn -0.6757 -0.7356 -0.0476
vn -0.6757 -0.7356 -0.0477
vn -0.6758 -0.7356 -0.0475
vn -0.6758 -0.7356 -0.0476
vn 0.3469 -0.9090 0.2311
vn 0.3467 -0.9090 0.2312
vn 0.3468 -0.9090 0.2312
vn -0.6757 -0.7356 0.0476
vn -0.6757 -0.7356 0.0477
vn -0.6756 -0.7357 0.0475
vn 0.3858 -0.9116 0.1417
vn 0.3859 -0.9116 0.1417
vn 0.3860 -0.9116 0.1414
vn -0.6565 -0.7409 0.1417
vn -0.6565 -0.7409 0.1418
vn 0.4058 -0.9127 0.0477
vn 0.4057 -0.9128 0.0477
vn -0.6185 -0.7510 0.2312
vn 0.4059 -0.9127 -0.0478
vn 0.4056 -0.9128 -0.0479
vn 0.4057 -0.9128 -0.0479
vn 0.4058 -0.9127 -0.0477
vn -0.5623 -0.7654 0.3131
vn 0.3860 -0.9115 -0.1418
vn 0.3859 -0.9116 -0.1417
vn 0.3858 -0.9116 -0.1419
vn 0.3862 -0.9114 -0.1423
vn -0.4892 -0.7831 0.3840
vn 0.3469 -0.9090 -0.2310
vn 0.3468 -0.9090 -0.2311
vn 0.3467 -0.9090 -0.2312
vn -0.4014 -0.8028 0.4409
vn -0.1947 -0.8431 -0.5012
vn -0.1946 -0.8431 -0.5012
vn -0.1946 -0.8432 -0.5012
vn 0.2888 -0.9048 -0.3130
vn 0.2888 -0.9048 -0.3129
vn -0.3018 -0.8232 0.4809
vn -0.3018 -0.8232 0.4808
vn -0.3019 -0.8230 0.4812
vn -0.3017 -0.8233 -0.4807
vn -0.3018 -0.8233 -0.4807
vn -0.3017 -0.8233 -0.4808
vn 0.2138 -0.8982 -0.3840
vn 0.2136 -0.8984 -0.3838
vn 0.2137 -0.8982 -0.3842
vn -0.1945 -0.8432 0.5012
vn -0.1946 -0.8432 0.5012
vn -0.1944 -0.8432 0.5012
vn -0.4014 -0.8028 -0.4409
vn 0.1245 -0.8889 -0.4409
vn 0.1244 -0.8889 -0.4409
vn 0.1245 -0.8891 -0.4405
vn 0.1248 -0.8889 -0.4408
vn -0.0845 -0.8612 0.5012
vn -0.0845 -0.8612 0.5013
vn -0.4892 -0.7830 -0.3841
vn -0.4892 -0.7831 -0.3840
vn 0.0238 -0.8765 -0.4807
vn 0.0236 -0.8766 -0.4807
vn 0.9518 0.2964 0.0794
vn 0.9517 0.2964 0.0798
vn 0.9517 0.2964 0.0797
vn -0.9831 0.1611 -0.0869
vn -0.9831 0.1610 -0.0870
vn -0.9831 0.1612 -0.0869
vn -0.9831 0.1613 -0.0868
vn 0.8921 -0.1462 0.4274
vn 0.8923 -0.1464 0.4271
vn 0.8921 -0.1461 0.4275
vn -0.9832 0.1608 0.0869
vn -0.9831 0.1610 0.0868
vn -0.9831 0.1612 0.0869
vn -0.9831 0.1610 0.0870
vn 0.9531 -0.1561 0.2592
vn 0.9531 -0.1561 0.2591
vn 0.9532 -0.1562 0.2589
vn 0.9532 -0.1561 0.2590
vn -0.9531 0.1561 0.2591
vn -0.9531 0.1562 0.2592
vn -0.9532 0.1561 0.2591
vn -0.9532 0.1561 0.2590
vn 0.9831 -0.1612 0.0869
vn 0.9831 -0.1609 0.0868
vn 0.9832 -0.1607 0.0867
vn 0.9831 -0.1610 0.0868
vn -0.8922 0.1461 0.4274
vn -0.8921 0.1461 0.4275
vn -0.8922 0.1461 0.4273
vn 0.9831 -0.1611 -0.0869
vn 0.9831 -0.1610 -0.0870
vn 0.9831 -0.1609 -0.0869
vn 0.9831 -0.1610 -0.0868
vn -0.7987 0.1309 0.5874
vn -0.7986 0.1310 0.5874
vn -0.7987 0.1309 0.5873
vn -0.7987 0.1308 0.5873
vn 0.9532 -0.1562 -0.2588
vn 0.9532 -0.1561 -0.2589
vn 0.9532 -0.1563 -0.2588
vn 0.9532 -0.1564 -0.2587
vn -0.6711 0.1100 0.7331
vn -0.6712 0.1099 0.7331
vn -0.6710 0.1101 0.7332
vn 0.8922 -0.1462 -0.4273
vn 0.8923 -0.1464 -0.4271
vn 0.8922 -0.1463 -0.4273
vn 0.8921 -0.1461 -0.4275
vn -0.5103 0.0836 0.8559
vn -0.5103 0.0835 0.8560
vn -0.1093 0.0179 -0.9938
vn -0.1092 0.0179 -0.9939
vn 0.7985 -0.1310 -0.5876
vn 0.7984 -0.1310 -0.5877
vn 0.7986 -0.1308 -0.5875
vn -0.3202 0.0523 0.9459
vn -0.3201 0.0524 0.9459
vn -0.3201 0.0525 0.9459
vn -0.3202 0.0522 -0.9459
vn -0.3199 0.0525 -0.9460
vn -0.3202 0.0523 -0.9459
vn -0.3201 0.0524 -0.9459
vn 0.6710 -0.1101 -0.7333
vn 0.6712 -0.1099 -0.7331
vn -0.1092 0.0179 0.9939
vn -0.5103 0.0837 -0.8559
vn -0.5104 0.0836 -0.8559
vn 0.5103 -0.0836 -0.8559
vn 0.5104 -0.0836 -0.8558
vn 0.5105 -0.0837 -0.8558
vn 0.1092 -0.0179 0.9939
vn -0.6711 0.1098 -0.7332
vn -0.6712 0.1099 -0.7331
vn 0.3201 -0.0524 -0.9459
vn 0.3199 -0.0523 -0.9460
vn 0.3204 -0.0526 0.9458
vn 0.3201 -0.0524 0.9459
vn -0.7987 0.1308 -0.5873
vn -0.7986 0.1308 -0.5875
vn -0.7986 0.1308 -0.5874
vn 0.1093 -0.0179 -0.9938
vn 0.1092 -0.0179 -0.9939
vn 0.5105 -0.0836 0.8558
vn -0.8922 0.1461 -0.4274
vn -0.8921 0.1461 -0.4275
vn -0.8922 0.1460 -0.4275
vn -0.8922 0.1461 -0.4273
vn 0.6712 -0.1099 0.7330
vn 0.6712 -0.1099 0.7331
vn -0.9532 0.1562 -0.2590
vn -0.9532 0.1561 -0.2589
vn -0.9532 0.1561 -0.2591
vn -0.9531 0.1560 -0.2593
vn 0.9517 0.2964 -0.0799
vn 0.9517 0.2964 -0.0798
vn 0.9517 0.2964 -0.0797
vn 0.9205 0.3104 -0.2372
vn 0.8575 0.3388 -0.3871
vn 0.8575 0.3390 -0.3870
vn 0.0129 0.8079 -0.5892
vn 0.7621 0.3825 -0.5224
vn -0.0625 0.8982 0.4351
vn -0.0625 0.8982 -0.4351
vn 0.6350 0.4423 -0.6334
vn 0.0129 0.8079 0.5892
vn 0.4810 0.5180 -0.7073
vn 0.4809 0.5181 -0.7073
vn 0.1467 0.7071 0.6917
vn 0.3116 0.6078 -0.7304
vn 0.3116 0.6078 0.7304
vn 0.1467 0.7071 -0.6917
vn 0.4810 0.5180 0.7073
vn 0.6350 0.4423 0.6334
vn 0.7621 0.3825 0.5224
vn 0.8575 0.3390 0.3870
vn 0.8575 0.3388 0.3871
vn 0.8575 0.3388 0.3872
vn 0.9205 0.3104 0.2373
vn 0.9205 0.3104 0.2372
vn 0.9205 0.3105 0.2372
vt 0.000000 0.000000
s 1
usemtl Goddard_None
f 629/122/621 630/122/622 631/122/623
f 631/122/623 632/122/622 629/122/621
f 615/122/624 633/122/625 634/122/626
f 634/122/626 616/122/627 615/122/624
f 635/122/628 597/122/629 626/122/628
f 626/122/628 636/122/630 635/122/628
f 601/122/631 637/122/632 638/122/633
f 638/122/633 602/122/634 601/122/631
f 614/122/635 639/122/636 633/122/637
f 633/122/637 615/122/638 614/122/635
f 636/122/639 626/122/640 628/122/641
f 628/122/641 640/122/642 636/122/639
f 600/122/643 641/122/644 637/122/645
f 637/122/645 601/122/646 600/122/643
f 613/122/647 642/122/648 639/122/647
f 639/122/647 614/122/649 613/122/647
f 640/122/650 628/122/651 627/122/652
f 627/122/652 643/122/653 640/122/650
f 599/122/654 644/122/654 641/122/654
f 641/122/654 600/122/655 599/122/654
f 612/122/656 645/122/657 642/122/656
f 642/122/656 613/122/656 612/122/656
f 627/122/658 625/122/658 646/122/659
f 646/122/659 643/122/658 627/122/658
f 598/122/660 647/122/661 644/122/662
f 644/122/662 599/122/663 598/122/660
f 611/122/664 648/122/665 645/122/664
f 645/122/664 612/122/666 611/122/664
f 624/122/667 649/122/668 646/122/668
f 646/122/668 625/122/668 624/122/667
f 598/122/669 597/122/669 635/122/669
f 635/122/669 647/122/669 598/122/669
f 610/122/670 650/122/670 648/122/671
f 648/122/671 611/122/670 610/122/670
f 651/122/672 649/122/673 624/122/674
f 624/122/674 623/122/675 651/122/672
f 609/122/676 652/122/676 650/122/677
f 650/122/677 610/122/676 609/122/676
f 622/122/678 653/122/679 651/122/678
f 651/122/678 623/122/680 622/122/678
f 608/122/681 654/122/682 652/122/683
f 652/122/683 609/122/683 608/122/681
f 632/122/684 653/122/684 622/122/685
f 622/122/685 621/122/686 632/122/684
f 607/122/687 655/122/688 654/122/688
f 654/122/688 608/122/688 607/122/687
f 632/122/689 621/122/689 620/122/690
f 620/122/690 629/122/691 632/122/689
f 606/122/692 656/122/693 655/122/694
f 655/122/694 607/122/692 606/122/692
f 620/122/695 619/122/696 657/122/695
f 657/122/695 629/122/697 620/122/695
f 605/122/698 658/122/699 656/122/700
f 656/122/700 606/122/701 605/122/698
f 618/122/702 659/122/703 657/122/704
f 657/122/704 619/122/705 618/122/702
f 604/122/706 660/122/707 658/122/708
f 658/122/708 605/122/709 604/122/706
f 617/122/710 661/122/710 659/122/710
f 659/122/710 618/122/710 617/122/710
f 603/122/711 662/122/712 660/122/713
f 660/122/713 604/122/714 603/122/711
f 616/122/715 634/122/715 661/122/716
f 661/122/716 617/122/715 616/122/715
f 602/122/717 638/122/718 662/122/717
f 662/122/717 603/122/717 602/122/717
f 663/122/719 664/122/720 665/122/720
f 665/122/720 666/122/721 663/122/719
f 656/122/722 667/122/723 668/122/723
f 668/122/723 655/122/724 656/122/722
f 657/122/725 669/122/725 630/122/725
f 630/122/725 629/122/725 657/122/725
f 658/122/726 670/122/726 667/122/727
f 667/122/727 656/122/728 658/122/726
f 659/122/729 666/122/729 669/122/729
f 669/122/729 657/122/729 659/122/729
f 660/122/730 671/122/731 670/122/730
f 670/122/730 658/122/732 660/122/730
f 661/122/733 663/122/734 666/122/735
f 666/122/735 659/122/736 661/122/733
f 662/122/737 672/122/738 671/122/739
f 671/122/739 660/122/740 662/122/737
f 634/122/741 673/122/741 663/122/742
f 663/122/742 661/122/743 634/122/741
f 638/122/744 674/122/744 672/122/744
f 672/122/744 662/122/745 638/122/744
f 633/122/746 675/122/746 673/122/747
f 673/122/747 634/122/746 633/122/746
f 636/122/748 676/122/749 677/122/750
f 677/122/750 635/122/751 636/122/748
f 637/122/752 678/122/753 674/122/754
f 674/122/754 638/122/755 637/122/752
f 639/122/756 679/122/757 675/122/758
f 675/122/758 633/122/759 639/122/756
f 640/122/760 680/122/761 676/122/762
f 676/122/762 636/122/763 640/122/760
f 641/122/764 681/122/765 678/122/766
f 678/122/766 637/122/767 641/122/764
f 642/122/768 682/122/768 679/122/768
f 679/122/768 639/122/768 642/122/768
f 643/122/769 683/122/770 680/122/771
f 680/122/771 640/122/772 643/122/769
f 644/122/773 684/122/774 681/122/773
f 681/122/773 641/122/774 644/122/773
f 645/122/775 685/122/776 682/122/775
f 682/122/775 642/122/775 645/122/775
f 646/122/777 686/122/778 683/122/779
f 683/122/779 643/122/780 646/122/777
f 647/122/781 687/122/782 684/122/781
f 684/122/781 644/122/783 647/122/781
f 648/122/784 688/122/785 685/122/786
f 685/122/786 645/122/785 648/122/784
f 649/122/787 689/122/788 686/122/787
f 686/122/787 646/122/789 649/122/787
f 647/122/790 635/122/791 677/122/792
f 677/122/792 687/122/793 647/122/790
f 650/122/794 690/122/795 688/122/795
f 688/122/795 648/122/794 650/122/794
f 651/122/796 691/122/797 689/122/796
f 689/122/796 649/122/798 651/122/796
f 652/122/799 692/122/800 690/122/800
f 690/122/800 650/122/801 652/122/799
f 653/122/802 693/122/802 691/122/802
f 691/122/802 651/122/803 653/122/802
f 654/122/804 694/122/804 692/122/805
f 692/122/805 652/122/804 654/122/804
f 632/122/806 631/122/806 693/122/807
f 693/122/807 653/122/806 632/122/806
f 655/122/808 668/122/808 694/122/808
f 694/122/808 654/122/808 655/122/808
f 695/122/809 696/122/810 697/122/809
f 697/122/809 698/122/811 695/122/809
f 673/122/812 701/122/812 664/122/813
f 664/122/813 663/122/814 673/122/812
f 675/122/815 695/122/816 701/122/815
f 701/122/815 673/122/817 675/122/815
f 676/122/818 703/122/819 704/122/819
f 704/122/819 677/122/820 676/122/818
f 679/122/821 696/122/822 695/122/823
f 695/122/823 675/122/822 679/122/821
f 680/122/824 706/122/825 703/122/825
f 703/122/825 676/122/825 680/122/824
f 682/122/826 708/122/827 696/122/828
f 696/122/828 679/122/829 682/122/826
f 683/122/830 709/122/830 706/122/831
f 706/122/831 680/122/831 683/122/830
f 685/122/832 711/122/833 708/122/834
f 708/122/834 682/122/835 685/122/832
f 686/122/836 712/122/837 709/122/837
f 709/122/837 683/122/838 686/122/836
f 689/122/839 715/122/839 712/122/839
f 712/122/839 686/122/839 689/122/839
f 687/122/840 677/122/841 704/122/842
f 704/122/842 713/122/843 687/122/840
f 691/122/844 717/122/844 715/122/844
f 715/122/844 689/122/844 691/122/844
f 693/122/845 719/122/845 717/122/845
f 717/122/845 691/122/845 693/122/845
f 631/122/846 721/122/846 719/122/847
f 719/122/847 693/122/846 631/122/846
f 630/122/848 723/122/849 721/122/850
f 721/122/850 631/122/851 630/122/848
f 669/122/852 725/122/852 723/122/853
f 723/122/853 630/122/854 669/122/852
f 666/122/855 665/122/855 725/122/855
f 725/122/855 669/122/855 666/122/855
f 727/122/856 728/122/857 729/122/858
f 729/122/858 730/122/856 727/122/856
f 706/122/859 731/122/860 732/122/861
f 732/122/861 703/122/862 706/122/859
f 733/122/863 734/122/864 705/122/864
f 705/122/864 707/122/865 733/122/863
f 696/122/866 708/122/647 735/122/866
f 735/122/866 697/122/867 696/122/866
f 709/122/868 736/122/651 731/122/869
f 731/122/869 706/122/870 709/122/868
f 707/122/871 710/122/872 737/122/873
f 737/122/873 733/122/874 707/122/871
f 708/122/657 711/122/875 730/122/876
f 730/122/876 735/122/877 708/122/657
f 712/122/878 738/122/879 736/122/878
f 736/122/878 709/122/880 712/122/878
f 710/122/881 713/122/663 739/122/663
f 739/122/663 737/122/663 710/122/881
f 711/122/882 714/122/882 727/122/883
f 727/122/883 730/122/883 711/122/882
f 715/122/884 740/122/885 738/122/884
f 738/122/884 712/122/886 715/122/884
f 739/122/887 713/122/888 704/122/889
f 704/122/889 741/122/887 739/122/887
f 714/122/890 716/122/670 742/122/890
f 742/122/890 727/122/671 714/122/890
f 717/122/891 743/122/892 740/122/892
f 740/122/892 715/122/893 717/122/891
f 744/122/894 742/122/676 716/122/895
f 716/122/895 718/122/896 744/122/894
f 719/122/897 745/122/898 743/122/899
f 743/122/899 717/122/900 719/122/897
f 718/122/901 720/122/902 746/122/903
f 746/122/903 744/122/904 718/122/901
f 719/122/905 721/122/905 747/122/905
f 747/122/905 745/122/905 719/122/905
f 720/122/906 722/122/907 748/122/907
f 748/122/907 746/122/908 720/122/906
f 721/122/691 723/122/691 749/122/691
f 749/122/691 747/122/691 721/122/691
f 750/122/909 748/122/910 722/122/911
f 722/122/911 724/122/912 750/122/909
f 749/122/913 723/122/914 725/122/915
f 725/122/915 751/122/696 749/122/913
f 724/122/699 726/122/699 752/122/699
f 752/122/699 750/122/699 724/122/699
f 725/122/916 665/122/917 753/122/705
f 753/122/705 751/122/918 725/122/916
f 726/122/919 700/122/920 754/122/921
f 754/122/921 752/122/922 726/122/919
f 753/122/923 665/122/924 664/122/925
f 664/122/925 755/122/926 753/122/923
f 756/122/927 754/122/928 700/122/929
f 700/122/929 699/122/930 756/122/927
f 755/122/931 664/122/931 701/122/716
f 701/122/716 757/122/716 755/122/931
f 699/122/932 702/122/933 758/122/932
f 758/122/932 756/122/934 699/122/932
f 698/122/935 757/122/936 701/122/935
f 701/122/935 695/122/935 698/122/935
f 703/122/937 732/122/938 741/122/937
f 741/122/937 704/122/628 703/122/937
f 702/122/633 705/122/939 734/122/940
f 734/122/940 758/122/941 702/122/633
f 759/122/942 760/122/943 761/122/943
f 761/122/943 762/122/944 759/122/942
f 740/122/945 763/122/946 764/122/947
f 764/122/947 738/122/948 740/122/945
f 765/122/949 739/122/950 741/122/951
f 741/122/951 766/122/952 765/122/949
f 728/122/953 727/122/954 742/122/955
f 742/122/955 767/122/956 728/122/953
f 768/122/957 763/122/958 740/122/959
f 740/122/959 743/122/957 768/122/957
f 744/122/960 762/122/960 767/122/960
f 767/122/960 742/122/961 744/122/960
f 745/122/962 769/122/963 768/122/964
f 768/122/964 743/122/965 745/122/962
f 746/122/966 759/122/967 762/122/967
f 762/122/967 744/122/968 746/122/966
f 747/122/969 770/122/970 769/122/971
f 769/122/971 745/122/971 747/122/969
f 771/122/972 759/122/973 746/122/972
f 746/122/972 748/122/973 771/122/972
f 749/122/974 772/122/975 770/122/976
f 770/122/976 747/122/974 749/122/974
f 750/122/977 773/122/978 771/122/977
f 771/122/977 748/122/979 750/122/977
f 774/122/980 772/122/981 749/122/981
f 749/122/981 751/122/981 774/122/980
f 752/122/982 775/122/983 773/122/982
f 773/122/982 750/122/984 752/122/982
f 753/122/985 776/122/986 774/122/987
f 774/122/987 751/122/988 753/122/985
f 777/122/989 775/122/990 752/122/990
f 752/122/990 754/122/989 777/122/989
f 755/122/991 778/122/991 776/122/991
f 776/122/991 753/122/991 755/122/991
f 756/122/992 779/122/993 777/122/994
f 777/122/994 754/122/995 756/122/992
f 780/122/996 778/122/996 755/122/997
f 755/122/997 757/122/996 780/122/996
f 758/122/998 781/122/999 779/122/1000
f 779/122/1000 756/122/1000 758/122/998
f 698/122/1001 782/122/1002 780/122/1003
f 780/122/1003 757/122/1001 698/122/1001
f 732/122/1004 783/122/1005 766/122/1004
f 766/122/1004 741/122/1005 732/122/1004
f 781/122/1006 758/122/1007 734/122/1008
f 734/122/1008 784/122/1009 781/122/1006
f 697/122/1010 785/122/1010 782/122/1011
f 782/122/1011 698/122/1012 697/122/1010
f 731/122/1013 786/122/1014 783/122/1015
f 783/122/1015 732/122/1016 731/122/1013
f 733/122/1017 787/122/1018 784/122/1019
f 784/122/1019 734/122/1020 733/122/1017
f 788/122/1021 785/122/1021 697/122/1021
f 697/122/1021 735/122/1021 788/122/1021
f 789/122/1022 786/122/1023 731/122/1024
f 731/122/1024 736/122/1023 789/122/1022
f 737/122/1025 790/122/1026 787/122/1027
f 787/122/1027 733/122/1028 737/122/1025
f 730/122/1029 729/122/1030 788/122/1029
f 788/122/1029 735/122/1031 730/122/1029
f 738/122/1032 764/122/1033 789/122/1034
f 789/122/1034 736/122/1035 738/122/1032
f 765/122/1036 790/122/1037 737/122/1037
f 737/122/1037 739/122/1037 765/122/1036
f 791/122/699 792/122/1038 793/122/1038
f 793/122/1038 794/122/1039 791/122/699
f 795/122/1040 769/122/1041 770/122/1040
f 770/122/1040 796/122/1042 795/122/1040
f 771/122/1043 797/122/1043 760/122/1043
f 760/122/1043 759/122/1044 771/122/1043
f 772/122/1045 798/122/1045 796/122/1046
f 796/122/1046 770/122/1047 772/122/1045
f 797/122/1048 771/122/1049 773/122/1050
f 773/122/1050 793/122/1051 797/122/1048
f 774/122/1052 799/122/1052 798/122/1052
f 798/122/1052 772/122/1052 774/122/1052
f 775/122/1053 794/122/1054 793/122/1055
f 793/122/1055 773/122/1054 775/122/1053
f 800/122/1056 799/122/1056 774/122/1057
f 774/122/1057 776/122/1056 800/122/1056
f 777/122/1058 801/122/1059 794/122/1060
f 794/122/1060 775/122/1061 777/122/1058
f 778/122/1062 802/122/1063 800/122/1062
f 800/122/1062 776/122/1064 778/122/1062
f 801/122/1065 777/122/1066 779/122/1067
f 779/122/1067 803/122/1066 801/122/1065
f 780/122/1068 804/122/1069 802/122/1070
f 802/122/1070 778/122/1071 780/122/1068
f 781/122/1072 805/122/1073 803/122/1074
f 803/122/1074 779/122/1075 781/122/1072
f 806/122/1076 804/122/1077 780/122/1078
f 780/122/1078 782/122/1079 806/122/1076
f 766/122/1080 783/122/1081 807/122/1082
f 807/122/1082 808/122/1083 766/122/1080
f 784/122/1084 809/122/1085 805/122/1084
f 805/122/1084 781/122/1086 784/122/1084
f 785/122/1087 810/122/1088 806/122/1087
f 806/122/1087 782/122/1089 785/122/1087
f 786/122/1090 811/122/1091 807/122/1090
f 807/122/1090 783/122/1092 786/122/1090
f 812/122/1093 809/122/1093 784/122/1093
f 788/122/1094 813/122/1095 810/122/1096
f 810/122/1096 785/122/1097 788/122/1094
f 789/122/1098 814/122/1099 811/122/1100
f 811/122/1100 786/122/1098 789/122/1098
f 790/122/1101 815/122/1102 812/122/1103
f 812/122/1103 787/122/1104 790/122/1101
f 813/122/1105 788/122/1106 729/122/1107
f 729/122/1107 816/122/1107 813/122/1105
f 764/122/1108 817/122/1109 814/122/1110
f 814/122/1110 789/122/1111 764/122/1108
f 765/122/1112 818/122/1112 815/122/1112
f 815/122/1112 790/122/1113 765/122/1112
f 728/122/1114 819/122/1114 816/122/1115
f 816/122/1115 729/122/1116 728/122/1114
f 817/122/1117 764/122/1117 763/122/1117
f 763/122/1117 820/122/1117 817/122/1117
f 808/122/1118 818/122/1119 765/122/1119
f 765/122/1119 766/122/1120 808/122/1118
f 767/122/1121 821/122/1122 819/122/1122
f 819/122/1122 728/122/1122 767/122/1121
f 768/122/1123 822/122/1124 820/122/1125
f 820/122/1125 763/122/1126 768/122/1123
f 821/122/1127 767/122/1128 762/122/1129
f 762/122/1129 761/122/1130 821/122/1127
f 769/122/1131 795/122/1131 822/122/1131
f 822/122/1131 768/122/1131 769/122/1131
f 823/122/1132 824/122/1132 825/122/1133
f 825/122/1133 826/122/1132 823/122/1132
f 800/122/1134 827/122/705 828/122/705
f 828/122/705 799/122/1135 800/122/1134
f 801/122/1136 829/122/1137 791/122/1138
f 791/122/1138 794/122/709 801/122/1136
f 830/122/1139 827/122/1140 800/122/1141
f 800/122/1141 802/122/1142 830/122/1139
f 803/122/1143 826/122/1144 829/122/1143
f 829/122/1143 801/122/1143 803/122/1143
f 804/122/715 831/122/715 830/122/715
f 830/122/715 802/122/715 804/122/715
f 823/122/1145 826/122/1146 803/122/1147
f 803/122/1147 805/122/1148 823/122/1145
f 806/122/1149 832/122/1150 831/122/1149
f 831/122/1149 804/122/1151 806/122/1149
f 808/122/628 807/122/1152 833/122/1153
f 833/122/1153 834/122/1154 808/122/628
f 809/122/1155 835/122/1156 823/122/1155
f 823/122/1155 805/122/1157 809/122/1155
f 836/122/1158 832/122/1159 806/122/1160
f 806/122/1160 810/122/1160 836/122/1158
f 833/122/861 807/122/861 811/122/1161
f 811/122/1161 837/122/861 833/122/861
f 812/122/863 838/122/864 835/122/863
f 835/122/863 809/122/1162 812/122/863
f 813/122/647 839/122/647 836/122/647
f 836/122/647 810/122/1163 813/122/647
f 837/122/1164 811/122/1165 814/122/652
f 814/122/652 840/122/651 837/122/1164
f 841/122/1166 838/122/654 812/122/1167
f 812/122/1167 815/122/1168 841/122/1166
f 816/122/1169 842/122/1170 839/122/657
f 839/122/657 813/122/656 816/122/1169
f 817/122/879 843/122/879 840/122/879
f 840/122/879 814/122/879 817/122/879
f 818/122/1171 844/122/663 841/122/1171
f 841/122/1171 815/122/1171 818/122/1171
f 845/122/1172 842/122/883 816/122/1173
f 816/122/1173 819/122/1172 845/122/1172
f 820/122/668 846/122/668 843/122/668
f 843/122/668 817/122/668 820/122/668
f 834/122/669 844/122/1174 818/122/1175
f 818/122/1175 808/122/669 834/122/669
f 821/122/1176 847/122/670 845/122/670
f 845/122/670 819/122/670 821/122/1176
f 846/122/1177 820/122/1178 822/122/1179
f 822/122/1179 848/122/1180 846/122/1177
f 761/122/1181 849/122/1181 847/122/1181
f 847/122/1181 821/122/1181 761/122/1181
f 795/122/678 850/122/679 848/122/678
f 848/122/678 822/122/1182 795/122/678
f 851/122/1183 849/122/903 761/122/1183
f 761/122/1183 760/122/682 851/122/1183
f 796/122/1184 852/122/1185 850/122/1184
f 850/122/1184 795/122/1186 796/122/1184
f 797/122/1187 853/122/907 851/122/1188
f 851/122/1188 760/122/688 797/122/1187
f 854/122/1189 852/122/691 796/122/691
f 796/122/691 798/122/1190 854/122/1189
f 793/122/692 792/122/692 853/122/692
f 853/122/692 797/122/692 793/122/692
f 799/122/696 828/122/1191 854/122/696
f 854/122/696 798/122/696 799/122/696
f 857/122/1192 858/122/1193 855/122/1194
f 832/122/1195 859/122/1195 860/122/1195
f 860/122/1195 831/122/1195 832/122/1195
f 861/122/1196 862/122/1196 834/122/1196
f 834/122/1196 833/122/1196 861/122/1196
f 863/122/1197 824/122/1197 823/122/1198
f 823/122/1198 835/122/1197 863/122/1197
f 836/122/1199 864/122/1199 859/122/1200
f 859/122/1200 832/122/1199 836/122/1199
f 837/122/1201 865/122/1202 861/122/1202
f 861/122/1202 833/122/1202 837/122/1201
f 838/122/1203 866/122/1203 863/122/1204
f 863/122/1204 835/122/1203 838/122/1203
f 867/122/1205 864/122/1206 836/122/1206
f 836/122/1206 839/122/1206 867/122/1205
f 840/122/1207 868/122/1207 865/122/1208
f 865/122/1208 837/122/1207 840/122/1207
f 841/122/1209 869/122/1210 866/122/1210
f 866/122/1210 838/122/1210 841/122/1209
f 842/122/1211 870/122/1212 867/122/1212
f 867/122/1212 839/122/1212 842/122/1211
f 871/122/1213 868/122/1213 840/122/1214
f 840/122/1214 843/122/1213 871/122/1213
f 869/122/1215 841/122/1215 844/122/1216
f 844/122/1216 872/122/1215 869/122/1215
f 845/122/1217 873/122/1218 870/122/1219
f 870/122/1219 842/122/1218 845/122/1217
f 846/122/1220 874/122/1220 871/122/1220
f 871/122/1220 843/122/1220 846/122/1220
f 862/122/1221 872/122/1221 844/122/1221
f 844/122/1221 834/122/1221 862/122/1221
f 873/122/1222 845/122/1223 847/122/1223
f 847/122/1223 875/122/1223 873/122/1222
f 848/122/1224 876/122/1225 874/122/1225
f 874/122/1225 846/122/1225 848/122/1224
f 849/122/1226 877/122/1226 875/122/1227
f 875/122/1227 847/122/1226 849/122/1226
f 878/122/1228 876/122/1228 848/122/1228
f 848/122/1228 850/122/1228 878/122/1228
f 851/122/1229 879/122/1229 877/122/1230
f 877/122/1230 849/122/1229 851/122/1229
f 852/122/1231 880/122/1231 878/122/1231
f 878/122/1231 850/122/1231 852/122/1231
f 857/122/1232 879/122/1233 851/122/1234
f 851/122/1234 853/122/1233 857/122/1232
f 854/122/1235 881/122/1235 880/122/1236
f 880/122/1236 852/122/1235 854/122/1235
f 792/122/1237 858/122/1238 857/122/1239
f 857/122/1239 853/122/1238 792/122/1237
f 881/122/1240 854/122/1240 828/122/1240
f 828/122/1240 882/122/1240 881/122/1240
f 791/122/1241 883/122/1242 858/122/1241
f 858/122/1241 792/122/1243 791/122/1241
f 827/122/1244 884/122/1245 882/122/1246
f 882/122/1246 828/122/1245 827/122/1244
f 883/122/1247 791/122/1248 829/122/1249
f 829/122/1249 885/122/1250 883/122/1247
f 830/122/1251 886/122/1251 884/122/1251
f 884/122/1251 827/122/1251 830/122/1251
f 826/122/1252 825/122/1253 885/122/1254
f 885/122/1254 829/122/1253 826/122/1252
f 860/122/1255 886/122/1256 830/122/1256
f 830/122/1256 831/122/1256 860/122/1255
f 887/122/1257 888/122/1258 889/122/1257
f 889/122/1257 890/122/1258 887/122/1257
f 882/122/1259 891/122/1260 892/122/1261
f 892/122/1261 881/122/1262 882/122/1259
f 855/122/1263 858/122/1264 883/122/1265
f 894/122/1266 891/122/1266 882/122/1267
f 882/122/1267 884/122/1268 894/122/1266
f 885/122/1269 890/122/1270 893/122/1271
f 886/122/1272 895/122/1273 894/122/1272
f 894/122/1272 884/122/1272 886/122/1272
f 890/122/1274 885/122/1275 825/122/1276
f 825/122/1276 887/122/1277 890/122/1274
f 860/122/1278 896/122/1279 895/122/1279
f 895/122/1279 886/122/1280 860/122/1278
f 824/122/1281 897/122/1281 887/122/1281
f 887/122/1281 825/122/1281 824/122/1281
f 896/122/1282 860/122/1283 859/122/1284
f 859/122/1284 898/122/1285 896/122/1282
f 862/122/1286 861/122/1287 899/122/1286
f 899/122/1286 900/122/1288 862/122/1286
f 864/122/1289 902/122/1290 898/122/1290
f 898/122/1290 859/122/1291 864/122/1289
f 865/122/1292 903/122/1293 899/122/1294
f 899/122/1294 861/122/1295 865/122/1292
f 867/122/1296 905/122/1297 902/122/1298
f 902/122/1298 864/122/1299 867/122/1296
f 868/122/1300 906/122/1301 903/122/1302
f 903/122/1302 865/122/1303 868/122/1300
f 869/122/1304 907/122/1305 904/122/1306
f 908/122/1307 905/122/1308 867/122/1309
f 867/122/1309 870/122/1308 908/122/1307
f 871/122/1310 909/122/1311 906/122/1310
f 906/122/1310 868/122/1310 871/122/1310
f 872/122/1312 910/122/1313 907/122/1314
f 907/122/1314 869/122/1315 872/122/1312
f 873/122/1316 911/122/1317 908/122/1318
f 908/122/1318 870/122/1319 873/122/1316
f 909/122/1320 871/122/1321 874/122/1322
f 874/122/1322 912/122/1321 909/122/1320
f 900/122/1323 910/122/1324 872/122/1324
f 872/122/1324 862/122/1324 900/122/1323
f 875/122/1325 913/122/1326 911/122/1327
f 911/122/1327 873/122/1328 875/122/1325
f 876/122/1329 914/122/1330 912/122/1331
f 912/122/1331 874/122/1332 876/122/1329
f 913/122/1333 875/122/1334 877/122/1333
f 877/122/1333 915/122/1335 913/122/1333
f 878/122/1336 916/122/1337 914/122/1337
f 914/122/1337 876/122/1338 878/122/1336
f 918/122/1339 916/122/1340 878/122/1339
f 878/122/1339 880/122/1341 918/122/1339
f 857/122/1342 856/122/1343 917/122/1344
f 881/122/1345 892/122/1346 918/122/1346
f 918/122/1346 880/122/1347 881/122/1345
f 919/122/1348 920/122/1348 921/122/1348
f 921/122/1348 922/122/1348 919/122/1348
f 896/122/1349 923/122/1349 924/122/1349
f 924/122/1349 895/122/1349 896/122/1349
f 887/122/1350 897/122/1351 925/122/1352
f 925/122/1352 888/122/1353 887/122/1350
f 898/122/1354 926/122/1355 923/122/1354
f 923/122/1354 896/122/1356 898/122/1354
f 900/122/1357 899/122/1358 927/122/1357
f 927/122/1357 928/122/1359 900/122/1357
f 925/122/1360 897/122/1360 901/122/1361
f 901/122/1361 920/122/1361 925/122/1360
f 898/122/1362 902/122/1362 929/122/1363
f 929/122/1363 926/122/1364 898/122/1362
f 927/122/1365 899/122/1366 903/122/1365
f 903/122/1365 930/122/1366 927/122/1365
f 904/122/1367 921/122/1367 920/122/1368
f 920/122/1368 901/122/1367 904/122/1367
f 929/122/1369 902/122/1370 905/122/1369
f 905/122/1369 931/122/1371 929/122/1369
f 930/122/1372 903/122/1373 906/122/1372
f 906/122/1372 932/122/1374 930/122/1372
f 904/122/1375 907/122/1376 933/122/1375
f 933/122/1375 921/122/1376 904/122/1375
f 908/122/1377 934/122/1378 931/122/1377
f 931/122/1377 905/122/1379 908/122/1377
f 909/122/1380 935/122/1380 932/122/1380
f 932/122/1380 906/122/1380 909/122/1380
f 933/122/1381 907/122/1382 910/122/1383
f 910/122/1383 936/122/1384 933/122/1381
f 908/122/1385 911/122/1386 937/122/1385
f 937/122/1385 934/122/1387 908/122/1385
f 912/122/1388 938/122/1388 935/122/1388
f 935/122/1388 909/122/1388 912/122/1388
f 910/122/1389 900/122/1389 928/122/1390
f 928/122/1390 936/122/1389 910/122/1389
f 937/122/1391 911/122/1392 913/122/1393
f 913/122/1393 939/122/1392 937/122/1391
f 938/122/1394 912/122/1395 914/122/1396
f 914/122/1396 940/122/1397 938/122/1394
f 915/122/1398 941/122/1398 939/122/1398
f 939/122/1398 913/122/1398 915/122/1398
f 916/122/1399 942/122/1400 940/122/1399
f 940/122/1399 914/122/1401 916/122/1399
f 915/122/1402 917/122/1403 943/122/1404
f 943/122/1404 941/122/1405 915/122/1402
f 918/122/1406 944/122/1407 942/122/1406
f 942/122/1406 916/122/1408 918/122/1406
f 943/122/1409 917/122/1410 856/122/1411
f 856/122/1411 945/122/1410 943/122/1409
f 918/122/1412 892/122/1413 946/122/1414
f 946/122/1414 944/122/1415 918/122/1412
f 855/122/1416 947/122/1417 945/122/1416
f 945/122/1416 856/122/1418 855/122/1416
f 946/122/1419 892/122/1420 891/122/1419
f 891/122/1419 948/122/1421 946/122/1419
f 855/122/1422 893/122/1423 949/122/1422
f 949/122/1422 947/122/1424 855/122/1422
f 950/122/1425 948/122/1426 891/122/1425
f 891/122/1425 894/122/1427 950/122/1425
f 949/122/1428 893/122/1429 890/122/1430
f 890/122/1430 889/122/1431 949/122/1428
f 950/122/1432 894/122/1432 895/122/1433
f 895/122/1433 924/122/1434 950/122/1432
f 951/122/1435 952/122/1436 953/122/1437
f 953/122/1437 954/122/1438 951/122/1435
f 931/122/1439 955/122/1440 956/122/1439
f 956/122/1439 929/122/1440 931/122/1439
f 932/122/1441 957/122/1441 958/122/1441
f 958/122/1441 930/122/1441 932/122/1441
f 933/122/1442 959/122/1443 922/122/1444
f 922/122/1444 921/122/1443 933/122/1442
f 955/122/1445 931/122/1445 934/122/1445
f 934/122/1445 960/122/1445 955/122/1445
f 932/122/1446 935/122/1446 961/122/1446
f 961/122/1446 957/122/1446 932/122/1446
f 936/122/1447 953/122/1448 959/122/1449
f 959/122/1449 933/122/1448 936/122/1447
f 937/122/1450 962/122/1451 960/122/1452
f 960/122/1452 934/122/1451 937/122/1450
f 961/122/1453 935/122/1453 938/122/1453
f 938/122/1453 963/122/1453 961/122/1453
f 954/122/1454 953/122/1454 936/122/1454
f 936/122/1454 928/122/1454 954/122/1454
f 939/122/1455 964/122/1456 962/122/1457
f 962/122/1457 937/122/1456 939/122/1455
f 940/122/1458 965/122/1458 963/122/1458
f 963/122/1458 938/122/1458 940/122/1458
f 964/122/1459 939/122/1460 941/122/1461
f 941/122/1461 966/122/1460 964/122/1459
f 940/122/1462 942/122/1463 967/122/1463
f 967/122/1463 965/122/1463 940/122/1462
f 943/122/1464 968/122/1464 966/122/1464
f 966/122/1464 941/122/1465 943/122/1464
f 967/122/1466 942/122/1466 944/122/1466
f 944/122/1466 969/122/1466 967/122/1466
f 945/122/1467 970/122/1468 968/122/1469
f 968/122/1469 943/122/1468 945/122/1467
f 946/122/1470 971/122/1470 969/122/1471
f 969/122/1471 944/122/1470 946/122/1470
f 970/122/1472 945/122/1473 947/122/1474
f 947/122/1474 972/122/1473 970/122/1472
f 948/122/1475 973/122/1475 971/122/1475
f 971/122/1475 946/122/1475 948/122/1475
f 949/122/1476 974/122/1476 972/122/1476
f 972/122/1476 947/122/1477 949/122/1476
f 948/122/1478 950/122/1478 975/122/1478
f 975/122/1478 973/122/1478 948/122/1478
f 889/122/1479 976/122/1480 974/122/1480
f 974/122/1480 949/122/1480 889/122/1479
f 977/122/1481 975/122/1481 950/122/1481
f 950/122/1481 924/122/1481 977/122/1481
f 976/122/1482 889/122/1483 888/122/1484
f 888/122/1484 978/122/1483 976/122/1482
f 977/122/1485 924/122/1485 923/122/1485
f 923/122/1485 979/122/1485 977/122/1485
f 925/122/1486 980/122/1487 978/122/1486
f 978/122/1486 888/122/1487 925/122/1486
f 979/122/1488 923/122/1489 926/122/1489
f 926/122/1489 981/122/1489 979/122/1488
f 927/122/1490 982/122/1491 954/122/1492
f 954/122/1492 928/122/1491 927/122/1490
f 920/122/1493 919/122/1494 980/122/1494
f 980/122/1494 925/122/1494 920/122/1493
f 929/122/1495 956/122/1495 981/122/1496
f 981/122/1496 926/122/1495 929/122/1495
f 982/122/1497 927/122/1497 930/122/1497
f 930/122/1497 958/122/1497 982/122/1497
f 983/122/1498 984/122/1499 985/122/1500
f 985/122/1500 986/122/1501 983/122/1498
f 964/122/1502 987/122/1502 988/122/1503
f 988/122/1503 962/122/1502 964/122/1502
f 989/122/1504 963/122/1505 965/122/1506
f 965/122/1506 990/122/1507 989/122/1504
f 966/122/1508 991/122/1509 987/122/1510
f 987/122/1510 964/122/1511 966/122/1508
f 967/122/1512 992/122/1513 990/122/1513
f 990/122/1513 965/122/1514 967/122/1512
f 991/122/1515 966/122/1516 968/122/1517
f 968/122/1517 986/122/1517 991/122/1515
f 969/122/1518 993/122/1519 992/122/1518
f 992/122/1518 967/122/1520 969/122/1518
f 970/122/1521 983/122/1522 986/122/1523
f 986/122/1523 968/122/1524 970/122/1521
f 993/122/1525 969/122/1526 971/122/1525
f 971/122/1525 994/122/1525 993/122/1525
f 972/122/1527 995/122/1528 983/122/1529
f 983/122/1529 970/122/1529 972/122/1527
f 973/122/1530 996/122/1530 994/122/1531
f 994/122/1531 971/122/1530 973/122/1530
f 995/122/1532 972/122/1533 974/122/1534
f 974/122/1534 997/122/1535 995/122/1532
f 975/122/1536 998/122/1537 996/122/1538
f 996/122/1538 973/122/1539 975/122/1536
f 976/122/1540 999/122/1541 997/122/1542
f 997/122/1542 974/122/1541 976/122/1540
f 998/122/1543 975/122/1544 977/122/1545
f 977/122/1545 1000/122/1546 998/122/1543
f 978/122/1547 1001/122/1548 999/122/1549
f 999/122/1549 976/122/1550 978/122/1547
f 979/122/1551 1002/122/1552 1000/122/1553
f 1000/122/1553 977/122/1552 979/122/1551
f 1001/122/1554 978/122/1555 980/122/1555
f 980/122/1555 1003/122/1554 1001/122/1554
f 981/122/1556 1004/122/1557 1002/122/1558
f 1002/122/1558 979/122/1559 981/122/1556
f 954/122/1560 982/122/1561 1005/122/1562
f 1005/122/1562 951/122/1563 954/122/1560
f 919/122/1564 1006/122/1565 1003/122/1566
f 1003/122/1566 980/122/1567 919/122/1564
f 1004/122/1568 981/122/1569 956/122/1570
f 956/122/1570 1007/122/1571 1004/122/1568
f 958/122/1572 1008/122/1572 1005/122/1573
f 1005/122/1573 982/122/1572 958/122/1572
f 922/122/1574 1009/122/1575 1006/122/1576
f 1006/122/1576 919/122/1577 922/122/1574
f 955/122/1578 1010/122/1578 1007/122/1578
f 1007/122/1578 956/122/1579 955/122/1578
f 1008/122/1580 958/122/1580 957/122/1581
f 957/122/1581 1011/122/1582 1008/122/1580
f 960/122/1583 1013/122/1584 1010/122/1584
f 1010/122/1584 955/122/1585 960/122/1583
f 961/122/1586 1014/122/1587 1011/122/1586
f 1011/122/1586 957/122/1588 961/122/1586
f 953/122/1589 952/122/1590 1012/122/1591
f 1012/122/1591 959/122/1592 953/122/1589
f 1013/122/1593 960/122/1593 962/122/1594
f 962/122/1594 988/122/1595 1013/122/1593
f 963/122/1596 989/122/1597 1014/122/1598
f 1014/122/1598 961/122/1599 963/122/1596
f 1015/122/1600 1016/122/1600 1017/122/1601
f 1017/122/1601 1018/122/1600 1015/122/1600
f 1019/122/1602 1020/122/1603 993/122/1602
f 993/122/1602 994/122/1604 1019/122/1602
f 995/122/1605 1021/122/1606 984/122/1605
f 984/122/1605 983/122/1607 995/122/1605
f 996/122/1608 1022/122/1609 1019/122/1609
f 1019/122/1609 994/122/1610 996/122/1608
f 1016/122/1611 1021/122/1612 995/122/1611
f 995/122/1611 997/122/1613 1016/122/1611
f 998/122/1614 1023/122/1615 1022/122/1616
f 1022/122/1616 996/122/1616 998/122/1614
f 999/122/1617 1017/122/1618 1016/122/1619
f 1016/122/1619 997/122/1620 999/122/1617
f 1024/122/1621 1023/122/1622 998/122/1621
f 998/122/1621 1000/122/1623 1024/122/1621
f 1001/122/1624 1025/122/1624 1017/122/1624
f 1017/122/1624 999/122/1625 1001/122/1624
f 1002/122/1626 1026/122/1627 1024/122/1628
f 1024/122/1628 1000/122/1629 1002/122/1626
f 1027/122/1630 1025/122/1631 1001/122/1632
f 1001/122/1632 1003/122/1632 1027/122/1630
f 1004/122/1633 1028/122/1634 1026/122/1635
f 1026/122/1635 1002/122/1636 1004/122/1633
f 1029/122/1637 951/122/1638 1005/122/1637
f 1005/122/1637 1030/122/1637 1029/122/1637
f 1006/122/1639 1031/122/1640 1027/122/1641
f 1027/122/1641 1003/122/1641 1006/122/1639
f 1032/122/1642 1028/122/1643 1004/122/1642
f 1004/122/1642 1007/122/1644 1032/122/1642
f 1030/122/1645 1005/122/1646 1008/122/1645
f 1008/122/1645 1033/122/1647 1030/122/1645
f 1009/122/1648 1034/122/1649 1031/122/1649
f 1031/122/1649 1006/122/1648 1009/122/1648
f 1010/122/1650 1035/122/1651 1032/122/1651
f 1032/122/1651 1007/122/1651 1010/122/1650
f 1011/122/1652 1036/122/1653 1033/122/1654
f 1033/122/1654 1008/122/1655 1011/122/1652
f 1037/122/1656 1034/122/1657 1009/122/1658
f 1009/122/1658 1012/122/1657 1037/122/1656
f 1013/122/1659 1038/122/1660 1035/122/1661
f 1035/122/1661 1010/122/1661 1013/122/1659
f 1036/122/1662 1011/122/1663 1014/122/1662
f 1014/122/1662 1039/122/1664 1036/122/1662
f 952/122/1665 1040/122/1665 1037/122/1665
f 1037/122/1665 1012/122/1666 952/122/1665
f 1041/122/1667 1038/122/1668 1013/122/1667
f 1013/122/1667 988/122/1669 1041/122/1667
f 989/122/1670 1042/122/1671 1039/122/1672
f 1039/122/1672 1014/122/1673 989/122/1670
f 1029/122/1674 1040/122/1675 952/122/1675
f 952/122/1675 951/122/1674 1029/122/1674
f 987/122/1676 1043/122/1677 1041/122/1676
f 1041/122/1676 988/122/1676 987/122/1676
f 990/122/1678 1044/122/1679 1042/122/1678
f 1042/122/1678 989/122/1680 990/122/1678
f 991/122/1681 1045/122/1681 1043/122/1681
f 1043/122/1681 987/122/1681 991/122/1681
f 1044/122/1682 990/122/1683 992/122/1684
f 992/122/1684 1046/122/1685 1044/122/1682
f 985/122/1686 1045/122/1686 991/122/1686
f 991/122/1686 986/122/1687 985/122/1686
f 993/122/1688 1020/122/1689 1046/122/1690
f 1046/122/1690 992/122/1691 993/122/1688
f 1047/122/1692 1048/122/1692 1049/122/1692
f 1049/122/1692 1050/122/1692 1047/122/1692
f 1024/122/1693 1051/122/1693 1052/122/1694
f 1052/122/1694 1023/122/1693 1024/122/1693
f 1025/122/1695 1053/122/1696 1018/122/1695
f 1018/122/1695 1017/122/1697 1025/122/1695
f 1054/122/1698 1051/122/1699 1024/122/1700
f 1024/122/1700 1026/122/1699 1054/122/1698
f 1027/122/1701 1055/122/1701 1053/122/1702
f 1053/122/1702 1025/122/1701 1027/122/1701
f 1028/122/1703 1056/122/1704 1054/122/1705
f 1054/122/1705 1026/122/1704 1028/122/1703
f 1048/122/1706 1047/122/1706 1029/122/1707
f 1029/122/1707 1030/122/1706 1048/122/1706
f 1057/122/1708 1055/122/1709 1027/122/1710
f 1027/122/1710 1031/122/1709 1057/122/1708
f 1032/122/1711 1058/122/1712 1056/122/1713
f 1056/122/1713 1028/122/1712 1032/122/1711
f 1033/122/1714 1059/122/1714 1048/122/1714
f 1048/122/1714 1030/122/1714 1033/122/1714
f 1034/122/1715 1060/122/1716 1057/122/1716
f 1057/122/1716 1031/122/1716 1034/122/1715
f 1061/122/1717 1058/122/1717 1032/122/1717
f 1032/122/1717 1035/122/1717 1061/122/1717
f 1036/122/1718 1062/122/1719 1059/122/1718
f 1059/122/1718 1033/122/1719 1036/122/1718
f 1037/122/1720 1063/122/1721 1060/122/1721
f 1060/122/1721 1034/122/1721 1037/122/1720
f 1038/122/1722 1064/122/1723 1061/122/1724
f 1061/122/1724 1035/122/1723 1038/122/1722
f 1065/122/1725 1062/122/1726 1036/122/1726
f 1036/122/1726 1039/122/1726 1065/122/1725
f 1066/122/1727 1063/122/1727 1037/122/1728
f 1037/122/1728 1040/122/1727 1066/122/1727
f 1041/122/1729 1067/122/1730 1064/122/1730
f 1064/122/1730 1038/122/1730 1041/122/1729
f 1042/122/1731 1068/122/1731 1065/122/1732
f 1065/122/1732 1039/122/1731 1042/122/1731
f 1066/122/1733 1040/122/1733 1029/122/1734
f 1029/122/1734 1047/122/1733 1066/122/1733
f 1067/122/1735 1041/122/1735 1043/122/1736
f 1043/122/1736 1069/122/1735 1067/122/1735
f 1044/122/1737 1070/122/1737 1068/122/1738
f 1068/122/1738 1042/122/1737 1044/122/1737
f 1045/122/1739 1071/122/1740 1069/122/1740
f 1069/122/1740 1043/122/1740 1045/122/1739
f 1072/122/1741 1070/122/1741 1044/122/1742
f 1044/122/1742 1046/122/1741 1072/122/1741
f 985/122/1743 1073/122/1743 1071/122/1744
f 1071/122/1744 1045/122/1743 985/122/1743
f 1020/122/1745 1074/122/1745 1072/122/1746
f 1072/122/1746 1046/122/1745 1020/122/1745
f 1073/122/1747 985/122/1748 984/122/1749
f 984/122/1749 1075/122/1748 1073/122/1747
f 1019/122/1750 1076/122/1750 1074/122/1750
f 1074/122/1750 1020/122/1750 1019/122/1750
f 1021/122/1751 1077/122/1751 1075/122/1752
f 1075/122/1752 984/122/1751 1021/122/1751
f 1078/122/1753 1076/122/1753 1019/122/1753
f 1019/122/1753 1022/122/1753 1078/122/1753
f 1016/122/1754 1015/122/1755 1077/122/1756
f 1077/122/1756 1021/122/1755 1016/122/1754
f 1023/122/1757 1052/122/1757 1078/122/1758
f 1078/122/1758 1022/122/1757 1023/122/1757
f 1079/122/1759 1080/122/1760 1081/122/1759
f 1081/122/1759 1082/122/1761 1079/122/1759
f 1057/122/1762 1083/122/1762 1084/122/1763
f 1084/122/1763 1055/122/1764 1057/122/1762
f 1058/122/1765 1085/122/1766 1086/122/1767
f 1086/122/1767 1056/122/1768 1058/122/1765
f 1059/122/1769 1087/122/1770 1049/122/1771
f 1049/122/1771 1048/122/1772 1059/122/1769
f 1088/122/1773 1083/122/1774 1057/122/1774
f 1057/122/1774 1060/122/1775 1088/122/1773
f 1061/122/1776 1089/122/1777 1085/122/1778
f 1085/122/1778 1058/122/1779 1061/122/1776
f 1062/122/1780 1082/122/1781 1087/122/1782
f 1087/122/1782 1059/122/1781 1062/122/1780
f 1063/122/1783 1090/122/1784 1088/122/1785
f 1088/122/1785 1060/122/1786 1063/122/1783
f 1089/122/1787 1061/122/1788 1064/122/1787
f 1064/122/1787 1091/122/1789 1089/122/1787
f 1065/122/1790 1079/122/1790 1082/122/1791
f 1082/122/1791 1062/122/1791 1065/122/1790
f 1066/122/1792 1092/122/1793 1090/122/1792
f 1090/122/1792 1063/122/1794 1066/122/1792
f 1067/122/1795 1093/122/1796 1091/122/1797
f 1091/122/1797 1064/122/1798 1067/122/1795
f 1079/122/1799 1065/122/1800 1068/122/1800
f 1068/122/1800 1094/122/1801 1079/122/1799
f 1092/122/1802 1066/122/1803 1047/122/1802
f 1047/122/1802 1050/122/1804 1092/122/1802
f 1069/122/1805 1095/122/1806 1093/122/1807
f 1093/122/1807 1067/122/1808 1069/122/1805
f 1070/122/1809 1096/122/1810 1094/122/1811
f 1094/122/1811 1068/122/1812 1070/122/1809
f 1097/122/1813 1095/122/1814 1069/122/1813
f 1069/122/1813 1071/122/1815 1097/122/1813
f 1072/122/1816 1098/122/1816 1096/122/1817
f 1096/122/1817 1070/122/1818 1072/122/1816
f 1073/122/1819 1099/122/1820 1097/122/1819
f 1097/122/1819 1071/122/1821 1073/122/1819
f 1100/122/1822 1098/122/1823 1072/122/1824
f 1072/122/1824 1074/122/1825 1100/122/1822
f 1075/122/1826 1101/122/1827 1099/122/1828
f 1099/122/1828 1073/122/1829 1075/122/1826
f 1076/122/1830 1102/122/1831 1100/122/1832
f 1100/122/1832 1074/122/1830 1076/122/1830
f 1101/122/1833 1075/122/1834 1077/122/1835
f 1077/122/1835 1103/122/1836 1101/122/1833
f 1078/122/1837 1104/122/1838 1102/122/1837
f 1102/122/1837 1076/122/1839 1078/122/1837
f 1015/122/1840 1105/122/1841 1103/122/1840
f 1103/122/1840 1077/122/1842 1015/122/1840
f 1106/122/1843 1104/122/1844 1078/122/1845
f 1078/122/1845 1052/122/1846 1106/122/1843
f 1018/122/1847 1107/122/1848 1105/122/1849
f 1105/122/1849 1015/122/1850 1018/122/1847
f 1051/122/1851 1108/122/1852 1106/122/1852
f 1106/122/1852 1052/122/1852 1051/122/1851
f 1109/122/1853 1107/122/1853 1018/122/1854
f 1018/122/1854 1053/122/1855 1109/122/1853
f 1054/122/1856 1110/122/1857 1108/122/1856
f 1108/122/1856 1051/122/1858 1054/122/1856
f 1055/122/1859 1084/122/1859 1109/122/1860
f 1109/122/1860 1053/122/1861 1055/122/1859
f 1110/122/1862 1054/122/1863 1056/122/1864
f 1056/122/1864 1086/122/1863 1110/122/1862
f 1111/122/1865 1112/122/1865 1113/122/1865
f 1113/122/1865 1114/122/1865 1111/122/1865
f 1092/122/1866 1115/122/1866 1116/122/1866
f 1116/122/1866 1090/122/1866 1092/122/1866
f 1117/122/1867 1118/122/1867 1091/122/1867
f 1091/122/1867 1093/122/1867 1117/122/1867
f 1094/122/1868 1119/122/1869 1080/122/1868
f 1080/122/1868 1079/122/1870 1094/122/1868
f 1120/122/1871 1115/122/1871 1092/122/1871
f 1092/122/1871 1050/122/1871 1120/122/1871
f 1095/122/1872 1121/122/1873 1117/122/1872
f 1117/122/1872 1093/122/1874 1095/122/1872
f 1119/122/1875 1094/122/1876 1096/122/1876
f 1096/122/1876 1113/122/1877 1119/122/1875
f 1097/122/1878 1122/122/1879 1121/122/1878
f 1121/122/1878 1095/122/1880 1097/122/1878
f 1098/122/1881 1114/122/1882 1113/122/1883
f 1113/122/1883 1096/122/1884 1098/122/1881
f 1123/122/1885 1122/122/1886 1097/122/1885
f 1097/122/1885 1099/122/1885 1123/122/1885
f 1100/122/1887 1124/122/1887 1114/122/1888
f 1114/122/1888 1098/122/1887 1100/122/1887
f 1101/122/1889 1125/122/1890 1123/122/1889
f 1123/122/1889 1099/122/1889 1101/122/1889
f 1126/122/1891 1124/122/1892 1100/122/1893
f 1100/122/1893 1102/122/1891 1126/122/1891
f 1103/122/1894 1127/122/1894 1125/122/1894
f 1125/122/1894 1101/122/1894 1103/122/1894
f 1104/122/1895 1128/122/1896 1126/122/1895
f 1126/122/1895 1102/122/1897 1104/122/1895
f 1129/122/1898 1127/122/1899 1103/122/1900
f 1103/122/1900 1105/122/1901 1129/122/1898
f 1106/122/1902 1130/122/1903 1128/122/1904
f 1128/122/1904 1104/122/1905 1106/122/1902
f 1107/122/1906 1131/122/1907 1129/122/1908
f 1129/122/1908 1105/122/1909 1107/122/1906
f 1132/122/1910 1130/122/1910 1106/122/1910
f 1106/122/1910 1108/122/1910 1132/122/1910
f 1109/122/1911 1133/122/1911 1131/122/1911
f 1131/122/1911 1107/122/1911 1109/122/1911
f 1110/122/1912 1134/122/1913 1132/122/1912
f 1132/122/1912 1108/122/1914 1110/122/1912
f 1135/122/1915 1133/122/1916 1109/122/1915
f 1109/122/1915 1084/122/1917 1135/122/1915
f 1086/122/1918 1136/122/1919 1134/122/1920
f 1134/122/1920 1110/122/1921 1086/122/1918
f 1050/122/1922 1049/122/1923 1137/122/1922
f 1137/122/1922 1120/122/1923 1050/122/1922
f 1083/122/1924 1138/122/1924 1135/122/1924
f 1135/122/1924 1084/122/1925 1083/122/1924
f 1139/122/1926 1136/122/1927 1086/122/1928
f 1086/122/1928 1085/122/1929 1139/122/1926
f 1140/122/1930 1137/122/1931 1049/122/1930
f 1049/122/1930 1087/122/1932 1140/122/1930
f 1088/122/1933 1141/122/1934 1138/122/1933
f 1138/122/1933 1083/122/1935 1088/122/1933
f 1089/122/1936 1142/122/1937 1139/122/1936
f 1139/122/1936 1085/122/1936 1089/122/1936
f 1081/122/1938 1140/122/1939 1087/122/1938
f 1087/122/1938 1082/122/1940 1081/122/1938
f 1116/122/1941 1141/122/1942 1088/122/1941
f 1088/122/1941 1090/122/1943 1116/122/1941
f 1091/122/1944 1118/122/1944 1142/122/1944
f 1142/122/1944 1089/122/1944 1091/122/1944
f 1143/122/1945 1144/122/1946 1145/122/1947
f 1145/122/1947 1146/122/1948 1143/122/1945
f 1123/122/1949 1147/122/1949 1148/122/1950
f 1148/122/1950 1122/122/1949 1123/122/1949
f 1124/122/1951 1149/122/1952 1111/122/1951
f 1111/122/1951 1114/122/1951 1124/122/1951
f 1147/122/1953 1123/122/1954 1125/122/1954
f 1125/122/1954 1150/122/1954 1147/122/1953
f 1126/122/1955 1146/122/1955 1149/122/1955
f 1149/122/1955 1124/122/1955 1126/122/1955
f 1127/122/1956 1151/122/1956 1150/122/1957
f 1150/122/1957 1125/122/1956 1127/122/1956
f 1143/122/1958 1146/122/1958 1126/122/1958
f 1126/122/1958 1128/122/1958 1143/122/1958
f 1129/122/1959 1152/122/1960 1151/122/1959
f 1151/122/1959 1127/122/1961 1129/122/1959
f 1130/122/1962 1153/122/1963 1143/122/1964
f 1143/122/1964 1128/122/1963 1130/122/1962
f 1154/122/1965 1152/122/1966 1129/122/1965
f 1129/122/1965 1131/122/1967 1154/122/1965
f 1132/122/1968 1155/122/1968 1153/122/1968
f 1153/122/1968 1130/122/1968 1132/122/1968
f 1133/122/1969 1156/122/1969 1154/122/1970
f 1154/122/1970 1131/122/1969 1133/122/1969
f 1157/122/1971 1155/122/1972 1132/122/1972
f 1132/122/1972 1134/122/1972 1157/122/1971
f 1135/122/1973 1158/122/1974 1156/122/1974
f 1156/122/1974 1133/122/1974 1135/122/1973
f 1136/122/1975 1159/122/1975 1157/122/1976
f 1157/122/1976 1134/122/1975 1136/122/1975
f 1160/122/1977 1161/122/1977 1120/122/1978
f 1120/122/1978 1137/122/1977 1160/122/1977
f 1162/122/1979 1158/122/1980 1135/122/1981
f 1135/122/1981 1138/122/1980 1162/122/1979
f 1139/122/1982 1163/122/1982 1159/122/1982
f 1159/122/1982 1136/122/1982 1139/122/1982
f 1140/122/1983 1164/122/1984 1160/122/1985
f 1160/122/1985 1137/122/1984 1140/122/1983
f 1141/122/1986 1165/122/1987 1162/122/1987
f 1162/122/1987 1138/122/1987 1141/122/1986
f 1163/122/1988 1139/122/1988 1142/122/1989
f 1142/122/1989 1166/122/1988 1163/122/1988
f 1081/122/1990 1167/122/1991 1164/122/1992
f 1164/122/1992 1140/122/1991 1081/122/1990
f 1116/122/1993 1168/122/1994 1165/122/1995
f 1165/122/1995 1141/122/1994 1116/122/1993
f 1118/122/1996 1169/122/1996 1166/122/1996
f 1166/122/1996 1142/122/1996 1118/122/1996
f 1170/122/1997 1167/122/1997 1081/122/1998
f 1081/122/1998 1080/122/1997 1170/122/1997
f 1171/122/1999 1168/122/1999 1116/122/2000
f 1116/122/2000 1115/122/1999 1171/122/1999
f 1117/122/2001 1172/122/2002 1169/122/2002
f 1169/122/2002 1118/122/2002 1117/122/2001
f 1119/122/2003 1173/122/2003 1170/122/2004
f 1170/122/2004 1080/122/2003 1119/122/2003
f 1161/122/2005 1171/122/2006 1115/122/2007
f 1115/122/2007 1120/122/2006 1161/122/2005
f 1172/122/2008 1117/122/2009 1121/122/2008
f 1121/122/2008 1174/122/2009 1172/122/2008
f 1113/122/2010 1112/122/2011 1173/122/2012
f 1173/122/2012 1119/122/2011 1113/122/2010
f 1122/122/2013 1148/122/2013 1174/122/2014
f 1174/122/2014 1121/122/2013 1122/122/2013
f 1175/122/2015 1176/122/2016 1177/122/2017
f 1177/122/2017 1178/122/2018 1175/122/2015
f 1152/122/2019 1179/122/2019 1180/122/2019
f 1180/122/2019 1151/122/2020 1152/122/2019
f 1181/122/2021 1144/122/2021 1143/122/2022
f 1143/122/2022 1153/122/2023 1181/122/2021
f 1154/122/2024 1182/122/2025 1179/122/2026
f 1179/122/2026 1152/122/2026 1154/122/2024
f 1155/122/2027 1178/122/2028 1181/122/2029
f 1181/122/2029 1153/122/2030 1155/122/2027
f 1182/122/2031 1154/122/2032 1156/122/2031
f 1156/122/2031 1183/122/2033 1182/122/2031
f 1157/122/2034 1175/122/2035 1178/122/2036
f 1178/122/2036 1155/122/2037 1157/122/2034
f 1158/122/2038 1184/122/2038 1183/122/2038
f 1183/122/2038 1156/122/2038 1158/122/2038
f 1175/122/2039 1157/122/2039 1159/122/2040
f 1159/122/2040 1185/122/2041 1175/122/2039
f 1161/122/2042 1160/122/2043 1186/122/2042
f 1186/122/2042 1187/122/2044 1161/122/2042
f 1162/122/2045 1188/122/2045 1184/122/2045
f 1184/122/2045 1158/122/2045 1162/122/2045
f 1163/122/2046 1189/122/2047 1185/122/2048
f 1185/122/2048 1159/122/2049 1163/122/2046
f 1164/122/2050 1190/122/2050 1186/122/2050
f 1186/122/2050 1160/122/2051 1164/122/2050
f 1191/122/2052 1188/122/2053 1162/122/2054
f 1162/122/2054 1165/122/2055 1191/122/2052
f 1166/122/2056 1192/122/2057 1189/122/2057
f 1189/122/2057 1163/122/2056 1166/122/2056
f 1167/122/2058 1193/122/2059 1190/122/2060
f 1190/122/2060 1164/122/2061 1167/122/2058
f 1195/122/2062 1192/122/2063 1166/122/2062
f 1166/122/2062 1169/122/2064 1195/122/2062
f 1170/122/2065 1196/122/2066 1193/122/2067
f 1193/122/2067 1167/122/2068 1170/122/2065
f 1171/122/2069 1197/122/2070 1194/122/2069
f 1194/122/2069 1168/122/2071 1171/122/2069
f 1172/122/2072 1198/122/2073 1195/122/2072
f 1195/122/2072 1169/122/2073 1172/122/2072
f 1196/122/2074 1170/122/2075 1173/122/2076
f 1173/122/2076 1199/122/2077 1196/122/2074
f 1187/122/2078 1197/122/2079 1171/122/2080
f 1171/122/2080 1161/122/2080 1187/122/2078
f 1174/122/2081 1200/122/2081 1198/122/2082
f 1198/122/2082 1172/122/2081 1174/122/2081
f 1112/122/2083 1201/122/2084 1199/122/2084
f 1199/122/2084 1173/122/2084 1112/122/2083
f 1202/122/2085 1200/122/2086 1174/122/2087
f 1174/122/2087 1148/122/2088 1202/122/2085
f 1111/122/2089 1203/122/2090 1201/122/2089
f 1201/122/2089 1112/122/2091 1111/122/2089
f 1147/122/2092 1204/122/2093 1202/122/2093
f 1202/122/2093 1148/122/2092 1147/122/2092
f 1205/122/2094 1203/122/2095 1111/122/2095
f 1111/122/2095 1149/122/2094 1205/122/2094
f 1150/122/2096 1206/122/2096 1204/122/2097
f 1204/122/2097 1147/122/2096 1150/122/2096
f 1146/122/2098 1145/122/2099 1205/122/2100
f 1205/122/2100 1149/122/2101 1146/122/2098
f 1206/122/2102 1150/122/2103 1151/122/2102
f 1151/122/2102 1180/122/2104 1206/122/2102
f 1207/122/2105 1208/122/2105 1209/122/2105
f 1209/122/2105 1210/122/2105 1207/122/2105
f 1183/122/2106 1184/122/2107 1211/122/2108
f 1211/122/2108 1212/122/2109 1183/122/2106
f 1185/122/2110 1213/122/2111 1176/122/2112
f 1176/122/2112 1175/122/2113 1185/122/2110
f 1187/122/2114 1186/122/2114 1214/122/2114
f 1214/122/2114 1215/122/2115 1187/122/2114
f 1211/122/2116 1184/122/2117 1188/122/2117
f 1188/122/2117 1216/122/2116 1211/122/2116
f 1185/122/2118 1189/122/2119 1210/122/2119
f 1210/122/2119 1213/122/2120 1185/122/2118
f 1214/122/2121 1186/122/2122 1190/122/2121
f 1190/122/2121 1217/122/2122 1214/122/2121
f 1191/122/2123 1218/122/2123 1216/122/2123
f 1216/122/2123 1188/122/2123 1191/122/2123
f 1210/122/2124 1189/122/2124 1192/122/2124
f 1192/122/2124 1207/122/2124 1210/122/2124
f 1219/122/2125 1217/122/2126 1190/122/2127
f 1190/122/2127 1193/122/2128 1219/122/2125
f 1191/122/2129 1194/122/2130 1220/122/2131
f 1220/122/2131 1218/122/2132 1191/122/2129
f 1195/122/2133 1221/122/2133 1207/122/2133
f 1207/122/2133 1192/122/2133 1195/122/2133
f 1196/122/2134 1222/122/2134 1219/122/2134
f 1219/122/2134 1193/122/2135 1196/122/2134
f 1220/122/2136 1194/122/2136 1197/122/2136
f 1197/122/2136 1223/122/2136 1220/122/2136
f 1195/122/2137 1198/122/2137 1224/122/2137
f 1224/122/2137 1221/122/2138 1195/122/2137
f 1199/122/2139 1225/122/2140 1222/122/2141
f 1222/122/2141 1196/122/2140 1199/122/2139
f 1197/122/2142 1187/122/2143 1215/122/2144
f 1215/122/2144 1223/122/2142 1197/122/2142
f 1224/122/2145 1198/122/2146 1200/122/2147
f 1200/122/2147 1226/122/2148 1224/122/2145
f 1227/122/2149 1225/122/2150 1199/122/2151
f 1199/122/2151 1201/122/2152 1227/122/2149
f 1202/122/2153 1228/122/2153 1226/122/2153
f 1226/122/2153 1200/122/2153 1202/122/2153
f 1203/122/2154 1229/122/2155 1227/122/2156
f 1227/122/2156 1201/122/2154 1203/122/2154
f 1202/122/2157 1204/122/2158 1230/122/2159
f 1230/122/2159 1228/122/2158 1202/122/2157
f 1205/122/2160 1231/122/2161 1229/122/2162
f 1229/122/2162 1203/122/2163 1205/122/2160
f 1230/122/2164 1204/122/2165 1206/122/2166
f 1206/122/2166 1232/122/2167 1230/122/2164
f 1205/122/2168 1145/122/2169 1233/122/2170
f 1233/122/2170 1231/122/2171 1205/122/2168
f 1180/122/2172 1234/122/2173 1232/122/2172
f 1232/122/2172 1206/122/2174 1180/122/2172
f 1233/122/2175 1145/122/2176 1144/122/2177
f 1144/122/2177 1235/122/2176 1233/122/2175
f 1180/122/2178 1179/122/2179 1236/122/2180
f 1236/122/2180 1234/122/2179 1180/122/2178
f 1237/122/2181 1235/122/2182 1144/122/2183
f 1144/122/2183 1181/122/2182 1237/122/2181
f 1236/122/2184 1179/122/2185 1182/122/2186
f 1182/122/2186 1238/122/2187 1236/122/2184
f 1237/122/2188 1181/122/2188 1178/122/2189
f 1178/122/2189 1177/122/2188 1237/122/2188
f 1183/122/2190 1212/122/2191 1238/122/2190
f 1238/122/2190 1182/122/2192 1183/122/2190
f 1239/122/2193 1240/122/2193 1241/122/2193
f 1241/122/2193 1242/122/2194 1239/122/2193
f 1219/122/2195 1243/122/2195 1244/122/2195
f 1244/122/2195 1217/122/2195 1219/122/2195
f 1220/122/2196 1245/122/2197 1246/122/2197
f 1246/122/2197 1218/122/2197 1220/122/2196
f 1208/122/2198 1207/122/2199 1221/122/2199
f 1221/122/2199 1247/122/2199 1208/122/2198
f 1219/122/2200 1222/122/2200 1248/122/2200
f 1248/122/2200 1243/122/2200 1219/122/2200
f 1223/122/2201 1249/122/2201 1245/122/2202
f 1245/122/2202 1220/122/2201 1223/122/2201
f 1224/122/2203 1242/122/2204 1247/122/2205
f 1247/122/2205 1221/122/2204 1224/122/2203
f 1248/122/2206 1222/122/2206 1225/122/2206
f 1225/122/2206 1250/122/2206 1248/122/2206
f 1251/122/2207 1249/122/2208 1223/122/2208
f 1223/122/2208 1215/122/2208 1251/122/2207
f 1226/122/2209 1239/122/2210 1242/122/2210
f 1242/122/2210 1224/122/2210 1226/122/2209
f 1227/122/2211 1252/122/2211 1250/122/2211
f 1250/122/2211 1225/122/2211 1227/122/2211
f 1239/122/2212 1226/122/2212 1228/122/2212
f 1228/122/2212 1253/122/2212 1239/122/2212
f 1227/122/2213 1229/122/2213 1254/122/2213
f 1254/122/2213 1252/122/2213 1227/122/2213
f 1230/122/2214 1255/122/2215 1253/122/2216
f 1253/122/2216 1228/122/2215 1230/122/2214
f 1254/122/2217 1229/122/2218 1231/122/2218
f 1231/122/2218 1256/122/2218 1254/122/2217
f 1232/122/2219 1257/122/2220 1255/122/2220
f 1255/122/2220 1230/122/2220 1232/122/2219
f 1233/122/2221 1258/122/2221 1256/122/2222
f 1256/122/2222 1231/122/2221 1233/122/2221
f 1257/122/2223 1232/122/2224 1234/122/2225
f 1234/122/2225 1259/122/2224 1257/122/2223
f 1235/122/2226 1260/122/2226 1258/122/2226
f 1258/122/2226 1233/122/2226 1235/122/2226
f 1236/122/2227 1261/122/2228 1259/122/2227
f 1259/122/2227 1234/122/2227 1236/122/2227
f 1235/122/2229 1237/122/2229 1262/122/2229
f 1262/122/2229 1260/122/2229 1235/122/2229
f 1238/122/2230 1263/122/2231 1261/122/2232
f 1261/122/2232 1236/122/2233 1238/122/2230
f 1264/122/2234 1262/122/2234 1237/122/2234
f 1237/122/2234 1177/122/2234 1264/122/2234
f 1263/122/2235 1238/122/2236 1212/122/2237
f 1212/122/2237 1265/122/2236 1263/122/2235
f 1264/122/2238 1177/122/2238 1176/122/2238
f 1176/122/2238 1266/122/2238 1264/122/2238
f 1211/122/2239 1267/122/2240 1265/122/2240
f 1265/122/2240 1212/122/2240 1211/122/2239
f 1266/122/2241 1176/122/2241 1213/122/2241
f 1213/122/2241 1268/122/2241 1266/122/2241
f 1214/122/2242 1269/122/2242 1251/122/2242
f 1251/122/2242 1215/122/2242 1214/122/2242
f 1216/122/2243 1270/122/2244 1267/122/2245
f 1267/122/2245 1211/122/2246 1216/122/2243
f 1210/122/2247 1209/122/2247 1268/122/2247
f 1268/122/2247 1213/122/2247 1210/122/2247
f 1269/122/2248 1214/122/2248 1217/122/2248
f 1217/122/2248 1244/122/2248 1269/122/2248
f 1270/122/2249 1216/122/2250 1218/122/2250
f 1218/122/2250 1246/122/2249 1270/122/2249
f 1271/122/2251 1272/122/2251 1273/122/2252
f 1273/122/2252 1274/122/2251 1271/122/2251
f 1275/122/2253 1250/122/2254 1252/122/2255
f 1252/122/2255 1276/122/2254 1275/122/2253
f 1253/122/2256 1277/122/2257 1240/122/2258
f 1240/122/2258 1239/122/2256 1253/122/2256
f 1254/122/2259 1278/122/2260 1276/122/2261
f 1276/122/2261 1252/122/2262 1254/122/2259
f 1277/122/2263 1253/122/2264 1255/122/2265
f 1255/122/2265 1274/122/2263 1277/122/2263
f 1256/122/2266 1279/122/2267 1278/122/2266
f 1278/122/2266 1254/122/2268 1256/122/2266
f 1257/122/2269 1271/122/2270 1274/122/2271
f 1274/122/2271 1255/122/2272 1257/122/2269
f 1279/122/2273 1256/122/2274 1258/122/2275
f 1258/122/2275 1280/122/2276 1279/122/2273
f 1259/122/2277 1281/122/2278 1271/122/2278
f 1271/122/2278 1257/122/2279 1259/122/2277
f 1260/122/2280 1282/122/2281 1280/122/2282
f 1280/122/2282 1258/122/2283 1260/122/2280
f 1281/122/2284 1259/122/2285 1261/122/2286
f 1261/122/2286 1283/122/2287 1281/122/2284
f 1262/122/2288 1284/122/2289 1282/122/2290
f 1282/122/2290 1260/122/2288 1262/122/2288
f 1263/122/2291 1285/122/2292 1283/122/2291
f 1283/122/2291 1261/122/2293 1263/122/2291
f 1284/122/2294 1262/122/2295 1264/122/2296
f 1264/122/2296 1286/122/2297 1284/122/2294
f 1265/122/2298 1287/122/2299 1285/122/2300
f 1285/122/2300 1263/122/2301 1265/122/2298
f 1266/122/2302 1288/122/2303 1286/122/2304
f 1286/122/2304 1264/122/2305 1266/122/2302
f 1287/122/2306 1265/122/2307 1267/122/2307
f 1267/122/2307 1289/122/2307 1287/122/2306
f 1268/122/2308 1290/122/2309 1288/122/2308
f 1288/122/2308 1266/122/2310 1268/122/2308
f 1251/122/2311 1269/122/2311 1291/122/2312
f 1291/122/2312 1292/122/2312 1251/122/2311
f 1270/122/2313 1293/122/2314 1289/122/2315
f 1289/122/2315 1267/122/2314 1270/122/2313
f 1290/122/2316 1268/122/2317 1209/122/2316
f 1209/122/2316 1294/122/2318 1290/122/2316
f 1244/122/2319 1295/122/2320 1291/122/2321
f 1291/122/2321 1269/122/2322 1244/122/2319
f 1246/122/2323 1296/122/2324 1293/122/2325
f 1293/122/2325 1270/122/2323 1246/122/2323
f 1208/122/2326 1297/122/2327 1294/122/2326
f 1294/122/2326 1209/122/2327 1208/122/2326
f 1295/122/2328 1244/122/2329 1243/122/2330
f 1243/122/2330 1298/122/2331 1295/122/2328
f 1296/122/2332 1246/122/2333 1245/122/2333
f 1245/122/2333 1299/122/2334 1296/122/2332
f 1247/122/2335 1300/122/2335 1297/122/2336
f 1297/122/2336 1208/122/2336 1247/122/2335
f 1248/122/2337 1301/122/2338 1298/122/2339
f 1298/122/2339 1243/122/2339 1248/122/2337
f 1249/122/2340 1302/122/2341 1299/122/2342
f 1300/122/2343 1247/122/2344 1242/122/2343
f 1242/122/2343 1241/122/2345 1300/122/2343
f 1250/122/2346 1275/122/2347 1301/122/2346
f 1301/122/2346 1248/122/2346 1250/122/2346
f 1292/122/2348 1302/122/2349 1249/122/2349
f 1249/122/2349 1251/122/2348 1292/122/2348
f 1303/122/2350 1304/122/2351 1305/122/2352
f 1305/122/2352 1306/122/2353 1303/122/2350
f 1280/122/2354 1307/122/2355 1308/122/2355
f 1308/122/2355 1279/122/2354 1280/122/2354
f 1281/122/2356 1309/122/2356 1272/122/2356
f 1272/122/2356 1271/122/2357 1281/122/2356
f 1282/122/2358 1310/122/2358 1307/122/2358
f 1307/122/2358 1280/122/2358 1282/122/2358
f 1283/122/2359 1306/122/2360 1309/122/2361
f 1309/122/2361 1281/122/2361 1283/122/2359
f 1311/122/2362 1310/122/2363 1282/122/2364
f 1282/122/2364 1284/122/2362 1311/122/2362
f 1285/122/2365 1303/122/2366 1306/122/2365
f 1306/122/2365 1283/122/2367 1285/122/2365
f 1286/122/2368 1312/122/2368 1311/122/2368
f 1311/122/2368 1284/122/2369 1286/122/2368
f 1313/122/2370 1303/122/2370 1285/122/2370
f 1285/122/2370 1287/122/2371 1313/122/2370
f 1312/122/2372 1286/122/2373 1288/122/2373
f 1288/122/2373 1314/122/2374 1312/122/2372
f 1315/122/2375 1313/122/2376 1287/122/2377
f 1287/122/2377 1289/122/2378 1315/122/2375
f 1290/122/2379 1316/122/2380 1314/122/2381
f 1314/122/2381 1288/122/2381 1290/122/2379
f 1317/122/2382 1292/122/2383 1291/122/2382
f 1291/122/2382 1318/122/2384 1317/122/2382
f 1319/122/2385 1315/122/2386 1289/122/2387
f 1289/122/2387 1293/122/2388 1319/122/2385
f 1294/122/2389 1320/122/2389 1316/122/2389
f 1316/122/2389 1290/122/2390 1294/122/2389
f 1318/122/2391 1291/122/2391 1295/122/2391
f 1295/122/2391 1321/122/2392 1318/122/2391
f 1319/122/2393 1293/122/2394 1296/122/2394
f 1296/122/2394 1322/122/2395 1319/122/2393
f 1297/122/2396 1323/122/2396 1320/122/2397
f 1320/122/2397 1294/122/2396 1297/122/2396
f 1298/122/2398 1324/122/2398 1321/122/2398
f 1321/122/2398 1295/122/2399 1298/122/2398
f 1299/122/2400 1325/122/2400 1322/122/2400
f 1322/122/2400 1296/122/2400 1299/122/2400
f 1300/122/2401 1326/122/2401 1323/122/2401
f 1323/122/2401 1297/122/2402 1300/122/2401
f 1324/122/2403 1298/122/2404 1301/122/2405
f 1301/122/2405 1327/122/2406 1324/122/2403
f 1302/122/2407 1328/122/2408 1325/122/2407
f 1325/122/2407 1299/122/2409 1302/122/2407
f 1241/122/2410 1329/122/2410 1326/122/2410
f 1326/122/2410 1300/122/2410 1241/122/2410
f 1275/122/2411 1330/122/2412 1327/122/2411
f 1327/122/2411 1301/122/2413 1275/122/2411
f 1317/122/2414 1328/122/2415 1302/122/2414
f 1302/122/2414 1292/122/2416 1317/122/2414
f 1240/122/2417 1331/122/2417 1329/122/2417
f 1329/122/2417 1241/122/2417 1240/122/2417
f 1276/122/2418 1332/122/2418 1330/122/2419
f 1330/122/2419 1275/122/2418 1276/122/2418
f 1277/122/2420 1333/122/2421 1331/122/2420
f 1331/122/2420 1240/122/2422 1277/122/2420
f 1332/122/2423 1276/122/2423 1278/122/2423
f 1278/122/2423 1334/122/2423 1332/122/2423
f 1274/122/2424 1273/122/2425 1333/122/2425
f 1333/122/2425 1277/122/2426 1274/122/2424
f 1308/122/2427 1334/122/2428 1278/122/2428
f 1278/122/2428 1279/122/2428 1308/122/2427
f 1335/122/2429 1336/122/2430 1337/122/2431
f 1337/122/2431 1338/122/2432 1335/122/2429
f 1339/122/2433 1340/122/2433 1311/122/2433
f 1311/122/2433 1312/122/2433 1339/122/2433
f 1341/122/2434 1304/122/2435 1303/122/2436
f 1303/122/2436 1313/122/2437 1341/122/2434
f 1314/122/2438 1342/122/2438 1339/122/2438
f 1339/122/2438 1312/122/2438 1314/122/2438
f 1343/122/2439 1341/122/2439 1313/122/2440
f 1313/122/2440 1315/122/2439 1343/122/2439
f 1316/122/2441 1344/122/2441 1342/122/2441
f 1342/122/2441 1314/122/2441 1316/122/2441
f 1317/122/2442 1318/122/2442 1345/122/2442
f 1345/122/2442 1346/122/2442 1317/122/2442
f 1319/122/2443 1347/122/2444 1343/122/2445
f 1343/122/2445 1315/122/2444 1319/122/2443
f 1344/122/2446 1316/122/2446 1320/122/2446
f 1320/122/2446 1348/122/2446 1344/122/2446
f 1321/122/2447 1349/122/2447 1345/122/2447
f 1345/122/2447 1318/122/2447 1321/122/2447
f 1347/122/2448 1319/122/2449 1322/122/2449
f 1322/122/2449 1350/122/2449 1347/122/2448
f 1323/122/2450 1351/122/2450 1348/122/2450
f 1348/122/2450 1320/122/2450 1323/122/2450
f 1324/122/2451 1352/122/2451 1349/122/2451
f 1349/122/2451 1321/122/2451 1324/122/2451
f 1353/122/2452 1350/122/2452 1322/122/2452
f 1322/122/2452 1325/122/2452 1353/122/2452
f 1336/122/2453 1351/122/2453 1323/122/2453
f 1323/122/2453 1326/122/2453 1336/122/2453
f 1327/122/2454 1354/122/2454 1352/122/2454
f 1352/122/2454 1324/122/2454 1327/122/2454
f 1328/122/2455 1355/122/2455 1353/122/2455
f 1353/122/2455 1325/122/2455 1328/122/2455
f 1336/122/2456 1326/122/2456 1329/122/2456
f 1329/122/2456 1337/122/2456 1336/122/2456
f 1330/122/2457 1356/122/2457 1354/122/2457
f 1354/122/2457 1327/122/2457 1330/122/2457
f 1346/122/2458 1355/122/2458 1328/122/2458
f 1328/122/2458 1317/122/2458 1346/122/2458
f 1331/122/2459 1357/122/2459 1337/122/2460
f 1337/122/2460 1329/122/2459 1331/122/2459
f 1356/122/2461 1330/122/2462 1332/122/2461
f 1332/122/2461 1358/122/2461 1356/122/2461
f 1357/122/2463 1331/122/2463 1333/122/2463
f 1333/122/2463 1359/122/2463 1357/122/2463
f 1334/122/2464 1360/122/2464 1358/122/2464
f 1358/122/2464 1332/122/2464 1334/122/2464
f 1359/122/2465 1333/122/2465 1273/122/2466
f 1273/122/2466 1361/122/2465 1359/122/2465
f 1362/122/2467 1360/122/2467 1334/122/2468
f 1334/122/2468 1308/122/2467 1362/122/2467
f 1363/122/2469 1361/122/2470 1273/122/2470
f 1273/122/2470 1272/122/2470 1363/122/2469
f 1364/122/2471 1362/122/2471 1308/122/2472
f 1308/122/2472 1307/122/2471 1364/122/2471
f 1309/122/2473 1365/122/2474 1363/122/2474
f 1363/122/2474 1272/122/2474 1309/122/2473
f 1310/122/2475 1366/122/2475 1364/122/2475
f 1364/122/2475 1307/122/2475 1310/122/2475
f 1365/122/2476 1309/122/2477 1306/122/2478
f 1306/122/2478 1305/122/2479 1365/122/2476
f 1310/122/2480 1311/122/2481 1340/122/2480
f 1340/122/2480 1366/122/2480 1310/122/2480
f 1367/122/2482 1368/122/2483 1369/122/2483
f 1369/122/2483 1370/122/2484 1367/122/2482
f 1356/122/2485 1371/122/2486 1372/122/2487
f 1372/122/2487 1354/122/2488 1356/122/2485
f 1355/122/2489 1346/122/2490 1373/122/2490
f 1373/122/2490 1374/122/2490 1355/122/2489
f 1375/122/2491 1338/122/2492 1337/122/2493
f 1337/122/2493 1357/122/2494 1375/122/2491
f 1356/122/2495 1358/122/2495 1376/122/2495
f 1376/122/2495 1371/122/2495 1356/122/2495
f 1359/122/2496 1368/122/2497 1375/122/2498
f 1375/122/2498 1357/122/2497 1359/122/2496
f 1377/122/2499 1376/122/2499 1358/122/2499
f 1358/122/2499 1360/122/2499 1377/122/2499
f 1361/122/2500 1369/122/2501 1368/122/2501
f 1368/122/2501 1359/122/2500 1361/122/2500
f 1362/122/2502 1378/122/2503 1377/122/2504
f 1377/122/2504 1360/122/2505 1362/122/2502
f 1369/122/2506 1361/122/2507 1363/122/2508
f 1363/122/2508 1379/122/2506 1369/122/2506
f 1364/122/2509 1380/122/2510 1378/122/2509
f 1378/122/2509 1362/122/2511 1364/122/2509
f 1365/122/2512 1381/122/2513 1379/122/2514
f 1379/122/2514 1363/122/2513 1365/122/2512
f 1364/122/2515 1366/122/2515 1382/122/2516
f 1382/122/2516 1380/122/2516 1364/122/2515
f 1365/122/2517 1305/122/2517 1383/122/2518
f 1383/122/2518 1381/122/2517 1365/122/2517
f 1340/122/2519 1384/122/2519 1382/122/2519
f 1382/122/2519 1366/122/2519 1340/122/2519
f 1385/122/2520 1383/122/2521 1305/122/2522
f 1305/122/2522 1304/122/2523 1385/122/2520
f 1386/122/2524 1384/122/2524 1340/122/2524
f 1340/122/2524 1339/122/2524 1386/122/2524
f 1385/122/2525 1304/122/2526 1341/122/2527
f 1341/122/2527 1387/122/2528 1385/122/2525
f 1388/122/2529 1386/122/2529 1339/122/2529
f 1339/122/2529 1342/122/2529 1388/122/2529
f 1343/122/2530 1389/122/2531 1387/122/2531
f 1387/122/2531 1341/122/2532 1343/122/2530
f 1342/122/2533 1344/122/2533 1390/122/2533
f 1390/122/2533 1388/122/2533 1342/122/2533
f 1391/122/2534 1373/122/2535 1346/122/2535
f 1346/122/2535 1345/122/2536 1391/122/2534
f 1343/122/2537 1347/122/2537 1392/122/2537
f 1392/122/2537 1389/122/2538 1343/122/2537
f 1390/122/2539 1344/122/2540 1348/122/2540
f 1348/122/2540 1393/122/2541 1390/122/2539
f 1391/122/2542 1345/122/2543 1349/122/2544
f 1349/122/2544 1394/122/2543 1391/122/2542
f 1350/122/2545 1395/122/2546 1392/122/2545
f 1392/122/2545 1347/122/2547 1350/122/2545
f 1348/122/2548 1351/122/2549 1396/122/2548
f 1396/122/2548 1393/122/2550 1348/122/2548
f 1349/122/2551 1352/122/2551 1397/122/2551
f 1397/122/2551 1394/122/2551 1349/122/2551
f 1398/122/2552 1395/122/2553 1350/122/2554
f 1350/122/2554 1353/122/2555 1398/122/2552
f 1336/122/2556 1335/122/2556 1396/122/2556
f 1396/122/2556 1351/122/2557 1336/122/2556
f 1372/122/2558 1397/122/2559 1352/122/2559
f 1352/122/2559 1354/122/2559 1372/122/2558
f 1374/122/2560 1398/122/2561 1353/122/2561
f 1353/122/2561 1355/122/2561 1374/122/2560
f 1399/122/2562 1400/122/2563 1401/122/2564
f 1401/122/2564 1402/122/2563 1399/122/2562
f 1403/122/2565 1377/122/2566 1378/122/2567
f 1378/122/2567 1404/122/2568 1403/122/2565
f 1369/122/2569 1379/122/2570 1405/122/2571
f 1405/122/2571 1370/122/2571 1369/122/2569
f 1406/122/2572 1404/122/2573 1378/122/2574
f 1378/122/2574 1380/122/2575 1406/122/2572
f 1400/122/2576 1405/122/2577 1379/122/2578
f 1379/122/2578 1381/122/2579 1400/122/2576
f 1380/122/2580 1382/122/2581 1407/122/2582
f 1407/122/2582 1406/122/2583 1380/122/2580
f 1383/122/2584 1401/122/2585 1400/122/2586
f 1400/122/2586 1381/122/2587 1383/122/2584
f 1408/122/2588 1407/122/2589 1382/122/2588
f 1382/122/2588 1384/122/2590 1408/122/2588
f 1385/122/2591 1409/122/2592 1401/122/2593
f 1401/122/2593 1383/122/2594 1385/122/2591
f 1386/122/2595 1410/122/2596 1408/122/2597
f 1408/122/2597 1384/122/2598 1386/122/2595
f 1409/122/2599 1385/122/2600 1387/122/2601
f 1387/122/2601 1411/122/2602 1409/122/2599
f 1388/122/2603 1412/122/2604 1410/122/2604
f 1410/122/2604 1386/122/2605 1388/122/2603
f 1411/122/2606 1387/122/2607 1389/122/2608
f 1389/122/2608 1413/122/2609 1411/122/2606
f 1412/122/2610 1388/122/2610 1390/122/2611
f 1390/122/2611 1414/122/2610 1412/122/2610
f 1415/122/2612 1416/122/2613 1373/122/2613
f 1373/122/2613 1391/122/2612 1415/122/2612
f 1389/122/2614 1392/122/2615 1417/122/2616
f 1417/122/2616 1413/122/2616 1389/122/2614
f 1418/122/2617 1414/122/2618 1390/122/2619
f 1390/122/2619 1393/122/2618 1418/122/2617
f 1419/122/2620 1415/122/2621 1391/122/2622
f 1391/122/2622 1394/122/2623 1419/122/2620
f 1420/122/2624 1417/122/2625 1392/122/2624
f 1392/122/2624 1395/122/2624 1420/122/2624
f 1393/122/2626 1396/122/2626 1421/122/2626
f 1421/122/2626 1418/122/2626 1393/122/2626
f 1397/122/2627 1422/122/2627 1419/122/2628
f 1419/122/2628 1394/122/2628 1397/122/2627
f 1398/122/2629 1423/122/2630 1420/122/2631
f 1420/122/2631 1395/122/2629 1398/122/2629
f 1424/122/2632 1421/122/2632 1396/122/2632
f 1396/122/2632 1335/122/2632 1424/122/2632
f 1422/122/2633 1397/122/2634 1372/122/2633
f 1372/122/2633 1425/122/2634 1422/122/2633
f 1374/122/2635 1426/122/2635 1423/122/2635
f 1423/122/2635 1398/122/2636 1374/122/2635
f 1338/122/2637 1427/122/2638 1424/122/2637
f 1424/122/2637 1335/122/2638 1338/122/2637
f 1428/122/2639 1425/122/2640 1372/122/2641
f 1372/122/2641 1371/122/2639 1428/122/2639
f 1426/122/2642 1374/122/2643 1373/122/2642
f 1373/122/2642 1416/122/2643 1426/122/2642
f 1375/122/2644 1429/122/2644 1427/122/2644
f 1427/122/2644 1338/122/2644 1375/122/2644
f 1376/122/2645 1430/122/2646 1428/122/2647
f 1428/122/2647 1371/122/2648 1376/122/2645
f 1429/122/2649 1375/122/2649 1368/122/2649
f 1368/122/2649 1367/122/2650 1429/122/2649
f 1377/122/2651 1403/122/2652 1430/122/2653
f 1430/122/2653 1376/122/2654 1377/122/2651
f 1442/122/2655 1402/122/2656 1401/122/2657
f 1401/122/2657 1409/122/2656 1442/122/2655
f 1409/122/2658 1411/122/2658 1443/122/2658
f 1443/122/2658 1442/122/2658 1409/122/2658
f 1444/122/2659 1443/122/2659 1411/122/2660
f 1411/122/2660 1413/122/2659 1444/122/2659
f 1431/122/2661 1449/122/2661 1416/122/2661
f 1416/122/2661 1415/122/2661 1431/122/2661
f 1417/122/2662 1445/122/2662 1444/122/2662
f 1444/122/2662 1413/122/2662 1417/122/2662
f 1434/122/2663 1433/122/2663 1414/122/2663
f 1414/122/2663 1418/122/2663 1434/122/2663
f 1415/122/2664 1419/122/2664 1432/122/2664
f 1432/122/2664 1431/122/2664 1415/122/2664
f 1420/122/2665 1446/122/2665 1445/122/2665
f 1445/122/2665 1417/122/2665 1420/122/2665
f 1421/122/2666 1435/122/2666 1434/122/2666
f 1434/122/2666 1418/122/2666 1421/122/2666
f 1446/122/2667 1420/122/2667 1423/122/2668
f 1423/122/2668 1447/122/2667 1446/122/2667
f 1424/122/2669 1436/122/2669 1435/122/2669
f 1435/122/2669 1421/122/2669 1424/122/2669
f 1448/122/2670 1447/122/2670 1423/122/2670
f 1423/122/2670 1426/122/2670 1448/122/2670
f 1436/122/2671 1424/122/2671 1427/122/2671
f 1427/122/2671 1437/122/2671 1436/122/2671
f 1416/122/2672 1449/122/2672 1448/122/2672
f 1448/122/2672 1426/122/2672 1416/122/2672
f 1438/122/2673 1437/122/2673 1427/122/2673
f 1427/122/2673 1429/122/2673 1438/122/2673
f 1429/122/2674 1367/122/2674 1439/122/2674
f 1439/122/2674 1438/122/2674 1429/122/2674
f 1440/122/2675 1439/122/2675 1367/122/2675
f 1367/122/2675 1370/122/2675 1440/122/2675
f 1405/122/2676 1441/122/2677 1440/122/2678
f 1440/122/2678 1370/122/2677 1405/122/2676
f 1400/122/2679 1399/122/2680 1441/122/2681
f 1441/122/2681 1405/122/2680 1400/122/2679
o C_rculo_014_C_rculo_015.001
v 0.029453 0.158563 0.466585
v -0.064047 0.158563 0.457385
v -0.153947 0.158563 0.430085
v -0.236847 0.158563 0.385885
v -0.309447 0.158563 0.326185
v -0.369047 0.158563 0.253585
v -0.413347 0.158563 0.170685
v -0.440647 0.158563 0.080785
v -0.449847 0.158563 -0.012715
v -0.440647 0.158563 -0.106215
v -0.413347 0.158563 -0.196115
v -0.369047 0.158563 -0.279015
v -0.309447 0.158563 -0.351715
v -0.236847 0.158563 -0.411315
v -0.153947 0.158563 -0.455615
v -0.064047 0.158563 -0.482815
v 0.029453 0.158563 -0.492015
v 0.123053 0.158563 -0.482815
v 0.212953 0.158563 -0.455615
v 0.295753 0.158563 -0.411315
v 0.368453 0.158563 -0.351715
v 0.428053 0.158563 -0.279015
v 0.472353 0.158563 -0.196115
v 0.499653 0.158563 -0.106215
v 0.508853 0.158563 -0.012715
v 0.499653 0.158563 0.080785
v 0.472353 0.158563 0.170685
v 0.428053 0.158563 0.253585
v 0.368453 0.158563 0.326185
v 0.123053 0.158563 0.457385
v 0.295753 0.158563 0.385885
v 0.212953 0.158563 0.430085
v -0.475447 0.137163 0.087685
v -0.475447 0.036363 0.087685
v -0.485347 0.036363 -0.012715
v -0.485347 0.137163 -0.012715
v -0.167547 0.137163 0.462985
v -0.256547 0.137163 0.415385
v -0.070947 0.137163 -0.517715
v 0.029453 0.137163 -0.527615
v 0.393553 0.137163 0.351385
v 0.315553 0.137163 0.415385
v -0.070947 0.137163 0.492285
v -0.167547 0.137163 -0.488415
v 0.457553 0.137163 0.273285
v 0.029453 0.137163 0.502185
v -0.256547 0.137163 -0.440815
v 0.505153 0.137163 0.184285
v -0.334547 0.137163 -0.376815
v 0.534453 0.137163 0.087685
v -0.398547 0.137163 -0.298715
v 0.544353 0.137163 -0.012715
v -0.446147 0.137163 -0.209715
v 0.534453 0.137163 -0.113115
v -0.475447 0.137163 -0.113115
v 0.505153 0.137163 -0.209715
v 0.457553 0.137163 -0.298715
v 0.393553 0.137163 -0.376815
v -0.446147 0.137163 0.184285
v 0.315553 0.137163 -0.440815
v -0.398547 0.137163 0.273285
v 0.226553 0.137163 -0.488415
v 0.129953 0.137163 0.492285
v -0.334547 0.137163 0.351385
v 0.129953 0.137163 -0.517715
v 0.226553 0.137163 0.462985
v 0.129953 0.036363 0.492285
v 0.226553 0.036363 0.462985
v 0.315553 0.036363 0.415385
v 0.393553 0.036363 0.351385
v 0.457553 0.036363 0.273285
v 0.505153 0.036363 0.184285
v 0.534453 0.036363 0.087685
v 0.544353 0.036363 -0.012715
v 0.534453 0.036363 -0.113115
v 0.505153 0.036363 -0.209715
v 0.457553 0.036363 -0.298715
v 0.393553 0.036363 -0.376815
v 0.315553 0.036363 -0.440815
v 0.226553 0.036363 -0.488415
v 0.129953 0.036363 -0.517715
v 0.029453 0.036363 -0.527615
v -0.070947 0.036363 -0.517715
v -0.167547 0.036363 -0.488415
v -0.256547 0.036363 -0.440815
v -0.334547 0.036363 -0.376815
v -0.398547 0.036363 -0.298715
v -0.446147 0.036363 -0.209715
v -0.475447 0.036363 -0.113115
v -0.446147 0.036363 0.184285
v -0.398547 0.036363 0.273285
v -0.334547 0.036363 0.351385
v -0.256547 0.036363 0.415385
v -0.167547 0.036363 0.462985
v -0.070947 0.036363 0.492285
v 0.029453 0.036363 0.502185
vn -0.0000 -1.0000 -0.0000
vn 0.9952 -0.0000 -0.0981
vn 0.9952 -0.0000 -0.0977
vn 0.2439 -0.8557 -0.4563
vn 0.2439 -0.8559 -0.4560
vn 0.2440 -0.8556 -0.4564
vn 0.2440 -0.8557 -0.4564
vn 0.0507 -0.8557 0.5150
vn 0.0507 -0.8556 0.5152
vn 0.0506 -0.8560 0.5145
vn -0.3284 -0.8556 -0.4001
vn -0.3283 -0.8558 -0.3998
vn -0.3283 -0.8557 -0.3999
vn -0.3284 -0.8556 -0.4002
vn 0.1502 -0.8558 -0.4950
vn 0.1502 -0.8558 -0.4951
vn 0.1502 -0.8557 -0.4952
vn 0.1502 -0.8555 0.4956
vn 0.1502 -0.8557 0.4953
vn 0.1503 -0.8556 0.4953
vn 0.1502 -0.8556 0.4953
vn -0.4001 -0.8556 -0.3284
vn -0.4000 -0.8557 -0.3283
vn -0.4002 -0.8556 -0.3284
vn -0.3999 -0.8557 -0.3283
vn 0.0507 -0.8559 -0.5147
vn 0.0507 -0.8557 -0.5149
vn 0.0508 -0.8557 -0.5150
vn 0.0508 -0.8558 -0.5147
vn 0.2441 -0.8555 0.4566
vn 0.2442 -0.8555 0.4566
vn 0.2441 -0.8555 0.4567
vn 0.2440 -0.8556 0.4566
vn -0.4564 -0.8557 -0.2440
vn -0.4565 -0.8556 -0.2440
vn 0.3284 -0.8556 0.4001
vn 0.3283 -0.8556 0.4001
vn 0.3284 -0.8556 0.4002
vn -0.4956 -0.8555 -0.1503
vn -0.4955 -0.8555 -0.1502
vn -0.4955 -0.8555 -0.1503
vn -0.4954 -0.8555 -0.1503
vn 0.4001 -0.8556 0.3283
vn 0.4000 -0.8557 0.3283
vn 0.3999 -0.8557 0.3283
vn -0.5151 -0.8556 -0.0507
vn -0.5152 -0.8556 -0.0507
vn -0.5156 -0.8553 -0.0507
vn 0.4565 -0.8556 0.2440
vn 0.4568 -0.8554 0.2443
vn 0.4566 -0.8555 0.2441
vn 0.4564 -0.8557 0.2440
vn -0.5153 -0.8555 0.0507
vn -0.5156 -0.8553 0.0507
vn -0.5152 -0.8556 0.0507
vn -0.5151 -0.8556 0.0507
vn 0.4954 -0.8556 0.1503
vn 0.4953 -0.8557 0.1502
vn 0.4953 -0.8556 0.1503
vn -0.4953 -0.8556 0.1502
vn -0.4954 -0.8555 0.1503
vn -0.4954 -0.8556 0.1503
vn 0.5153 -0.8555 0.0507
vn 0.5151 -0.8556 0.0507
vn -0.4564 -0.8557 0.2440
vn -0.4569 -0.8554 0.2441
vn 0.5152 -0.8556 -0.0507
vn 0.5151 -0.8556 -0.0507
vn -0.4000 -0.8557 0.3283
vn -0.4001 -0.8556 0.3283
vn 0.4953 -0.8556 -0.1502
vn 0.4952 -0.8557 -0.1502
vn 0.4954 -0.8556 -0.1503
vn -0.3284 -0.8555 0.4003
vn -0.3284 -0.8556 0.4002
vn -0.3283 -0.8555 0.4003
vn 0.4566 -0.8556 -0.2441
vn 0.4563 -0.8557 -0.2440
vn 0.4565 -0.8556 -0.2440
vn 0.4569 -0.8554 -0.2441
vn -0.2441 -0.8556 0.4565
vn -0.2443 -0.8554 0.4568
vn -0.2443 -0.8554 0.4567
vn -0.2441 -0.8556 0.4564
vn -0.0507 -0.8557 -0.5150
vn -0.0507 -0.8557 -0.5149
vn -0.0507 -0.8555 -0.5153
vn 0.4001 -0.8557 -0.3281
vn 0.4003 -0.8557 -0.3280
vn 0.4000 -0.8557 -0.3282
vn -0.1501 -0.8557 0.4953
vn -0.1502 -0.8558 0.4951
vn -0.1502 -0.8557 0.4952
vn -0.1502 -0.8557 0.4953
vn -0.1502 -0.8557 -0.4952
vn -0.1502 -0.8556 -0.4953
vn -0.1501 -0.8559 -0.4948
vn -0.1502 -0.8558 -0.4950
vn 0.3284 -0.8557 -0.3998
vn 0.3283 -0.8556 -0.4001
vn 0.3286 -0.8556 -0.3999
vn 0.3285 -0.8558 -0.3995
vn -0.0507 -0.8559 0.5146
vn -0.0507 -0.8558 0.5148
vn -0.0506 -0.8559 0.5147
vn -0.0506 -0.8558 0.5148
vn -0.2441 -0.8556 -0.4565
vn -0.2439 -0.8557 -0.4564
vn -0.2438 -0.8558 -0.4562
vn -0.2439 -0.8558 -0.4563
vn -0.0000 1.0000 -0.0000
vn -0.7729 -0.0000 0.6346
vn 0.9569 -0.0000 -0.2903
vn -0.6343 -0.0000 0.7731
vn 0.8818 -0.0000 -0.4716
vn -0.4716 -0.0000 0.8818
vn -0.0980 -0.0000 -0.9952
vn 0.7730 -0.0000 -0.6343
vn 0.7735 -0.0000 -0.6338
vn 0.7732 -0.0000 -0.6342
vn -0.2903 -0.0000 0.9569
vn -0.2903 -0.0000 -0.9569
vn 0.6343 -0.0000 -0.7731
vn -0.0980 -0.0000 0.9952
vn -0.4716 -0.0000 -0.8818
vn 0.4716 -0.0000 -0.8818
vn 0.0978 -0.0000 0.9952
vn 0.0977 -0.0000 0.9952
vn -0.6343 -0.0000 -0.7731
vn 0.2903 -0.0000 -0.9569
vn 0.2903 -0.0000 0.9569
vn -0.7730 -0.0000 -0.6343
vn -0.7735 -0.0000 -0.6338
vn -0.7732 -0.0000 -0.6342
vn 0.0981 -0.0000 -0.9952
vn 0.0977 -0.0000 -0.9952
vn 0.4716 -0.0000 0.8818
vn -0.8818 -0.0000 -0.4716
vn 0.6343 -0.0000 0.7731
vn -0.9569 -0.0000 -0.2903
vn 0.7729 -0.0000 0.6346
vn -0.9952 -0.0000 -0.0981
vn 0.8818 -0.0000 0.4716
vn -0.9952 -0.0000 0.0981
vn 0.9569 -0.0000 0.2903
vn -0.9569 -0.0000 0.2903
vn 0.9952 -0.0000 0.0978
vn 0.9952 -0.0000 0.0977
vn -0.8818 -0.0000 0.4716
vt 0.000000 0.000000
s 1
usemtl Goddard_None
f 1450/123/2682 1451/123/2682 1452/123/2682
f 1452/123/2682 1453/123/2682 1454/123/2682
f 1450/123/2682 1452/123/2682 1454/123/2682
f 1454/123/2682 1455/123/2682 1456/123/2682
f 1458/123/2682 1459/123/2682 1460/123/2682
f 1460/123/2682 1461/123/2682 1462/123/2682
f 1462/123/2682 1463/123/2682 1464/123/2682
f 1464/123/2682 1465/123/2682 1466/123/2682
f 1462/123/2682 1464/123/2682 1466/123/2682
f 1470/123/2682 1471/123/2682 1472/123/2682
f 1479/123/2682 1450/123/2682 1478/123/2682
f 1482/123/2683 1483/123/2683 1484/123/2683
f 1484/123/2683 1485/123/2684 1482/123/2683
f 1452/123/2685 1486/123/2686 1487/123/2687
f 1487/123/2687 1453/123/2688 1452/123/2685
f 1465/123/2689 1488/123/2690 1489/123/2690
f 1489/123/2690 1466/123/2691 1465/123/2689
f 1480/123/2692 1478/123/2693 1490/123/2694
f 1490/123/2694 1491/123/2695 1480/123/2692
f 1451/123/2696 1492/123/2697 1486/123/2698
f 1486/123/2698 1452/123/2698 1451/123/2696
f 1464/123/2699 1493/123/2700 1488/123/2701
f 1488/123/2701 1465/123/2702 1464/123/2699
f 1477/123/2703 1494/123/2704 1490/123/2705
f 1490/123/2705 1478/123/2706 1477/123/2703
f 1451/123/2707 1450/123/2708 1495/123/2709
f 1495/123/2709 1492/123/2710 1451/123/2707
f 1463/123/2711 1496/123/2712 1493/123/2713
f 1493/123/2713 1464/123/2714 1463/123/2711
f 1497/123/2715 1494/123/2716 1477/123/2715
f 1477/123/2715 1476/123/2715 1497/123/2715
f 1462/123/2717 1498/123/2718 1496/123/2719
f 1496/123/2719 1463/123/2717 1462/123/2717
f 1475/123/2720 1499/123/2721 1497/123/2722
f 1497/123/2722 1476/123/2723 1475/123/2720
f 1461/123/2724 1500/123/2725 1498/123/2725
f 1498/123/2725 1462/123/2726 1461/123/2724
f 1501/123/2727 1499/123/2727 1475/123/2728
f 1475/123/2728 1474/123/2729 1501/123/2727
f 1460/123/2730 1502/123/2731 1500/123/2732
f 1500/123/2732 1461/123/2733 1460/123/2730
f 1501/123/2734 1474/123/2735 1473/123/2736
f 1473/123/2736 1503/123/2737 1501/123/2734
f 1459/123/2738 1504/123/2739 1502/123/2738
f 1502/123/2738 1460/123/2740 1459/123/2738
f 1473/123/2741 1472/123/2742 1505/123/2743
f 1505/123/2743 1503/123/2741 1473/123/2741
f 1458/123/2744 1485/123/2745 1504/123/2745
f 1504/123/2745 1459/123/2744 1458/123/2744
f 1471/123/2746 1506/123/2746 1505/123/2746
f 1505/123/2746 1472/123/2747 1471/123/2746
f 1457/123/2748 1482/123/2749 1485/123/2749
f 1485/123/2749 1458/123/2748 1457/123/2748
f 1470/123/2750 1507/123/2750 1506/123/2751
f 1506/123/2751 1471/123/2750 1470/123/2750
f 1456/123/2752 1508/123/2753 1482/123/2754
f 1482/123/2754 1457/123/2753 1456/123/2752
f 1469/123/2755 1509/123/2756 1507/123/2755
f 1507/123/2755 1470/123/2757 1469/123/2755
f 1455/123/2758 1510/123/2759 1508/123/2760
f 1508/123/2760 1456/123/2761 1455/123/2758
f 1468/123/2762 1511/123/2763 1509/123/2764
f 1509/123/2764 1469/123/2765 1468/123/2762
f 1495/123/2766 1450/123/2767 1479/123/2766
f 1479/123/2766 1512/123/2768 1495/123/2766
f 1454/123/2769 1513/123/2770 1510/123/2769
f 1510/123/2769 1455/123/2771 1454/123/2769
f 1467/123/2772 1514/123/2773 1511/123/2774
f 1511/123/2774 1468/123/2775 1467/123/2772
f 1512/123/2776 1479/123/2777 1481/123/2778
f 1481/123/2778 1515/123/2779 1512/123/2776
f 1453/123/2780 1487/123/2781 1513/123/2782
f 1513/123/2782 1454/123/2783 1453/123/2780
f 1466/123/2784 1489/123/2785 1514/123/2786
f 1514/123/2786 1467/123/2787 1466/123/2784
f 1515/123/2788 1481/123/2789 1480/123/2790
f 1480/123/2790 1491/123/2791 1515/123/2788
f 1516/123/2792 1517/123/2792 1518/123/2792
f 1518/123/2792 1519/123/2792 1520/123/2792
f 1516/123/2792 1518/123/2792 1520/123/2792
f 1520/123/2792 1521/123/2792 1522/123/2792
f 1520/123/2792 1522/123/2792 1523/123/2792
f 1516/123/2792 1520/123/2792 1523/123/2792
f 1516/123/2792 1523/123/2792 1524/123/2792
f 1524/123/2792 1525/123/2792 1526/123/2792
f 1526/123/2792 1527/123/2792 1528/123/2792
f 1524/123/2792 1526/123/2792 1528/123/2792
f 1528/123/2792 1529/123/2792 1530/123/2792
f 1530/123/2792 1531/123/2792 1532/123/2792
f 1528/123/2792 1530/123/2792 1532/123/2792
f 1524/123/2792 1528/123/2792 1532/123/2792
f 1532/123/2792 1533/123/2792 1534/123/2792
f 1534/123/2792 1535/123/2792 1536/123/2792
f 1532/123/2792 1534/123/2792 1536/123/2792
f 1536/123/2792 1537/123/2792 1538/123/2792
f 1538/123/2792 1484/123/2792 1483/123/2792
f 1536/123/2792 1538/123/2792 1483/123/2792
f 1532/123/2792 1536/123/2792 1483/123/2792
f 1524/123/2792 1532/123/2792 1483/123/2792
f 1483/123/2792 1539/123/2792 1540/123/2792
f 1540/123/2792 1541/123/2792 1542/123/2792
f 1483/123/2792 1540/123/2792 1542/123/2792
f 1542/123/2792 1543/123/2792 1544/123/2792
f 1542/123/2792 1544/123/2792 1545/123/2792
f 1483/123/2792 1542/123/2792 1545/123/2792
f 1524/123/2792 1483/123/2792 1545/123/2792
f 1516/123/2792 1524/123/2792 1545/123/2792
f 1507/123/2793 1527/123/2793 1526/123/2793
f 1526/123/2793 1506/123/2793 1507/123/2793
f 1508/123/2794 1539/123/2794 1483/123/2794
f 1483/123/2794 1482/123/2794 1508/123/2794
f 1509/123/2795 1528/123/2795 1527/123/2795
f 1527/123/2795 1507/123/2795 1509/123/2795
f 1510/123/2796 1540/123/2796 1539/123/2796
f 1539/123/2796 1508/123/2796 1510/123/2796
f 1511/123/2797 1529/123/2797 1528/123/2797
f 1528/123/2797 1509/123/2797 1511/123/2797
f 1512/123/2798 1516/123/2798 1545/123/2798
f 1545/123/2798 1495/123/2798 1512/123/2798
f 1513/123/2799 1541/123/2800 1540/123/2799
f 1540/123/2799 1510/123/2801 1513/123/2799
f 1514/123/2802 1530/123/2802 1529/123/2802
f 1529/123/2802 1511/123/2802 1514/123/2802
f 1515/123/2803 1517/123/2803 1516/123/2803
f 1516/123/2803 1512/123/2803 1515/123/2803
f 1487/123/2804 1542/123/2804 1541/123/2804
f 1541/123/2804 1513/123/2804 1487/123/2804
f 1489/123/2805 1531/123/2805 1530/123/2805
f 1530/123/2805 1514/123/2805 1489/123/2805
f 1491/123/2806 1518/123/2806 1517/123/2806
f 1517/123/2806 1515/123/2806 1491/123/2806
f 1486/123/2807 1543/123/2807 1542/123/2807
f 1542/123/2807 1487/123/2807 1486/123/2807
f 1488/123/2808 1532/123/2809 1531/123/2808
f 1531/123/2808 1489/123/2809 1488/123/2808
f 1490/123/2810 1519/123/2810 1518/123/2810
f 1518/123/2810 1491/123/2810 1490/123/2810
f 1492/123/2811 1544/123/2811 1543/123/2811
f 1543/123/2811 1486/123/2811 1492/123/2811
f 1493/123/2812 1533/123/2812 1532/123/2812
f 1532/123/2812 1488/123/2812 1493/123/2812
f 1494/123/2813 1520/123/2814 1519/123/2813
f 1519/123/2813 1490/123/2815 1494/123/2813
f 1492/123/2816 1495/123/2817 1545/123/2816
f 1545/123/2816 1544/123/2816 1492/123/2816
f 1496/123/2818 1534/123/2818 1533/123/2818
f 1533/123/2818 1493/123/2818 1496/123/2818
f 1497/123/2819 1521/123/2819 1520/123/2819
f 1520/123/2819 1494/123/2819 1497/123/2819
f 1498/123/2820 1535/123/2820 1534/123/2820
f 1534/123/2820 1496/123/2820 1498/123/2820
f 1499/123/2821 1522/123/2821 1521/123/2821
f 1521/123/2821 1497/123/2821 1499/123/2821
f 1500/123/2822 1536/123/2822 1535/123/2822
f 1535/123/2822 1498/123/2822 1500/123/2822
f 1501/123/2823 1523/123/2823 1522/123/2823
f 1522/123/2823 1499/123/2823 1501/123/2823
f 1502/123/2824 1537/123/2824 1536/123/2824
f 1536/123/2824 1500/123/2824 1502/123/2824
f 1503/123/2825 1524/123/2825 1523/123/2825
f 1523/123/2825 1501/123/2825 1503/123/2825
f 1504/123/2826 1538/123/2826 1537/123/2826
f 1537/123/2826 1502/123/2826 1504/123/2826
f 1505/123/2827 1525/123/2827 1524/123/2827
f 1524/123/2827 1503/123/2827 1505/123/2827
f 1485/123/2828 1484/123/2829 1538/123/2828
f 1538/123/2828 1504/123/2829 1485/123/2828
f 1506/123/2830 1526/123/2830 1525/123/2830
f 1525/123/2830 1505/123/2830 1506/123/2830
o C_rculo_015_C_rculo_016.001
v 0.030753 0.336463 0.364985
v -0.042847 0.336463 0.357785
v -0.113647 0.336463 0.336285
v -0.178947 0.336463 0.301385
v -0.236147 0.336463 0.254485
v -0.283047 0.336463 0.197285
v -0.317947 0.336463 0.132085
v -0.339347 0.336463 0.061285
v -0.346647 0.336463 -0.012315
v -0.339347 0.336463 -0.086015
v -0.317947 0.336463 -0.156815
v -0.283047 0.336463 -0.222015
v -0.236147 0.336463 -0.279215
v -0.178947 0.336463 -0.326115
v -0.113647 0.336463 -0.361015
v -0.042847 0.336463 -0.382515
v 0.030753 0.336463 -0.389715
v 0.104353 0.336463 -0.382515
v 0.175153 0.336463 -0.361015
v 0.240353 0.336463 -0.326115
v 0.297553 0.336463 -0.279215
v 0.344553 0.336463 -0.222015
v 0.379353 0.336463 -0.156815
v 0.400853 0.336463 -0.086015
v 0.408153 0.336463 -0.012315
v 0.400853 0.336463 0.061285
v 0.379353 0.336463 0.132085
v 0.344553 0.336463 0.197285
v 0.297553 0.336463 0.254485
v 0.104353 0.336463 0.357785
v 0.240353 0.336463 0.301385
v 0.175153 0.336463 0.336285
v 0.123753 0.157263 0.455385
v 0.213253 0.157263 0.428185
v 0.295653 0.157263 0.384185
v 0.367953 0.157263 0.324785
v 0.427253 0.157263 0.252585
v 0.471253 0.157263 0.170085
v 0.498453 0.157263 0.080685
v 0.507553 0.157263 -0.012315
v 0.498453 0.157263 -0.105415
v 0.471253 0.157263 -0.194815
v 0.427253 0.157263 -0.277315
v 0.367953 0.157263 -0.349515
v 0.295653 0.157263 -0.408815
v 0.213253 0.157263 -0.452915
v 0.123753 0.157263 -0.480015
v 0.030753 0.157263 -0.489215
v -0.062247 0.157263 -0.480015
v -0.151747 0.157263 -0.452915
v -0.234147 0.157263 -0.408815
v -0.306447 0.157263 -0.349515
v -0.365747 0.157263 -0.277315
v -0.409847 0.157263 -0.194815
v -0.436947 0.157263 -0.105415
v -0.446147 0.157263 -0.012315
v -0.436947 0.157263 0.080685
v -0.409847 0.157263 0.170085
v -0.365747 0.157263 0.252585
v -0.306447 0.157263 0.324785
v -0.234147 0.157263 0.384185
v -0.151747 0.157263 0.428185
v -0.062247 0.157263 0.455385
v 0.030753 0.157263 0.464485
vn -0.8376 -0.4835 -0.2541
vn -0.8376 -0.4836 -0.2541
vn -0.8376 -0.4835 -0.2542
vn -0.8376 -0.4835 -0.2544
vn 0.6766 -0.4836 0.5553
vn 0.6765 -0.4835 0.5554
vn 0.6765 -0.4836 0.5553
vn -0.8711 -0.4836 -0.0855
vn -0.8711 -0.4836 -0.0856
vn -0.8711 -0.4835 -0.0858
vn -0.8711 -0.4836 -0.0858
vn 0.7718 -0.4836 0.4130
vn 0.7719 -0.4837 0.4126
vn 0.7718 -0.4838 0.4127
vn 0.7717 -0.4836 0.4131
vn -0.8711 -0.4836 0.0857
vn -0.8711 -0.4836 0.0858
vn 0.8376 -0.4837 0.2540
vn 0.8376 -0.4837 0.2539
vn 0.8375 -0.4837 0.2542
vn 0.8376 -0.4836 0.2541
vn -0.8376 -0.4835 0.2541
vn -0.8376 -0.4835 0.2544
vn -0.8375 -0.4836 0.2544
vn -0.8376 -0.4836 0.2541
vn 0.8711 -0.4836 0.0858
vn 0.8711 -0.4836 0.0856
vn 0.8711 -0.4836 0.0857
vn -0.7720 -0.4836 0.4125
vn -0.7719 -0.4836 0.4127
vn 0.8711 -0.4836 -0.0859
vn 0.8710 -0.4837 -0.0862
vn 0.8711 -0.4836 -0.0858
vn -0.6766 -0.4836 0.5553
vn -0.6764 -0.4836 0.5555
vn 0.8376 -0.4836 -0.2541
vn 0.8376 -0.4836 -0.2542
vn -0.5550 -0.4836 0.6768
vn -0.5551 -0.4836 0.6768
vn -0.5553 -0.4836 0.6766
vn 0.7718 -0.4835 -0.4130
vn 0.7719 -0.4836 -0.4126
vn 0.7719 -0.4835 -0.4127
vn 0.7719 -0.4835 -0.4128
vn -0.4126 -0.4836 0.7719
vn -0.4127 -0.4836 0.7719
vn -0.4126 -0.4836 0.7720
vn -0.0857 -0.4836 -0.8711
vn -0.0858 -0.4836 -0.8711
vn -0.0860 -0.4836 -0.8711
vn 0.6765 -0.4836 -0.5554
vn 0.6767 -0.4837 -0.5552
vn 0.6766 -0.4838 -0.5552
vn 0.6764 -0.4836 -0.5555
vn -0.2539 -0.4837 0.8376
vn -0.2540 -0.4836 0.8376
vn -0.2541 -0.4837 0.8375
vn -0.2539 -0.4836 0.8377
vn -0.2540 -0.4837 -0.8376
vn -0.2543 -0.4837 -0.8375
vn -0.2544 -0.4836 -0.8375
vn -0.2541 -0.4836 -0.8376
vn 0.5554 -0.4837 -0.6764
vn 0.5556 -0.4836 -0.6763
vn 0.5555 -0.4836 -0.6764
vn 0.5551 -0.4833 -0.6770
vn -0.0859 -0.4835 0.8711
vn -0.0862 -0.4836 0.8710
vn -0.0860 -0.4836 0.8711
vn -0.0852 -0.4833 0.8713
vn -0.4124 -0.4838 -0.7719
vn -0.4126 -0.4836 -0.7719
vn -0.4128 -0.4837 -0.7718
vn 0.4125 -0.4837 -0.7719
vn 0.4126 -0.4836 -0.7719
vn 0.4126 -0.4837 -0.7719
vn 0.0858 -0.4836 0.8711
vn 0.0860 -0.4834 0.8712
vn -0.5551 -0.4836 -0.6767
vn -0.5550 -0.4836 -0.6769
vn -0.5554 -0.4838 -0.6763
vn -0.5555 -0.4839 -0.6762
vn 0.2544 -0.4836 -0.8375
vn 0.2545 -0.4837 -0.8374
vn 0.2545 -0.4836 -0.8375
vn 0.2543 -0.4836 -0.8375
vn 0.2542 -0.4834 0.8377
vn 0.2541 -0.4836 0.8376
vn 0.2543 -0.4834 0.8376
vn 0.2544 -0.4833 0.8377
vn -0.6767 -0.4836 -0.5551
vn -0.6767 -0.4836 -0.5552
vn -0.6768 -0.4836 -0.5551
vn 0.0858 -0.4836 -0.8711
vn 0.0855 -0.4836 -0.8711
vn 0.0857 -0.4836 -0.8711
vn 0.4127 -0.4836 0.7719
vn 0.4131 -0.4834 0.7718
vn 0.4130 -0.4835 0.7718
vn 0.4126 -0.4836 0.7720
vn -0.7720 -0.4836 -0.4125
vn -0.7719 -0.4836 -0.4127
vn 0.5554 -0.4837 0.6764
vn 0.5554 -0.4837 0.6765
vn 0.5553 -0.4836 0.6765
vt 0.000000 0.000000
s 1
usemtl Goddard_None
f 1571/124/2831 1584/124/2832 1583/124/2833
f 1583/124/2833 1572/124/2834 1571/124/2831
f 1557/124/2835 1598/124/2835 1597/124/2836
f 1597/124/2836 1558/124/2837 1557/124/2835
f 1585/124/2838 1584/124/2839 1571/124/2840
f 1571/124/2840 1570/124/2841 1585/124/2838
f 1556/124/2842 1599/124/2843 1598/124/2844
f 1598/124/2844 1557/124/2845 1556/124/2842
f 1585/124/2846 1570/124/2847 1569/124/2847
f 1569/124/2847 1586/124/2847 1585/124/2846
f 1555/124/2848 1600/124/2849 1599/124/2850
f 1599/124/2850 1556/124/2851 1555/124/2848
f 1569/124/2852 1568/124/2853 1587/124/2854
f 1587/124/2854 1586/124/2855 1569/124/2852
f 1554/124/2856 1601/124/2857 1600/124/2858
f 1600/124/2858 1555/124/2856 1554/124/2856
f 1567/124/2859 1588/124/2860 1587/124/2859
f 1587/124/2859 1568/124/2859 1567/124/2859
f 1553/124/2861 1602/124/2862 1601/124/2862
f 1601/124/2862 1554/124/2863 1553/124/2861
f 1566/124/2864 1589/124/2865 1588/124/2864
f 1588/124/2864 1567/124/2864 1566/124/2864
f 1552/124/2866 1603/124/2867 1602/124/2866
f 1602/124/2866 1553/124/2867 1552/124/2866
f 1565/124/2868 1590/124/2869 1589/124/2869
f 1589/124/2869 1566/124/2870 1565/124/2868
f 1551/124/2871 1604/124/2872 1603/124/2873
f 1603/124/2873 1552/124/2874 1551/124/2871
f 1564/124/2875 1591/124/2875 1590/124/2876
f 1590/124/2876 1565/124/2877 1564/124/2875
f 1609/124/2878 1546/124/2879 1575/124/2878
f 1575/124/2878 1578/124/2880 1609/124/2878
f 1550/124/2881 1605/124/2882 1604/124/2883
f 1604/124/2883 1551/124/2884 1550/124/2881
f 1563/124/2885 1592/124/2886 1591/124/2887
f 1591/124/2887 1564/124/2888 1563/124/2885
f 1578/124/2889 1575/124/2890 1577/124/2891
f 1577/124/2891 1579/124/2892 1578/124/2889
f 1549/124/2893 1606/124/2894 1605/124/2895
f 1605/124/2895 1550/124/2896 1549/124/2893
f 1562/124/2897 1593/124/2898 1592/124/2899
f 1592/124/2899 1563/124/2900 1562/124/2897
f 1579/124/2901 1577/124/2902 1576/124/2903
f 1576/124/2903 1580/124/2902 1579/124/2901
f 1548/124/2904 1607/124/2905 1606/124/2906
f 1606/124/2906 1549/124/2904 1548/124/2904
f 1561/124/2907 1594/124/2907 1593/124/2908
f 1593/124/2908 1562/124/2907 1561/124/2907
f 1576/124/2909 1574/124/2910 1581/124/2911
f 1581/124/2911 1580/124/2912 1576/124/2909
f 1547/124/2913 1608/124/2914 1607/124/2915
f 1607/124/2915 1548/124/2916 1547/124/2913
f 1560/124/2917 1595/124/2918 1594/124/2919
f 1594/124/2919 1561/124/2920 1560/124/2917
f 1573/124/2921 1582/124/2922 1581/124/2922
f 1581/124/2922 1574/124/2923 1573/124/2921
f 1547/124/2924 1546/124/2925 1609/124/2926
f 1609/124/2926 1608/124/2924 1547/124/2924
f 1559/124/2927 1596/124/2928 1595/124/2929
f 1595/124/2929 1560/124/2930 1559/124/2927
f 1583/124/2931 1582/124/2932 1573/124/2932
f 1573/124/2932 1572/124/2931 1583/124/2931
f 1558/124/2933 1597/124/2934 1596/124/2935
f 1596/124/2935 1559/124/2934 1558/124/2933
o C_rculo_016_C_rculo_017.001
v 0.030153 0.401063 0.347485
v -0.039747 0.401063 0.340585
v -0.106947 0.401063 0.320185
v -0.168847 0.401063 0.287085
v -0.223147 0.401063 0.242585
v -0.267647 0.401063 0.188285
v -0.300747 0.401063 0.126385
v -0.321147 0.401063 0.059185
v -0.328047 0.401063 -0.010715
v -0.321147 0.401063 -0.080515
v -0.300747 0.401063 -0.147715
v -0.267647 0.401063 -0.209715
v -0.223147 0.401063 -0.263915
v -0.168847 0.401063 -0.308515
v -0.106947 0.401063 -0.341615
v -0.039747 0.401063 -0.362015
v 0.030153 0.401063 -0.368815
v 0.100053 0.401063 -0.362015
v 0.167153 0.401063 -0.341615
v 0.229153 0.401063 -0.308515
v 0.283353 0.401063 -0.263915
v 0.327953 0.401063 -0.209715
v 0.361053 0.401063 -0.147715
v 0.381453 0.401063 -0.080515
v 0.388253 0.401063 -0.010715
v 0.381453 0.401063 0.059185
v 0.361053 0.401063 0.126385
v 0.327953 0.401063 0.188285
v 0.283353 0.401063 0.242585
v 0.100053 0.401063 0.340585
v 0.229153 0.401063 0.287085
v 0.167153 0.401063 0.320185
v 0.297853 0.370163 0.257085
v 0.297853 0.335363 0.257085
v 0.240453 0.335363 0.304185
v 0.240453 0.370163 0.304185
v 0.408753 0.370163 -0.010715
v 0.401553 0.370163 -0.084515
v -0.341247 0.370163 -0.084515
v -0.319747 0.370163 -0.155615
v 0.379953 0.370163 -0.155615
v -0.348547 0.370163 -0.010715
v 0.344953 0.370163 -0.221015
v -0.341247 0.370163 0.063185
v 0.297853 0.370163 -0.278415
v -0.319747 0.370163 0.134185
v 0.240453 0.370163 -0.325515
v -0.284747 0.370163 0.199685
v 0.175053 0.370163 -0.360515
v 0.030153 0.370163 0.367985
v 0.104053 0.370163 0.360685
v -0.237647 0.370163 0.257085
v 0.104053 0.370163 -0.382015
v 0.175053 0.370163 0.339185
v -0.180247 0.370163 0.304185
v 0.030153 0.370163 -0.389315
v -0.114747 0.370163 0.339185
v -0.043747 0.370163 -0.382015
v -0.043747 0.370163 0.360685
v -0.114747 0.370163 -0.360515
v 0.344953 0.370163 0.199685
v -0.180247 0.370163 -0.325515
v 0.379953 0.370163 0.134185
v -0.237647 0.370163 -0.278415
v 0.401553 0.370163 0.063185
v -0.284747 0.370163 -0.221015
v 0.104053 0.335363 0.360685
v 0.175053 0.335363 0.339185
v 0.344953 0.335363 0.199685
v 0.379953 0.335363 0.134185
v 0.401553 0.335363 0.063185
v 0.408753 0.335363 -0.010715
v 0.401553 0.335363 -0.084515
v 0.379953 0.335363 -0.155615
v 0.344953 0.335363 -0.221015
v 0.297853 0.335363 -0.278415
v 0.240453 0.335363 -0.325515
v 0.175053 0.335363 -0.360515
v 0.104053 0.335363 -0.382015
v 0.030153 0.335363 -0.389315
v -0.043747 0.335363 -0.382015
v -0.114747 0.335363 -0.360515
v -0.180247 0.335363 -0.325515
v -0.237647 0.335363 -0.278415
v -0.284747 0.335363 -0.221015
v -0.319747 0.335363 -0.155615
v -0.341247 0.335363 -0.084515
v -0.348547 0.335363 -0.010715
v -0.341247 0.335363 0.063185
v -0.319747 0.335363 0.134185
v -0.284747 0.335363 0.199685
v -0.237647 0.335363 0.257085
v -0.180247 0.335363 0.304185
v -0.114747 0.335363 0.339185
v -0.043747 0.335363 0.360685
v 0.030153 0.335363 0.367985
vn -0.0000 -1.0000 -0.0000
vn -0.6343 -0.0000 -0.7731
vn -0.8308 -0.5505 0.0817
vn -0.8308 -0.5506 0.0817
vn -0.8308 -0.5506 0.0816
vn -0.8308 -0.5506 0.0815
vn 0.7989 -0.5505 0.2423
vn -0.7989 -0.5505 0.2423
vn -0.7989 -0.5505 0.2422
vn -0.7987 -0.5507 0.2425
vn 0.8308 -0.5505 0.0817
vn 0.8308 -0.5506 0.0818
vn 0.8309 -0.5505 0.0817
vn -0.7363 -0.5504 0.3936
vn -0.7364 -0.5504 0.3934
vn -0.7362 -0.5506 0.3935
vn 0.8307 -0.5507 -0.0819
vn 0.8305 -0.5509 -0.0820
vn 0.8308 -0.5506 -0.0819
vn 0.8308 -0.5505 -0.0818
vn -0.6451 -0.5505 0.5298
vn -0.6452 -0.5508 0.5295
vn -0.6453 -0.5505 0.5297
vn 0.7989 -0.5505 -0.2423
vn 0.7989 -0.5504 -0.2423
vn -0.5296 -0.5506 0.6452
vn -0.5296 -0.5505 0.6453
vn -0.5296 -0.5506 0.6453
vn -0.5297 -0.5506 0.6452
vn 0.7362 -0.5506 -0.3935
vn 0.7361 -0.5507 -0.3935
vn 0.7362 -0.5507 -0.3935
vn -0.3937 -0.5504 0.7362
vn -0.3935 -0.5506 0.7362
vn -0.3936 -0.5506 0.7362
vn -0.3935 -0.5505 0.7362
vn -0.0820 -0.5509 -0.8305
vn -0.0820 -0.5510 -0.8305
vn -0.0819 -0.5507 -0.8307
vn -0.0818 -0.5505 -0.8308
vn 0.6453 -0.5506 -0.5296
vn 0.6452 -0.5508 -0.5295
vn 0.6453 -0.5505 -0.5296
vn -0.2423 -0.5505 0.7989
vn -0.2424 -0.5505 0.7989
vn -0.2428 -0.5506 0.7987
vn -0.2423 -0.5504 -0.7989
vn -0.2423 -0.5505 -0.7989
vn 0.5296 -0.5505 -0.6453
vn 0.5295 -0.5507 -0.6453
vn -0.0817 -0.5504 0.8309
vn -0.0820 -0.5510 0.8305
vn -0.0818 -0.5505 0.8308
vn -0.3935 -0.5505 -0.7362
vn -0.3935 -0.5506 -0.7362
vn -0.3935 -0.5504 -0.7363
vn 0.3935 -0.5507 -0.7362
vn 0.3935 -0.5506 -0.7362
vn 0.0818 -0.5504 0.8309
vn 0.0818 -0.5505 0.8308
vn 0.0815 -0.5505 0.8309
vn -0.5295 -0.5508 -0.6452
vn -0.5296 -0.5506 -0.6453
vn -0.5295 -0.5507 -0.6452
vn -0.5295 -0.5507 -0.6453
vn 0.2422 -0.5505 -0.7989
vn 0.2421 -0.5507 -0.7988
vn 0.2423 -0.5505 -0.7989
vn 0.2423 -0.5505 0.7989
vn -0.6452 -0.5506 -0.5296
vn -0.6454 -0.5505 -0.5296
vn -0.6453 -0.5505 -0.5296
vn 0.0818 -0.5505 -0.8308
vn 0.0818 -0.5506 -0.8308
vn 0.3936 -0.5502 0.7364
vn 0.3935 -0.5503 0.7364
vn 0.3935 -0.5504 0.7363
vn 0.3936 -0.5505 0.7363
vn -0.7365 -0.5500 -0.3937
vn -0.7364 -0.5503 -0.3935
vn -0.7364 -0.5502 -0.3936
vn -0.7363 -0.5505 -0.3936
vn 0.5299 -0.5503 0.6453
vn 0.5296 -0.5505 0.6453
vn 0.5298 -0.5503 0.6454
vn 0.5299 -0.5504 0.6452
vn -0.7989 -0.5505 -0.2424
vn -0.7989 -0.5505 -0.2423
vn -0.7991 -0.5500 -0.2426
vn 0.6454 -0.5503 0.5297
vn 0.6455 -0.5503 0.5297
vn 0.6455 -0.5503 0.5296
vn -0.8308 -0.5505 -0.0817
vn -0.8308 -0.5505 -0.0816
vn -0.8308 -0.5506 -0.0816
vn 0.7362 -0.5507 0.3934
vn 0.7362 -0.5506 0.3935
vn 0.7362 -0.5507 0.3933
vn -0.0000 1.0000 -0.0000
vn 0.2898 -0.0000 -0.9571
vn 0.2898 -0.0000 0.9571
vn -0.7731 -0.0000 -0.6343
vn 0.0983 -0.0000 -0.9952
vn 0.4713 -0.0000 0.8820
vn -0.8820 -0.0000 -0.4713
vn 0.6343 -0.0000 0.7731
vn -0.9569 -0.0000 -0.2905
vn -0.9569 -0.0000 -0.2903
vn 0.7731 -0.0000 0.6343
vn -0.9952 -0.0000 -0.0979
vn -0.9952 -0.0000 -0.0980
vn 0.8817 -0.0000 0.4718
vn 0.8817 -0.0000 0.4719
vn -0.9952 -0.0000 0.0979
vn -0.9952 -0.0000 0.0980
vn -0.9952 -0.0000 0.0978
vn 0.9569 -0.0000 0.2903
vn -0.9569 -0.0000 0.2904
vn -0.9568 -0.0000 0.2907
vn 0.9952 -0.0000 0.0981
vn 0.9952 -0.0000 0.0980
vn -0.8817 -0.0000 0.4718
vn -0.8817 -0.0000 0.4719
vn 0.9952 -0.0000 -0.0980
vn -0.7731 -0.0000 0.6343
vn 0.9571 -0.0000 -0.2898
vn 0.9569 -0.0000 -0.2903
vn 0.9570 -0.0000 -0.2901
vn -0.6343 -0.0000 0.7731
vn 0.8820 -0.0000 -0.4713
vn -0.4715 -0.0000 0.8818
vn -0.4718 -0.0000 0.8817
vn -0.4713 -0.0000 0.8820
vn -0.0983 -0.0000 -0.9952
vn 0.7731 -0.0000 -0.6343
vn -0.2903 -0.0000 0.9569
vn -0.2901 -0.0000 -0.9570
vn -0.2903 -0.0000 -0.9569
vn 0.6343 -0.0000 -0.7731
vn -0.0983 -0.0000 0.9952
vn -0.4715 -0.0000 -0.8818
vn -0.4718 -0.0000 -0.8817
vn -0.4713 -0.0000 -0.8820
vn 0.4713 -0.0000 -0.8820
vn 0.0983 -0.0000 0.9952
vt 0.000000 0.000000
s 1
usemtl Goddard_None
f 1610/125/2936 1611/125/2936 1612/125/2936
f 1612/125/2936 1613/125/2936 1614/125/2936
f 1610/125/2936 1612/125/2936 1614/125/2936
f 1610/125/2936 1614/125/2936 1618/125/2936
f 1618/125/2936 1619/125/2936 1620/125/2936
f 1620/125/2936 1621/125/2936 1622/125/2936
f 1618/125/2936 1620/125/2936 1622/125/2936
f 1622/125/2936 1623/125/2936 1624/125/2936
f 1624/125/2936 1625/125/2936 1626/125/2936
f 1622/125/2936 1624/125/2936 1626/125/2936
f 1618/125/2936 1622/125/2936 1626/125/2936
f 1618/125/2936 1626/125/2936 1634/125/2936
f 1610/125/2936 1618/125/2936 1634/125/2936
f 1610/125/2936 1634/125/2936 1638/125/2936
f 1639/125/2936 1610/125/2936 1638/125/2936
f 1639/125/2936 1638/125/2936 1640/125/2936
f 1639/125/2936 1640/125/2936 1641/125/2936
f 1642/125/2937 1643/125/2937 1644/125/2937
f 1644/125/2937 1645/125/2937 1642/125/2937
f 1646/125/2938 1634/125/2939 1633/125/2940
f 1633/125/2940 1647/125/2941 1646/125/2938
f 1619/125/2942 1648/125/2942 1649/125/2942
f 1649/125/2942 1620/125/2942 1619/125/2942
f 1633/125/2943 1632/125/2944 1650/125/2945
f 1650/125/2945 1647/125/2943 1633/125/2943
f 1618/125/2946 1651/125/2947 1648/125/2946
f 1648/125/2946 1619/125/2948 1618/125/2946
f 1631/125/2949 1652/125/2949 1650/125/2950
f 1650/125/2950 1632/125/2951 1631/125/2949
f 1617/125/2952 1653/125/2953 1651/125/2954
f 1651/125/2954 1618/125/2955 1617/125/2952
f 1630/125/2956 1654/125/2957 1652/125/2958
f 1652/125/2958 1631/125/2958 1630/125/2956
f 1616/125/2959 1655/125/2959 1653/125/2960
f 1653/125/2960 1617/125/2959 1616/125/2959
f 1629/125/2961 1656/125/2962 1654/125/2963
f 1654/125/2963 1630/125/2964 1629/125/2961
f 1615/125/2965 1657/125/2965 1655/125/2966
f 1655/125/2966 1616/125/2967 1615/125/2965
f 1628/125/2968 1658/125/2969 1656/125/2970
f 1656/125/2970 1629/125/2971 1628/125/2968
f 1659/125/2972 1610/125/2973 1639/125/2974
f 1639/125/2974 1660/125/2975 1659/125/2972
f 1614/125/2976 1661/125/2977 1657/125/2978
f 1657/125/2978 1615/125/2978 1614/125/2976
f 1627/125/2979 1662/125/2979 1658/125/2980
f 1658/125/2980 1628/125/2981 1627/125/2979
f 1660/125/2982 1639/125/2983 1641/125/2983
f 1641/125/2983 1663/125/2983 1660/125/2982
f 1613/125/2984 1664/125/2984 1661/125/2984
f 1661/125/2984 1614/125/2985 1613/125/2984
f 1626/125/2986 1665/125/2987 1662/125/2988
f 1662/125/2988 1627/125/2988 1626/125/2986
f 1663/125/2989 1641/125/2990 1640/125/2990
f 1640/125/2990 1645/125/2991 1663/125/2989
f 1612/125/2992 1666/125/2993 1664/125/2993
f 1664/125/2993 1613/125/2992 1612/125/2992
f 1625/125/2994 1667/125/2995 1665/125/2996
f 1665/125/2996 1626/125/2995 1625/125/2994
f 1640/125/2997 1638/125/2998 1642/125/2999
f 1642/125/2999 1645/125/3000 1640/125/2997
f 1611/125/3001 1668/125/3002 1666/125/3003
f 1666/125/3003 1612/125/3003 1611/125/3001
f 1624/125/3004 1669/125/3004 1667/125/3004
f 1667/125/3004 1625/125/3004 1624/125/3004
f 1637/125/3005 1670/125/3006 1642/125/3007
f 1642/125/3007 1638/125/3005 1637/125/3005
f 1611/125/3008 1610/125/3008 1659/125/3009
f 1659/125/3009 1668/125/3008 1611/125/3008
f 1623/125/3010 1671/125/3011 1669/125/3012
f 1669/125/3012 1624/125/3013 1623/125/3010
f 1672/125/3014 1670/125/3015 1637/125/3016
f 1637/125/3016 1636/125/3017 1672/125/3014
f 1622/125/3018 1673/125/3019 1671/125/3020
f 1671/125/3020 1623/125/3021 1622/125/3018
f 1635/125/3022 1674/125/3023 1672/125/3023
f 1672/125/3023 1636/125/3024 1635/125/3022
f 1621/125/3025 1675/125/3025 1673/125/3026
f 1673/125/3026 1622/125/3027 1621/125/3025
f 1646/125/3028 1674/125/3029 1635/125/3028
f 1635/125/3028 1634/125/3030 1646/125/3028
f 1620/125/3031 1649/125/3032 1675/125/3032
f 1675/125/3032 1621/125/3033 1620/125/3031
f 1676/125/3034 1677/125/3034 1644/125/3034
f 1644/125/3034 1643/125/3034 1678/125/3034
f 1676/125/3034 1644/125/3034 1678/125/3034
f 1678/125/3034 1679/125/3034 1680/125/3034
f 1678/125/3034 1680/125/3034 1681/125/3034
f 1692/125/3034 1693/125/3034 1694/125/3034
f 1694/125/3034 1695/125/3034 1696/125/3034
f 1696/125/3034 1697/125/3034 1698/125/3034
f 1698/125/3034 1699/125/3034 1700/125/3034
f 1700/125/3034 1701/125/3034 1702/125/3034
f 1698/125/3034 1700/125/3034 1702/125/3034
f 1702/125/3034 1703/125/3034 1704/125/3034
f 1702/125/3034 1704/125/3034 1705/125/3034
f 1698/125/3034 1702/125/3034 1705/125/3034
f 1682/125/3034 1698/125/3034 1705/125/3034
f 1676/125/3034 1682/125/3034 1705/125/3034
f 1668/125/3035 1704/125/3035 1703/125/3035
f 1703/125/3035 1666/125/3035 1668/125/3035
f 1669/125/3036 1691/125/3036 1690/125/3036
f 1690/125/3036 1667/125/3036 1669/125/3036
f 1670/125/3037 1678/125/3037 1643/125/3037
f 1643/125/3037 1642/125/3037 1670/125/3037
f 1668/125/3038 1659/125/3038 1705/125/3038
f 1705/125/3038 1704/125/3038 1668/125/3038
f 1671/125/3039 1692/125/3039 1691/125/3039
f 1691/125/3039 1669/125/3039 1671/125/3039
f 1672/125/3040 1679/125/3040 1678/125/3040
f 1678/125/3040 1670/125/3040 1672/125/3040
f 1673/125/3041 1693/125/3041 1692/125/3041
f 1692/125/3041 1671/125/3041 1673/125/3041
f 1674/125/3042 1680/125/3043 1679/125/3042
f 1679/125/3042 1672/125/3042 1674/125/3042
f 1675/125/3044 1694/125/3044 1693/125/3044
f 1693/125/3044 1673/125/3044 1675/125/3044
f 1646/125/3045 1681/125/3045 1680/125/3045
f 1680/125/3045 1674/125/3046 1646/125/3045
f 1649/125/3047 1695/125/3048 1694/125/3047
f 1694/125/3047 1675/125/3047 1649/125/3047
f 1647/125/3049 1682/125/3049 1681/125/3050
f 1681/125/3050 1646/125/3051 1647/125/3049
f 1648/125/3052 1696/125/3052 1695/125/3052
f 1695/125/3052 1649/125/3052 1648/125/3052
f 1650/125/3053 1683/125/3054 1682/125/3053
f 1682/125/3053 1647/125/3054 1650/125/3053
f 1651/125/3055 1697/125/3056 1696/125/3055
f 1696/125/3055 1648/125/3056 1651/125/3055
f 1652/125/3057 1684/125/3058 1683/125/3057
f 1683/125/3057 1650/125/3057 1652/125/3057
f 1653/125/3059 1698/125/3059 1697/125/3059
f 1697/125/3059 1651/125/3059 1653/125/3059
f 1654/125/3060 1685/125/3060 1684/125/3060
f 1684/125/3060 1652/125/3060 1654/125/3060
f 1655/125/3061 1699/125/3062 1698/125/3063
f 1698/125/3063 1653/125/3061 1655/125/3061
f 1656/125/3064 1686/125/3064 1685/125/3064
f 1685/125/3064 1654/125/3064 1656/125/3064
f 1657/125/3065 1700/125/3065 1699/125/3065
f 1699/125/3065 1655/125/3065 1657/125/3065
f 1658/125/3066 1687/125/3067 1686/125/3067
f 1686/125/3067 1656/125/3068 1658/125/3066
f 1660/125/3069 1676/125/3069 1705/125/3069
f 1705/125/3069 1659/125/3069 1660/125/3069
f 1661/125/3070 1701/125/3070 1700/125/3070
f 1700/125/3070 1657/125/3070 1661/125/3070
f 1662/125/3071 1688/125/3071 1687/125/3071
f 1687/125/3071 1658/125/3071 1662/125/3071
f 1663/125/3072 1677/125/3073 1676/125/3072
f 1676/125/3072 1660/125/3073 1663/125/3072
f 1664/125/3074 1702/125/3074 1701/125/3074
f 1701/125/3074 1661/125/3074 1664/125/3074
f 1665/125/3075 1689/125/3075 1688/125/3075
f 1688/125/3075 1662/125/3075 1665/125/3075
f 1645/125/3076 1644/125/3077 1677/125/3077
f 1677/125/3077 1663/125/3078 1645/125/3076
f 1666/125/3079 1703/125/3079 1702/125/3079
f 1702/125/3079 1664/125/3079 1666/125/3079
f 1667/125/3080 1690/125/3080 1689/125/3080
f 1689/125/3080 1665/125/3080 1667/125/3080
o Cilindro_001_Cilindro_006.001
v -0.418047 0.109463 0.247385
v -0.421947 0.109463 0.248885
v -0.421947 0.035063 0.248885
v -0.418047 0.035063 0.247385
v -0.426047 0.109463 0.249585
v -0.426047 0.035063 0.249585
v -0.430247 0.109463 0.249485
v -0.430247 0.035063 0.249485
v -0.434347 0.109463 0.248485
v -0.434347 0.035063 0.248485
v -0.438147 0.109463 0.246785
v -0.438147 0.035063 0.246785
v -0.441547 0.035063 0.244385
v -0.441547 0.109463 0.244385
v -0.444447 0.035063 0.241285
v -0.444447 0.109463 0.241285
v -0.446647 0.109463 0.237785
v -0.446647 0.035063 0.237785
v -0.448147 0.035063 0.233885
v -0.448147 0.109463 0.233885
v -0.448847 0.035063 0.229785
v -0.448847 0.109463 0.229785
v -0.448647 0.035063 0.225585
v -0.448647 0.109463 0.225585
v -0.447747 0.109463 0.221485
v -0.447747 0.035063 0.221485
v -0.446047 0.035063 0.217685
v -0.446047 0.109463 0.217685
v -0.443547 0.035063 0.214285
v -0.443547 0.109463 0.214285
v -0.440547 0.035063 0.211385
v -0.440547 0.109463 0.211385
v -0.437047 0.035063 0.209185
v -0.437047 0.109463 0.209185
v -0.433047 0.035063 0.207685
v -0.433047 0.109463 0.207685
v -0.428947 0.035063 0.206985
v -0.428947 0.109463 0.206985
v -0.424747 0.035063 0.207085
v -0.420747 0.109463 0.208085
v -0.420747 0.035063 0.208085
v -0.416847 0.109463 0.209785
v -0.416847 0.035063 0.209785
v -0.413447 0.035063 0.212185
v -0.413447 0.109463 0.212185
v -0.410647 0.035063 0.215285
v -0.408347 0.109463 0.218785
v -0.408347 0.035063 0.218785
v -0.406947 0.109463 0.222685
v -0.406947 0.035063 0.222685
v -0.406247 0.035063 0.226785
v -0.406347 0.109463 0.230985
v -0.406347 0.035063 0.230985
v -0.407247 0.035063 0.235085
v -0.407247 0.109463 0.235085
v -0.408947 0.035063 0.238885
v -0.411447 0.109463 0.242285
v -0.411447 0.035063 0.242285
v -0.438047 0.127863 0.233585
v -0.439147 0.127663 0.230885
v -0.414447 0.109463 0.245185
v -0.414447 0.035063 0.245185
v -0.427947 0.123863 0.242185
v -0.413547 0.134663 0.235085
v -0.430347 0.125163 0.241385
v -0.431847 0.117163 0.214285
v -0.432647 0.126363 0.239985
v -0.437647 0.122363 0.218085
v -0.438847 0.123863 0.220185
v -0.420947 0.118963 0.241585
v -0.423147 0.120663 0.242285
v -0.439747 0.127163 0.228085
v -0.434747 0.127163 0.238185
v -0.436047 0.120663 0.216285
v -0.425447 0.122363 0.242585
v -0.439947 0.126363 0.225285
v -0.436647 0.127663 0.235985
v -0.434047 0.118963 0.215085
v -0.439647 0.125163 0.222685
v -0.429447 0.124463 0.213085
v -0.427347 0.129763 0.211985
v -0.426047 0.132263 0.212285
v -0.424447 0.134663 0.213085
v -0.422847 0.136663 0.214285
v -0.421247 0.138363 0.215985
v -0.419547 0.139663 0.217985
v -0.418047 0.140363 0.220385
v -0.416647 0.140663 0.222885
v -0.415447 0.140363 0.225585
v -0.414547 0.139663 0.228185
v -0.413947 0.138363 0.230685
v -0.459347 0.109463 -0.210715
v -0.459347 0.035063 -0.210715
v -0.456447 0.035063 -0.207715
v -0.456447 0.109463 -0.207715
v -0.461647 0.035063 -0.214215
v -0.461647 0.109463 -0.214215
v -0.463147 0.109463 -0.218115
v -0.463147 0.035063 -0.218115
v -0.463947 0.035063 -0.222215
v -0.463947 0.109463 -0.222215
v -0.463847 0.109463 -0.226415
v -0.463847 0.035063 -0.226415
v -0.463047 0.035063 -0.230415
v -0.463047 0.109463 -0.230415
v -0.461347 0.035063 -0.234315
v -0.461347 0.109463 -0.234315
v -0.459047 0.109463 -0.237715
v -0.459047 0.035063 -0.237715
v -0.456047 0.035063 -0.240715
v -0.456047 0.109463 -0.240715
v -0.452547 0.109463 -0.243015
v -0.452547 0.035063 -0.243015
v -0.448647 0.109463 -0.244515
v -0.448647 0.035063 -0.244515
v -0.444547 0.035063 -0.245315
v -0.444547 0.109463 -0.245315
v -0.440347 0.109463 -0.245215
v -0.440347 0.035063 -0.245215
v -0.436247 0.109463 -0.244415
v -0.436247 0.035063 -0.244415
v -0.432447 0.035063 -0.242715
v -0.432447 0.109463 -0.242715
v -0.428947 0.109463 -0.240415
v -0.428947 0.035063 -0.240415
v -0.426047 0.035063 -0.237415
v -0.423747 0.035063 -0.233915
v -0.423747 0.109463 -0.233915
v -0.422147 0.035063 -0.230015
v -0.421447 0.109463 -0.225915
v -0.421447 0.035063 -0.225915
v -0.421447 0.035063 -0.221715
v -0.422347 0.035063 -0.217615
v -0.423947 0.109463 -0.213815
v -0.423947 0.035063 -0.213815
v -0.429347 0.035063 -0.207415
v -0.432847 0.035063 -0.205115
v -0.436747 0.035063 -0.203515
v -0.440847 0.035063 -0.202815
v -0.445047 0.109463 -0.202815
v -0.445047 0.035063 -0.202815
v -0.449047 0.035063 -0.203715
v -0.449047 0.109463 -0.203715
v -0.449647 0.127663 -0.233715
v -0.451747 0.127863 -0.231615
v -0.452947 0.109463 -0.205315
v -0.452947 0.035063 -0.205315
v -0.455847 0.125163 -0.221415
v -0.455647 0.123863 -0.218815
v -0.443347 0.134663 -0.208515
v -0.441447 0.136663 -0.209315
v -0.455447 0.126363 -0.224015
v -0.439847 0.123863 -0.237715
v -0.437347 0.122363 -0.237415
v -0.452147 0.118963 -0.212715
v -0.453747 0.120663 -0.214415
v -0.447447 0.127163 -0.235415
v -0.454647 0.127163 -0.226715
v -0.435147 0.120663 -0.236615
v -0.454947 0.122363 -0.216515
v -0.444947 0.126363 -0.236615
v -0.453447 0.127663 -0.229315
v -0.442347 0.125163 -0.237415
v -0.427447 0.132263 -0.229115
v -0.427547 0.134663 -0.227415
v -0.428047 0.136663 -0.225415
v -0.428847 0.138363 -0.223215
v -0.430147 0.139663 -0.220915
v -0.431647 0.140363 -0.218515
v -0.433447 0.140663 -0.216215
v -0.435347 0.140363 -0.214115
v -0.437347 0.139663 -0.212215
v -0.439447 0.138363 -0.210615
v -0.444947 0.132263 -0.208115
v -0.446347 0.129763 -0.208215
v -0.490947 0.109463 0.027585
v -0.490947 0.035063 0.027585
v -0.486747 0.035063 0.027785
v -0.486747 0.109463 0.027785
v -0.495047 0.035063 0.026485
v -0.495047 0.109463 0.026485
v -0.498747 0.109463 0.024685
v -0.498747 0.035063 0.024685
v -0.502147 0.109463 0.022085
v -0.502147 0.035063 0.022085
v -0.504847 0.035063 0.018985
v -0.504847 0.109463 0.018985
v -0.506947 0.109463 0.015385
v -0.506947 0.035063 0.015385
v -0.508347 0.109463 0.011385
v -0.508347 0.035063 0.011385
v -0.508947 0.035063 0.007285
v -0.508947 0.109463 0.007285
v -0.508647 0.109463 0.003085
v -0.508647 0.035063 0.003085
v -0.507647 0.109463 -0.000915
v -0.507647 0.035063 -0.000915
v -0.505747 0.035063 -0.004715
v -0.505747 0.109463 -0.004715
v -0.503247 0.109463 -0.008015
v -0.503247 0.035063 -0.008015
v -0.500147 0.109463 -0.010815
v -0.500147 0.035063 -0.010815
v -0.496547 0.035063 -0.012915
v -0.496547 0.109463 -0.012915
v -0.492547 0.035063 -0.014315
v -0.492547 0.109463 -0.014315
v -0.488447 0.109463 -0.014815
v -0.488447 0.035063 -0.014815
v -0.484247 0.035063 -0.014615
v -0.484247 0.109463 -0.014615
v -0.480147 0.035063 -0.013515
v -0.476447 0.109463 -0.011715
v -0.476447 0.035063 -0.011715
v -0.473047 0.035063 -0.009215
v -0.470347 0.109463 -0.006015
v -0.470347 0.035063 -0.006015
v -0.468247 0.109463 -0.002415
v -0.468247 0.035063 -0.002415
v -0.466847 0.035063 0.001485
v -0.466847 0.109463 0.001485
v -0.466247 0.035063 0.005685
v -0.466547 0.109463 0.009885
v -0.466547 0.035063 0.009885
v -0.467547 0.035063 0.013885
v -0.469447 0.035063 0.017685
v -0.471947 0.035063 0.020985
v -0.478647 0.035063 0.025885
v -0.499447 0.127863 0.006885
v -0.499247 0.127663 0.003985
v -0.482647 0.109463 0.027185
v -0.482647 0.035063 0.027185
v -0.493647 0.123863 0.018985
v -0.495547 0.125163 0.017285
v -0.485847 0.117163 -0.008115
v -0.497147 0.126363 0.015085
v -0.494647 0.123863 -0.005615
v -0.492647 0.122363 -0.007015
v -0.489347 0.120663 0.021085
v -0.498747 0.127163 0.001185
v -0.498247 0.127163 0.012585
v -0.490447 0.120663 -0.007915
v -0.491647 0.122363 0.020285
v -0.497747 0.126363 -0.001415
v -0.499047 0.127663 0.009785
v -0.488147 0.118963 -0.008315
v -0.496347 0.125163 -0.003715
v -0.483147 0.124463 -0.008215
v -0.481947 0.127063 -0.008515
v -0.479647 0.132263 -0.007515
v -0.478647 0.134663 -0.006215
v -0.477647 0.136663 -0.004415
v -0.476847 0.138363 -0.002115
v -0.476147 0.139663 0.000385
v -0.475747 0.140363 0.003085
v -0.475447 0.140663 0.005985
v -0.475747 0.139663 0.011685
v -0.476147 0.138363 0.014285
v -0.478647 0.132263 0.019785
vn 0.3549 -0.0000 0.9349
vn 0.3550 -0.0000 0.9349
vn 0.1658 -0.0000 0.9862
vn 0.1657 -0.0000 0.9862
vn -0.0299 -0.0000 0.9996
vn -0.2243 -0.0005 0.9745
vn -0.2243 -0.0000 0.9745
vn -0.2362 0.0130 0.9716
vn -0.4101 -0.0000 0.9121
vn -0.5801 -0.0000 0.8145
vn -0.5802 -0.0000 0.8145
vn -0.7279 -0.0000 0.6857
vn -0.8477 -0.0000 0.5305
vn -0.9349 -0.0000 0.3549
vn -0.9862 -0.0000 0.1657
vn -0.9996 -0.0000 -0.0299
vn -0.9745 -0.0000 -0.2243
vn -0.9121 -0.0000 -0.4101
vn -0.9120 -0.0000 -0.4101
vn -0.9121 -0.0000 -0.4100
vn -0.8145 -0.0000 -0.5802
vn -0.6857 -0.0000 -0.7279
vn -0.5305 -0.0000 -0.8477
vn -0.3549 -0.0000 -0.9349
vn -0.1657 0.0001 -0.9862
vn -0.1657 -0.0000 -0.9862
vn -0.1682 -0.0026 -0.9858
vn 0.0299 0.0002 -0.9996
vn 0.0299 -0.0000 -0.9996
vn 0.0241 -0.0061 -0.9997
vn 0.2415 -0.0187 -0.9702
vn 0.2243 -0.0000 -0.9745
vn 0.2243 0.0007 -0.9745
vn 0.4101 0.0004 -0.9120
vn 0.4101 -0.0000 -0.9120
vn 0.4002 -0.0115 -0.9164
vn 0.5802 0.0002 -0.8145
vn 0.5802 -0.0000 -0.8145
vn 0.5769 -0.0043 -0.8168
vn 0.7279 -0.0000 -0.6857
vn 0.7296 0.0101 -0.6837
vn 0.8462 0.0107 -0.5328
vn 0.8477 -0.0000 -0.5305
vn 0.9407 -0.0181 -0.3388
vn 0.9349 -0.0000 -0.3549
vn 0.9349 0.0007 -0.3549
vn 0.9862 0.0001 -0.1657
vn 0.9862 -0.0000 -0.1657
vn 0.9858 -0.0026 -0.1682
vn 0.9996 0.0029 0.0291
vn 0.9996 -0.0000 0.0299
vn 0.9121 0.0001 0.4101
vn 0.9120 -0.0000 0.4101
vn 0.9128 -0.0019 0.4084
vn 0.8061 -0.0150 0.5916
vn 0.8145 -0.0000 0.5802
vn 0.8145 0.0006 0.5802
vn -0.8291 0.4580 0.3205
vn -0.8312 0.4606 0.3113
vn -0.8307 0.4608 0.3125
vn 0.6868 0.0062 0.7268
vn 0.6857 -0.0000 0.7279
vn 0.5219 -0.0106 0.8529
vn 0.5305 -0.0000 0.8477
vn 0.5304 0.0004 0.8477
vn -0.0000 -1.0000 -0.0000
vn -0.0000 -1.0000 -0.0001
vn -0.0000 -1.0000 -0.0003
vn -0.0000 -1.0000 0.0002
vn -0.4000 0.4554 0.7954
vn -0.3330 0.4517 0.8277
vn -0.3408 0.4534 0.8236
vn -0.6771 0.4608 -0.5738
vn 0.4226 0.5300 0.7352
vn 0.4227 0.5300 0.7351
vn 0.4226 0.5300 0.7351
vn -0.8784 0.4584 0.1349
vn -0.5308 0.4573 0.7135
vn -0.4980 0.4548 0.7383
vn -0.5016 0.4557 0.7354
vn -0.6492 0.4229 -0.6322
vn -0.5216 0.4843 -0.7025
vn -0.5423 0.4935 -0.6799
vn 0.2447 0.4843 0.8400
vn 0.2446 0.4843 0.8400
vn -0.8892 0.4548 -0.0493
vn -0.6383 0.4584 0.6184
vn -0.3304 0.5300 -0.7810
vn 0.0482 0.4608 0.8862
vn -0.8607 0.4517 -0.2347
vn -0.8607 0.4517 -0.2348
vn -0.7503 0.4606 0.4742
vn -0.7503 0.4606 0.4743
vn -0.3447 0.5079 -0.7894
vn -0.1195 0.6037 -0.7882
vn -0.1764 0.6228 -0.7623
vn -0.1310 0.4481 0.8843
vn -0.1484 0.4521 0.8796
vn -0.0371 0.4605 0.8869
vn -0.7905 0.4521 -0.4132
vn -0.0825 0.6134 0.7855
vn -0.1544 0.7314 0.6643
vn -0.1456 0.7259 0.6722
vn -0.3299 0.8815 0.3380
vn -0.3184 0.8550 0.4094
vn -0.3235 0.8565 0.4023
vn -0.4567 0.8780 0.1432
vn -0.4885 0.8674 0.0952
vn -0.5186 0.8550 0.0064
vn -0.5185 0.8550 0.0140
vn -0.5457 0.8375 -0.0270
vn -0.5748 0.8072 -0.1341
vn -0.5758 0.8080 -0.1250
vn -0.6190 0.6468 -0.4455
vn -0.6226 0.7314 -0.2784
vn -0.6205 0.7258 -0.2971
vn -0.6564 0.6232 -0.4251
vn -0.6564 0.6233 -0.4250
vn -0.6664 0.4794 -0.5711
vn -0.5038 0.2138 -0.8370
vn -0.6362 0.3010 -0.7104
vn -0.6267 0.2861 -0.7248
vn 0.1647 0.3089 0.9367
vn 0.0526 0.4794 0.8760
vn 0.0634 0.4706 0.8800
vn -0.4680 -0.2142 -0.8574
vn -0.3010 -0.0878 -0.9496
vn -0.3153 -0.0745 -0.9461
vn -0.7148 -0.0000 0.6994
vn -0.7147 -0.0000 0.6994
vn -0.7148 -0.0000 0.6993
vn -0.8375 -0.0000 0.5465
vn -0.9280 -0.0000 0.3726
vn -0.9829 -0.0000 0.1844
vn -0.9999 -0.0000 -0.0109
vn -0.9786 -0.0000 -0.2058
vn -0.9197 -0.0000 -0.3927
vn -0.8254 -0.0000 -0.5646
vn -0.8253 -0.0000 -0.5646
vn -0.6993 -0.0000 -0.7148
vn -0.5465 -0.0000 -0.8375
vn -0.5464 -0.0000 -0.8375
vn -0.3725 -0.0000 -0.9280
vn -0.3726 -0.0000 -0.9280
vn -0.1844 -0.0000 -0.9828
vn -0.1844 -0.0000 -0.9829
vn 0.0109 -0.0000 -0.9999
vn 0.2058 -0.0000 -0.9786
vn 0.3927 -0.0000 -0.9197
vn 0.5646 -0.0000 -0.8253
vn 0.9280 0.0003 -0.3726
vn 0.9280 -0.0000 -0.3726
vn 0.9253 -0.0075 -0.3792
vn 0.9855 -0.0163 -0.1692
vn 0.9829 -0.0000 -0.1844
vn 0.9829 0.0006 -0.1844
vn 0.9999 0.0004 0.0109
vn 0.9999 -0.0000 0.0109
vn 0.9999 -0.0109 0.0006
vn 0.9199 0.0024 0.3921
vn 0.9197 -0.0000 0.3926
vn 0.9197 -0.0000 0.3927
vn -0.0095 0.0053 0.9999
vn -0.0109 -0.0000 0.9999
vn -0.2058 -0.0000 0.9786
vn -0.2075 0.0068 0.9782
vn -0.6179 0.4606 -0.6372
vn -0.3927 -0.0000 0.9197
vn -0.5645 -0.0000 0.8254
vn -0.5645 -0.0000 0.8255
vn -0.0000 -1.0000 0.0003
vn -0.0000 -1.0000 -0.0002
vn -0.7402 0.6113 0.2800
vn -0.7379 0.6232 0.2591
vn -0.7152 0.5265 0.4597
vn -0.8918 0.4517 0.0260
vn 0.2549 0.4608 -0.8501
vn 0.2550 0.4608 -0.8501
vn -0.4751 0.4584 -0.7511
vn -0.8759 0.4548 -0.1610
vn 0.3417 0.3945 -0.8530
vn 0.4350 0.4843 -0.7591
vn 0.4047 0.4937 -0.7697
vn -0.7959 0.4747 0.3757
vn -0.6720 0.4843 0.5603
vn -0.6926 0.4875 0.5317
vn -0.3106 0.4548 -0.8347
vn -0.8222 0.4584 -0.3375
vn 0.5448 0.5343 -0.6463
vn 0.5835 0.5300 -0.6153
vn 0.3728 0.4984 -0.7827
vn -0.6874 0.4426 0.5758
vn -0.7929 0.4608 0.3987
vn -0.7720 0.4491 0.4498
vn -0.1292 0.4517 -0.8828
vn -0.1293 0.4517 -0.8828
vn -0.7403 0.4561 -0.4940
vn -0.7348 0.4606 -0.4978
vn -0.7348 0.4606 -0.4979
vn -0.8654 0.4521 0.2161
vn -0.8654 0.4521 0.2160
vn 0.0624 0.4521 -0.8898
vn -0.6735 0.7256 0.1414
vn -0.6706 0.7314 0.1242
vn -0.6979 0.6577 0.2834
vn -0.5211 0.8525 -0.0411
vn -0.5902 0.8073 -0.0048
vn -0.5849 0.8110 -0.0157
vn -0.5025 0.8550 -0.1280
vn -0.5026 0.8550 -0.1280
vn -0.4102 0.8784 -0.2452
vn -0.4102 0.8780 -0.2466
vn -0.4212 0.8759 -0.2354
vn -0.3128 0.8780 -0.3624
vn -0.3140 0.8780 -0.3612
vn -0.2954 0.8777 -0.3774
vn -0.2080 0.8539 -0.4771
vn -0.2134 0.8550 -0.4727
vn -0.2036 0.8127 -0.5460
vn -0.1071 0.8072 -0.5805
vn -0.1070 0.8072 -0.5805
vn -0.1072 0.8073 -0.5804
vn 0.0059 0.7313 -0.6820
vn 0.1270 0.6232 -0.7717
vn 0.1269 0.6232 -0.7717
vn 0.2688 0.4698 -0.8409
vn 0.2568 0.4794 -0.8392
vn 0.4015 0.2959 -0.8667
vn -0.6270 -0.0104 0.7789
vn -0.7193 0.0998 0.6875
vn -0.7125 0.0928 0.6955
vn 0.4086 0.2909 -0.8651
vn 0.3964 0.3010 -0.8673
vn 0.5499 0.1161 -0.8271
vn -0.7853 0.3010 0.5410
vn -0.7811 0.3081 0.5430
vn -0.7819 0.4793 0.3987
vn -0.7815 0.4702 0.4100
vn -0.0586 0.0061 0.9983
vn -0.0602 -0.0000 0.9982
vn -0.2538 -0.0000 0.9673
vn -0.4375 -0.0000 0.8992
vn -0.6047 -0.0000 0.7965
vn -0.6046 -0.0000 0.7966
vn -0.6046 -0.0000 0.7965
vn -0.6047 -0.0000 0.7964
vn -0.7484 -0.0000 0.6633
vn -0.8634 -0.0000 0.5044
vn -0.8634 -0.0000 0.5045
vn -0.9452 -0.0000 0.3264
vn -0.9452 -0.0000 0.3265
vn -0.9907 -0.0000 0.1357
vn -0.9982 -0.0000 -0.0602
vn -0.9673 -0.0000 -0.2538
vn -0.8992 -0.0000 -0.4376
vn -0.7967 -0.0000 -0.6044
vn -0.7965 -0.0000 -0.6046
vn -0.6633 -0.0000 -0.7484
vn -0.5045 -0.0000 -0.8634
vn -0.5044 -0.0000 -0.8635
vn -0.3264 -0.0000 -0.9452
vn -0.1356 -0.0000 -0.9908
vn -0.1357 -0.0000 -0.9907
vn -0.1357 -0.0000 -0.9908
vn 0.0602 -0.0000 -0.9982
vn 0.0601 -0.0000 -0.9982
vn 0.2538 -0.0000 -0.9673
vn 0.2545 0.0027 -0.9671
vn 0.4375 -0.0000 -0.8992
vn 0.7632 -0.0243 -0.6457
vn 0.7484 -0.0000 -0.6633
vn 0.7484 0.0009 -0.6632
vn 0.8638 -0.0007 -0.5039
vn 0.8634 -0.0000 -0.5044
vn 0.9452 0.0005 -0.3264
vn 0.9452 -0.0000 -0.3264
vn 0.9414 -0.0121 -0.3372
vn 0.9907 0.0002 -0.1357
vn 0.9907 -0.0000 -0.1357
vn 0.9900 -0.0057 -0.1411
vn 0.9974 -0.0111 0.0706
vn 0.9982 -0.0000 0.0602
vn 0.9982 0.0004 0.0602
vn 0.9673 0.0004 0.2538
vn 0.9673 -0.0000 0.2538
vn 0.9699 -0.0116 0.2431
vn -0.8857 0.4606 -0.0574
vn -0.8858 0.4606 -0.0574
vn 0.3100 -0.0182 0.9506
vn 0.3264 -0.0000 0.9452
vn 0.3264 0.0007 0.9452
vn -0.0000 -1.0000 0.0001
vn -0.5634 0.4454 0.6958
vn -0.6435 0.4517 0.6180
vn -0.6303 0.4452 0.6360
vn -0.3818 0.4608 -0.8012
vn -0.1847 0.5033 0.8441
vn 0.0836 0.5300 0.8439
vn 0.0347 0.5317 0.8462
vn -0.8564 0.4584 -0.2376
vn -0.7572 0.4548 0.4688
vn -0.7572 0.4548 0.4689
vn -0.3336 0.4055 -0.8510
vn -0.1872 0.4843 -0.8546
vn -0.2181 0.4942 -0.8416
vn -0.7906 0.4548 -0.4100
vn -0.8359 0.4584 0.3019
vn 0.2432 0.5091 -0.8257
vn 0.0194 0.5300 -0.8478
vn 0.0640 0.5186 -0.8526
vn -0.6884 0.4517 -0.5675
vn -0.6885 0.4517 -0.5674
vn -0.8788 0.4606 0.1244
vn 0.1358 0.6021 -0.7868
vn 0.2146 0.6037 -0.7678
vn -0.1427 0.5439 -0.8269
vn -0.4964 0.4521 0.7411
vn -0.4963 0.4521 0.7411
vn -0.5610 0.4555 -0.6912
vn -0.5511 0.4521 -0.7013
vn -0.6341 0.4536 -0.6262
vn -0.4406 0.8072 0.3929
vn -0.4406 0.8072 0.3928
vn -0.4751 0.8704 0.1296
vn -0.4695 0.8781 0.0928
vn -0.4690 0.8780 0.0960
vn -0.4750 0.8779 -0.0602
vn -0.4752 0.8780 -0.0569
vn -0.4808 0.8715 -0.0965
vn -0.4755 0.8550 -0.2071
vn -0.4755 0.8550 -0.2072
vn -0.4905 0.8351 -0.2488
vn -0.4691 0.8072 -0.3581
vn -0.4732 0.8083 -0.3502
vn -0.4535 0.7314 -0.5094
vn -0.4535 0.7313 -0.5094
vn -0.4534 0.7314 -0.5094
vn -0.4240 0.6232 -0.6571
vn -0.4240 0.6232 -0.6572
vn -0.2367 0.3572 -0.9035
vn -0.3731 0.4794 -0.7944
vn -0.3577 0.4665 -0.8090
vn -0.2766 0.2895 -0.9163
vn -0.2886 0.3010 -0.9089
vn -0.1285 0.0829 -0.9882
vn -0.0714 0.0997 0.9924
vn -0.2188 0.3010 0.9282
vn -0.2067 0.2903 0.9343
vn -0.0759 0.0685 -0.9948
vn -0.1465 0.0998 -0.9842
vn -0.1397 0.0949 -0.9856
vn -0.2973 0.4657 0.8335
vn -0.3118 0.4793 0.8204
vn -0.1526 0.3790 0.9127
vn -0.0501 -0.1969 -0.9791
vn 0.1155 -0.0878 -0.9894
vn 0.1032 -0.0767 -0.9917
vt 1.000000 1.000000
vt 0.968800 1.000000
vt 0.968800 0.500000
vt 1.000000 0.500000
vt 0.937500 1.000000
vt 0.937500 0.500000
vt 0.906200 1.000000
vt 0.906200 0.500000
vt 0.875000 1.000000
vt 0.875000 0.500000
vt 0.843800 1.000000
vt 0.843800 0.500000
vt 0.812500 0.500000
vt 0.812500 1.000000
vt 0.781200 0.500000
vt 0.781200 1.000000
vt 0.750000 1.000000
vt 0.750000 0.500000
vt 0.718800 0.500000
vt 0.718800 1.000000
vt 0.687500 0.500000
vt 0.687500 1.000000
vt 0.656200 0.500000
vt 0.656200 1.000000
vt 0.625000 1.000000
vt 0.625000 0.500000
vt 0.593800 0.500000
vt 0.593800 1.000000
vt 0.562500 0.500000
vt 0.562500 1.000000
vt 0.531200 0.500000
vt 0.531200 1.000000
vt 0.500000 0.500000
vt 0.500000 1.000000
vt 0.468800 0.500000
vt 0.468800 1.000000
vt 0.437500 0.500000
vt 0.406200 0.500000
vt 0.437500 1.000000
vt 0.375000 1.000000
vt 0.375000 0.500000
vt 0.343800 0.500000
vt 0.312500 0.500000
vt 0.343800 1.000000
vt 0.281200 0.500000
vt 0.312500 1.000000
vt 0.250000 1.000000
vt 0.250000 0.500000
vt 0.218800 1.000000
vt 0.218800 0.500000
vt 0.187500 0.500000
vt 0.156200 1.000000
vt 0.156200 0.500000
vt 0.093800 0.500000
vt 0.125000 0.500000
vt 0.125000 1.000000
vt 0.062500 1.000000
vt 0.062500 0.500000
vt 0.031200 1.000000
vt 0.031200 0.500000
vt 0.000000 1.000000
vt 0.000000 0.500000
vt 0.796800 0.485400
vt 0.841800 0.471700
vt 0.883300 0.449600
vt 0.919700 0.419700
vt 0.949600 0.383300
vt 0.971700 0.341800
vt 0.990000 0.250000
vt 0.971700 0.158200
vt 0.919700 0.080300
vt 0.841800 0.028300
vt 0.750000 0.010000
vt 0.658200 0.028300
vt 0.528300 0.158200
vt 0.528300 0.341800
vt 0.658200 0.471700
vt 0.750000 0.490000
vt 0.703200 0.485400
vt 0.281200 1.000000
vt 0.093800 1.000000
vt 0.985400 0.296800
vt 0.949600 0.116700
vt 0.883300 0.050400
vt 0.796800 0.014600
vt 0.703200 0.014600
vt 0.616700 0.050400
vt 0.580300 0.080300
vt 0.550400 0.116700
vt 0.514600 0.203200
vt 0.514600 0.296800
vt 0.550400 0.383300
vt 0.580300 0.419700
vt 0.616700 0.449600
vt 0.406200 1.000000
vt 0.985400 0.203200
vt 0.510000 0.250000
s 1
usemtl Goddard_None
f 1706/126/3081 1707/127/3081 1708/128/3081
f 1708/128/3081 1709/129/3082 1706/126/3081
f 1707/127/3083 1710/130/3084 1711/131/3084
f 1711/131/3084 1708/128/3084 1707/127/3083
f 1710/130/3085 1712/132/3085 1713/133/3085
f 1713/133/3085 1711/131/3085 1710/130/3085
f 1712/132/3086 1714/134/3087 1715/135/3088
f 1716/136/3089 1717/137/3089 1715/135/3089
f 1715/135/3089 1714/134/3089 1716/136/3089
f 1718/138/3090 1717/137/3090 1716/136/3091
f 1716/136/3091 1719/139/3091 1718/138/3090
f 1720/140/3092 1718/138/3092 1719/139/3092
f 1719/139/3092 1721/141/3092 1720/140/3092
f 1722/142/3093 1723/143/3093 1720/140/3093
f 1720/140/3093 1721/141/3093 1722/142/3093
f 1724/144/3094 1723/143/3094 1722/142/3094
f 1722/142/3094 1725/145/3094 1724/144/3094
f 1726/146/3095 1724/144/3095 1725/145/3095
f 1725/145/3095 1727/147/3095 1726/146/3095
f 1728/148/3096 1726/146/3096 1727/147/3096
f 1727/147/3096 1729/149/3096 1728/148/3096
f 1730/150/3097 1731/151/3097 1728/148/3097
f 1728/148/3097 1729/149/3097 1730/150/3097
f 1732/152/3098 1731/151/3099 1730/150/3100
f 1730/150/3100 1733/153/3098 1732/152/3098
f 1734/154/3101 1732/152/3101 1733/153/3101
f 1733/153/3101 1735/155/3101 1734/154/3101
f 1736/156/3102 1734/154/3102 1735/155/3102
f 1735/155/3102 1737/157/3102 1736/156/3102
f 1738/158/3103 1736/156/3103 1737/157/3103
f 1737/157/3103 1739/159/3103 1738/158/3103
f 1740/160/3104 1738/158/3104 1739/159/3104
f 1739/159/3104 1741/161/3104 1740/160/3104
f 1742/162/3105 1740/160/3106 1741/161/3107
f 1744/163/3108 1742/162/3109 1743/164/3110
f 1745/165/3111 1746/166/3112 1744/163/3113
f 1748/167/3114 1746/166/3115 1745/165/3116
f 1749/168/3117 1748/167/3118 1747/169/3119
f 1751/170/3120 1749/168/3120 1750/171/3121
f 1752/172/3122 1753/173/3123 1751/170/3123
f 1754/174/3124 1755/175/3125 1753/173/3126
f 1756/176/3127 1755/175/3128 1754/174/3129
f 1757/177/3130 1758/178/3131 1756/176/3131
f 1761/179/3132 1759/180/3133 1760/181/3134
f 1762/182/3135 1763/183/3136 1761/179/3137
f 1765/145/3138 1725/145/3139 1722/142/3140
f 1766/184/3141 1767/185/3142 1763/183/3142
f 1706/186/3143 1709/187/3144 1767/185/3145
f 1708/188/3146 1711/189/3146 1713/190/3147
f 1708/188/3146 1713/190/3147 1715/191/3146
f 1715/191/3146 1717/192/3148 1718/193/3146
f 1718/193/3146 1723/194/3146 1726/195/3146
f 1715/191/3146 1718/193/3146 1726/195/3146
f 1726/195/3146 1731/196/3146 1734/197/3146
f 1734/197/3146 1738/198/3146 1742/199/3146
f 1742/199/3146 1749/200/3146 1756/201/3146
f 1734/197/3146 1742/199/3146 1756/201/3146
f 1726/195/3146 1734/197/3146 1756/201/3146
f 1715/191/3146 1726/195/3146 1756/201/3146
f 1715/191/3146 1756/201/3146 1763/202/3146
f 1708/188/3146 1715/191/3146 1763/202/3146
f 1709/203/3149 1763/202/3149 1767/204/3149
f 1772/136/3150 1716/136/3151 1714/134/3152
f 1773/155/3153 1735/155/3153 1733/153/3153
f 1733/153/3153 1774/153/3153 1773/155/3153
f 1707/127/3154 1706/126/3154 1775/126/3155
f 1775/126/3155 1776/127/3156 1707/127/3154
f 1777/147/3157 1727/147/3157 1725/145/3157
f 1725/145/3157 1765/145/3157 1777/147/3157
f 1778/139/3158 1719/139/3159 1716/136/3160
f 1779/157/3161 1737/157/3162 1735/155/3163
f 1776/127/3164 1780/130/3164 1710/130/3165
f 1710/130/3165 1707/127/3165 1776/127/3164
f 1781/149/3166 1729/149/3166 1727/147/3166
f 1727/147/3166 1777/147/3166 1781/149/3166
f 1782/141/3167 1721/141/3167 1719/139/3167
f 1719/139/3167 1778/139/3167 1782/141/3167
f 1783/159/3168 1739/159/3168 1737/157/3168
f 1737/157/3168 1779/157/3168 1783/159/3168
f 1768/132/3169 1712/132/3169 1710/130/3169
f 1710/130/3169 1780/130/3169 1768/132/3169
f 1784/150/3170 1730/150/3171 1729/149/3171
f 1729/149/3171 1781/149/3170 1784/150/3170
f 1721/141/3172 1782/141/3173 1764/142/3173
f 1764/142/3173 1722/142/3172 1721/141/3172
f 1771/161/3174 1741/161/3175 1739/159/3176
f 1768/132/3177 1770/134/3178 1714/134/3179
f 1774/153/3180 1733/153/3180 1730/150/3180
f 1730/150/3180 1784/150/3180 1774/153/3180
f 1796/136/3181 1772/136/3182 1770/134/3183
f 1778/139/3184 1795/139/3185 1794/141/3186
f 1764/142/3187 1793/142/3187 1792/145/3187
f 1792/145/3187 1765/145/3187 1764/142/3187
f 1765/145/3188 1792/145/3189 1791/147/3190
f 1777/147/3191 1791/147/3192 1790/149/3193
f 1789/150/3194 1784/150/3195 1781/149/3196
f 1784/150/3197 1789/150/3198 1788/153/3198
f 1788/153/3198 1774/153/3197 1784/150/3197
f 1774/153/3199 1788/153/3199 1787/155/3199
f 1787/155/3199 1773/155/3199 1774/153/3199
f 1786/157/3200 1779/157/3201 1773/155/3202
f 1769/132/3203 1768/132/3204 1780/130/3205
f 1785/161/3206 1771/161/3207 1783/159/3208
f 1797/127/3209 1798/128/3210 1799/129/3211
f 1799/129/3211 1800/126/3210 1797/127/3209
f 1801/131/3212 1798/128/3212 1797/127/3212
f 1797/127/3212 1802/130/3212 1801/131/3212
f 1803/132/3213 1804/133/3213 1801/131/3213
f 1801/131/3213 1802/130/3213 1803/132/3213
f 1805/135/3214 1804/133/3214 1803/132/3214
f 1803/132/3214 1806/134/3214 1805/135/3214
f 1807/136/3215 1808/137/3215 1805/135/3215
f 1805/135/3215 1806/134/3215 1807/136/3215
f 1809/138/3216 1808/137/3216 1807/136/3216
f 1807/136/3216 1810/139/3216 1809/138/3216
f 1811/140/3217 1809/138/3217 1810/139/3217
f 1810/139/3217 1812/141/3217 1811/140/3217
f 1813/142/3218 1814/143/3218 1811/140/3218
f 1811/140/3218 1812/141/3219 1813/142/3218
f 1815/144/3220 1814/143/3220 1813/142/3220
f 1813/142/3220 1816/145/3220 1815/144/3220
f 1817/147/3221 1818/146/3221 1815/144/3222
f 1815/144/3222 1816/145/3221 1817/147/3221
f 1819/149/3223 1820/148/3224 1818/146/3224
f 1818/146/3224 1817/147/3224 1819/149/3223
f 1821/151/3225 1820/148/3225 1819/149/3226
f 1819/149/3226 1822/150/3226 1821/151/3225
f 1823/153/3227 1824/152/3227 1821/151/3227
f 1821/151/3227 1822/150/3227 1823/153/3227
f 1825/155/3228 1826/154/3228 1824/152/3228
f 1824/152/3228 1823/153/3228 1825/155/3228
f 1827/156/3229 1826/154/3229 1825/155/3229
f 1825/155/3229 1828/157/3229 1827/156/3229
f 1828/157/3230 1829/159/3230 1830/158/3230
f 1830/158/3230 1827/156/3230 1828/157/3230
f 1834/163/3231 1832/162/3232 1833/164/3233
f 1835/165/3234 1836/166/3235 1834/163/3236
f 1837/167/3237 1836/166/3238 1835/165/3239
f 1839/205/3240 1840/170/3241 1838/168/3242
f 1845/206/3243 1846/179/3244 1844/180/3244
f 1847/183/3245 1846/179/3245 1845/206/3246
f 1849/145/3247 1816/145/3247 1813/142/3247
f 1813/142/3247 1850/142/3247 1849/145/3247
f 1851/184/3248 1852/185/3248 1847/183/3248
f 1847/183/3248 1848/182/3248 1851/184/3248
f 1851/184/3249 1800/186/3250 1799/187/3249
f 1799/187/3249 1852/185/3249 1851/184/3249
f 1799/203/3146 1801/189/3146 1805/191/3146
f 1808/192/3146 1809/193/3146 1811/207/3146
f 1805/191/3146 1811/207/3146 1814/194/3146
f 1805/191/3146 1814/194/3146 1818/195/3146
f 1805/191/3146 1818/195/3146 1820/208/3146
f 1805/191/3146 1820/208/3146 1824/209/3146
f 1805/191/3146 1824/209/3146 1826/197/3146
f 1826/197/3146 1827/210/3251 1830/198/3146
f 1805/191/3146 1826/197/3146 1830/198/3146
f 1805/191/3146 1830/198/3146 1831/211/3146
f 1831/211/3146 1832/199/3146 1834/212/3146
f 1805/191/3146 1831/211/3146 1834/212/3146
f 1805/191/3146 1834/212/3146 1836/213/3146
f 1836/213/3146 1837/214/3146 1838/200/3146
f 1805/191/3146 1836/213/3146 1838/200/3146
f 1805/191/3146 1838/200/3146 1840/215/3146
f 1805/191/3146 1840/215/3146 1841/216/3146
f 1805/191/3146 1841/216/3146 1842/201/3146
f 1842/201/3146 1843/217/3252 1844/218/3146
f 1805/191/3146 1842/201/3146 1844/218/3146
f 1805/191/3146 1844/218/3146 1846/219/3146
f 1799/203/3146 1805/191/3146 1846/219/3146
f 1853/134/3253 1854/132/3254 1855/132/3255
f 1806/134/3256 1853/134/3256 1857/136/3256
f 1857/136/3256 1807/136/3256 1806/134/3256
f 1823/153/3257 1858/153/3258 1859/155/3258
f 1859/155/3258 1825/155/3257 1823/153/3257
f 1849/145/3259 1862/147/3259 1817/147/3259
f 1817/147/3259 1816/145/3259 1849/145/3259
f 1863/139/3260 1810/139/3260 1807/136/3260
f 1807/136/3260 1857/136/3260 1863/139/3260
f 1864/157/3261 1828/157/3262 1825/155/3263
f 1865/130/3264 1802/130/3265 1797/127/3266
f 1817/147/3267 1862/147/3267 1866/149/3267
f 1866/149/3267 1819/149/3267 1817/147/3267
f 1863/139/3268 1867/141/3268 1812/141/3268
f 1812/141/3268 1810/139/3268 1863/139/3268
f 1829/159/3269 1828/157/3270 1864/157/3271
f 1802/130/3272 1865/130/3273 1854/132/3274
f 1868/150/3275 1822/150/3276 1819/149/3276
f 1819/149/3276 1866/149/3275 1868/150/3275
f 1850/142/3277 1813/142/3278 1812/141/3279
f 1853/134/3280 1806/134/3281 1803/132/3281
f 1803/132/3281 1854/132/3280 1853/134/3280
f 1868/150/3282 1858/153/3282 1823/153/3282
f 1823/153/3282 1822/150/3282 1868/150/3282
f 1857/136/3283 1853/134/3284 1856/134/3285
f 1857/136/3286 1878/136/3287 1877/139/3288
f 1867/141/3289 1863/139/3289 1877/139/3290
f 1877/139/3290 1876/141/3290 1867/141/3289
f 1850/142/3291 1867/141/3292 1876/141/3293
f 1849/145/3294 1850/142/3295 1875/142/3296
f 1862/147/3297 1849/145/3298 1874/145/3299
f 1866/149/3300 1862/147/3301 1873/147/3302
f 1873/147/3302 1872/149/3302 1866/149/3300
f 1872/149/3303 1871/150/3303 1868/150/3303
f 1868/150/3303 1866/149/3303 1872/149/3303
f 1858/153/3304 1868/150/3304 1871/150/3305
f 1871/150/3305 1870/153/3305 1858/153/3304
f 1859/155/3306 1858/153/3307 1870/153/3308
f 1880/127/3309 1861/127/3310 1860/126/3311
f 1864/157/3312 1859/155/3313 1869/155/3314
f 1879/130/3315 1865/130/3315 1861/127/3315
f 1861/127/3315 1880/127/3315 1879/130/3315
f 1855/132/3316 1854/132/3317 1865/130/3318
f 1881/127/3319 1882/128/3320 1883/129/3320
f 1885/131/3321 1882/128/3321 1881/127/3321
f 1881/127/3321 1886/130/3321 1885/131/3321
f 1887/132/3322 1888/133/3322 1885/131/3322
f 1885/131/3322 1886/130/3322 1887/132/3322
f 1889/134/3323 1890/135/3324 1888/133/3325
f 1888/133/3325 1887/132/3326 1889/134/3323
f 1891/137/3327 1890/135/3327 1889/134/3327
f 1889/134/3327 1892/136/3327 1891/137/3327
f 1893/139/3328 1894/138/3329 1891/137/3329
f 1891/137/3329 1892/136/3329 1893/139/3328
f 1895/141/3330 1896/140/3331 1894/138/3330
f 1894/138/3330 1893/139/3330 1895/141/3330
f 1897/143/3332 1896/140/3332 1895/141/3332
f 1895/141/3332 1898/142/3332 1897/143/3332
f 1899/145/3333 1900/144/3333 1897/143/3333
f 1897/143/3333 1898/142/3333 1899/145/3333
f 1901/147/3334 1902/146/3334 1900/144/3334
f 1900/144/3334 1899/145/3334 1901/147/3334
f 1903/148/3335 1902/146/3335 1901/147/3335
f 1901/147/3335 1904/149/3335 1903/148/3335
f 1905/150/3336 1906/151/3337 1903/148/3336
f 1903/148/3336 1904/149/3336 1905/150/3336
f 1907/153/3338 1908/152/3338 1906/151/3338
f 1906/151/3338 1905/150/3338 1907/153/3338
f 1909/154/3339 1908/152/3339 1907/153/3340
f 1907/153/3340 1910/155/3339 1909/154/3339
f 1911/156/3341 1909/154/3341 1910/155/3341
f 1910/155/3341 1912/157/3341 1911/156/3341
f 1913/159/3342 1914/158/3343 1911/156/3344
f 1911/156/3344 1912/157/3344 1913/159/3342
f 1915/160/3345 1914/158/3346 1913/159/3345
f 1913/159/3345 1916/161/3345 1915/160/3345
f 1917/162/3347 1915/160/3347 1916/161/3348
f 1918/220/3349 1919/163/3349 1917/162/3349
f 1921/169/3350 1922/167/3351 1920/166/3352
f 1923/171/3353 1924/168/3354 1922/167/3354
f 1925/170/3355 1924/168/3356 1923/171/3357
f 1927/173/3358 1925/170/3359 1926/205/3360
f 1928/174/3361 1929/175/3362 1927/173/3363
f 1930/176/3364 1929/175/3365 1928/174/3366
f 1898/142/3367 1934/142/3368 1935/145/3368
f 1935/145/3368 1899/145/3367 1898/142/3367
f 1936/184/3369 1937/185/3370 1933/183/3371
f 1883/203/3146 1890/191/3146 1894/193/3146
f 1883/203/3146 1894/193/3146 1896/207/3146
f 1883/203/3146 1896/207/3146 1900/221/3146
f 1883/203/3146 1900/221/3146 1902/195/3146
f 1902/195/3146 1903/208/3372 1906/196/3146
f 1883/203/3146 1902/195/3146 1906/196/3146
f 1883/203/3146 1906/196/3146 1908/209/3146
f 1908/209/3146 1909/197/3148 1911/210/3146
f 1883/203/3146 1908/209/3146 1911/210/3146
f 1883/203/3146 1911/210/3146 1914/198/3146
f 1914/198/3146 1915/211/3146 1917/199/3146
f 1883/203/3146 1914/198/3146 1917/199/3146
f 1883/203/3146 1917/199/3146 1919/212/3146
f 1919/212/3146 1920/213/3146 1922/214/3146
f 1883/203/3146 1919/212/3146 1922/214/3146
f 1883/203/3146 1922/214/3146 1924/200/3146
f 1883/203/3146 1924/200/3146 1927/222/3146
f 1883/203/3146 1927/222/3146 1929/216/3146
f 1883/203/3146 1929/216/3146 1931/217/3146
f 1883/203/3146 1931/217/3146 1932/218/3372
f 1889/134/3373 1939/134/3374 1941/136/3375
f 1910/155/3376 1907/153/3376 1942/153/3376
f 1942/153/3376 1943/155/3376 1910/155/3376
f 1944/127/3377 1881/127/3378 1884/126/3379
f 1899/145/3380 1935/145/3380 1945/147/3380
f 1945/147/3380 1901/147/3380 1899/145/3380
f 1892/136/3381 1941/136/3382 1946/139/3381
f 1946/139/3381 1893/139/3381 1892/136/3381
f 1947/157/3383 1912/157/3384 1910/155/3385
f 1945/147/3386 1949/149/3386 1904/149/3386
f 1904/149/3386 1901/147/3386 1945/147/3386
f 1893/139/3387 1946/139/3387 1950/141/3387
f 1950/141/3387 1895/141/3387 1893/139/3387
f 1912/157/3388 1947/157/3389 1951/159/3390
f 1949/149/3391 1952/150/3391 1905/150/3392
f 1905/150/3392 1904/149/3392 1949/149/3391
f 1895/141/3393 1950/141/3393 1934/142/3393
f 1934/142/3393 1898/142/3393 1895/141/3393
f 1916/161/3394 1913/159/3395 1951/159/3396
f 1887/132/3397 1938/132/3398 1939/134/3397
f 1939/134/3397 1889/134/3397 1887/132/3397
f 1907/153/3399 1905/150/3400 1952/150/3401
f 1946/139/3402 1941/136/3403 1963/136/3403
f 1963/136/3403 1962/139/3403 1946/139/3402
f 1961/142/3404 1934/142/3405 1950/141/3406
f 1935/145/3407 1934/142/3408 1961/142/3409
f 1935/145/3410 1960/145/3410 1959/147/3410
f 1959/147/3410 1945/147/3411 1935/145/3410
f 1945/147/3412 1959/147/3413 1958/149/3414
f 1958/149/3415 1957/150/3416 1952/150/3417
f 1952/150/3417 1949/149/3417 1958/149/3415
f 1956/153/3418 1942/153/3419 1952/150/3419
f 1952/150/3419 1957/150/3418 1956/153/3418
f 1955/155/3420 1943/155/3421 1942/153/3422
f 1947/157/3423 1943/155/3424 1955/155/3425
f 1964/130/3426 1948/130/3427 1944/127/3428
f 1954/159/3429 1951/159/3430 1947/157/3431
f 1938/132/3432 1948/130/3433 1964/130/3434
f 1953/161/3435 1940/161/3436 1951/159/3437
