# Blender 5.0.1
# www.blender.org
mtllib P5-5.mtl
o C_rculo_005_C_rculo_006
v 0.273053 1.417235 0.436207
v 0.205954 1.446035 0.428507
v 0.141354 1.473635 0.405607
v 0.081953 1.499035 0.368607
v 0.029854 1.521335 0.318807
v -0.012946 1.539635 0.258007
v -0.044746 1.553235 0.188707
v -0.064246 1.561635 0.113507
v -0.070946 1.564435 0.035307
v 0.590754 1.281335 -0.118093
v 0.610354 1.272935 -0.042893
v 0.616954 1.270135 0.035307
v 0.610354 1.272935 0.113507
v 0.590754 1.281335 0.188707
v 0.558954 1.294935 0.258007
v 0.516154 1.313235 0.318807
v 0.340054 1.388535 0.428507
v 0.464054 1.335535 0.368607
v 0.404654 1.360935 0.405607
v 0.458654 1.239135 -0.222693
v 0.472454 1.221835 -0.243593
v 0.514554 1.203735 -0.183793
v 0.497554 1.222435 -0.167393
v -0.069747 1.465235 -0.035893
v -0.051946 1.457535 -0.104293
v -0.075746 1.467735 0.035307
v -0.069747 1.465235 0.106507
v -0.051946 1.457535 0.174907
v 0.411254 1.259435 -0.268093
v 0.357154 1.282535 -0.301793
v 0.298354 1.307735 -0.322593
v 0.237254 1.333835 -0.329593
v 0.176254 1.359935 -0.322593
v 0.117454 1.385035 -0.301793
v 0.063354 1.408235 -0.268093
v 0.015954 1.428535 -0.222693
v -0.023047 1.445235 -0.167393
v 0.362654 1.268735 -0.329093
v 0.299154 1.295935 -0.351593
v -0.098746 1.466135 0.112307
v 0.421154 1.243735 -0.292693
v 0.233154 1.324135 -0.359193
v 0.167154 1.352435 -0.351593
v 0.103654 1.379535 -0.329093
v 0.045154 1.404635 -0.292693
v -0.006146 1.426535 -0.243593
v -0.048246 1.444535 -0.183793
v -0.079446 1.457935 -0.115693
v -0.098746 1.466135 -0.041693
v -0.105246 1.468935 0.035307
v 0.076254 1.277335 -0.290093
v 0.132954 1.253035 -0.310193
v 0.024054 1.299635 -0.257593
v 0.307553 1.178335 -0.290093
v 0.250954 1.202635 -0.310193
v 0.191954 1.227835 -0.316993
v 0.310654 1.148035 -0.328193
v 0.247354 1.175135 -0.350593
v 0.181454 1.203335 -0.358093
v 0.115653 1.231535 -0.350593
v 0.052354 1.258635 -0.328193
v -0.006046 1.283535 -0.291793
v 0.250753 1.058535 -0.277293
v 0.195654 1.080135 -0.296593
v 0.138354 1.102635 -0.303093
v 0.081053 1.125035 -0.296593
v 0.025954 1.146635 -0.277293
v -0.024746 1.166535 -0.245993
v -0.069246 1.183935 -0.203993
v -0.105846 1.198335 -0.152693
v -0.149646 1.215435 0.101307
v -0.200146 1.211235 0.111307
v -0.206646 1.213735 0.035307
v 0.260853 1.030535 -0.324493
v 0.197453 1.055435 -0.346693
v 0.131453 1.081235 -0.354193
v 0.065554 1.107135 -0.346693
v 0.002053 1.131935 -0.324493
v -0.056346 1.154835 -0.288493
v -0.107546 1.174935 -0.240093
v -0.149646 1.191435 -0.181093
v 0.097954 0.977935 -0.298193
v 0.154954 0.957735 -0.291793
v 0.040954 0.998035 -0.291793
v -0.013846 1.017335 -0.272793
v -0.064346 1.035235 -0.241993
v -0.108646 1.050835 -0.200493
v 0.209753 0.938435 -0.272793
v -0.090246 1.021535 -0.278293
v -0.033146 1.001335 -0.313093
v -0.140346 1.039235 -0.231393
v 0.219853 0.912135 -0.313093
v 0.157854 0.933935 -0.334593
v 0.093353 0.956735 -0.341793
v 0.028854 0.979435 -0.334593
v 0.179454 0.830035 -0.256293
v 0.127154 0.845735 -0.274193
v 0.072854 0.862035 -0.280293
v 0.018454 0.878435 -0.274193
v -0.033846 0.894135 -0.256293
v 0.132954 0.810235 -0.322393
v 0.193354 0.792135 -0.301593
v 0.070154 0.829135 -0.329393
v 0.007354 0.848035 -0.322393
v -0.053046 0.866135 -0.301593
v 0.166454 0.713935 -0.247093
v 0.115754 0.727835 -0.264493
v 0.063054 0.742335 -0.270393
v 0.010354 0.756735 -0.264493
v -0.040346 0.770635 -0.247093
v -0.087146 0.783435 -0.218893
v 0.183053 0.690235 -0.293393
v 0.124054 0.706435 -0.313693
v 0.062654 0.723235 -0.320493
v 0.001353 0.740035 -0.313693
v -0.057647 0.756235 -0.293393
v -0.112047 0.771135 -0.260493
v 0.060954 0.622835 -0.274793
v 0.114154 0.612235 -0.268793
v -0.054946 0.632335 -0.288993
v -0.043346 0.643635 -0.251193
v 0.007754 0.633435 -0.268793
v 0.253754 0.584335 -0.183893
v 0.212454 0.592635 -0.222493
v 0.165354 0.602035 -0.251193
v 0.281354 0.565235 -0.212893
v 0.234654 0.574535 -0.256593
v 0.181254 0.585235 -0.288993
v 0.123354 0.596735 -0.308993
v 0.063153 0.608735 -0.315693
v 0.002953 0.620735 -0.308993
v 0.014254 0.501535 -0.309093
v 0.024554 0.522835 -0.270893
v 0.182054 0.497035 -0.253093
v 0.130954 0.505335 -0.270893
v 0.077754 0.514135 -0.276893
v 0.191354 0.472535 -0.289093
v 0.133854 0.481935 -0.309093
v 0.074053 0.491735 -0.315793
v -0.213046 0.417035 -0.026293
v -0.218346 0.417235 0.035307
v 0.366254 0.390635 0.103807
v 0.372153 0.389735 0.035307
v 0.366254 0.390635 -0.033193
v 0.348854 0.393535 -0.099093
v 0.320453 0.398135 -0.159793
v 0.282353 0.404435 -0.212993
v 0.235954 0.412035 -0.256693
v 0.182954 0.420735 -0.289093
v 0.125354 0.430135 -0.309093
v 0.235954 0.412035 0.327307
v 0.282353 0.404435 0.283607
v 0.320453 0.398135 0.230407
v 0.348854 0.393535 0.169707
v 0.115154 0.408835 0.344907
v 0.167554 0.407435 0.326907
v 0.215754 0.406235 0.297707
v 0.258054 0.405235 0.258507
v 0.292854 0.404335 0.210707
v 0.318554 0.403635 0.156107
v 0.334454 0.403235 0.096907
v 0.339853 0.403135 0.035307
v 0.334454 0.403235 -0.026293
v 0.318554 0.403635 -0.085493
v 0.292854 0.404335 -0.140093
v 0.258054 0.405235 -0.187893
v 0.215754 0.406235 -0.227093
v 0.167554 0.407435 -0.256293
v 0.115154 0.408835 -0.274293
v 0.060754 0.410135 -0.280293
v 0.006254 0.411535 -0.274293
v -0.046047 0.412835 -0.256293
v -0.094346 0.414035 -0.227093
v -0.136647 0.415135 -0.187893
v -0.171346 0.416035 -0.140093
v -0.197146 0.416635 -0.085493
v -0.213046 0.417035 0.096907
v -0.197146 0.416635 0.156107
v -0.171346 0.416035 0.210607
v -0.136647 0.415135 0.258507
v -0.094346 0.414035 0.297707
v -0.046047 0.412835 0.326907
v 0.006254 0.411535 0.344907
v 0.060754 0.410135 0.350907
vn -0.3946 -0.9189 0.0029
vn -0.3933 -0.9194 -0.0000
vn -0.3934 -0.9194 0.0002
vn -0.3933 -0.9194 0.0001
vn -0.3934 -0.9194 0.0001
vn -0.3930 -0.9195 -0.0001
vn -0.4005 -0.9163 0.0015
vn -0.4005 -0.9163 0.0020
vn -0.3957 -0.9184 0.0002
vn -0.3955 -0.9185 0.0005
vn -0.3931 -0.9195 -0.0000
vn -0.3936 -0.9193 -0.0002
vn -0.3933 -0.9194 -0.0007
vn -0.3933 -0.9194 -0.0001
vn -0.6235 -0.7524 0.2124
vn -0.6235 -0.7524 0.2123
vn -0.0515 -0.9939 -0.0972
vn -0.0528 -0.9939 -0.0969
vn -0.0497 -0.9939 -0.0988
vn -0.5787 -0.7732 0.2593
vn -0.5787 -0.7732 0.2592
vn -0.5787 -0.7734 0.2588
vn -0.5787 -0.7733 0.2590
vn -0.5257 -0.7974 0.2964
vn -0.5257 -0.7975 0.2962
vn -0.5257 -0.7974 0.2963
vn -0.5257 -0.7973 0.2965
vn -0.4665 -0.8239 0.3217
vn -0.4663 -0.8240 0.3217
vn -0.4662 -0.8239 0.3223
vn -0.4028 -0.8518 0.3349
vn -0.4032 -0.8517 0.3347
vn -0.4029 -0.8518 0.3349
vn -0.3379 -0.8796 0.3350
vn -0.3379 -0.8796 0.3348
vn -0.3381 -0.8796 0.3347
vn -0.3379 -0.8795 0.3350
vn -0.2741 -0.9063 0.3218
vn -0.2740 -0.9063 0.3217
vn -0.2138 -0.9309 0.2962
vn -0.1596 -0.9525 0.2592
vn -0.1596 -0.9525 0.2593
vn -0.1135 -0.9706 0.2124
vn -0.1136 -0.9706 0.2124
vn -0.0776 -0.9844 0.1576
vn -0.0777 -0.9844 0.1576
vn -0.0775 -0.9845 0.1576
vn -0.0528 -0.9939 0.0969
vn -0.0402 -0.9987 0.0327
vn -0.0406 -0.9986 0.0329
vn -0.0402 -0.9987 -0.0327
vn -0.0402 -0.9987 -0.0328
vn -0.4848 -0.7028 0.5207
vn -0.3823 -0.7481 0.5424
vn -0.3823 -0.7481 0.5423
vn -0.2770 -0.7931 0.5424
vn -0.2771 -0.7932 0.5423
vn -0.2772 -0.7932 0.5422
vn -0.1737 -0.8360 0.5206
vn -0.1737 -0.8360 0.5205
vn -0.1738 -0.8360 0.5205
vn -0.0762 -0.8748 0.4785
vn -0.0762 -0.8748 0.4784
vn 0.0751 -0.9964 -0.0392
vn 0.0764 -0.9963 -0.0399
vn 0.0749 -0.9964 -0.0387
vn -0.4502 -0.8070 0.3822
vn -0.4501 -0.8071 0.3821
vn -0.4504 -0.8070 0.3820
vn -0.4502 -0.8069 0.3823
vn -0.3734 -0.8371 0.3997
vn -0.3732 -0.8371 0.3999
vn -0.3734 -0.8370 0.4000
vn -0.3740 -0.8371 0.3993
vn -0.2942 -0.8672 0.4017
vn -0.2943 -0.8672 0.4016
vn -0.2943 -0.8672 0.4017
vn -0.2943 -0.8673 0.4016
vn -0.2158 -0.8962 0.3876
vn -0.2157 -0.8962 0.3876
vn -0.1411 -0.9229 0.3583
vn -0.1409 -0.9229 0.3584
vn -0.1411 -0.9229 0.3582
vn -0.1412 -0.9229 0.3583
vn -0.0735 -0.9463 0.3147
vn -0.0734 -0.9464 0.3146
vn -0.0737 -0.9463 0.3147
vn -0.0737 -0.9464 0.3144
vn -0.0161 -0.9659 0.2585
vn -0.0160 -0.9659 0.2585
vn -0.0160 -0.9659 0.2583
vn -0.0785 -0.9133 0.3997
vn -0.0009 -0.9359 0.3523
vn -0.0002 -0.9358 0.3526
vn -0.0012 -0.9359 0.3523
vn -0.4274 -0.8021 0.4172
vn -0.4275 -0.8020 0.4172
vn -0.4274 -0.8020 0.4172
vn -0.4273 -0.8021 0.4172
vn -0.3425 -0.8307 0.4389
vn -0.3426 -0.8307 0.4389
vn -0.2536 -0.8596 0.4437
vn -0.2536 -0.8596 0.4436
vn -0.2535 -0.8596 0.4437
vn -0.1643 -0.8875 0.4305
vn -0.1642 -0.8875 0.4306
vn -0.4032 -0.7592 0.5110
vn -0.4036 -0.7589 0.5110
vn -0.4035 -0.7589 0.5111
vn -0.2966 -0.7854 0.5434
vn -0.2966 -0.7854 0.5433
vn -0.2965 -0.7853 0.5434
vn -0.1821 -0.8118 0.5547
vn -0.1821 -0.8118 0.5548
vn -0.1822 -0.8119 0.5547
vn -0.1822 -0.8119 0.5546
vn -0.0643 -0.8369 0.5436
vn -0.0648 -0.8369 0.5435
vn -0.0647 -0.8369 0.5435
vn -0.3519 -0.8783 0.3238
vn -0.3519 -0.8782 0.3239
vn -0.3519 -0.8783 0.3237
vn -0.3518 -0.8784 0.3235
vn -0.2838 -0.8956 0.3427
vn -0.2837 -0.8955 0.3430
vn -0.2839 -0.8956 0.3426
vn -0.2113 -0.9129 0.3491
vn -0.2113 -0.9129 0.3492
vn -0.2114 -0.9129 0.3492
vn -0.1377 -0.9298 0.3414
vn -0.1377 -0.9298 0.3413
vn -0.0660 -0.9454 0.3193
vn -0.0659 -0.9453 0.3195
vn -0.0659 -0.9453 0.3194
vn -0.3866 -0.8950 0.2225
vn -0.3864 -0.8950 0.2226
vn -0.3864 -0.8951 0.2225
vn -0.3863 -0.8951 0.2225
vn -0.3380 -0.9048 0.2591
vn -0.3381 -0.9047 0.2592
vn -0.2818 -0.9154 0.2876
vn -0.2818 -0.9154 0.2875
vn -0.2817 -0.9153 0.2877
vn -0.2191 -0.9264 0.3061
vn -0.1519 -0.9374 0.3133
vn -0.1519 -0.9374 0.3134
vn -0.0827 -0.9477 0.3082
vn -0.0826 -0.9478 0.3081
vn -0.3018 -0.8232 0.4809
vn -0.3018 -0.8233 0.4807
vn -0.3018 -0.8233 0.4808
vn -0.3019 -0.8230 0.4812
vn -0.1946 -0.8431 0.5013
vn -0.1946 -0.8432 0.5012
vn -0.0845 -0.8612 0.5012
vn -0.0845 -0.8612 0.5011
vn 0.0252 0.9997 -0.0001
vn 0.0252 0.9997 -0.0000
vn 0.0251 0.9997 -0.0003
vn 0.0253 0.9997 -0.0001
vn 0.0250 0.9997 -0.0000
vn 0.0251 0.9997 0.0002
vn 0.0250 0.9997 0.0001
vn 0.0251 0.9997 0.0003
vn 0.0249 0.9997 -0.0000
vn 0.0253 0.9997 0.0001
vn 0.0254 0.9997 -0.0000
vn 0.0253 0.9997 -0.0000
vn 0.0254 0.9997 -0.0002
vn 0.0251 0.9997 0.0001
vn 0.0253 0.9997 -0.0002
vn 0.2350 0.9698 -0.0659
vn 0.1189 0.9928 -0.0158
vn 0.0071 0.9953 0.0964
vn -0.0627 0.9641 0.2579
vn -0.0627 0.9641 0.2580
vn -0.0625 0.8982 0.4351
vn 0.0071 0.9953 -0.0964
vn 0.1189 0.9928 0.0158
vn 0.2350 0.9698 0.0659
vn 0.3255 0.9435 0.0622
vn 0.3739 0.9271 0.0245
vn 0.3739 0.9272 -0.0245
vn 0.3739 0.9271 -0.0245
vn 0.3255 0.9435 -0.0622
vt 0.000000 0.000000
s 1
usemtl Goddard_None
f 1/1/1 2/1/2 3/1/3
f 3/1/3 4/1/4 5/1/5
f 1/1/1 3/1/3 5/1/5
f 5/1/6 6/1/2 7/1/6
f 7/1/7 8/1/2 9/1/8
f 10/1/9 11/1/2 12/1/10
f 13/1/2 14/1/2 15/1/11
f 12/1/12 13/1/2 15/1/11
f 12/1/12 15/1/11 16/1/2
f 1/1/13 12/1/12 16/1/2
f 17/1/14 1/1/13 16/1/2
f 17/1/14 16/1/2 18/1/2
f 17/1/14 18/1/2 19/1/2
f 20/1/15 21/1/15 22/1/16
f 22/1/16 23/1/15 20/1/15
f 40/1/17 27/1/18 28/1/19
f 29/1/20 41/1/21 21/1/22
f 21/1/22 20/1/23 29/1/20
f 30/1/24 38/1/25 41/1/26
f 41/1/26 29/1/27 30/1/24
f 38/1/28 30/1/29 31/1/30
f 32/1/31 42/1/32 39/1/33
f 39/1/33 31/1/31 32/1/31
f 33/1/34 43/1/35 42/1/36
f 42/1/36 32/1/37 33/1/34
f 34/1/38 44/1/38 43/1/39
f 43/1/39 33/1/39 34/1/38
f 35/1/40 45/1/40 44/1/40
f 44/1/40 34/1/40 35/1/40
f 36/1/41 46/1/41 45/1/42
f 45/1/42 35/1/41 36/1/41
f 37/1/43 47/1/44 46/1/44
f 46/1/44 36/1/44 37/1/43
f 25/1/45 48/1/46 47/1/47
f 47/1/47 37/1/47 25/1/45
f 24/1/48 49/1/48 48/1/48
f 48/1/48 25/1/48 24/1/48
f 26/1/49 50/1/50 49/1/49
f 49/1/49 24/1/49 26/1/49
f 27/1/51 40/1/51 50/1/52
f 50/1/52 26/1/51 27/1/51
f 55/1/53 58/1/53 57/1/53
f 57/1/53 54/1/53 55/1/53
f 56/1/54 59/1/55 58/1/54
f 58/1/54 55/1/55 56/1/54
f 59/1/56 56/1/57 52/1/58
f 52/1/58 60/1/57 59/1/56
f 51/1/59 61/1/60 60/1/59
f 60/1/59 52/1/61 51/1/59
f 53/1/62 62/1/63 61/1/63
f 61/1/63 51/1/62 53/1/62
f 71/1/64 72/1/65 73/1/66
f 64/1/67 75/1/68 74/1/69
f 74/1/69 63/1/70 64/1/67
f 65/1/71 76/1/72 75/1/73
f 75/1/73 64/1/74 65/1/71
f 77/1/75 76/1/76 65/1/77
f 65/1/77 66/1/78 77/1/75
f 67/1/79 78/1/80 77/1/80
f 77/1/80 66/1/79 67/1/79
f 68/1/81 79/1/82 78/1/83
f 78/1/83 67/1/84 68/1/81
f 79/1/85 68/1/86 69/1/87
f 69/1/87 80/1/88 79/1/85
f 70/1/89 81/1/90 80/1/89
f 80/1/89 69/1/91 70/1/89
f 86/1/92 89/1/92 90/1/92
f 90/1/92 85/1/92 86/1/92
f 87/1/93 91/1/94 89/1/95
f 92/1/96 88/1/97 83/1/98
f 83/1/98 93/1/99 92/1/96
f 82/1/100 94/1/100 93/1/101
f 93/1/101 83/1/100 82/1/100
f 84/1/102 95/1/103 94/1/104
f 94/1/104 82/1/104 84/1/102
f 95/1/105 84/1/105 85/1/106
f 85/1/106 90/1/106 95/1/105
f 97/1/107 101/1/108 102/1/108
f 102/1/108 96/1/109 97/1/107
f 98/1/110 103/1/111 101/1/110
f 101/1/110 97/1/112 98/1/110
f 103/1/113 98/1/114 99/1/115
f 99/1/115 104/1/116 103/1/113
f 100/1/117 105/1/118 104/1/119
f 104/1/119 99/1/119 100/1/117
f 107/1/120 113/1/121 112/1/122
f 112/1/122 106/1/123 107/1/120
f 108/1/124 114/1/125 113/1/126
f 113/1/126 107/1/125 108/1/124
f 115/1/127 114/1/128 108/1/128
f 108/1/128 109/1/129 115/1/127
f 110/1/130 116/1/130 115/1/131
f 115/1/131 109/1/130 110/1/130
f 111/1/132 117/1/133 116/1/134
f 116/1/134 110/1/134 111/1/132
f 124/1/135 127/1/136 126/1/137
f 126/1/137 123/1/138 124/1/135
f 125/1/139 128/1/139 127/1/140
f 127/1/140 124/1/139 125/1/139
f 128/1/141 125/1/142 119/1/141
f 119/1/141 129/1/143 128/1/141
f 118/1/144 130/1/144 129/1/144
f 129/1/144 119/1/144 118/1/144
f 122/1/145 131/1/145 130/1/146
f 130/1/146 118/1/146 122/1/145
f 131/1/147 122/1/147 121/1/147
f 121/1/147 120/1/148 131/1/147
f 137/1/149 134/1/150 135/1/151
f 135/1/151 138/1/152 137/1/149
f 135/1/153 136/1/154 139/1/154
f 139/1/154 138/1/154 135/1/153
f 133/1/155 132/1/156 139/1/155
f 139/1/155 136/1/155 133/1/155
f 155/1/157 156/1/158 157/1/158
f 155/1/157 157/1/158 158/1/159
f 158/1/159 159/1/158 160/1/158
f 158/1/159 160/1/158 161/1/160
f 155/1/157 158/1/159 161/1/160
f 161/1/160 162/1/158 163/1/161
f 161/1/160 163/1/161 164/1/162
f 165/1/158 166/1/158 167/1/163
f 164/1/162 165/1/158 167/1/163
f 161/1/160 164/1/162 167/1/163
f 155/1/157 161/1/160 167/1/163
f 167/1/163 168/1/158 169/1/158
f 167/1/163 169/1/158 170/1/164
f 171/1/161 172/1/165 173/1/166
f 170/1/164 171/1/161 173/1/166
f 167/1/163 170/1/164 173/1/166
f 155/1/157 167/1/163 173/1/166
f 173/1/166 174/1/167 175/1/168
f 173/1/166 175/1/168 176/1/166
f 173/1/166 176/1/166 140/1/169
f 155/1/157 173/1/166 140/1/169
f 177/1/158 178/1/158 179/1/158
f 141/1/158 177/1/158 179/1/158
f 140/1/169 141/1/158 179/1/158
f 140/1/169 179/1/158 180/1/170
f 155/1/157 140/1/169 180/1/170
f 180/1/170 181/1/158 182/1/158
f 180/1/170 182/1/158 183/1/171
f 180/1/170 183/1/171 184/1/158
f 155/1/157 180/1/170 184/1/158
f 146/1/172 165/1/172 164/1/172
f 164/1/172 145/1/172 146/1/172
f 165/1/173 146/1/173 147/1/173
f 147/1/173 166/1/173 165/1/173
f 167/1/174 166/1/174 147/1/174
f 147/1/174 148/1/174 167/1/174
f 148/1/175 149/1/176 168/1/175
f 168/1/175 167/1/175 148/1/175
f 169/1/177 168/1/177 149/1/177
f 149/1/177 150/1/177 169/1/177
f 152/1/178 158/1/178 157/1/178
f 157/1/178 151/1/178 152/1/178
f 153/1/179 159/1/179 158/1/179
f 158/1/179 152/1/179 153/1/179
f 159/1/180 153/1/180 154/1/180
f 154/1/180 160/1/180 159/1/180
f 161/1/181 160/1/181 154/1/181
f 154/1/181 142/1/181 161/1/181
f 142/1/182 143/1/182 162/1/182
f 162/1/182 161/1/182 142/1/182
f 163/1/183 162/1/184 143/1/184
f 143/1/184 144/1/184 163/1/183
f 145/1/185 164/1/185 163/1/185
f 163/1/185 144/1/185 145/1/185
o C_rculo_017_C_rculo_018
v 0.157253 0.351135 0.405007
v 0.398154 0.351135 0.244007
v 0.461953 0.351135 0.033607
v 0.454753 0.351135 -0.040293
v 0.433154 0.351135 -0.111293
v 0.398154 0.351135 -0.176793
v 0.351054 0.351135 -0.234093
v 0.293654 0.351135 -0.281193
v 0.228254 0.351135 -0.316193
v 0.157253 0.351135 -0.337793
v 0.083353 0.351135 -0.344993
v 0.009454 0.351135 -0.337793
v -0.061546 0.351135 -0.316193
v -0.127046 0.351135 -0.281193
v -0.184446 0.351135 -0.234093
v -0.231546 0.351135 -0.176793
v -0.266547 0.351135 -0.111293
v -0.288046 0.351135 -0.040293
v -0.288046 0.351135 0.107507
v -0.231546 0.351135 0.244007
v -0.127046 0.351135 0.348507
v 0.083353 0.351135 0.412307
vn -0.0000 1.0000 -0.0000
vt 0.000000 0.000000
s 1
usemtl Goddard_None
f 185/2/186 186/2/186 187/2/186
f 185/2/186 187/2/186 188/2/186
f 188/2/186 189/2/186 190/2/186
f 190/2/186 191/2/186 192/2/186
f 188/2/186 190/2/186 192/2/186
f 192/2/186 193/2/186 194/2/186
f 194/2/186 195/2/186 196/2/186
f 192/2/186 194/2/186 196/2/186
f 188/2/186 192/2/186 196/2/186
f 196/2/186 197/2/186 198/2/186
f 198/2/186 199/2/186 200/2/186
f 196/2/186 198/2/186 200/2/186
f 200/2/186 201/2/186 202/2/186
f 200/2/186 202/2/186 203/2/186
f 196/2/186 200/2/186 203/2/186
f 188/2/186 196/2/186 203/2/186
f 203/2/186 204/2/186 205/2/186
f 203/2/186 205/2/186 206/2/186
f 188/2/186 203/2/186 206/2/186
o C_rculo_018_C_rculo_019
v -0.060447 0.352235 0.380607
v -0.125747 0.352235 0.345707
v -0.182946 0.352235 0.298807
v -0.229847 0.352235 0.241607
v -0.264746 0.352235 0.176407
v -0.286146 0.352235 0.105607
v -0.293446 0.352235 0.031907
v -0.286146 0.352235 -0.041693
v -0.264746 0.352235 -0.112493
v -0.229847 0.352235 -0.177693
v -0.182946 0.352235 -0.234893
v -0.125747 0.352235 -0.281793
v -0.060447 0.352235 -0.316693
v 0.083954 0.352235 -0.345393
v 0.157554 0.352235 -0.338193
v 0.228354 0.352235 -0.316693
v 0.432553 0.352235 -0.112493
v 0.454053 0.352235 -0.041693
v 0.461354 0.352235 0.031907
v 0.454053 0.352235 0.105607
v 0.432553 0.352235 0.176407
v 0.397754 0.352235 0.241607
v 0.350754 0.352235 0.298807
v 0.157554 0.352235 0.402107
v 0.293554 0.352235 0.345707
v 0.228354 0.352235 0.380607
v 0.176954 0.173035 0.499607
v 0.266454 0.173035 0.472507
v 0.348854 0.173035 0.428407
v 0.421154 0.173035 0.369107
v 0.480454 0.173035 0.296907
v 0.524454 0.173035 0.214407
v 0.551654 0.173035 0.125007
v -0.312547 0.173035 0.296907
v -0.253246 0.173035 0.369107
v -0.180946 0.173035 0.428407
v -0.098547 0.173035 0.472507
v -0.009046 0.173035 0.499607
v 0.083954 0.173035 0.508807
vn -0.0000 -1.0000 -0.0000
vn -0.0000 1.0000 -0.0000
vt 0.000000 0.000000
s 1
usemtl Goddard_None
f 207/3/187 208/3/187 209/3/187
f 209/3/187 210/3/187 211/3/187
f 211/3/187 212/3/187 213/3/187
f 213/3/187 214/3/187 215/3/187
f 215/3/187 216/3/187 217/3/187
f 213/3/187 215/3/187 217/3/187
f 217/3/187 218/3/187 219/3/187
f 220/3/187 221/3/187 222/3/187
f 223/3/187 224/3/187 225/3/187
f 226/3/187 227/3/187 228/3/187
f 225/3/187 226/3/187 228/3/187
f 230/3/187 229/3/187 231/3/187
f 230/3/187 231/3/187 232/3/187
f 233/3/188 234/3/188 235/3/188
f 235/3/188 236/3/188 237/3/188
f 233/3/188 235/3/188 237/3/188
f 237/3/188 238/3/188 239/3/188
f 240/3/188 241/3/188 242/3/188
f 242/3/188 243/3/188 244/3/188
f 242/3/188 244/3/188 245/3/188
o C_rculo_019_C_rculo_020
v -0.396646 0.174335 0.031607
v -0.256246 0.174335 -0.307393
v 0.082653 0.174335 -0.447793
v 0.176254 0.174335 -0.438593
v 0.266154 0.174335 -0.411293
v 0.348954 0.174335 -0.366993
v 0.421654 0.174335 -0.307393
v 0.562054 0.174335 0.031607
v 0.446754 0.152935 -0.332493
v 0.368754 0.152935 -0.396493
v 0.279754 0.152935 -0.444093
v 0.183154 0.152935 -0.473393
vn -0.0000 -1.0000 -0.0000
vn -0.3284 -0.8555 0.4003
vn -0.3284 -0.8556 0.4002
vn -0.2443 -0.8554 0.4567
vn -0.2443 -0.8554 0.4568
vn -0.2441 -0.8556 0.4564
vn -0.1502 -0.8557 0.4953
vn -0.1501 -0.8557 0.4952
vt 0.000000 0.000000
s 1
usemtl Goddard_None
f 246/4/189 247/4/189 248/4/189
f 250/4/189 251/4/189 252/4/189
f 248/4/189 250/4/189 252/4/189
f 248/4/189 252/4/189 253/4/189
f 246/4/189 248/4/189 253/4/189
f 251/4/190 255/4/191 254/4/191
f 254/4/191 252/4/190 251/4/190
f 250/4/192 256/4/193 255/4/192
f 255/4/192 251/4/194 250/4/192
f 249/4/195 257/4/195 256/4/195
f 256/4/195 250/4/196 249/4/195
o Cilindro_004_Cilindro_007
v -0.368746 0.050835 0.293207
v -0.364846 0.050835 0.291707
v -0.372846 0.050835 0.293907
v -0.377046 0.125235 0.293807
v -0.377046 0.050835 0.293807
v -0.381146 0.125235 0.292807
v -0.381146 0.050835 0.292807
v -0.384946 0.050835 0.291107
v -0.388346 0.050835 0.288707
v -0.391246 0.050835 0.285607
v -0.393446 0.125235 0.282107
v -0.393446 0.050835 0.282107
v -0.394946 0.050835 0.278207
v -0.394946 0.125235 0.278207
v -0.395646 0.050835 0.274007
v -0.395446 0.050835 0.269907
v -0.394546 0.125235 0.265807
v -0.394546 0.050835 0.265807
v -0.392846 0.050835 0.262007
v -0.392846 0.125235 0.262007
v -0.390346 0.050835 0.258607
v -0.387346 0.125235 0.255707
v -0.383846 0.050835 0.253507
v -0.383846 0.125235 0.253507
v -0.379846 0.050835 0.252007
v -0.379846 0.125235 0.252007
v -0.375747 0.050835 0.251307
v -0.375747 0.125235 0.251307
v -0.371546 0.050835 0.251407
v -0.371546 0.125235 0.251407
v -0.367546 0.125235 0.252407
v -0.367546 0.050835 0.252407
v -0.363646 0.125235 0.254107
v -0.363646 0.050835 0.254107
v -0.360246 0.050835 0.256507
v -0.360246 0.125235 0.256507
v -0.357446 0.050835 0.259507
v -0.357446 0.125235 0.259507
v -0.355146 0.125235 0.263107
v -0.355146 0.050835 0.263107
v -0.353746 0.125235 0.267007
v -0.353746 0.050835 0.267007
v -0.353046 0.050835 0.271107
v -0.353046 0.125235 0.271107
v -0.353146 0.125235 0.275307
v -0.353146 0.050835 0.275307
v -0.354046 0.050835 0.279407
v -0.354046 0.125235 0.279407
v -0.355746 0.050835 0.283207
v -0.355746 0.125235 0.283207
v -0.358246 0.125235 0.286607
v -0.358246 0.050835 0.286607
v -0.384846 0.143635 0.277807
v -0.385946 0.143435 0.275207
v -0.361246 0.125235 0.289507
v -0.361246 0.050835 0.289507
v -0.374746 0.139635 0.286507
v -0.360346 0.150435 0.279407
v -0.360346 0.152435 0.277307
v -0.376346 0.131235 0.258307
v -0.378646 0.132935 0.258607
v -0.361846 0.127235 0.275607
v -0.362047 0.126435 0.272807
v -0.379446 0.142135 0.284307
v -0.384446 0.138135 0.262407
v -0.385646 0.139635 0.264507
v -0.365246 0.125935 0.264907
v -0.367046 0.126435 0.262707
v -0.367746 0.134735 0.285807
v -0.369947 0.136435 0.286607
v -0.365747 0.132935 0.284607
v -0.386546 0.142935 0.272407
v -0.373946 0.129735 0.258707
v -0.362146 0.128435 0.278207
v -0.382846 0.136435 0.260607
v -0.363746 0.125735 0.267307
v -0.372246 0.138135 0.286807
v -0.386746 0.142135 0.269607
v -0.371446 0.128435 0.259507
v -0.362946 0.129735 0.280707
v -0.380846 0.134735 0.259307
v -0.362646 0.125935 0.270007
v -0.386447 0.140935 0.266907
v -0.369146 0.127235 0.260907
v -0.364147 0.131235 0.282807
v -0.361246 0.145535 0.282307
v -0.362146 0.142835 0.283107
v -0.363346 0.140235 0.283407
v -0.364746 0.137735 0.283107
v -0.366246 0.135335 0.282307
v -0.367847 0.133335 0.281107
v -0.369546 0.131635 0.279407
v -0.371146 0.130335 0.277407
v -0.372746 0.129635 0.275007
v -0.374046 0.129335 0.272507
v -0.375246 0.129635 0.269807
v -0.376246 0.130335 0.267207
v -0.376846 0.131635 0.264707
v -0.377147 0.133335 0.262307
v -0.377246 0.135335 0.260307
v -0.376846 0.137735 0.258607
v -0.376246 0.140235 0.257407
v -0.375346 0.142835 0.256607
v -0.374146 0.145535 0.256307
v -0.372846 0.148035 0.256607
v -0.371246 0.150435 0.257407
v -0.369646 0.152435 0.258607
v -0.368046 0.154135 0.260307
v -0.366346 0.155435 0.262307
v -0.364846 0.156135 0.264707
v -0.363447 0.156435 0.267207
v -0.362246 0.156135 0.269807
v -0.361347 0.155435 0.272507
v -0.360746 0.154135 0.275007
v -0.360647 0.148035 0.281107
v -0.406146 0.125235 -0.166393
v -0.406146 0.050835 -0.166393
v -0.403246 0.050835 -0.163393
v -0.403246 0.125235 -0.163393
v -0.408446 0.050835 -0.169893
v -0.408446 0.125235 -0.169893
v -0.409946 0.125235 -0.173793
v -0.409946 0.050835 -0.173793
v -0.410746 0.050835 -0.177893
v -0.410646 0.050835 -0.182093
v -0.409846 0.050835 -0.186193
v -0.408146 0.050835 -0.189993
v -0.405846 0.050835 -0.193493
v -0.402846 0.050835 -0.196393
v -0.402846 0.125235 -0.196393
v -0.399346 0.125235 -0.198693
v -0.399346 0.050835 -0.198693
v -0.395446 0.050835 -0.200193
v -0.387147 0.125235 -0.200993
v -0.383046 0.125235 -0.200093
v -0.383046 0.050835 -0.200093
v -0.379247 0.050835 -0.198493
v -0.379247 0.125235 -0.198493
v -0.375747 0.125235 -0.196093
v -0.375747 0.050835 -0.196093
v -0.372846 0.125235 -0.193093
v -0.372846 0.050835 -0.193093
v -0.370546 0.050835 -0.189593
v -0.370546 0.125235 -0.189593
v -0.368946 0.050835 -0.185693
v -0.368946 0.125235 -0.185693
v -0.368246 0.125235 -0.181593
v -0.368246 0.050835 -0.181593
v -0.368246 0.050835 -0.177393
v -0.368246 0.125235 -0.177393
v -0.369146 0.125235 -0.173293
v -0.369146 0.050835 -0.173293
v -0.370746 0.125235 -0.169493
v -0.370746 0.050835 -0.169493
v -0.373146 0.050835 -0.165993
v -0.373146 0.125235 -0.165993
v -0.376146 0.050835 -0.163093
v -0.376146 0.125235 -0.163093
v -0.379646 0.125235 -0.160793
v -0.379646 0.050835 -0.160793
v -0.383546 0.050835 -0.159193
v -0.383546 0.125235 -0.159193
v -0.387646 0.125235 -0.158493
v -0.387646 0.050835 -0.158493
v -0.391846 0.125235 -0.158493
v -0.391846 0.050835 -0.158493
v -0.395846 0.050835 -0.159393
v -0.395846 0.125235 -0.159393
v -0.396446 0.143435 -0.189393
v -0.398546 0.143635 -0.187293
v -0.399746 0.125235 -0.160993
v -0.399746 0.050835 -0.160993
v -0.402646 0.140935 -0.177093
v -0.402446 0.139635 -0.174493
v -0.390147 0.150435 -0.164193
v -0.388246 0.152435 -0.165093
v -0.377246 0.131235 -0.187293
v -0.378346 0.132935 -0.189393
v -0.387246 0.127235 -0.167093
v -0.384746 0.126435 -0.168393
v -0.402247 0.142135 -0.179793
v -0.386646 0.139635 -0.193393
v -0.384146 0.138135 -0.193093
v -0.377446 0.126435 -0.177093
v -0.378746 0.125935 -0.174493
v -0.398946 0.134735 -0.168393
v -0.400546 0.136435 -0.170093
v -0.397046 0.132935 -0.167093
v -0.394246 0.142935 -0.191093
v -0.376546 0.129735 -0.184893
v -0.389846 0.128435 -0.166393
v -0.381946 0.136435 -0.192293
v -0.380446 0.125735 -0.172093
v -0.401746 0.138135 -0.172193
v -0.391746 0.142135 -0.192393
v -0.376346 0.128435 -0.182393
v -0.392346 0.129735 -0.166093
v -0.400246 0.143435 -0.184993
v -0.379947 0.134735 -0.191093
v -0.382446 0.125935 -0.170093
v -0.389146 0.140935 -0.193093
v -0.376646 0.127235 -0.179693
v -0.394846 0.131235 -0.166393
v -0.394946 0.140235 -0.165393
v -0.395246 0.137735 -0.166793
v -0.395146 0.135335 -0.168493
v -0.394646 0.133335 -0.170493
v -0.393846 0.131635 -0.172693
v -0.392546 0.130335 -0.174993
v -0.391046 0.129635 -0.177293
v -0.389246 0.129335 -0.179593
v -0.387346 0.129635 -0.181693
v -0.385346 0.130335 -0.183593
v -0.383246 0.131635 -0.185193
v -0.381246 0.133335 -0.186493
v -0.379346 0.135335 -0.187293
v -0.377746 0.137735 -0.187693
v -0.376346 0.140235 -0.187593
v -0.375246 0.142835 -0.187093
v -0.374546 0.145535 -0.186093
v -0.374246 0.148035 -0.184793
v -0.374347 0.150435 -0.183093
v -0.374846 0.152435 -0.181093
v -0.375646 0.154135 -0.178893
v -0.376946 0.155435 -0.176593
v -0.378446 0.156135 -0.174193
v -0.380246 0.156435 -0.171993
v -0.382146 0.156135 -0.169793
v -0.384146 0.155435 -0.167893
v -0.386246 0.154135 -0.166293
v -0.391746 0.148035 -0.163793
v -0.394246 0.142835 -0.164393
v -0.393146 0.145535 -0.163893
v -0.437746 0.125235 0.071807
v -0.437746 0.050835 0.071807
v -0.433546 0.050835 0.072107
v -0.433546 0.125235 0.072107
v -0.441846 0.050835 0.070807
v -0.441846 0.125235 0.070807
v -0.445546 0.125235 0.069007
v -0.445546 0.050835 0.069007
v -0.448947 0.125235 0.066407
v -0.448947 0.050835 0.066407
v -0.451646 0.050835 0.063307
v -0.451646 0.125235 0.063307
v -0.453746 0.050835 0.059707
v -0.455146 0.050835 0.055707
v -0.455746 0.050835 0.051607
v -0.455447 0.125235 0.047407
v -0.455447 0.050835 0.047407
v -0.454446 0.125235 0.043407
v -0.454446 0.050835 0.043407
v -0.452546 0.050835 0.039607
v -0.450046 0.125235 0.036307
v -0.450046 0.050835 0.036307
v -0.446946 0.125235 0.033507
v -0.446946 0.050835 0.033507
v -0.443346 0.050835 0.031407
v -0.443346 0.125235 0.031407
v -0.439346 0.050835 0.030007
v -0.439346 0.125235 0.030007
v -0.435246 0.125235 0.029407
v -0.435246 0.050835 0.029407
v -0.431047 0.050835 0.029707
v -0.431047 0.125235 0.029707
v -0.426946 0.050835 0.030807
v -0.426946 0.125235 0.030807
v -0.423246 0.125235 0.032607
v -0.423246 0.050835 0.032607
v -0.419846 0.050835 0.035107
v -0.419846 0.125235 0.035107
v -0.417146 0.125235 0.038207
v -0.417146 0.050835 0.038207
v -0.415046 0.125235 0.041907
v -0.415046 0.050835 0.041907
v -0.413646 0.050835 0.045807
v -0.413646 0.125235 0.045807
v -0.413046 0.050835 0.050007
v -0.413046 0.125235 0.050007
v -0.413346 0.125235 0.054107
v -0.413346 0.050835 0.054107
v -0.414346 0.050835 0.058207
v -0.414346 0.125235 0.058207
v -0.416246 0.125235 0.061907
v -0.416246 0.050835 0.061907
v -0.418747 0.125235 0.065307
v -0.418747 0.050835 0.065307
v -0.421846 0.050835 0.068107
v -0.421846 0.125235 0.068107
v -0.425446 0.125235 0.070207
v -0.425446 0.050835 0.070207
v -0.446046 0.143435 0.048307
v -0.429446 0.125235 0.071507
v -0.429446 0.050835 0.071507
v -0.440446 0.139635 0.063307
v -0.424446 0.150435 0.062707
v -0.423646 0.152435 0.060807
v -0.442346 0.140935 0.061507
v -0.430446 0.131235 0.036907
v -0.432646 0.132935 0.036207
v -0.424246 0.127235 0.058607
v -0.423246 0.126435 0.056007
v -0.443946 0.142135 0.059407
v -0.441446 0.139635 0.038707
v -0.439446 0.138135 0.037307
v -0.423746 0.126435 0.044707
v -0.422946 0.125935 0.047407
v -0.436147 0.136435 0.065407
v -0.433847 0.134735 0.065607
v -0.431546 0.132935 0.065207
v -0.445546 0.142935 0.045507
v -0.428346 0.129735 0.038207
v -0.425646 0.128435 0.060907
v -0.445046 0.142935 0.056807
v -0.437246 0.136435 0.036407
v -0.422646 0.125735 0.050307
v -0.438446 0.138135 0.064607
v -0.444546 0.142135 0.042907
v -0.426446 0.128435 0.040007
v -0.427346 0.129735 0.062807
v -0.445846 0.143435 0.054107
v -0.434946 0.134735 0.036007
v -0.422746 0.125935 0.053207
v -0.443146 0.140935 0.040607
v -0.424946 0.127235 0.042207
v -0.429346 0.131235 0.064307
v -0.426546 0.145535 0.065007
v -0.427646 0.142835 0.065307
v -0.428846 0.140235 0.065107
v -0.429946 0.137735 0.064307
v -0.431047 0.135335 0.063007
v -0.432046 0.133335 0.061107
v -0.432846 0.131635 0.058907
v -0.433546 0.130335 0.056407
v -0.433946 0.129635 0.053607
v -0.434146 0.129335 0.050807
v -0.434146 0.129635 0.047907
v -0.433946 0.130335 0.045107
v -0.433446 0.131635 0.042507
v -0.432846 0.133335 0.040207
v -0.431946 0.135335 0.038407
v -0.431047 0.137735 0.037007
v -0.429946 0.140235 0.036107
v -0.428746 0.142835 0.035807
v -0.427646 0.145535 0.036007
v -0.426446 0.148035 0.036807
v -0.425446 0.150435 0.038107
v -0.424446 0.152435 0.039907
v -0.423646 0.154135 0.042107
v -0.422946 0.155435 0.044707
v -0.422546 0.156135 0.047407
v -0.422246 0.156435 0.050307
v -0.422346 0.156135 0.053207
v -0.422546 0.155435 0.056007
v -0.422946 0.154135 0.058607
v -0.425446 0.148035 0.064107
vn -0.2243 -0.0005 0.9745
vn -0.2243 -0.0000 0.9745
vn -0.2362 0.0130 0.9716
vn -0.9349 -0.0000 0.3550
vn -0.9347 -0.0021 0.3555
vn -0.1657 -0.0000 -0.9862
vn 0.0299 -0.0000 -0.9996
vn 0.2243 -0.0000 -0.9745
vn 0.4101 -0.0000 -0.9120
vn 0.4088 -0.0056 -0.9126
vn 0.5801 -0.0000 -0.8145
vn 0.7279 -0.0002 -0.6857
vn 0.7279 -0.0000 -0.6857
vn 0.7309 0.0046 -0.6825
vn 0.8477 -0.0000 -0.5305
vn 0.9349 -0.0000 -0.3549
vn 0.9862 -0.0000 -0.1657
vn 0.9861 -0.0013 -0.1660
vn 0.9997 0.0061 0.0241
vn 0.9996 -0.0000 0.0299
vn 0.9996 -0.0002 0.0299
vn 0.9745 -0.0000 0.2243
vn 0.9748 -0.0049 0.2230
vn 0.9120 -0.0000 0.4101
vn 0.9121 -0.0000 0.4101
vn 0.9122 -0.0009 0.4098
vn 0.8134 -0.0073 0.5817
vn 0.8145 -0.0000 0.5802
vn 0.6944 0.0129 0.7194
vn 0.6857 -0.0000 0.7279
vn 0.6857 -0.0005 0.7279
vn -0.0000 -1.0000 -0.0000
vn -0.0000 -1.0000 -0.0003
vn -0.0000 -1.0000 -0.0001
vn -0.0000 -1.0000 0.0003
vn -0.0000 -1.0000 0.0001
vn -0.0000 -1.0000 -0.0002
vn -0.1301 0.7656 0.6300
vn -0.0580 0.6233 0.7798
vn -0.0871 0.6456 0.7587
vn 0.0799 0.7021 -0.7076
vn 0.0798 0.7021 -0.7076
vn 0.1629 0.9797 -0.1168
vn 0.1629 0.9797 -0.1167
vn 0.1180 0.9930 -0.0100
vn 0.7927 0.5721 0.2105
vn 0.5560 0.6037 0.5714
vn 0.6785 0.5861 0.4428
vn -0.8821 0.4600 0.1013
vn -0.8784 0.4584 0.1349
vn -0.8795 0.4577 0.1304
vn 0.2241 0.8075 -0.5457
vn 0.2240 0.8075 -0.5457
vn 0.2940 0.9504 -0.1014
vn 0.2940 0.9504 -0.1013
vn 0.0647 0.9978 -0.0115
vn 0.2814 0.8945 -0.3473
vn 0.2814 0.8946 -0.3473
vn 0.4467 0.8946 -0.0143
vn 0.4467 0.8946 -0.0144
vn -0.1088 0.5119 -0.8521
vn -0.3304 0.5300 -0.7810
vn -0.2896 0.5167 -0.8057
vn 0.0482 0.9978 -0.0446
vn 0.2585 0.9504 -0.1730
vn 0.2584 0.9504 -0.1730
vn 0.5702 0.8075 0.1511
vn -0.3553 0.4862 -0.7983
vn -0.1195 0.6037 -0.7882
vn -0.1802 0.6241 -0.7603
vn 0.0792 0.9930 -0.0880
vn -0.7905 0.4521 -0.4132
vn 0.1914 0.9797 -0.0593
vn 0.6121 0.7021 0.3638
vn 0.8203 -0.4014 -0.4074
vn 0.8202 -0.4014 -0.4076
vn 0.8203 -0.4016 -0.4071
vn 0.8203 -0.4014 -0.4073
vn 0.8202 -0.4015 -0.4075
vn 0.8203 -0.4015 -0.4074
vn 0.8203 -0.4012 -0.4076
vn 0.8202 -0.4014 -0.4075
vn 0.8204 -0.4014 -0.4073
vn 0.8204 -0.4015 -0.4071
vn 0.8202 -0.4016 -0.4074
vn 0.8203 -0.4015 -0.4073
vn 0.8201 -0.4016 -0.4076
vn 0.8204 -0.4014 -0.4074
vn 0.8204 -0.4013 -0.4074
vn 0.9366 -0.1056 0.3341
vn 0.9366 -0.1055 0.3341
vn 0.9366 -0.1056 0.3340
vn 0.2998 -0.1056 -0.9481
vn 0.2997 -0.1056 -0.9482
vn 0.5748 -0.0878 0.8136
vn 0.5750 -0.0879 0.8134
vn 0.5748 -0.0878 0.8135
vn 0.8931 0.3342 -0.3010
vn 0.8931 0.3342 -0.3011
vn 0.8932 0.3341 -0.3010
vn -0.2408 0.8500 0.4685
vn -0.2405 0.8072 0.5390
vn -0.2477 0.8107 0.5305
vn 0.7744 0.6269 0.0856
vn 0.7744 0.6269 0.0858
vn 0.6107 0.7775 0.1501
vn 0.6107 0.7775 0.1502
vn -0.3902 0.8781 0.2768
vn -0.3901 0.8780 0.2773
vn -0.3950 0.8764 0.2755
vn 0.4802 0.8702 0.1104
vn 0.4802 0.8702 0.1105
vn 0.3773 0.9257 0.0287
vn 0.3773 0.9256 0.0287
vn -0.4885 0.8674 0.0952
vn -0.5186 0.8550 0.0064
vn -0.5185 0.8550 0.0141
vn 0.2976 0.9518 -0.0749
vn 0.2976 0.9517 -0.0749
vn -0.5458 0.8375 -0.0271
vn -0.5748 0.8072 -0.1341
vn -0.5758 0.8080 -0.1251
vn 0.2395 0.9518 -0.1918
vn -0.5999 0.7917 -0.1159
vn -0.6226 0.7314 -0.2783
vn -0.6241 0.7351 -0.2648
vn 0.2052 0.9256 -0.3180
vn 0.2020 0.8702 -0.4494
vn 0.2020 0.8702 -0.4493
vn -0.5514 0.3611 -0.7520
vn -0.6664 0.4793 -0.5711
vn -0.6589 0.4628 -0.5930
vn 0.3422 0.0998 0.9343
vn 0.3421 0.0998 0.9343
vn 0.2494 0.7775 -0.5773
vn 0.2494 0.7775 -0.5774
vn -0.6916 0.4554 -0.5607
vn -0.6363 0.3010 -0.7103
vn -0.6539 0.3096 -0.6903
vn 0.0395 0.4934 0.8689
vn 0.1816 0.3010 0.9362
vn 0.1070 0.3629 0.9257
vn 0.3997 0.6269 -0.6688
vn 0.3996 0.6269 -0.6688
vn -0.5377 0.0998 -0.8372
vn -0.0390 0.6441 0.7639
vn 0.0525 0.4795 0.8760
vn 0.0084 0.5161 0.8565
vn 0.7796 0.3341 -0.5297
vn 0.7796 0.3342 -0.5297
vn 0.7796 0.3342 -0.5296
vn -0.3010 -0.0878 -0.9496
vn -0.3010 -0.0879 -0.9496
vn 0.7148 -0.0000 -0.6994
vn 0.8375 -0.0000 -0.5464
vn 0.8375 -0.0000 -0.5465
vn 0.9280 -0.0000 -0.3726
vn 0.9276 -0.0036 -0.3735
vn 0.9832 -0.0079 -0.1824
vn 0.9829 -0.0000 -0.1844
vn 0.9999 -0.0000 0.0109
vn 0.9999 -0.0053 0.0095
vn 0.9786 -0.0000 0.2058
vn 0.9197 -0.0000 0.3927
vn 0.9197 -0.0000 0.3926
vn 0.8254 -0.0000 0.5645
vn 0.8253 -0.0000 0.5646
vn 0.6993 -0.0000 0.7148
vn 0.5465 -0.0000 0.8375
vn 0.3726 -0.0000 0.9280
vn 0.3735 -0.0036 0.9276
vn 0.1844 -0.0000 0.9829
vn -0.0109 -0.0000 0.9999
vn -0.3911 0.0069 0.9203
vn -0.3927 -0.0000 0.9197
vn -0.5646 -0.0000 0.8253
vn -0.5647 0.0005 0.8253
vn -0.7403 0.6287 0.2381
vn -0.7379 0.6233 0.2590
vn -0.6686 0.7410 0.0619
vn 0.6804 0.7021 -0.2099
vn 0.6804 0.7021 -0.2100
vn 0.1721 0.9797 0.1025
vn 0.1721 0.9797 0.1027
vn 0.1721 0.9797 0.1026
vn 0.3813 0.4573 -0.8034
vn 0.2550 0.4608 -0.8501
vn 0.2769 0.4560 -0.8458
vn 0.0563 0.9930 0.1042
vn -0.7137 0.5014 0.4891
vn -0.5046 0.5300 0.6815
vn -0.5443 0.5330 0.6479
vn -0.3013 0.6037 0.7381
vn -0.4760 0.4594 -0.7499
vn -0.4751 0.4584 -0.7511
vn -0.4887 0.4550 -0.7444
vn 0.5897 0.8075 -0.0128
vn 0.5897 0.8075 -0.0129
vn 0.2105 0.9504 0.2289
vn 0.2106 0.9504 0.2289
vn 0.4351 0.4843 -0.7591
vn 0.0364 0.9978 0.0547
vn -0.7959 0.4747 0.3757
vn -0.6720 0.4843 0.5603
vn -0.6926 0.4874 0.5317
vn -0.2930 0.4538 -0.8415
vn -0.3106 0.4548 -0.8347
vn -0.3077 0.4542 -0.8361
vn 0.4308 0.8946 0.1189
vn 0.1919 0.8946 0.4036
vn 0.1918 0.8946 0.4036
vn 0.6679 0.5158 -0.5364
vn 0.5835 0.5300 -0.6153
vn 0.7781 0.5102 -0.3666
vn 0.0602 0.9978 0.0263
vn 0.0602 0.9978 0.0264
vn 0.2619 0.9504 0.1677
vn 0.2619 0.9504 0.1676
vn 0.0898 0.8075 0.5830
vn 0.0896 0.8075 0.5830
vn 0.0897 0.8075 0.5830
vn 0.6745 0.6037 -0.4249
vn 0.6746 0.6037 -0.4248
vn 0.1124 0.9930 0.0374
vn -0.8349 0.4446 0.3246
vn -0.8654 0.4521 0.2160
vn -0.8622 0.4455 0.2412
vn 0.0909 0.4469 -0.8900
vn 0.0624 0.4521 -0.8898
vn 0.1785 0.4377 -0.8812
vn 0.1309 0.9797 0.1517
vn -0.0885 0.7021 0.7065
vn -0.0886 0.7021 0.7065
vn 0.7016 -0.4014 0.5887
vn 0.7016 -0.4014 0.5888
vn 0.7017 -0.4014 0.5886
vn 0.7016 -0.4015 0.5887
vn 0.7015 -0.4015 0.5889
vn 0.7017 -0.4013 0.5887
vn 0.7015 -0.4014 0.5889
vn 0.7017 -0.4014 0.5887
vn 0.7018 -0.4013 0.5886
vn 0.7016 -0.4013 0.5888
vn 0.0686 -0.1056 0.9920
vn 0.0685 -0.1056 0.9920
vn 0.9889 -0.1056 -0.1046
vn 0.9889 -0.1056 -0.1047
vn 0.9889 -0.1056 -0.1048
vn -0.5157 -0.0878 0.8523
vn 0.6333 0.3342 0.6980
vn -0.5198 0.8534 -0.0398
vn -0.5902 0.8072 -0.0047
vn -0.5850 0.8109 -0.0154
vn 0.2314 0.6270 0.7439
vn 0.2313 0.6270 0.7439
vn 0.2313 0.6269 0.7440
vn -0.5004 0.8551 -0.1359
vn -0.5026 0.8550 -0.1280
vn -0.4496 0.8671 -0.2147
vn 0.1067 0.7775 0.6198
vn 0.1068 0.7775 0.6198
vn 0.1068 0.7775 0.6197
vn -0.4098 0.8782 -0.2468
vn -0.4102 0.8780 -0.2465
vn -0.4122 0.8752 -0.2533
vn 0.0908 0.8702 0.4842
vn 0.0908 0.8702 0.4843
vn -0.3133 0.8780 -0.3618
vn -0.3140 0.8780 -0.3612
vn -0.2996 0.8804 -0.3677
vn 0.1247 0.9256 0.3573
vn -0.2133 0.8550 -0.4727
vn 0.1877 0.9518 0.2427
vn -0.1150 0.8102 -0.5748
vn -0.1071 0.8072 -0.5804
vn -0.1231 0.8455 -0.5196
vn 0.2716 0.9518 0.1427
vn 0.2716 0.9518 0.1426
vn 0.0059 0.7314 -0.6819
vn 0.0058 0.7314 -0.6819
vn 0.0059 0.7313 -0.6820
vn 0.3735 0.9256 0.0608
vn 0.0975 0.6432 -0.7595
vn 0.1270 0.6232 -0.7717
vn 0.0204 0.7487 -0.6626
vn 0.4927 0.8702 0.0054
vn 0.2568 0.4794 -0.8392
vn 0.6288 0.7775 -0.0024
vn 0.6288 0.7776 -0.0023
vn 0.6288 0.7775 -0.0025
vn 0.3964 0.3010 -0.8673
vn 0.3964 0.3011 -0.8673
vn -0.7853 0.3010 0.5410
vn -0.7854 0.3010 0.5409
vn 0.7728 0.6269 0.0986
vn 0.5521 0.0998 -0.8278
vn 0.5520 0.0999 -0.8278
vn 0.5519 0.0999 -0.8279
vn 0.7974 0.3342 0.5024
vn 0.7974 0.3342 0.5025
vn 0.7975 0.3342 0.5023
vn 0.7498 -0.0879 -0.6558
vn 0.7498 -0.0878 -0.6558
vn 0.7498 -0.0877 -0.6558
vn -0.0602 -0.0000 0.9982
vn -0.2538 -0.0000 0.9673
vn -0.4375 -0.0000 0.8992
vn -0.4378 -0.0000 0.8991
vn -0.5043 -0.0000 -0.8635
vn -0.5045 -0.0000 -0.8634
vn -0.5039 0.0006 -0.8638
vn 0.2538 -0.0000 -0.9673
vn 0.4375 -0.0000 -0.8992
vn 0.6046 -0.0000 -0.7965
vn 0.7484 -0.0000 -0.6633
vn 0.8634 -0.0000 -0.5045
vn 0.9452 -0.0000 -0.3264
vn 0.9907 -0.0000 -0.1357
vn 0.9906 -0.0028 -0.1365
vn 0.9981 -0.0062 0.0618
vn 0.9982 -0.0000 0.0602
vn 0.9673 -0.0000 0.2538
vn 0.9678 -0.0084 0.2517
vn 0.8992 -0.0000 0.4376
vn 0.7965 -0.0000 0.6046
vn 0.6633 -0.0000 0.7484
vn 0.5044 -0.0003 0.8635
vn 0.5045 -0.0000 0.8634
vn 0.5044 -0.0000 0.8634
vn 0.3242 -0.0088 0.9459
vn 0.3264 -0.0000 0.9452
vn 0.1357 -0.0000 0.9907
vn -0.3860 0.7497 0.5375
vn -0.3730 0.6232 0.6874
vn -0.3893 0.6435 0.6591
vn 0.3634 0.7021 -0.6124
vn 0.1964 0.9797 -0.0396
vn 0.1964 0.9797 -0.0394
vn 0.1964 0.9797 -0.0395
vn -0.6435 0.4517 0.6180
vn -0.3377 0.4485 -0.8275
vn -0.3818 0.4608 -0.8012
vn -0.2010 0.4477 -0.8713
vn 0.1117 0.9930 0.0394
vn 0.1117 0.9930 0.0393
vn 0.0836 0.5300 0.8439
vn 0.0836 0.5300 0.8438
vn 0.2723 0.6037 0.7493
vn 0.2722 0.6037 0.7493
vn -0.8586 0.4644 -0.2170
vn -0.8564 0.4584 -0.2376
vn -0.8567 0.4588 -0.2358
vn 0.4284 0.8075 -0.4055
vn 0.4285 0.8075 -0.4055
vn 0.3097 0.9504 0.0283
vn 0.3097 0.9504 0.0284
vn 0.3097 0.9504 0.0282
vn 0.0154 0.4715 -0.8818
vn -0.1872 0.4843 -0.8547
vn -0.1523 0.4760 -0.8661
vn 0.0637 0.9978 0.0161
vn 0.0637 0.9978 0.0162
vn -0.1219 0.4843 0.8664
vn -0.1218 0.4843 0.8664
vn 0.3991 0.8946 -0.2011
vn 0.4131 0.8946 0.1703
vn 0.4132 0.8946 0.1703
vn 0.0194 0.5300 -0.8478
vn 0.0623 0.9978 -0.0209
vn -0.3199 0.4608 0.8279
vn -0.3198 0.4608 0.8279
vn -0.6778 0.4453 -0.5851
vn -0.6884 0.4517 -0.5675
vn -0.6201 0.4475 -0.6444
vn 0.3067 0.9504 -0.0517
vn 0.3066 0.9504 -0.0517
vn 0.4579 0.8075 0.3718
vn 0.4579 0.8075 0.3719
vn 0.2147 0.6037 -0.7678
vn 0.2146 0.6037 -0.7678
vn 0.2148 0.6037 -0.7678
vn 0.1084 0.9930 -0.0477
vn -0.3956 0.4412 0.8055
vn -0.4964 0.4521 0.7411
vn -0.4735 0.4455 0.7598
vn 0.1989 0.9797 0.0246
vn 0.1989 0.9797 0.0245
vn 0.4088 0.7021 0.5830
vn 0.4088 0.7021 0.5831
vn 0.9152 -0.4014 -0.0347
vn 0.9152 -0.4015 -0.0347
vn 0.9152 -0.4014 -0.0348
vn 0.9152 -0.4014 -0.0349
vn 0.9152 -0.4015 -0.0346
vn 0.9152 -0.4015 -0.0348
vn 0.9153 -0.4012 -0.0347
vn 0.9153 -0.4013 -0.0347
vn 0.9152 -0.4014 -0.0346
vn 0.9152 -0.4015 -0.0349
vn 0.9152 -0.4014 -0.0345
vn 0.9153 -0.4014 -0.0347
vn 0.9153 -0.4013 -0.0346
vn 0.7169 -0.1056 0.6892
vn 0.7170 -0.1056 0.6891
vn 0.7169 -0.1056 0.6891
vn 0.6626 -0.1056 -0.7415
vn 0.6627 -0.1057 -0.7414
vn -0.3477 0.8328 0.4306
vn -0.4135 0.7314 0.5423
vn -0.4234 0.7430 0.5184
vn 0.1902 -0.0878 0.9778
vn 0.1902 -0.0879 0.9778
vn 0.1901 -0.0878 0.9778
vn 0.9380 0.3342 0.0923
vn 0.9380 0.3343 0.0921
vn 0.9380 0.3342 0.0922
vn 0.9380 0.3341 0.0923
vn -0.4445 0.8077 0.3873
vn -0.4406 0.8072 0.3928
vn -0.4593 0.8303 0.3158
vn 0.6709 0.6269 0.3961
vn 0.6709 0.6270 0.3960
vn 0.6709 0.6269 0.3960
vn 0.4952 0.7775 0.3876
vn 0.4952 0.7775 0.3877
vn -0.4472 0.8919 0.0677
vn -0.4695 0.8780 0.0928
vn -0.4701 0.8781 0.0891
vn 0.3925 0.8702 0.2979
vn 0.3323 0.9256 0.1810
vn -0.4808 0.8670 -0.1310
vn -0.4755 0.8550 -0.2070
vn -0.4785 0.8547 -0.2014
vn 0.3021 0.9518 0.0539
vn 0.3021 0.9518 0.0540
vn 0.2971 0.9518 -0.0766
vn 0.2971 0.9518 -0.0767
vn -0.4500 0.7261 -0.5199
vn -0.4534 0.7313 -0.5094
vn -0.4368 0.6182 -0.6535
vn 0.3176 0.9256 -0.2058
vn 0.3176 0.9257 -0.2056
vn 0.3687 0.8702 -0.3268
vn 0.3687 0.8702 -0.3267
vn 0.3687 0.8702 -0.3269
vn -0.3731 0.4795 -0.7943
vn -0.3731 0.4794 -0.7943
vn -0.0715 0.0998 0.9924
vn 0.4644 0.7775 -0.4241
vn -0.2886 0.3010 -0.9089
vn -0.2188 0.3010 0.9282
vn 0.6389 0.6269 -0.4458
vn 0.6389 0.6270 -0.4458
vn 0.6389 0.6270 -0.4457
vn -0.1465 0.0998 -0.9842
vn -0.3118 0.4793 0.8204
vn 0.9283 0.3342 -0.1630
vn 0.9283 0.3341 -0.1630
vn 0.1154 -0.0878 -0.9894
vt 0.906200 1.000000
vt 0.875000 1.000000
vt 0.875000 0.500000
vt 0.750000 1.000000
vt 0.718800 1.000000
vt 0.718800 0.500000
vt 0.437500 0.500000
vt 0.468800 0.500000
vt 0.468800 1.000000
vt 0.437500 1.000000
vt 0.406200 0.500000
vt 0.406200 1.000000
vt 0.375000 1.000000
vt 0.375000 0.500000
vt 0.343800 1.000000
vt 0.343800 0.500000
vt 0.312500 0.500000
vt 0.312500 1.000000
vt 0.281200 1.000000
vt 0.281200 0.500000
vt 0.250000 1.000000
vt 0.250000 0.500000
vt 0.218800 1.000000
vt 0.218800 0.500000
vt 0.187500 1.000000
vt 0.187500 0.500000
vt 0.156200 1.000000
vt 0.125000 1.000000
vt 0.125000 0.500000
vt 0.093800 1.000000
vt 0.093800 0.500000
vt 0.062500 1.000000
vt 0.062500 0.500000
vt 0.031200 1.000000
vt 0.796800 0.485400
vt 0.841800 0.471700
vt 0.883300 0.449600
vt 0.919700 0.419700
vt 0.949600 0.383300
vt 0.971700 0.341800
vt 0.985400 0.296800
vt 0.990000 0.250000
vt 0.985400 0.203200
vt 0.971700 0.158200
vt 0.949600 0.116700
vt 0.919700 0.080300
vt 0.883300 0.050400
vt 0.841800 0.028300
vt 0.750000 0.010000
vt 0.703200 0.014600
vt 0.658200 0.028300
vt 0.616700 0.050400
vt 0.580300 0.080300
vt 0.550400 0.116700
vt 0.528300 0.158200
vt 0.514600 0.203200
vt 0.510000 0.250000
vt 0.514600 0.296800
vt 0.528300 0.341800
vt 0.550400 0.383300
vt 0.580300 0.419700
vt 0.658200 0.471700
vt 0.750000 0.490000
vt 0.703200 0.485400
vt 0.000000 1.000000
vt 0.687500 1.000000
vt 0.531200 1.000000
vt 0.500000 1.000000
vt 0.593800 1.000000
vt 0.625000 1.000000
vt 0.296800 0.485400
vt 0.250000 0.490000
vt 0.203200 0.485400
vt 0.158200 0.471700
vt 0.116700 0.449600
vt 0.080300 0.419700
vt 0.050400 0.383300
vt 0.028300 0.341800
vt 0.014600 0.296800
vt 0.010000 0.250000
vt 0.014600 0.203200
vt 0.028300 0.158200
vt 0.050400 0.116700
vt 0.080300 0.080300
vt 0.116700 0.050400
vt 0.158200 0.028300
vt 0.203200 0.014600
vt 0.250000 0.010000
vt 0.296800 0.014600
vt 0.341800 0.028300
vt 0.383300 0.050400
vt 0.419700 0.080300
vt 0.449600 0.116700
vt 0.471700 0.158200
vt 0.485400 0.203200
vt 0.490000 0.250000
vt 0.485400 0.296800
vt 0.471700 0.341800
vt 0.449600 0.383300
vt 0.419700 0.419700
vt 0.383300 0.449600
vt 0.341800 0.471700
vt 0.843800 1.000000
vt 0.812500 1.000000
vt 0.781200 1.000000
vt 0.656200 1.000000
vt 0.562500 1.000000
vt 1.000000 1.000000
vt 0.968800 1.000000
vt 0.937500 1.000000
vt 0.500000 0.500000
vt 0.156200 0.500000
vt 0.031200 0.500000
vt 0.000000 0.500000
vt 0.796800 0.014600
vt 0.616700 0.449600
vt 0.968800 0.500000
vt 1.000000 0.500000
vt 0.937500 0.500000
vt 0.562500 0.500000
s 1
usemtl Goddard_None
f 261/5/197 263/6/198 264/7/199
f 268/8/200 271/9/200 270/10/201
f 284/11/202 282/12/202 283/13/202
f 283/13/202 285/14/202 284/11/202
f 286/15/203 284/11/203 285/14/203
f 285/14/203 287/16/203 286/15/203
f 288/17/204 289/18/204 286/15/204
f 286/15/204 287/16/204 288/17/204
f 288/17/205 290/19/205 291/20/206
f 292/21/207 291/20/207 290/19/207
f 290/19/207 293/22/207 292/21/207
f 293/22/208 295/23/209 294/24/210
f 296/25/211 297/26/211 294/24/211
f 294/24/211 295/23/211 296/25/211
f 298/27/212 299/28/212 297/26/212
f 297/26/212 296/25/212 298/27/212
f 298/27/213 301/29/213 300/30/214
f 300/30/215 301/29/216 302/31/217
f 302/31/218 305/32/218 304/33/219
f 305/32/220 307/34/221 306/35/222
f 306/35/223 307/34/224 308/36/224
f 309/37/225 308/36/226 312/38/227
f 258/39/228 260/40/228 262/41/229
f 258/39/228 262/41/229 264/42/230
f 264/42/231 265/43/231 266/44/231
f 266/44/232 267/45/232 269/46/232
f 269/46/228 270/47/228 272/48/228
f 272/48/228 273/49/230 275/50/228
f 275/50/228 276/51/228 278/52/228
f 272/48/228 275/50/228 278/52/228
f 280/53/230 282/54/231 284/55/228
f 278/52/230 280/53/230 284/55/228
f 284/55/230 286/56/233 289/57/228
f 289/57/228 291/58/228 292/59/228
f 284/55/230 289/57/228 292/59/228
f 292/59/228 294/60/228 297/61/228
f 297/61/228 299/62/228 300/63/228
f 300/63/228 303/64/228 304/65/228
f 300/63/228 304/65/228 309/66/228
f 258/39/228 264/42/230 309/66/228
f 259/67/228 258/39/228 309/66/228
f 259/67/228 309/66/228 313/68/233
f 314/5/234 315/5/235 316/6/236
f 317/14/237 285/14/238 283/13/237
f 283/13/237 318/13/237 317/14/237
f 319/31/239 302/31/240 301/29/240
f 301/29/240 320/29/239 319/31/239
f 324/23/241 295/23/241 293/22/241
f 293/22/241 325/22/241 324/23/241
f 312/38/242 328/38/243 326/69/244
f 271/9/245 311/9/246 329/70/247
f 330/16/248 287/16/249 285/14/248
f 285/14/248 317/14/248 330/16/248
f 319/31/250 331/32/250 305/32/251
f 305/32/251 302/31/251 319/31/250
f 333/25/252 296/25/252 295/23/252
f 295/23/252 324/23/252 333/25/252
f 330/16/253 336/17/253 288/17/253
f 288/17/253 287/16/254 330/16/253
f 307/34/255 305/32/256 331/32/256
f 331/32/256 337/34/256 307/34/255
f 279/71/257 332/71/258 338/72/259
f 339/27/260 298/27/260 296/25/260
f 296/25/260 333/25/260 339/27/260
f 341/19/261 290/19/262 288/17/262
f 288/17/262 336/17/261 341/19/261
f 308/36/263 307/34/263 337/34/263
f 337/34/263 342/36/263 308/36/263
f 318/13/264 283/13/265 281/72/266
f 320/29/267 301/29/267 298/27/267
f 298/27/267 339/27/267 320/29/267
f 323/73/268 277/73/268 274/74/268
f 274/74/268 340/74/268 323/73/268
f 325/22/269 293/22/269 290/19/269
f 290/19/269 341/19/269 325/22/269
f 312/38/270 308/36/270 342/36/270
f 342/36/270 328/38/270 312/38/270
f 343/75/271 344/76/272 345/77/271
f 345/77/271 346/78/271 347/79/271
f 343/75/271 345/77/271 347/79/271
f 347/79/271 348/80/273 349/81/274
f 349/81/274 350/82/275 351/83/276
f 347/79/271 349/81/274 351/83/276
f 351/83/276 352/84/277 353/85/276
f 353/85/276 354/86/278 355/87/271
f 351/83/276 353/85/276 355/87/271
f 347/79/271 351/83/276 355/87/271
f 355/87/271 356/88/278 357/89/271
f 357/89/271 358/90/274 359/91/271
f 355/87/271 357/89/271 359/91/271
f 359/91/271 360/92/279 361/93/271
f 361/93/271 362/94/280 363/95/281
f 359/91/271 361/93/271 363/95/281
f 355/87/271 359/91/271 363/95/281
f 347/79/271 355/87/271 363/95/281
f 363/95/281 364/96/276 365/97/282
f 365/97/282 366/98/282 367/99/271
f 363/95/281 365/97/282 367/99/271
f 363/95/281 367/99/271 368/100/271
f 347/79/271 363/95/281 368/100/271
f 368/100/271 369/101/275 370/102/271
f 370/102/271 371/103/283 316/104/271
f 368/100/271 370/102/271 316/104/271
f 347/79/271 368/100/271 316/104/271
f 343/75/271 347/79/271 316/104/271
f 343/75/271 316/104/271 315/105/284
f 343/75/271 315/105/284 372/106/285
f 342/36/286 346/36/287 345/38/288
f 345/38/288 328/38/286 342/36/286
f 318/13/289 359/13/290 358/14/290
f 358/14/290 317/14/289 318/13/289
f 328/38/291 345/38/292 344/69/293
f 344/69/293 326/69/291 328/38/291
f 317/14/294 358/14/295 357/16/295
f 357/16/295 330/16/296 317/14/294
f 321/107/297 371/107/298 370/108/299
f 330/16/300 357/16/301 356/17/301
f 356/17/301 336/17/300 330/16/300
f 336/17/302 356/17/302 355/19/303
f 355/19/303 341/19/302 336/17/302
f 369/109/304 368/8/305 310/8/306
f 341/19/307 355/19/308 354/22/308
f 354/22/308 325/22/307 341/19/307
f 325/22/309 354/22/310 353/23/310
f 353/23/310 324/23/309 325/22/309
f 311/9/311 367/9/312 366/70/313
f 324/23/314 353/23/315 352/25/315
f 352/25/315 333/25/314 324/23/314
f 329/70/316 366/70/317 365/110/318
f 333/25/319 352/25/319 351/27/319
f 351/27/319 339/27/319 333/25/319
f 335/110/320 365/110/321 364/74/322
f 339/27/323 351/27/323 350/29/323
f 350/29/323 320/29/323 339/27/323
f 320/29/324 350/29/324 349/31/324
f 349/31/324 319/31/325 320/29/324
f 362/111/326 322/111/327 323/73/328
f 326/112/329 344/112/330 343/113/329
f 343/113/329 327/113/329 326/112/329
f 319/31/331 349/31/331 348/32/332
f 348/32/332 331/32/331 319/31/331
f 322/111/333 362/111/334 361/71/335
f 327/113/336 343/113/337 372/114/338
f 331/32/339 348/32/340 347/34/340
f 347/34/340 337/34/340 331/32/339
f 332/71/341 361/71/341 360/72/341
f 360/72/341 338/72/341 332/71/341
f 334/114/342 372/114/343 315/5/344
f 337/34/345 347/34/345 346/36/346
f 346/36/346 342/36/347 337/34/345
f 338/72/348 360/72/349 359/13/349
f 359/13/349 318/13/348 338/72/348
f 398/13/350 399/12/350 397/115/350
f 397/115/350 396/72/350 398/13/350
f 400/11/351 399/12/352 398/13/352
f 398/13/352 401/14/352 400/11/351
f 401/14/353 403/16/353 402/15/354
f 402/15/355 403/16/356 404/17/356
f 404/17/357 407/19/357 406/20/358
f 408/22/359 409/21/359 406/20/359
f 406/20/359 407/19/359 408/22/359
f 410/23/360 411/24/361 409/21/360
f 409/21/360 408/22/361 410/23/360
f 412/26/362 411/24/363 410/23/363
f 410/23/363 413/25/363 412/26/362
f 414/28/364 412/26/364 413/25/364
f 413/25/364 415/27/364 414/28/364
f 416/29/365 417/30/365 414/28/365
f 414/28/365 415/27/365 416/29/365
f 416/29/366 419/31/366 418/116/367
f 420/32/368 421/33/368 418/116/368
f 418/116/368 419/31/368 420/32/368
f 422/34/369 423/35/369 421/33/369
f 421/33/369 420/32/369 422/34/369
f 428/38/370 429/117/371 424/37/371
f 375/118/372 429/117/372 428/38/373
f 375/67/228 374/39/228 377/40/228
f 377/40/228 380/41/232 381/42/228
f 375/67/228 377/40/228 381/42/228
f 382/43/228 383/44/228 384/45/228
f 381/42/228 382/43/228 384/45/228
f 381/42/228 384/45/228 385/46/228
f 385/46/228 386/47/228 389/48/228
f 381/42/228 389/48/228 390/49/228
f 393/52/229 394/119/229 397/53/229
f 405/57/228 406/58/228 409/59/228
f 411/60/228 412/61/228 414/62/228
f 417/63/228 418/64/228 421/65/228
f 375/67/228 423/120/228 424/66/228
f 375/67/228 424/66/228 429/68/228
f 432/5/374 433/6/375 430/6/376
f 434/14/377 401/14/378 398/13/378
f 398/13/378 435/13/377 434/14/377
f 436/31/379 419/31/380 416/29/381
f 416/29/381 437/29/379 436/31/379
f 391/73/382 439/73/383 440/111/384
f 410/23/385 408/22/385 441/22/385
f 441/22/385 442/23/385 410/23/385
f 444/113/386 373/113/387 376/112/388
f 376/69/389 428/38/389 445/38/389
f 445/38/389 443/69/389 376/69/389
f 388/70/390 387/9/391 426/9/392
f 434/14/393 447/16/393 403/16/394
f 403/16/394 401/14/394 434/14/393
f 436/31/395 448/32/396 420/32/395
f 420/32/395 419/31/395 436/31/395
f 449/71/397 395/71/397 392/111/397
f 392/111/397 440/111/397 449/71/397
f 450/25/398 413/25/398 410/23/398
f 410/23/398 442/23/398 450/25/398
f 451/114/399 378/114/400 373/113/401
f 388/70/402 446/70/403 452/110/404
f 404/17/405 403/16/405 447/16/405
f 447/16/405 453/17/405 404/17/405
f 422/34/406 420/32/407 448/32/406
f 448/32/406 454/34/406 422/34/406
f 449/71/408 456/72/409 396/72/410
f 450/25/411 457/27/411 415/27/411
f 415/27/411 413/25/412 450/25/411
f 459/19/413 407/19/414 404/17/414
f 404/17/414 453/17/413 459/19/413
f 460/36/415 425/36/416 422/34/417
f 422/34/417 454/34/415 460/36/415
f 396/72/418 456/72/419 435/13/419
f 435/13/419 398/13/418 396/72/418
f 416/29/420 415/27/420 457/27/420
f 457/27/420 437/29/420 416/29/420
f 379/5/421 431/5/422 430/6/423
f 458/74/424 439/73/425 391/73/426
f 459/19/427 441/22/427 408/22/427
f 408/22/427 407/19/427 459/19/427
f 460/36/428 445/38/428 428/38/428
f 428/38/428 425/36/429 460/36/428
f 461/77/430 462/78/431 463/79/432
f 461/77/430 463/79/432 464/80/430
f 464/80/430 465/81/433 466/82/433
f 461/77/430 464/80/430 466/82/433
f 461/77/430 466/82/433 467/83/430
f 467/83/430 468/84/434 469/85/433
f 461/77/430 467/83/430 469/85/433
f 461/77/430 469/85/433 470/86/430
f 470/86/430 471/87/435 472/88/430
f 461/77/430 470/86/430 472/88/430
f 461/77/430 472/88/430 473/89/430
f 473/89/430 474/90/433 475/91/430
f 461/77/430 473/89/430 475/91/430
f 461/77/430 475/91/430 476/92/430
f 476/92/430 477/93/436 478/94/430
f 461/77/430 476/92/430 478/94/430
f 461/77/430 478/94/430 479/95/437
f 479/95/437 480/96/438 481/97/430
f 461/77/430 479/95/437 481/97/430
f 461/77/430 481/97/430 482/98/431
f 482/98/431 483/99/439 484/100/430
f 461/77/430 482/98/431 484/100/430
f 484/100/430 485/101/431 486/102/437
f 484/100/430 486/102/437 487/103/430
f 461/77/430 484/100/430 487/103/430
f 461/77/430 487/103/430 433/104/430
f 433/104/430 432/105/431 488/106/431
f 461/77/430 433/104/430 488/106/431
f 489/76/430 461/77/430 488/106/431
f 490/75/432 489/76/430 488/106/431
f 445/38/440 460/36/440 462/36/441
f 462/36/441 461/38/440 445/38/440
f 475/13/442 474/14/443 434/14/444
f 434/14/444 435/13/444 475/13/442
f 443/69/445 445/38/445 461/38/445
f 461/38/445 489/69/445 443/69/445
f 447/16/446 434/14/446 474/14/446
f 474/14/446 473/16/446 447/16/446
f 438/107/447 487/107/448 486/108/449
f 453/17/450 447/16/451 473/16/452
f 473/16/452 472/17/452 453/17/450
f 486/108/453 485/109/454 455/109/455
f 472/17/456 471/19/457 459/19/458
f 459/19/458 453/17/458 472/17/456
f 485/109/459 484/8/460 427/8/461
f 441/22/462 459/19/462 471/19/463
f 471/19/463 470/22/463 441/22/462
f 426/9/464 427/8/465 484/8/466
f 442/23/467 441/22/467 470/22/467
f 470/22/467 469/23/467 442/23/467
f 446/70/468 426/9/468 483/9/468
f 483/9/468 482/70/468 446/70/468
f 469/23/469 468/25/469 450/25/469
f 450/25/469 442/23/469 469/23/469
f 482/70/470 481/110/471 452/110/472
f 457/27/473 450/25/474 468/25/473
f 468/25/473 467/27/473 457/27/473
f 481/110/475 480/74/476 458/74/477
f 458/74/477 452/110/477 481/110/475
f 437/29/478 457/27/478 467/27/478
f 467/27/478 466/29/478 437/29/478
f 480/74/479 479/73/480 439/73/481
f 466/29/482 465/31/482 436/31/482
f 436/31/482 437/29/482 466/29/482
f 440/111/483 439/73/483 479/73/483
f 479/73/483 478/111/483 440/111/483
f 448/32/484 436/31/485 465/31/484
f 465/31/484 464/32/486 448/32/484
f 478/111/487 477/71/488 449/71/487
f 449/71/487 440/111/487 478/111/487
f 488/114/489 451/114/489 444/113/489
f 444/113/489 490/113/490 488/114/489
f 454/34/491 448/32/491 464/32/491
f 464/32/491 463/34/491 454/34/491
f 456/72/492 449/71/492 477/71/493
f 477/71/493 476/72/494 456/72/492
f 463/34/495 462/36/496 460/36/495
f 460/36/495 454/34/497 463/34/495
f 435/13/498 456/72/499 476/72/499
f 476/72/499 475/13/500 435/13/498
f 491/113/501 492/121/501 493/122/501
f 493/122/501 494/112/501 491/113/501
f 495/123/502 492/121/502 491/113/502
f 491/113/502 496/114/502 495/123/502
f 495/123/503 496/114/504 497/5/503
f 513/73/505 516/111/506 515/124/507
f 523/11/508 521/12/508 522/13/508
f 522/13/508 524/14/508 523/11/508
f 525/16/509 526/15/509 523/11/509
f 523/11/509 524/14/509 525/16/509
f 527/18/510 526/15/510 525/16/510
f 525/16/510 528/17/510 527/18/510
f 529/19/511 530/20/511 527/18/511
f 527/18/511 528/17/511 529/19/511
f 531/22/512 532/21/512 530/20/512
f 530/20/512 529/19/512 531/22/512
f 533/24/513 532/21/513 531/22/513
f 531/22/513 534/23/513 533/24/513
f 534/23/514 536/25/514 535/26/515
f 535/26/516 536/25/517 537/27/517
f 537/27/518 540/29/518 539/30/519
f 541/31/520 542/116/520 539/30/520
f 539/30/520 540/29/520 541/31/520
f 543/32/521 544/33/521 542/116/521
f 542/116/521 541/31/521 543/32/521
f 545/35/522 544/33/522 543/32/522
f 543/32/522 546/34/522 545/35/522
f 545/35/523 546/34/524 547/36/525
f 548/37/526 547/36/527 550/38/527
f 550/38/528 494/69/528 493/118/528
f 493/118/528 551/117/528 550/38/528
f 492/39/228 495/40/228 498/41/228
f 493/67/228 492/39/228 498/41/228
f 500/42/228 501/43/230 503/44/230
f 493/67/228 500/42/228 503/44/230
f 504/45/228 505/46/228 507/47/228
f 509/48/230 510/49/230 512/50/230
f 514/51/231 515/52/231 517/119/231
f 520/53/229 521/54/229 523/55/229
f 493/67/228 530/58/228 532/59/228
f 532/59/228 533/60/228 535/61/228
f 538/62/228 539/63/228 542/64/228
f 544/65/228 545/120/228 548/66/228
f 493/67/229 548/66/229 551/68/229
f 552/5/529 553/5/530 554/6/531
f 556/14/532 524/14/532 522/13/532
f 522/13/532 557/13/532 556/14/532
f 558/31/533 541/31/534 540/29/535
f 540/29/535 559/29/533 558/31/533
f 499/6/536 555/6/536 560/107/536
f 560/107/536 502/107/536 499/6/536
f 561/73/537 562/111/538 516/111/539
f 534/23/540 531/22/541 563/22/540
f 563/22/540 564/23/540 534/23/540
f 565/113/542 491/113/542 494/112/542
f 494/112/542 566/112/543 565/113/542
f 567/38/544 566/69/544 494/69/545
f 494/69/545 550/38/545 567/38/544
f 568/70/546 508/70/547 506/9/548
f 569/16/549 525/16/549 524/14/549
f 524/14/549 556/14/550 569/16/549
f 570/32/551 543/32/552 541/31/551
f 541/31/551 558/31/553 570/32/551
f 516/111/554 562/111/555 572/71/556
f 573/25/557 536/25/557 534/23/557
f 534/23/557 564/23/558 573/25/557
f 491/113/559 565/113/560 574/114/560
f 574/114/560 496/114/559 491/113/559
f 528/17/561 525/16/561 569/16/561
f 569/16/561 576/17/561 528/17/561
f 546/34/562 543/32/563 570/32/563
f 570/32/563 577/34/563 546/34/562
f 579/72/564 519/72/564 518/71/564
f 518/71/564 572/71/564 579/72/564
f 580/27/565 537/27/565 536/25/565
f 536/25/565 573/25/565 580/27/565
f 496/114/566 574/114/567 552/5/567
f 552/5/567 497/5/566 496/114/566
f 575/110/568 581/74/569 511/74/570
f 582/19/571 529/19/572 528/17/572
f 528/17/572 576/17/571 582/19/571
f 583/36/573 547/36/574 546/34/574
f 546/34/574 577/34/574 583/36/573
f 522/13/575 519/72/576 579/72/577
f 579/72/577 557/13/575 522/13/575
f 540/29/578 537/27/578 580/27/578
f 580/27/578 559/29/578 540/29/578
f 497/5/579 552/5/580 555/6/581
f 563/22/582 531/22/583 529/19/583
f 529/19/583 582/19/582 563/22/582
f 567/38/584 550/38/585 547/36/585
f 547/36/585 583/36/585 567/38/584
f 584/75/586 585/76/587 586/77/588
f 586/77/588 587/78/589 588/79/586
f 584/75/586 586/77/588 588/79/586
f 589/80/590 590/81/591 591/82/586
f 588/79/586 589/80/590 591/82/586
f 584/75/586 588/79/586 591/82/586
f 592/83/592 593/84/587 594/85/586
f 591/82/586 592/83/592 594/85/586
f 595/86/593 596/87/593 597/88/586
f 594/85/586 595/86/593 597/88/586
f 591/82/586 594/85/586 597/88/586
f 584/75/586 591/82/586 597/88/586
f 598/89/594 599/90/595 600/91/586
f 597/88/586 598/89/594 600/91/586
f 601/92/589 602/93/596 603/94/586
f 600/91/586 601/92/589 603/94/586
f 597/88/586 600/91/586 603/94/586
f 604/95/593 605/96/590 606/97/586
f 603/94/586 604/95/593 606/97/586
f 607/98/588 608/99/593 609/100/586
f 606/97/586 607/98/588 609/100/586
f 603/94/586 606/97/586 609/100/586
f 597/88/586 603/94/586 609/100/586
f 584/75/586 597/88/586 609/100/586
f 610/101/587 611/102/597 612/103/586
f 609/100/586 610/101/587 612/103/586
f 554/104/597 553/105/598 613/106/587
f 612/103/586 554/104/597 613/106/587
f 609/100/586 612/103/586 613/106/587
f 584/75/586 609/100/586 613/106/587
f 583/36/599 587/36/600 586/38/601
f 586/38/601 567/38/601 583/36/599
f 556/14/602 557/13/602 600/13/603
f 600/13/603 599/14/602 556/14/602
f 555/6/604 554/6/605 612/107/606
f 586/38/607 585/69/608 566/69/609
f 566/69/609 567/38/609 586/38/607
f 556/14/610 599/14/611 598/16/612
f 598/16/612 569/16/613 556/14/610
f 612/107/614 611/108/615 571/108/616
f 597/17/617 576/17/618 569/16/619
f 569/16/619 598/16/617 597/17/617
f 582/19/620 576/17/620 597/17/621
f 597/17/621 596/19/621 582/19/620
f 578/109/622 610/109/623 609/8/624
f 582/19/625 596/19/625 595/22/625
f 595/22/625 563/22/625 582/19/625
f 594/23/626 564/23/626 563/22/626
f 563/22/626 595/22/626 594/23/626
f 549/9/627 608/9/628 607/70/629
f 573/25/630 564/23/630 594/23/630
f 594/23/630 593/25/631 573/25/630
f 573/25/632 593/25/633 592/27/633
f 592/27/633 580/27/632 573/25/632
f 581/74/634 575/110/635 606/110/636
f 591/29/637 559/29/638 580/27/638
f 580/27/638 592/27/637 591/29/637
f 558/31/639 559/29/640 591/29/639
f 591/29/639 590/31/641 558/31/639
f 603/111/642 562/111/643 561/73/643
f 561/73/643 604/73/642 603/111/642
f 565/113/644 566/112/644 585/112/644
f 585/112/644 584/113/644 565/113/644
f 558/31/645 590/31/645 589/32/645
f 589/32/645 570/32/645 558/31/645
f 572/71/646 562/111/646 603/111/646
f 603/111/646 602/71/646 572/71/646
f 613/114/647 574/114/647 565/113/647
f 565/113/647 584/113/647 613/114/647
f 588/34/648 577/34/649 570/32/650
f 570/32/650 589/32/648 588/34/648
f 572/71/651 602/71/651 601/72/651
f 601/72/651 579/72/651 572/71/651
f 552/5/652 574/114/652 613/114/652
f 613/114/652 553/5/652 552/5/652
f 583/36/653 577/34/654 588/34/653
f 588/34/653 587/36/653 583/36/653
f 600/13/655 557/13/655 579/72/655
f 579/72/655 601/72/655 600/13/655
o C_rculo_018_C_rculo_019.001
v 0.083954 0.352235 0.409307
v 0.010354 0.352235 0.402107
v -0.060447 0.352235 0.380607
v -0.125747 0.352235 0.345707
v -0.182946 0.352235 0.298807
v -0.229847 0.352235 0.241607
v -0.264746 0.352235 0.176407
v -0.286146 0.352235 0.105607
v -0.293446 0.352235 0.031907
v -0.286146 0.352235 -0.041693
v -0.264746 0.352235 -0.112493
v -0.229847 0.352235 -0.177693
v -0.182946 0.352235 -0.234893
v -0.125747 0.352235 -0.281793
v -0.060447 0.352235 -0.316693
v 0.010354 0.352235 -0.338193
v 0.083954 0.352235 -0.345393
v 0.157554 0.352235 -0.338193
v 0.228354 0.352235 -0.316693
v 0.293554 0.352235 -0.281793
v 0.350754 0.352235 -0.234893
v 0.397754 0.352235 -0.177693
v 0.432553 0.352235 -0.112493
v 0.454053 0.352235 -0.041693
v 0.461354 0.352235 0.031907
v 0.454053 0.352235 0.105607
v 0.432553 0.352235 0.176407
v 0.397754 0.352235 0.241607
v 0.350754 0.352235 0.298807
v 0.157554 0.352235 0.402107
v 0.293554 0.352235 0.345707
v 0.228354 0.352235 0.380607
v 0.176954 0.173035 0.499607
v 0.266454 0.173035 0.472507
v 0.348854 0.173035 0.428407
v 0.421154 0.173035 0.369107
v 0.480454 0.173035 0.296907
v 0.524454 0.173035 0.214407
v 0.551654 0.173035 0.125007
v 0.560754 0.173035 0.031907
v 0.551654 0.173035 -0.061093
v 0.524454 0.173035 -0.150493
v 0.480454 0.173035 -0.232993
v 0.421154 0.173035 -0.305293
v 0.348854 0.173035 -0.364593
v 0.266454 0.173035 -0.408593
v 0.176954 0.173035 -0.435793
v 0.083954 0.173035 -0.444893
v -0.009046 0.173035 -0.435793
v -0.098547 0.173035 -0.408593
v -0.180946 0.173035 -0.364593
v -0.253246 0.173035 -0.305293
v -0.312547 0.173035 -0.232993
v -0.356646 0.173035 -0.150493
v -0.383746 0.173035 -0.061093
v -0.392947 0.173035 0.031907
v -0.383746 0.173035 0.125007
v -0.356646 0.173035 0.214407
v -0.312547 0.173035 0.296907
v -0.253246 0.173035 0.369107
v -0.180946 0.173035 0.428407
v -0.098547 0.173035 0.472507
v -0.009046 0.173035 0.499607
v 0.083954 0.173035 0.508807
vn -0.8375 -0.4835 -0.2545
vn -0.8376 -0.4836 -0.2540
vn -0.8375 -0.4836 -0.2544
vn -0.8376 -0.4835 -0.2544
vn 0.6768 -0.4836 0.5550
vn 0.6768 -0.4836 0.5551
vn 0.6769 -0.4836 0.5550
vn -0.8711 -0.4836 -0.0857
vn -0.8711 -0.4836 -0.0858
vn -0.8712 -0.4833 -0.0863
vn 0.7719 -0.4837 0.4125
vn 0.7720 -0.4834 0.4127
vn 0.7719 -0.4835 0.4128
vn 0.7719 -0.4836 0.4126
vn -0.8711 -0.4836 0.0855
vn -0.8711 -0.4836 0.0858
vn -0.8711 -0.4835 0.0858
vn -0.8711 -0.4836 0.0856
vn 0.8376 -0.4835 0.2541
vn 0.8376 -0.4837 0.2539
vn 0.8376 -0.4836 0.2541
vn -0.8376 -0.4836 0.2540
vn -0.8376 -0.4835 0.2544
vn -0.8376 -0.4835 0.2542
vn -0.8376 -0.4836 0.2541
vn 0.8711 -0.4836 0.0857
vn 0.8711 -0.4836 0.0855
vn -0.7719 -0.4836 0.4127
vn -0.7719 -0.4836 0.4126
vn -0.7721 -0.4836 0.4124
vn 0.8711 -0.4836 -0.0857
vn 0.8711 -0.4836 -0.0858
vn -0.6766 -0.4836 0.5553
vn -0.6766 -0.4834 0.5554
vn 0.8375 -0.4836 -0.2543
vn 0.8376 -0.4836 -0.2542
vn 0.8376 -0.4836 -0.2541
vn -0.5553 -0.4836 0.6766
vn -0.5552 -0.4837 0.6766
vn -0.5550 -0.4839 0.6767
vn -0.5549 -0.4839 0.6767
vn 0.7719 -0.4837 -0.4125
vn 0.7719 -0.4836 -0.4126
vn 0.7719 -0.4838 -0.4124
vn -0.4128 -0.4838 0.7717
vn -0.4126 -0.4836 0.7719
vn -0.4124 -0.4837 0.7720
vn -0.4130 -0.4839 0.7715
vn -0.0860 -0.4834 -0.8712
vn -0.0858 -0.4836 -0.8711
vn -0.0855 -0.4836 -0.8711
vn 0.6765 -0.4835 -0.5555
vn 0.6765 -0.4834 -0.5556
vn 0.6766 -0.4834 -0.5555
vn 0.6766 -0.4836 -0.5553
vn -0.2539 -0.4836 0.8377
vn -0.2545 -0.4837 0.8374
vn -0.2542 -0.4836 0.8376
vn -0.2538 -0.4835 -0.8377
vn -0.2541 -0.4836 -0.8376
vn -0.2542 -0.4834 -0.8377
vn 0.5553 -0.4836 -0.6766
vn 0.5553 -0.4837 -0.6765
vn 0.5551 -0.4833 -0.6770
vn -0.0857 -0.4836 0.8711
vn -0.0858 -0.4836 0.8711
vn -0.0859 -0.4836 0.8711
vn -0.4126 -0.4836 -0.7719
vn 0.4127 -0.4834 -0.7720
vn 0.4130 -0.4836 -0.7717
vn 0.4129 -0.4835 -0.7718
vn 0.4126 -0.4837 -0.7719
vn 0.0857 -0.4836 0.8711
vn 0.0858 -0.4836 0.8711
vn -0.5550 -0.4836 -0.6768
vn -0.5550 -0.4836 -0.6769
vn -0.5551 -0.4836 -0.6768
vn 0.2542 -0.4835 -0.8376
vn 0.2542 -0.4837 -0.8375
vn 0.2538 -0.4834 -0.8378
vn 0.2543 -0.4836 -0.8375
vn 0.2544 -0.4836 0.8375
vn 0.2540 -0.4836 0.8376
vn 0.2545 -0.4836 0.8375
vn 0.2543 -0.4837 0.8375
vn -0.6767 -0.4836 -0.5552
vn -0.6768 -0.4836 -0.5551
vn -0.6766 -0.4836 -0.5553
vn 0.0858 -0.4836 -0.8711
vn 0.0857 -0.4836 -0.8711
vn 0.0860 -0.4834 -0.8712
vn 0.4125 -0.4836 0.7720
vn 0.4126 -0.4836 0.7719
vn 0.4126 -0.4836 0.7720
vn -0.7719 -0.4836 -0.4127
vn -0.7719 -0.4836 -0.4126
vn -0.7720 -0.4836 -0.4126
vn 0.5554 -0.4836 0.6765
vn 0.5555 -0.4836 0.6765
vn 0.5553 -0.4836 0.6766
vn 0.5555 -0.4836 0.6764
vt 0.000000 0.000000
s 1
usemtl Goddard_None
f 639/125/656 652/125/657 651/125/658
f 651/125/658 640/125/659 639/125/656
f 625/125/660 666/125/661 665/125/661
f 665/125/661 626/125/662 625/125/660
f 653/125/663 652/125/664 639/125/664
f 639/125/664 638/125/665 653/125/663
f 624/125/666 667/125/667 666/125/668
f 666/125/668 625/125/669 624/125/666
f 653/125/670 638/125/671 637/125/672
f 637/125/672 654/125/673 653/125/670
f 623/125/674 668/125/675 667/125/676
f 667/125/676 624/125/676 623/125/674
f 637/125/677 636/125/678 655/125/679
f 655/125/679 654/125/680 637/125/677
f 622/125/681 669/125/682 668/125/681
f 668/125/681 623/125/681 622/125/681
f 635/125/683 656/125/683 655/125/684
f 655/125/684 636/125/685 635/125/683
f 621/125/686 670/125/687 669/125/687
f 669/125/687 622/125/687 621/125/686
f 634/125/688 657/125/688 656/125/689
f 656/125/689 635/125/688 634/125/688
f 620/125/690 671/125/691 670/125/692
f 670/125/692 621/125/692 620/125/690
f 633/125/693 658/125/694 657/125/695
f 657/125/695 634/125/696 633/125/693
f 619/125/697 672/125/698 671/125/697
f 671/125/697 620/125/699 619/125/697
f 632/125/700 659/125/701 658/125/702
f 658/125/702 633/125/703 632/125/700
f 677/125/704 614/125/705 643/125/706
f 643/125/706 646/125/705 677/125/704
f 618/125/707 673/125/708 672/125/709
f 672/125/709 619/125/710 618/125/707
f 631/125/711 660/125/712 659/125/713
f 659/125/713 632/125/711 631/125/711
f 646/125/714 643/125/715 645/125/716
f 645/125/716 647/125/715 646/125/714
f 617/125/717 674/125/717 673/125/718
f 673/125/718 618/125/719 617/125/717
f 630/125/720 661/125/721 660/125/722
f 660/125/722 631/125/721 630/125/720
f 647/125/723 645/125/723 644/125/723
f 644/125/723 648/125/723 647/125/723
f 616/125/724 675/125/725 674/125/726
f 674/125/726 617/125/727 616/125/724
f 629/125/728 662/125/729 661/125/728
f 661/125/728 630/125/729 629/125/728
f 644/125/730 642/125/731 649/125/732
f 649/125/732 648/125/732 644/125/730
f 615/125/733 676/125/734 675/125/735
f 675/125/735 616/125/736 615/125/733
f 628/125/737 663/125/738 662/125/739
f 662/125/739 629/125/740 628/125/737
f 641/125/741 650/125/741 649/125/742
f 649/125/742 642/125/743 641/125/741
f 615/125/744 614/125/745 677/125/746
f 677/125/746 676/125/744 615/125/744
f 627/125/747 664/125/748 663/125/748
f 663/125/748 628/125/749 627/125/747
f 651/125/750 650/125/751 641/125/752
f 641/125/752 640/125/751 651/125/750
f 626/125/753 665/125/754 664/125/755
f 664/125/755 627/125/756 626/125/753
o C_rculo_005_C_rculo_006.001
v 0.273053 1.417235 0.436207
v 0.205954 1.446035 0.428507
v 0.141354 1.473635 0.405607
v 0.081953 1.499035 0.368607
v 0.029854 1.521335 0.318807
v -0.012946 1.539635 0.258007
v -0.044746 1.553235 0.188707
v -0.064246 1.561635 0.113507
v -0.070946 1.564435 0.035307
v -0.064246 1.561635 -0.042893
v -0.044746 1.553235 -0.118093
v -0.012946 1.539635 -0.187393
v 0.029854 1.521335 -0.248193
v 0.081953 1.499035 -0.297993
v 0.141354 1.473635 -0.334993
v 0.205954 1.446035 -0.357893
v 0.273053 1.417235 -0.365593
v 0.340054 1.388535 -0.357893
v 0.404654 1.360935 -0.334993
v 0.464054 1.335535 -0.297993
v 0.516154 1.313235 -0.248193
v 0.558954 1.294935 -0.187393
v 0.590754 1.281335 -0.118093
v 0.610354 1.272935 -0.042893
v 0.616954 1.270135 0.035307
v 0.610354 1.272935 0.113507
v 0.590754 1.281335 0.188707
v 0.558954 1.294935 0.258007
v 0.516154 1.313235 0.318807
v 0.340054 1.388535 0.428507
v 0.464054 1.335535 0.368607
v 0.404654 1.360935 0.405607
v 0.582254 1.207435 -0.042893
v 0.544354 1.202435 -0.035893
v 0.550354 1.199935 0.035307
v 0.588854 1.204635 0.035307
v 0.376554 1.295435 -0.334993
v 0.436054 1.270035 -0.297993
v 0.244954 1.351735 0.436207
v 0.312054 1.323035 0.428507
v 0.001754 1.455835 0.318807
v -0.040947 1.474135 0.258007
v 0.312054 1.323035 -0.357893
v 0.376554 1.295435 0.405607
v 0.053954 1.433535 0.368607
v 0.244954 1.351735 -0.365593
v 0.436054 1.270035 0.368607
v 0.113353 1.408035 0.405607
v 0.177854 1.380435 -0.357893
v 0.488154 1.247735 0.318807
v 0.177854 1.380435 0.428507
v 0.113353 1.408035 -0.334993
v 0.530954 1.229435 0.258007
v 0.053954 1.433535 -0.297993
v 0.562654 1.215835 0.188707
v 0.001754 1.455835 -0.248193
v 0.582254 1.207435 0.113507
v -0.040947 1.474135 -0.187393
v -0.072746 1.487735 -0.118093
v -0.092346 1.496035 -0.042893
v 0.562654 1.215835 -0.118093
v -0.098946 1.498835 0.035307
v 0.530954 1.229435 -0.187393
v -0.092346 1.496035 0.113507
v 0.488154 1.247735 -0.248193
v -0.072746 1.487735 0.188707
v 0.458654 1.239135 -0.222693
v 0.472454 1.221835 -0.243593
v 0.514554 1.203735 -0.183793
v 0.497554 1.222435 -0.167393
v -0.069747 1.465235 -0.035893
v -0.051946 1.457535 -0.104293
v 0.526554 1.210035 -0.104293
v -0.075746 1.467735 0.035307
v -0.069747 1.465235 0.106507
v -0.051946 1.457535 0.174907
v 0.411254 1.259435 -0.268093
v -0.023047 1.445235 0.238007
v 0.357154 1.282535 -0.301793
v 0.298354 1.307735 0.393207
v 0.237254 1.333835 0.400207
v 0.015954 1.428535 0.293307
v 0.298354 1.307735 -0.322593
v 0.357154 1.282535 0.372407
v 0.063354 1.408235 0.338707
v 0.237254 1.333835 -0.329593
v 0.411254 1.259435 0.338707
v 0.117454 1.385035 0.372407
v 0.176254 1.359935 -0.322593
v 0.458654 1.239135 0.293307
v 0.176254 1.359935 0.393207
v 0.117454 1.385035 -0.301793
v 0.497554 1.222435 0.238007
v 0.063354 1.408235 -0.268093
v 0.526554 1.210035 0.174907
v 0.015954 1.428535 -0.222693
v 0.544354 1.202435 0.106507
v -0.023047 1.445235 -0.167393
v 0.362654 1.268735 -0.329093
v 0.299154 1.295935 -0.351593
v 0.266854 1.220335 -0.351593
v 0.330354 1.193235 -0.329093
v -0.079446 1.457935 0.186307
v -0.098746 1.466135 0.112307
v 0.421154 1.243735 -0.292693
v -0.048246 1.444535 0.254407
v 0.299154 1.295935 0.422207
v 0.233154 1.324135 0.429807
v -0.006146 1.426535 0.314207
v 0.362654 1.268735 0.399707
v 0.045154 1.404635 0.363307
v 0.233154 1.324135 -0.359193
v 0.421154 1.243735 0.363307
v 0.103654 1.379535 0.399707
v 0.167154 1.352435 -0.351593
v 0.472454 1.221835 0.314207
v 0.167154 1.352435 0.422207
v 0.103654 1.379535 -0.329093
v 0.514554 1.203735 0.254407
v 0.045154 1.404635 -0.292693
v 0.545854 1.190435 0.186307
v -0.006146 1.426535 -0.243593
v 0.565054 1.182135 0.112307
v -0.048246 1.444535 -0.183793
v 0.571554 1.179335 0.035307
v -0.079446 1.457935 -0.115693
v 0.565054 1.182135 -0.041693
v -0.098746 1.466135 -0.041693
v 0.545854 1.190435 -0.115693
v -0.105246 1.468935 0.035307
v 0.071354 1.304035 -0.329093
v 0.076254 1.277335 -0.290093
v 0.132954 1.253035 -0.310193
v 0.134854 1.276835 -0.351593
v 0.330354 1.193235 0.399707
v 0.266854 1.220335 0.422207
v 0.012854 1.329035 0.363307
v -0.038446 1.350935 0.314207
v 0.200854 1.248635 -0.359193
v 0.388854 1.168135 0.363307
v 0.071354 1.304035 0.399707
v 0.440154 1.146235 0.314207
v 0.134854 1.276835 0.422207
v 0.482254 1.128235 0.254407
v 0.200854 1.248635 0.429807
v 0.012854 1.329035 -0.292693
v 0.513454 1.114835 0.186307
v -0.038446 1.350935 -0.243593
v 0.532754 1.106635 0.112307
v -0.080546 1.369035 -0.183793
v 0.539254 1.103835 0.035307
v -0.111846 1.382335 -0.115693
v 0.532754 1.106635 -0.041693
v -0.131046 1.390635 -0.041693
v 0.513454 1.114835 -0.115693
v -0.137546 1.393435 0.035307
v 0.482254 1.128235 -0.183793
v -0.131046 1.390635 0.112307
v 0.440154 1.146235 -0.243593
v -0.111846 1.382335 0.186307
v 0.388854 1.168135 -0.292693
v -0.080546 1.369035 0.254407
v -0.059346 1.335335 -0.160393
v -0.099146 1.323435 -0.183293
v -0.057246 1.305435 -0.242893
v -0.021746 1.319235 -0.213793
v 0.443253 1.120335 0.231007
v 0.405654 1.136435 0.284407
v 0.132954 1.253035 0.380807
v 0.191954 1.227835 0.387607
v 0.024054 1.299635 -0.257593
v 0.471154 1.108335 0.170107
v 0.488354 1.101035 0.104007
v 0.494154 1.098535 0.035307
v -0.087246 1.347235 -0.099493
v 0.488354 1.101035 -0.033393
v -0.104446 1.354635 -0.033393
v 0.471154 1.108335 -0.099493
v -0.110246 1.357135 0.035307
v 0.443253 1.120335 -0.160393
v -0.104446 1.354635 0.104007
v 0.405654 1.136435 -0.213793
v -0.087246 1.347235 0.170107
v 0.359854 1.156035 -0.257593
v -0.059346 1.335335 0.231007
v 0.307553 1.178335 -0.290093
v 0.250954 1.202635 0.380807
v -0.021746 1.319235 0.284407
v 0.250954 1.202635 -0.310193
v 0.307553 1.178335 0.360707
v 0.024054 1.299635 0.328207
v 0.191954 1.227835 -0.316993
v 0.359854 1.156035 0.328207
v 0.076254 1.277335 0.360707
v -0.188046 1.273035 0.035307
v -0.181546 1.270335 -0.041493
v -0.149546 1.344935 -0.041493
v -0.156046 1.347735 0.035307
v 0.512554 1.061735 0.112107
v 0.519054 1.058935 0.035307
v -0.130346 1.336735 -0.115293
v 0.512554 1.061735 -0.041493
v 0.493354 1.069935 -0.115293
v 0.462154 1.083235 -0.183293
v -0.149546 1.344935 0.112107
v 0.420154 1.101235 -0.242893
v -0.130346 1.336735 0.185907
v 0.368954 1.123135 -0.291793
v -0.099146 1.323435 0.253907
v 0.310654 1.148035 -0.328193
v 0.247354 1.175135 0.421207
v 0.181454 1.203335 0.428707
v -0.057246 1.305435 0.313507
v 0.247354 1.175135 -0.350593
v 0.310654 1.148035 0.398807
v -0.006046 1.283535 0.362407
v 0.181454 1.203335 -0.358093
v 0.368954 1.123135 0.362407
v 0.052354 1.258635 0.398807
v 0.115653 1.231535 -0.350593
v 0.420154 1.101235 0.313507
v 0.115653 1.231535 0.421207
v 0.052354 1.258635 -0.328193
v 0.462154 1.083235 0.253907
v -0.006046 1.283535 -0.291793
v 0.493354 1.069935 0.185907
v -0.131146 1.248735 0.253907
v -0.105846 1.198335 0.223307
v -0.132947 1.208935 0.164807
v -0.162346 1.262135 0.185907
v 0.430154 1.008635 -0.183293
v 0.461354 0.995235 -0.115293
v -0.181546 1.270335 0.112107
v 0.388254 1.026535 -0.242893
v 0.337054 1.048435 -0.291793
v 0.278654 1.073435 -0.328193
v 0.215353 1.100535 0.421207
v 0.149554 1.128635 0.428707
v -0.089146 1.230835 0.313507
v 0.215353 1.100535 -0.350593
v 0.278654 1.073435 0.398807
v -0.037946 1.208935 0.362407
v 0.149554 1.128635 -0.358093
v 0.337054 1.048435 0.362407
v 0.020354 1.183935 0.398807
v 0.083654 1.156835 -0.350593
v 0.388254 1.026535 0.313507
v 0.083654 1.156835 0.421207
v 0.020354 1.183935 -0.328193
v 0.430154 1.008635 0.253907
v -0.037946 1.208935 -0.291793
v 0.461354 0.995235 0.185907
v -0.089146 1.230835 -0.242893
v 0.480554 0.987035 0.112107
v -0.131146 1.248735 -0.183293
v 0.487054 0.984235 0.035307
v -0.162346 1.262135 -0.115293
v 0.480554 0.987035 -0.041493
v -0.200146 1.211235 -0.040693
v -0.180846 1.203635 -0.113693
v -0.132947 1.208935 -0.094193
v -0.149646 1.215435 -0.030693
v 0.250753 1.058535 -0.277293
v 0.301554 1.038635 -0.245993
v 0.195654 1.080135 0.367107
v 0.138354 1.102635 0.373707
v -0.069246 1.183935 0.274607
v 0.195654 1.080135 -0.296593
v 0.250753 1.058535 0.347907
v -0.024746 1.166535 0.316607
v 0.138354 1.102635 -0.303093
v 0.301554 1.038635 0.316607
v 0.025954 1.146635 0.347907
v 0.081053 1.125035 -0.296593
v 0.346054 1.021235 0.274607
v 0.081053 1.125035 0.367107
v 0.025954 1.146635 -0.277293
v 0.382554 1.006835 0.223307
v -0.024746 1.166535 -0.245993
v 0.409754 0.996235 0.164807
v -0.069246 1.183935 -0.203993
v 0.426454 0.989735 0.101307
v -0.105846 1.198335 -0.152693
v 0.432054 0.987535 0.035307
v 0.426454 0.989735 -0.030693
v 0.409754 0.996235 -0.094193
v -0.155346 1.217735 0.035307
v 0.382554 1.006835 -0.152693
v -0.149646 1.215435 0.101307
v 0.346054 1.021235 -0.203993
v -0.180846 1.203635 0.184307
v -0.204446 1.131035 0.184307
v -0.223646 1.138535 0.111307
v -0.200146 1.211235 0.111307
v 0.443754 0.958835 -0.113693
v 0.463054 0.951335 -0.040693
v -0.206646 1.213735 0.035307
v 0.412554 0.971135 -0.181093
v 0.370554 0.987535 -0.240093
v 0.319254 1.007635 -0.288493
v -0.149646 1.191435 0.251707
v 0.260853 1.030535 -0.324493
v 0.197453 1.055435 0.417307
v 0.131453 1.081235 0.424807
v -0.107546 1.174935 0.310707
v 0.197453 1.055435 -0.346693
v 0.260853 1.030535 0.395107
v -0.056346 1.154835 0.359107
v 0.131453 1.081235 -0.354193
v 0.319254 1.007635 0.359107
v 0.002053 1.131935 0.395107
v 0.065554 1.107135 -0.346693
v 0.370554 0.987535 0.310707
v 0.065554 1.107135 0.417307
v 0.002053 1.131935 -0.324493
v 0.412554 0.971135 0.251707
v -0.056346 1.154835 -0.288493
v 0.443754 0.958835 0.184307
v -0.107546 1.174935 -0.240093
v 0.463054 0.951335 0.111307
v -0.149646 1.191435 -0.181093
v 0.469554 0.948735 0.035307
v -0.108646 1.050835 0.271107
v -0.131146 1.102335 0.310707
v -0.079946 1.082235 0.359107
v -0.064346 1.035235 0.312607
v 0.295754 0.935035 -0.288493
v 0.346954 0.914935 -0.240093
v -0.173147 1.118735 0.251707
v 0.237254 0.957935 -0.324493
v 0.173854 0.982735 0.417307
v 0.107954 1.008635 0.424807
v 0.173854 0.982735 -0.346693
v 0.237254 0.957935 0.395107
v 0.107954 1.008635 -0.354193
v 0.295754 0.935035 0.359107
v -0.021446 1.059335 0.395107
v 0.041954 1.034435 -0.346693
v 0.346954 0.914935 0.310707
v 0.041954 1.034435 0.417307
v -0.021446 1.059335 -0.324493
v 0.388954 0.898435 0.251707
v -0.079946 1.082235 -0.288493
v 0.420254 0.886235 0.184307
v -0.131146 1.102335 -0.240093
v 0.439454 0.878635 0.111307
v -0.173147 1.118735 -0.181093
v 0.445954 0.876135 0.035307
v -0.204446 1.131035 -0.113693
v 0.439454 0.878635 -0.040693
v -0.223646 1.138535 -0.040693
v 0.420254 0.886235 -0.113693
v -0.230146 1.141135 0.035307
v 0.388954 0.898435 -0.181093
v 0.093353 0.956735 0.412407
v 0.028854 0.979435 0.405207
v 0.040954 0.998035 0.362407
v 0.097954 0.977935 0.368807
v 0.097954 0.977935 -0.298193
v 0.154954 0.957735 -0.291793
v 0.260354 0.920635 0.312607
v 0.209753 0.938435 0.343407
v -0.013846 1.017335 0.343407
v 0.040954 0.998035 -0.291793
v 0.304554 0.904935 0.271107
v -0.013846 1.017335 -0.272793
v 0.340954 0.892135 0.220607
v -0.064346 1.035235 -0.241993
v 0.367954 0.882635 0.162907
v -0.108646 1.050835 -0.200493
v 0.384554 0.876735 0.100407
v -0.145047 1.063635 -0.149993
v 0.390153 0.874735 0.035307
v -0.172046 1.073235 -0.092293
v 0.384554 0.876735 -0.029793
v -0.188646 1.079035 -0.029793
v 0.367954 0.882635 -0.092293
v -0.194246 1.081035 0.035307
v 0.340954 0.892135 -0.149993
v -0.188646 1.079035 0.100407
v 0.304554 0.904935 -0.200493
v -0.172046 1.073235 0.162907
v 0.260354 0.920635 -0.241993
v -0.145047 1.063635 0.220607
v 0.209753 0.938435 -0.272793
v 0.154954 0.957735 0.362407
v -0.211947 1.064535 -0.108993
v -0.227047 0.995235 -0.108993
v -0.196446 0.984435 -0.174193
v -0.181446 1.053735 -0.174193
v -0.090246 1.021535 -0.278293
v -0.033146 1.001335 -0.313093
v 0.368154 0.859735 0.244807
v 0.398654 0.848935 0.179607
v -0.140346 1.039235 -0.231393
v 0.417554 0.842335 0.108907
v 0.423854 0.840035 0.035307
v 0.417554 0.842335 -0.038293
v -0.230747 1.071135 -0.038293
v 0.398654 0.848935 -0.108993
v -0.237146 1.073335 0.035307
v 0.368154 0.859735 -0.174193
v -0.230747 1.071135 0.108907
v 0.327054 0.874235 -0.231393
v -0.211947 1.064535 0.179607
v 0.276954 0.891935 -0.278293
v -0.181446 1.053735 0.244807
v 0.219853 0.912135 -0.313093
v 0.157854 0.933935 0.405207
v -0.140346 1.039235 0.302007
v 0.157854 0.933935 -0.334593
v 0.219853 0.912135 0.383707
v -0.090246 1.021535 0.348907
v 0.093353 0.956735 -0.341793
v 0.276954 0.891935 0.348907
v -0.033146 1.001335 0.383707
v 0.028854 0.979435 -0.334593
v 0.327054 0.874235 0.302007
v -0.205846 0.945735 0.035307
v -0.252147 1.004135 0.035307
v -0.245847 1.001835 0.108907
v -0.200446 0.944135 0.096907
v 0.402454 0.773035 -0.038293
v 0.408854 0.770835 0.035307
v -0.245847 1.001835 -0.038293
v 0.383653 0.779735 -0.108993
v 0.353154 0.790435 -0.174193
v 0.312054 0.805035 -0.231393
v -0.227047 0.995235 0.179607
v 0.261954 0.822635 -0.278293
v -0.196446 0.984435 0.244807
v 0.204754 0.842835 -0.313093
v 0.078354 0.887435 0.412407
v 0.142754 0.864735 0.405207
v -0.155346 0.969935 0.302007
v 0.142754 0.864735 -0.334593
v 0.204754 0.842835 0.383707
v -0.105246 0.952235 0.348907
v 0.078354 0.887435 -0.341793
v 0.261954 0.822635 0.348907
v -0.048147 0.932135 0.383707
v 0.013854 0.910235 -0.334593
v 0.312054 0.805035 0.302007
v 0.013854 0.910235 0.405207
v -0.048147 0.932135 -0.313093
v 0.353154 0.790435 0.244807
v -0.105246 0.952235 -0.278293
v 0.383653 0.779735 0.179607
v -0.155346 0.969935 -0.231393
v 0.402454 0.773035 0.108907
v 0.072854 0.862035 0.350907
v 0.127154 0.845735 0.344807
v 0.132954 0.810235 0.393007
v 0.070154 0.829135 0.400007
v 0.269854 0.802835 -0.187893
v 0.304454 0.792435 -0.139993
v -0.184646 0.939435 0.156107
v 0.227654 0.815535 -0.227093
v -0.158846 0.931635 0.210607
v 0.179454 0.830035 -0.256293
v -0.124246 0.921235 0.258507
v 0.127154 0.845735 -0.274193
v 0.179454 0.830035 0.326907
v -0.081946 0.908535 0.297707
v 0.072854 0.862035 -0.280293
v 0.227654 0.815535 0.297707
v -0.033846 0.894135 0.326907
v 0.018454 0.878435 -0.274193
v 0.269854 0.802835 0.258507
v 0.018454 0.878435 0.344807
v -0.033846 0.894135 -0.256293
v 0.304454 0.792435 0.210607
v -0.081946 0.908535 -0.227093
v 0.330254 0.784735 0.156107
v -0.124246 0.921235 -0.187893
v 0.346054 0.779935 0.096907
v -0.158846 0.931635 -0.139993
v 0.351454 0.778335 0.035307
v -0.184646 0.939435 -0.085493
v 0.346054 0.779935 -0.026293
v -0.200446 0.944135 -0.026293
v 0.330254 0.784735 -0.085493
v 0.297754 0.760735 0.293207
v 0.291854 0.688635 0.293207
v 0.243054 0.703335 0.338507
v 0.248954 0.775335 0.338507
v -0.157546 0.897535 0.293207
v -0.197547 0.909535 0.237907
v 0.132954 0.810235 -0.322393
v 0.193354 0.792135 -0.301593
v 0.193354 0.792135 0.372207
v -0.108746 0.882835 0.338507
v 0.070154 0.829135 -0.329393
v -0.053046 0.866135 0.372207
v 0.007354 0.848035 -0.322393
v 0.007354 0.848035 0.393007
v -0.053046 0.866135 -0.301593
v 0.337854 0.748735 0.237907
v -0.108746 0.882835 -0.267893
v 0.367554 0.739735 0.174907
v -0.157546 0.897535 -0.222593
v 0.385853 0.734235 0.106407
v -0.197547 0.909535 -0.167293
v 0.392054 0.732435 0.035307
v -0.227346 0.918535 -0.104293
v 0.385853 0.734235 -0.035793
v -0.245647 0.924035 -0.035793
v 0.367554 0.739735 -0.104293
v -0.251846 0.925835 0.035307
v 0.337854 0.748735 -0.167293
v -0.245647 0.924035 0.106407
v 0.297754 0.760735 -0.222593
v -0.227346 0.918535 0.174907
v 0.248954 0.775335 -0.267893
v 0.328054 0.669635 0.094907
v 0.312654 0.673835 0.152307
v 0.361654 0.667735 0.174907
v 0.380053 0.662235 0.106407
v 0.001454 0.775935 0.393007
v -0.058946 0.794035 0.372207
v -0.058946 0.794035 -0.301593
v 0.001454 0.775935 -0.322393
v 0.331953 0.676635 0.237907
v 0.064254 0.757035 0.400007
v -0.114646 0.810835 -0.267893
v -0.163446 0.825435 -0.222593
v -0.203446 0.837535 -0.167293
v 0.386154 0.660335 0.035307
v -0.233246 0.846435 -0.104293
v 0.380053 0.662235 -0.035793
v -0.251546 0.851935 -0.035793
v 0.361654 0.667735 -0.104293
v -0.257746 0.853835 0.035307
v 0.331953 0.676635 -0.167293
v -0.251546 0.851935 0.106407
v 0.291854 0.688635 -0.222593
v -0.233246 0.846435 0.174907
v 0.243054 0.703335 -0.267893
v -0.203446 0.837535 0.237907
v 0.187453 0.720035 -0.301593
v 0.127053 0.738235 0.393007
v -0.163446 0.825435 0.293207
v 0.127053 0.738235 -0.322393
v 0.187453 0.720035 0.372207
v -0.114646 0.810835 0.338507
v 0.064254 0.757035 -0.329393
v 0.312654 0.673835 -0.081693
v 0.353254 0.643535 -0.100893
v 0.371154 0.638635 -0.034093
v 0.328054 0.669635 -0.024293
v -0.161646 0.803935 -0.134493
v -0.128047 0.794635 -0.180893
v 0.333254 0.668235 0.035307
v -0.186646 0.810735 -0.081693
v -0.202046 0.814935 -0.024293
v -0.207146 0.816335 0.035307
v 0.287654 0.680735 -0.134493
v -0.202046 0.814935 0.094907
v 0.254054 0.689935 -0.180893
v -0.186646 0.810735 0.152307
v 0.213154 0.701135 -0.218893
v -0.161646 0.803935 0.205107
v 0.166454 0.713935 -0.247093
v 0.115754 0.727835 0.335107
v 0.063054 0.742335 0.341007
v -0.128047 0.794635 0.251507
v 0.115754 0.727835 -0.264493
v 0.166454 0.713935 0.317707
v -0.087146 0.783435 0.289507
v 0.063054 0.742335 -0.270393
v 0.213154 0.701135 0.289507
v -0.040346 0.770635 0.317707
v 0.010354 0.756735 -0.264493
v 0.254054 0.689935 0.251507
v 0.010354 0.756735 0.335107
v -0.040346 0.770635 -0.247093
v 0.287654 0.680735 0.205107
v -0.087146 0.783435 -0.218893
v 0.237454 0.675335 -0.260493
v 0.236154 0.603135 -0.260493
v 0.283854 0.590035 -0.216293
v 0.285054 0.662235 -0.216293
v -0.251846 0.809435 0.035307
v -0.245746 0.807735 -0.034093
v 0.324254 0.651535 -0.162393
v -0.245746 0.807735 0.104707
v -0.227846 0.802835 0.171507
v -0.198846 0.794935 0.233007
v 0.183053 0.690235 -0.293393
v 0.124054 0.706435 0.384307
v 0.062654 0.723235 0.391107
v -0.159746 0.784135 0.286907
v 0.124054 0.706435 -0.313693
v 0.183053 0.690235 0.364007
v -0.112047 0.771135 0.331107
v 0.062654 0.723235 -0.320493
v 0.237454 0.675335 0.331107
v -0.057647 0.756235 0.364007
v 0.001353 0.740035 -0.313693
v 0.285054 0.662235 0.286907
v 0.001353 0.740035 0.384307
v -0.057647 0.756235 -0.293393
v 0.324254 0.651535 0.233007
v -0.112047 0.771135 -0.260493
v 0.353254 0.643535 0.171507
v -0.159746 0.784135 -0.216293
v 0.371154 0.638635 0.104707
v -0.198846 0.794935 -0.162393
v 0.377254 0.637035 0.035307
v -0.227846 0.802835 -0.100893
v 0.061454 0.651035 -0.320493
v 0.060954 0.622835 -0.274793
v 0.114154 0.612235 -0.268793
v 0.122853 0.634135 -0.313693
v -0.200046 0.722635 0.233007
v -0.229147 0.730635 0.171507
v 0.181854 0.618035 -0.293393
v 0.122853 0.634135 0.384307
v 0.061454 0.651035 0.391107
v -0.160946 0.711935 0.286907
v 0.181854 0.618035 0.364007
v -0.113246 0.698935 0.331107
v 0.236154 0.603135 0.331107
v -0.058946 0.684035 0.364007
v 0.000054 0.667835 -0.313693
v 0.283854 0.590035 0.286907
v 0.000054 0.667835 0.384307
v -0.058946 0.684035 -0.293393
v 0.322954 0.579335 0.233007
v -0.113246 0.698935 -0.260493
v 0.352053 0.571335 0.171507
v -0.160946 0.711935 -0.216293
v 0.369954 0.566435 0.104707
v -0.200046 0.722635 -0.162393
v 0.375954 0.564835 0.035307
v -0.229147 0.730635 -0.100893
v 0.369954 0.566435 -0.034093
v -0.247047 0.735535 -0.034093
v 0.352053 0.571335 -0.100893
v -0.253047 0.737235 0.035307
v 0.322954 0.579335 -0.162393
v -0.247047 0.735535 0.104707
v -0.090447 0.653035 -0.222493
v -0.108346 0.642935 -0.256593
v -0.054946 0.632335 -0.288993
v -0.043346 0.643635 -0.251193
v 0.212454 0.592635 0.293107
v 0.165354 0.602035 0.321807
v -0.043346 0.643635 0.321807
v -0.090447 0.653035 0.293107
v 0.007754 0.633435 -0.268793
v 0.253754 0.584335 0.254507
v 0.007754 0.633435 0.339407
v 0.287654 0.577535 0.207607
v 0.060954 0.622835 0.345407
v 0.312854 0.572535 0.154007
v -0.131846 0.661235 -0.183893
v 0.328353 0.569435 0.095807
v -0.165746 0.668035 -0.136993
v 0.333554 0.568435 0.035307
v -0.190946 0.673035 -0.083393
v 0.328353 0.569435 -0.025193
v -0.206446 0.676135 -0.025193
v 0.312854 0.572535 -0.083393
v -0.211646 0.677235 0.035307
v 0.287654 0.577535 -0.136993
v -0.206446 0.676135 0.095807
v 0.253754 0.584335 -0.183893
v -0.190946 0.673035 0.154007
v 0.212454 0.592635 -0.222493
v -0.165746 0.668035 0.207607
v 0.165354 0.602035 -0.251193
v 0.114154 0.612235 0.339407
v -0.131846 0.661235 0.254507
v -0.222046 0.665635 -0.098993
v -0.210746 0.592535 -0.098993
v -0.182246 0.586835 -0.159693
v -0.193446 0.659935 -0.159693
v 0.319753 0.557535 0.230307
v 0.348254 0.551835 0.169607
v -0.155146 0.652335 -0.212893
v 0.365854 0.548335 0.103807
v 0.371754 0.547135 0.035307
v 0.365854 0.548335 -0.033193
v -0.239546 0.669135 -0.033193
v 0.348254 0.551835 -0.098993
v -0.245546 0.670335 0.035307
v 0.319753 0.557535 -0.159693
v -0.239546 0.669135 0.103807
v 0.281354 0.565235 -0.212893
v -0.222046 0.665635 0.169607
v 0.234654 0.574535 -0.256593
v -0.193446 0.659935 0.230307
v 0.181254 0.585235 -0.288993
v 0.123354 0.596735 0.379607
v 0.063153 0.608735 0.386307
v -0.155146 0.652335 0.283507
v 0.123354 0.596735 -0.308993
v 0.181254 0.585235 0.359607
v -0.108346 0.642935 0.327207
v 0.063153 0.608735 -0.315693
v 0.234654 0.574535 0.327207
v -0.054946 0.632335 0.359607
v 0.002953 0.620735 -0.308993
v 0.281354 0.565235 0.283507
v 0.002953 0.620735 0.379607
v -0.228246 0.596035 0.103807
v -0.189546 0.557835 0.096207
v -0.194747 0.558735 0.035307
v -0.234247 0.597235 0.035307
v 0.377154 0.475235 -0.033193
v 0.383054 0.474035 0.035307
v -0.228246 0.596035 -0.033193
v 0.359554 0.478735 -0.098993
v 0.331054 0.484435 -0.159693
v 0.292654 0.492035 -0.212893
v -0.210746 0.592535 0.169607
v 0.245854 0.501435 -0.256593
v -0.182246 0.586835 0.230307
v 0.192553 0.512035 -0.288993
v 0.074454 0.535635 0.386307
v 0.134654 0.523635 0.379607
v -0.143847 0.579135 0.283507
v 0.134654 0.523635 -0.308993
v 0.192553 0.512035 0.359607
v -0.097046 0.569835 0.327207
v 0.074454 0.535635 -0.315693
v 0.245854 0.501435 0.327207
v -0.043646 0.559235 0.359607
v 0.014254 0.547635 -0.308993
v 0.292654 0.492035 0.283507
v 0.014254 0.547635 0.379607
v -0.043646 0.559235 -0.288993
v 0.331054 0.484435 0.230307
v -0.097046 0.569835 -0.256593
v 0.359554 0.478735 0.169607
v -0.143847 0.579135 -0.212893
v 0.377154 0.475235 0.103807
v 0.014254 0.501535 -0.309093
v 0.024554 0.522835 -0.270893
v -0.026547 0.531135 -0.253093
v -0.043247 0.510935 -0.289093
v 0.270454 0.482535 -0.185393
v 0.304354 0.477035 -0.138093
v -0.174046 0.555335 0.154807
v 0.229154 0.489335 -0.224193
v -0.148846 0.551235 0.208707
v 0.182054 0.497035 -0.253093
v 0.130954 0.505335 0.341507
v 0.077754 0.514135 0.347507
v -0.114946 0.545635 0.256007
v 0.130954 0.505335 -0.270893
v 0.182054 0.497035 0.323707
v -0.073646 0.538835 0.294807
v 0.077754 0.514135 -0.276893
v 0.229154 0.489335 0.294807
v -0.026547 0.531135 0.323707
v 0.270454 0.482535 0.256007
v 0.024554 0.522835 0.341507
v 0.304354 0.477035 0.208707
v -0.073646 0.538835 -0.224193
v 0.329554 0.472835 0.154807
v -0.114946 0.545635 -0.185393
v 0.345054 0.470335 0.096207
v -0.148846 0.551235 -0.138093
v 0.350254 0.469434 0.035307
v -0.174046 0.555335 -0.084193
v 0.345054 0.470335 -0.025593
v -0.189546 0.557835 -0.025593
v 0.329554 0.472835 -0.084193
v -0.151146 0.475435 -0.212993
v -0.142646 0.527235 -0.212993
v -0.180846 0.533535 -0.159793
v -0.189246 0.481635 -0.159793
v 0.328954 0.450035 0.230407
v 0.290854 0.456235 0.283607
v 0.074053 0.491735 0.386407
v 0.014254 0.501535 0.379707
v -0.096247 0.519635 -0.256693
v 0.357254 0.445335 0.169707
v 0.374754 0.442535 0.103807
v 0.380654 0.441535 0.035307
v -0.209147 0.538135 -0.099093
v 0.374754 0.442535 -0.033193
v -0.226546 0.541035 -0.033193
v 0.357254 0.445335 -0.099093
v -0.232446 0.541935 0.035307
v 0.328954 0.450035 -0.159793
v -0.226546 0.541035 0.103807
v 0.290854 0.456235 -0.212993
v -0.209147 0.538135 0.169707
v 0.244354 0.463835 -0.256693
v -0.180846 0.533535 0.230407
v 0.191354 0.472535 -0.289093
v 0.133854 0.481935 0.379707
v -0.142646 0.527235 0.283607
v 0.133854 0.481935 -0.309093
v 0.191354 0.472535 0.359707
v -0.096247 0.519635 0.327307
v 0.074053 0.491735 -0.315793
v 0.244354 0.463835 0.327307
v -0.043247 0.510935 0.359707
v -0.213046 0.417035 -0.026293
v -0.235046 0.489135 -0.033193
v -0.240946 0.490135 0.035307
v -0.218346 0.417235 0.035307
v 0.366254 0.390635 0.103807
v 0.372153 0.389735 0.035307
v -0.217646 0.486335 -0.099093
v 0.366254 0.390635 -0.033193
v 0.348854 0.393535 -0.099093
v 0.320453 0.398135 -0.159793
v -0.235046 0.489135 0.103807
v 0.282353 0.404435 -0.212993
v -0.217646 0.486335 0.169707
v 0.235954 0.412035 -0.256693
v -0.189246 0.481635 0.230407
v 0.182954 0.420735 -0.289093
v 0.125354 0.430135 0.379707
v 0.065554 0.439935 0.386407
v -0.151146 0.475435 0.283607
v 0.125354 0.430135 -0.309093
v 0.182954 0.420735 0.359707
v -0.104746 0.467835 0.327307
v 0.065554 0.439935 -0.315793
v 0.235954 0.412035 0.327307
v -0.051746 0.459135 0.359707
v 0.005753 0.449735 -0.309093
v 0.282353 0.404435 0.283607
v 0.005753 0.449735 0.379707
v -0.051746 0.459135 -0.289093
v 0.320453 0.398135 0.230407
v -0.104746 0.467835 -0.256693
v 0.348854 0.393535 0.169707
v 0.115154 0.408835 0.344907
v 0.167554 0.407435 0.326907
v 0.215754 0.406235 0.297707
v 0.115154 0.408835 -0.274293
v 0.060754 0.410135 -0.280293
v 0.006254 0.411535 -0.274293
v -0.046047 0.412835 -0.256293
v -0.094346 0.414035 -0.227093
v -0.136647 0.415135 -0.187893
v -0.171346 0.416035 -0.140093
v -0.197146 0.416635 -0.085493
v -0.213046 0.417035 0.096907
v -0.197146 0.416635 0.156107
v -0.171346 0.416035 0.210607
v -0.136647 0.415135 0.258507
v -0.094346 0.414035 0.297707
v -0.046047 0.412835 0.326907
v 0.006254 0.411535 0.344907
v 0.060754 0.410135 0.350907
vn -0.3936 -0.9193 0.0002
vn -0.3932 -0.9194 -0.0000
vn -0.3932 -0.9195 -0.0001
vn -0.3933 -0.9194 -0.0003
vn -0.3933 -0.9194 -0.0000
vn -0.3934 -0.9194 -0.0001
vn -0.3935 -0.9193 -0.0000
vn -0.3935 -0.9193 -0.0001
vn -0.3933 -0.9194 0.0001
vn -0.3930 -0.9195 -0.0001
vn -0.3929 -0.9196 -0.0001
vn -0.1217 0.9915 0.0461
vn -0.1218 0.9915 0.0461
vn -0.1217 0.9915 0.0460
vn -0.1216 0.9915 0.0461
vn -0.4570 0.1954 0.8677
vn -0.4570 0.1955 0.8677
vn -0.4570 0.1954 0.8678
vn -0.0965 0.0413 -0.9945
vn -0.0964 0.0411 -0.9945
vn -0.0965 0.0412 -0.9945
vn 0.7300 -0.3124 -0.6079
vn 0.7299 -0.3123 -0.6080
vn -0.2843 0.1217 0.9510
vn -0.2842 0.1216 0.9510
vn -0.2843 0.1216 0.9510
vn -0.2843 0.1216 -0.9510
vn -0.2842 0.1216 -0.9510
vn 0.6072 -0.2599 -0.7509
vn 0.6072 -0.2598 -0.7509
vn 0.6070 -0.2598 -0.7510
vn 0.6066 -0.2602 -0.7512
vn -0.0965 0.0413 0.9945
vn -0.0964 0.0414 0.9945
vn -0.0966 0.0413 0.9945
vn -0.4566 0.1956 -0.8679
vn -0.4570 0.1955 -0.8677
vn -0.4566 0.1955 -0.8679
vn 0.4570 -0.1955 -0.8677
vn 0.4569 -0.1952 -0.8678
vn 0.4570 -0.1954 -0.8678
vn 0.0964 -0.0413 0.9945
vn -0.6070 0.2595 -0.7512
vn 0.2843 -0.1216 -0.9510
vn 0.2842 -0.1216 -0.9510
vn 0.2843 -0.1216 0.9510
vn 0.2844 -0.1217 0.9510
vn 0.2845 -0.1218 0.9509
vn -0.7301 0.3121 -0.6079
vn 0.0964 -0.0413 -0.9945
vn 0.4569 -0.1952 0.8678
vn 0.4570 -0.1955 0.8677
vn 0.4571 -0.1951 0.8678
vn -0.8227 0.3524 -0.4461
vn -0.8229 0.3520 -0.4460
vn -0.8228 0.3520 -0.4462
vn -0.8228 0.3520 -0.4463
vn 0.6072 -0.2598 0.7509
vn -0.8846 0.3785 -0.2724
vn 0.7299 -0.3123 0.6080
vn 0.7299 -0.3123 0.6081
vn -0.9156 0.3916 -0.0915
vn -0.9156 0.3915 -0.0915
vn -0.9156 0.3917 -0.0915
vn 0.8227 -0.3520 0.4464
vn 0.8227 -0.3522 0.4462
vn 0.8227 -0.3521 0.4463
vn -0.9155 0.3917 0.0915
vn -0.9156 0.3916 0.0915
vn 0.8846 -0.3784 0.2724
vn 0.8847 -0.3783 0.2724
vn 0.8847 -0.3785 0.2723
vn 0.8847 -0.3785 0.2722
vn -0.8846 0.3785 0.2724
vn 0.9155 -0.3917 0.0916
vn 0.9155 -0.3917 0.0915
vn 0.9156 -0.3915 0.0919
vn -0.8228 0.3523 0.4461
vn -0.8228 0.3520 0.4462
vn -0.8228 0.3519 0.4463
vn -0.8228 0.3520 0.4463
vn 0.9156 -0.3915 -0.0918
vn 0.9155 -0.3918 -0.0914
vn 0.9155 -0.3916 -0.0916
vn 0.9155 -0.3917 -0.0915
vn -0.7301 0.3121 0.6079
vn 0.8846 -0.3785 -0.2724
vn 0.8846 -0.3785 -0.2723
vn -0.6070 0.2595 0.7512
vn -0.6072 0.2598 0.7509
vn 0.8227 -0.3520 -0.4464
vn 0.8227 -0.3517 -0.4466
vn 0.7842 0.6053 0.1365
vn 0.7844 0.6050 0.1368
vn 0.7845 0.6048 0.1369
vn -0.1042 0.9851 0.1368
vn 0.8011 0.5967 0.0461
vn 0.8012 0.5966 0.0461
vn 0.8011 0.5968 0.0461
vn -0.0695 0.9724 0.2226
vn 0.8012 0.5966 -0.0461
vn -0.0186 0.9535 0.3007
vn -0.0186 0.9536 0.3005
vn -0.0188 0.9536 0.3005
vn -0.0189 0.9536 0.3005
vn 0.7846 0.6048 -0.1368
vn 0.7844 0.6049 -0.1368
vn 0.7843 0.6051 -0.1369
vn 0.7845 0.6049 -0.1368
vn 0.0462 0.9289 0.3673
vn 0.0459 0.9289 0.3674
vn 0.0464 0.9290 0.3673
vn 0.0463 0.9289 0.3673
vn 0.7513 0.6213 -0.2226
vn 0.1221 0.8991 0.4205
vn 0.1227 0.8990 0.4204
vn 0.1223 0.8991 0.4204
vn 0.1224 0.8991 0.4203
vn 0.2991 0.8270 -0.4761
vn 0.2991 0.8269 -0.4761
vn 0.2991 0.8270 -0.4760
vn 0.7027 0.6450 -0.3003
vn 0.7027 0.6449 -0.3005
vn 0.7028 0.6448 -0.3005
vn 0.2079 0.8647 0.4573
vn 0.2082 0.8646 0.4573
vn 0.2077 0.8647 0.4573
vn 0.2082 0.8646 -0.4573
vn 0.2083 0.8646 -0.4573
vn 0.2082 0.8646 -0.4572
vn 0.2082 0.8647 -0.4572
vn 0.6402 0.6746 -0.3675
vn 0.6401 0.6747 -0.3674
vn 0.6397 0.6749 -0.3677
vn 0.6402 0.6747 -0.3674
vn 0.2991 0.8270 0.4761
vn 0.2991 0.8271 0.4759
vn 0.2991 0.8269 0.4762
vn 0.1227 0.8990 -0.4204
vn 0.1222 0.8992 -0.4201
vn 0.1226 0.8990 -0.4204
vn 0.1226 0.8990 -0.4205
vn 0.5655 0.7095 -0.4204
vn 0.5655 0.7096 -0.4204
vn 0.3915 0.7875 0.4760
vn 0.3915 0.7875 0.4761
vn 0.3915 0.7875 0.4759
vn 0.0463 0.9290 -0.3672
vn 0.0464 0.9291 -0.3670
vn 0.0463 0.9289 -0.3674
vn 0.0460 0.9289 -0.3674
vn 0.4816 0.7477 -0.4571
vn 0.4816 0.7478 -0.4571
vn 0.4816 0.7477 -0.4572
vn 0.4816 0.7476 0.4573
vn 0.4816 0.7477 0.4572
vn 0.4818 0.7478 0.4569
vn 0.4817 0.7477 0.4570
vn -0.0189 0.9536 -0.3006
vn -0.0188 0.9536 -0.3005
vn -0.0189 0.9536 -0.3005
vn 0.3915 0.7875 -0.4759
vn 0.3915 0.7875 -0.4760
vn 0.5655 0.7096 0.4204
vn 0.5655 0.7095 0.4204
vn 0.5656 0.7095 0.4204
vn -0.0696 0.9724 -0.2226
vn -0.0695 0.9724 -0.2226
vn -0.0696 0.9724 -0.2227
vn -0.0697 0.9724 -0.2226
vn 0.6401 0.6748 0.3673
vn 0.6401 0.6748 0.3674
vn -0.1042 0.9851 -0.1368
vn -0.1041 0.9851 -0.1368
vn 0.7028 0.6448 0.3005
vn 0.7027 0.6449 0.3005
vn 0.7027 0.6449 0.3004
vn -0.1218 0.9915 -0.0461
vn -0.1218 0.9915 -0.0460
vn 0.7513 0.6212 0.2227
vn 0.7513 0.6213 0.2226
vn 0.7514 0.6212 0.2227
vn -0.0536 -0.9939 -0.0966
vn -0.0528 -0.9939 -0.0969
vn -0.0558 -0.9939 -0.0952
vn -0.0775 -0.9844 -0.1577
vn -0.0776 -0.9844 -0.1576
vn -0.0776 -0.9845 -0.1576
vn -0.4027 -0.8518 -0.3351
vn -0.4028 -0.8518 -0.3349
vn -0.4029 -0.8518 -0.3348
vn -0.1134 -0.9706 -0.2125
vn -0.1131 -0.9706 -0.2125
vn -0.1135 -0.9706 -0.2124
vn -0.1136 -0.9706 -0.2124
vn -0.4665 -0.8239 0.3217
vn -0.4665 -0.8239 0.3219
vn -0.4663 -0.8239 0.3221
vn -0.4663 -0.8240 -0.3217
vn -0.4662 -0.8241 -0.3216
vn -0.1596 -0.9525 -0.2592
vn -0.1596 -0.9525 -0.2594
vn -0.1597 -0.9525 -0.2594
vn -0.5257 -0.7974 -0.2964
vn -0.5257 -0.7974 -0.2963
vn -0.2139 -0.9309 -0.2961
vn -0.2138 -0.9309 -0.2962
vn -0.2140 -0.9309 -0.2961
vn -0.5787 -0.7733 -0.2592
vn -0.5788 -0.7731 -0.2593
vn -0.5787 -0.7732 -0.2592
vn -0.2740 -0.9063 -0.3217
vn -0.2740 -0.9063 -0.3218
vn -0.6235 -0.7524 -0.2123
vn -0.6235 -0.7524 -0.2124
vn -0.6235 -0.7524 -0.2122
vn -0.3380 -0.8796 -0.3347
vn -0.3379 -0.8797 -0.3346
vn -0.3381 -0.8796 -0.3347
vn -0.3379 -0.8796 -0.3348
vn -0.6585 -0.7359 -0.1576
vn -0.6586 -0.7358 -0.1576
vn -0.6825 -0.7245 -0.0966
vn -0.6825 -0.7245 -0.0968
vn -0.6825 -0.7245 -0.0969
vn -0.6824 -0.7245 -0.0969
vn -0.6946 -0.7187 -0.0327
vn -0.6946 -0.7186 -0.0327
vn -0.6945 -0.7187 -0.0327
vn -0.6946 -0.7186 0.0327
vn -0.6946 -0.7187 0.0327
vn -0.6945 -0.7187 0.0327
vn -0.6824 -0.7245 0.0969
vn -0.6824 -0.7246 0.0967
vn -0.6828 -0.7241 0.0972
vn -0.6585 -0.7359 0.1576
vn 0.4813 0.7504 0.4530
vn 0.4813 0.7505 0.4530
vn 0.4814 0.7503 0.4530
vn 0.4815 0.7502 0.4531
vn 0.6073 -0.2597 -0.7508
vn 0.6071 -0.2598 -0.7510
vn 0.6072 -0.2597 -0.7509
vn 0.6076 -0.2596 -0.7506
vn -0.0963 0.0412 0.9945
vn -0.0962 0.0412 0.9945
vn -0.0968 0.0413 0.9944
vn -0.4568 0.1953 -0.8679
vn -0.4569 0.1954 -0.8678
vn -0.4566 0.1953 -0.8680
vn 0.4565 -0.1952 -0.8680
vn 0.4568 -0.1954 -0.8679
vn 0.4567 -0.1951 -0.8680
vn 0.0963 -0.0413 0.9945
vn 0.0962 -0.0413 0.9945
vn 0.0962 -0.0412 0.9945
vn -0.6076 0.2596 -0.7506
vn -0.6072 0.2598 -0.7509
vn 0.2844 -0.1217 -0.9510
vn 0.2842 -0.1216 0.9510
vn 0.2844 -0.1216 0.9510
vn -0.7300 0.3121 -0.6081
vn -0.7300 0.3123 -0.6079
vn -0.7299 0.3119 -0.6083
vn 0.0965 -0.0413 -0.9945
vn 0.0962 -0.0413 -0.9945
vn 0.0963 -0.0413 -0.9945
vn 0.0962 -0.0412 -0.9945
vn 0.4568 -0.1953 0.8679
vn 0.4567 -0.1952 0.8679
vn 0.4569 -0.1954 0.8678
vn -0.8225 0.3522 -0.4465
vn -0.8227 0.3521 -0.4463
vn -0.8227 0.3520 -0.4465
vn -0.8845 0.3788 -0.2723
vn -0.8846 0.3785 -0.2723
vn -0.8845 0.3787 -0.2723
vn -0.8846 0.3788 -0.2722
vn 0.7300 -0.3121 0.6081
vn 0.7300 -0.3123 0.6079
vn 0.7299 -0.3125 0.6080
vn -0.9155 0.3917 -0.0915
vn 0.8225 -0.3522 0.4465
vn 0.8228 -0.3521 0.4461
vn 0.8846 -0.3785 0.2724
vn 0.8845 -0.3787 0.2723
vn 0.8846 -0.3785 0.2723
vn -0.8847 0.3785 0.2722
vn -0.8847 0.3785 0.2720
vn -0.8845 0.3787 0.2723
vn -0.8843 0.3790 0.2726
vn -0.8225 0.3522 0.4465
vn -0.8227 0.3520 0.4465
vn -0.8227 0.3521 0.4463
vn -0.7300 0.3121 0.6081
vn -0.7298 0.3122 0.6083
vn -0.7299 0.3121 0.6081
vn -0.7301 0.3120 0.6079
vn 0.8846 -0.3784 -0.2724
vn 0.8847 -0.3785 -0.2720
vn 0.8845 -0.3788 -0.2723
vn -0.6076 0.2596 0.7506
vn 0.8228 -0.3520 -0.4463
vn 0.8228 -0.3520 -0.4462
vn 0.8229 -0.3519 -0.4462
vn -0.4565 0.1952 0.8680
vn -0.4568 0.1953 0.8679
vn -0.4569 0.1954 0.8678
vn -0.4566 0.1953 0.8680
vn -0.0968 0.0414 -0.9944
vn -0.0968 0.0413 -0.9944
vn 0.7301 -0.3123 -0.6077
vn 0.7301 -0.3120 -0.6079
vn 0.7301 -0.3122 -0.6078
vn 0.0842 -0.9362 0.3413
vn 0.0844 -0.9362 0.3413
vn 0.0843 -0.9362 0.3413
vn -0.0144 0.9545 -0.2978
vn -0.0145 0.9545 -0.2980
vn -0.0144 0.9546 -0.2976
vn -0.0146 0.9545 -0.2978
vn 0.3918 0.7898 -0.4720
vn 0.3921 0.7898 -0.4717
vn 0.5644 0.7127 0.4165
vn 0.5643 0.7127 0.4166
vn 0.5645 0.7127 0.4164
vn -0.0648 0.9732 -0.2205
vn -0.0646 0.9732 -0.2208
vn -0.0647 0.9732 -0.2208
vn -0.0648 0.9733 -0.2203
vn 0.6383 0.6783 0.3641
vn 0.6383 0.6783 0.3639
vn 0.6384 0.6783 0.3639
vn 0.6384 0.6782 0.3641
vn -0.0990 0.9858 -0.1357
vn -0.0991 0.9858 -0.1356
vn -0.0991 0.9858 -0.1355
vn -0.0990 0.9858 -0.1356
vn 0.7005 0.6486 0.2978
vn 0.7004 0.6486 0.2978
vn -0.1166 0.9921 -0.0459
vn -0.1165 0.9921 -0.0459
vn 0.7486 0.6252 0.2206
vn -0.1166 0.9921 0.0456
vn -0.1165 0.9921 0.0459
vn -0.1165 0.9921 0.0456
vn -0.1166 0.9921 0.0453
vn 0.7815 0.6091 0.1355
vn 0.7815 0.6090 0.1356
vn 0.7814 0.6091 0.1355
vn -0.0990 0.9858 0.1355
vn -0.0991 0.9858 0.1353
vn -0.0991 0.9858 0.1354
vn -0.0990 0.9858 0.1356
vn 0.7982 0.6007 0.0457
vn 0.7981 0.6008 0.0457
vn -0.0647 0.9732 0.2208
vn -0.0649 0.9732 0.2205
vn -0.0648 0.9732 0.2207
vn -0.0648 0.9732 0.2206
vn 0.7982 0.6007 -0.0456
vn 0.7981 0.6008 -0.0457
vn -0.0146 0.9545 0.2979
vn -0.0146 0.9545 0.2978
vn -0.0145 0.9546 0.2977
vn -0.0144 0.9545 0.2980
vn 0.7814 0.6091 -0.1355
vn 0.7814 0.6091 -0.1356
vn 0.7815 0.6091 -0.1356
vn 0.0497 0.9301 0.3640
vn 0.0501 0.9301 0.3639
vn 0.7486 0.6253 -0.2205
vn 0.7486 0.6252 -0.2205
vn 0.7486 0.6253 -0.2206
vn 0.7486 0.6252 -0.2206
vn 0.1259 0.9004 0.4165
vn 0.1257 0.9004 0.4165
vn 0.1258 0.9004 0.4165
vn 0.3006 0.8289 -0.4717
vn 0.3005 0.8290 -0.4717
vn 0.3006 0.8290 -0.4717
vn 0.3010 0.8287 -0.4719
vn 0.7004 0.6487 -0.2977
vn 0.7004 0.6486 -0.2978
vn 0.7005 0.6486 -0.2977
vn 0.7004 0.6487 -0.2976
vn 0.2105 0.8663 0.4531
vn 0.2105 0.8663 0.4530
vn 0.2106 0.8663 0.4530
vn 0.2107 0.8662 -0.4532
vn 0.2105 0.8664 -0.4529
vn 0.2105 0.8662 -0.4531
vn 0.2105 0.8663 -0.4530
vn 0.6383 0.6782 -0.3642
vn 0.6385 0.6780 -0.3642
vn 0.6382 0.6783 -0.3641
vn 0.6384 0.6782 -0.3640
vn 0.3005 0.8290 0.4717
vn 0.1258 0.9004 -0.4165
vn 0.1259 0.9004 -0.4165
vn 0.1257 0.9004 -0.4165
vn 0.5644 0.7127 -0.4165
vn 0.5643 0.7127 -0.4167
vn 0.5643 0.7127 -0.4166
vn 0.3918 0.7898 0.4720
vn 0.3917 0.7898 0.4720
vn 0.3918 0.7898 0.4719
vn 0.0497 0.9301 -0.3640
vn 0.0501 0.9301 -0.3639
vn 0.4812 0.7505 -0.4530
vn 0.4813 0.7504 -0.4530
vn 0.4810 0.7506 -0.4530
vn 0.9156 -0.3916 0.0915
vn 0.9156 -0.3915 0.0914
vn -0.8459 -0.5307 -0.0523
vn -0.8458 -0.5310 -0.0522
vn -0.8458 -0.5309 -0.0523
vn -0.8460 -0.5307 -0.0523
vn 0.1415 -0.9572 0.2526
vn 0.1414 -0.9572 0.2525
vn 0.1415 -0.9572 0.2527
vn -0.8459 -0.5308 0.0523
vn -0.8458 -0.5309 0.0523
vn -0.8460 -0.5307 0.0523
vn 0.1807 -0.9712 0.1550
vn 0.1803 -0.9713 0.1551
vn 0.1806 -0.9712 0.1552
vn 0.1807 -0.9712 0.1551
vn -0.8272 -0.5401 0.1551
vn -0.8271 -0.5402 0.1551
vn 0.2008 -0.9782 0.0526
vn 0.2008 -0.9782 0.0527
vn 0.2009 -0.9782 0.0526
vn -0.7900 -0.5586 0.2527
vn -0.7901 -0.5585 0.2527
vn -0.7901 -0.5585 0.2525
vn 0.2009 -0.9782 -0.0526
vn 0.2006 -0.9783 -0.0525
vn 0.2008 -0.9782 -0.0526
vn 0.2008 -0.9782 -0.0525
vn -0.7354 -0.5853 0.3414
vn -0.7353 -0.5855 0.3413
vn -0.7353 -0.5857 0.3411
vn -0.7354 -0.5853 0.3413
vn 0.1805 -0.9712 -0.1554
vn 0.1805 -0.9713 -0.1551
vn 0.1803 -0.9713 -0.1551
vn -0.6646 -0.6194 0.4179
vn -0.6646 -0.6194 0.4178
vn -0.6646 -0.6195 0.4177
vn 0.1415 -0.9571 -0.2527
vn 0.1415 -0.9572 -0.2525
vn 0.1415 -0.9572 -0.2526
vn 0.1415 -0.9571 -0.2528
vn -0.5801 -0.6593 0.4783
vn -0.5798 -0.6593 0.4788
vn -0.5801 -0.6593 0.4784
vn -0.3823 -0.7481 -0.5424
vn -0.3823 -0.7481 -0.5423
vn -0.3822 -0.7481 -0.5425
vn 0.0842 -0.9362 -0.3413
vn 0.0841 -0.9361 -0.3415
vn 0.0843 -0.9362 -0.3413
vn -0.4847 -0.7028 -0.5207
vn -0.4848 -0.7029 -0.5205
vn -0.4848 -0.7028 -0.5206
vn -0.4848 -0.7027 -0.5207
vn 0.0108 -0.9084 -0.4179
vn 0.0106 -0.9084 -0.4179
vn 0.0107 -0.9084 -0.4179
vn 0.0108 -0.9085 -0.4177
vn -0.5800 -0.6593 -0.4785
vn -0.5801 -0.6592 -0.4784
vn -0.5800 -0.6593 -0.4784
vn -0.0763 -0.8748 -0.4784
vn -0.0762 -0.8748 -0.4784
vn -0.6646 -0.6196 -0.4176
vn -0.6646 -0.6196 -0.4177
vn -0.6646 -0.6195 -0.4177
vn -0.1735 -0.8359 -0.5207
vn -0.7354 -0.5853 -0.3414
vn -0.7352 -0.5856 -0.3413
vn -0.7354 -0.5854 -0.3414
vn -0.2770 -0.7931 -0.5424
vn -0.2771 -0.7932 -0.5423
vn -0.2772 -0.7932 -0.5422
vn -0.2769 -0.7932 -0.5424
vn -0.7899 -0.5588 -0.2526
vn -0.7899 -0.5587 -0.2527
vn -0.7899 -0.5590 -0.2523
vn 0.0108 -0.9084 0.4179
vn 0.0110 -0.9084 0.4180
vn 0.0107 -0.9084 0.4179
vn 0.0106 -0.9084 0.4179
vn -0.8272 -0.5401 -0.1551
vn 0.7937 0.5491 -0.2618
vn 0.7937 0.5493 -0.2614
vn -0.8226 0.3521 0.4464
vn -0.8227 0.3520 0.4463
vn 0.9155 -0.3918 -0.0915
vn 0.9156 -0.3916 -0.0915
vn 0.9155 -0.3919 -0.0916
vn -0.7300 0.3125 0.6079
vn -0.7299 0.3122 0.6081
vn -0.7300 0.3124 0.6079
vn -0.7299 0.3124 0.6080
vn 0.8227 -0.3520 -0.4463
vn 0.8227 -0.3521 -0.4464
vn 0.8227 -0.3521 -0.4463
vn -0.4571 0.1956 0.8677
vn -0.4570 0.1957 0.8677
vn -0.4571 0.1956 0.8676
vn -0.4571 0.1955 0.8677
vn 0.7299 -0.3121 -0.6081
vn 0.7299 -0.3124 -0.6080
vn -0.2843 0.1220 0.9509
vn -0.2842 0.1215 0.9510
vn -0.2843 0.1220 -0.9509
vn 0.6070 -0.2597 -0.7510
vn 0.6071 -0.2597 -0.7510
vn 0.6070 -0.2596 -0.7511
vn -0.0964 0.0412 0.9945
vn -0.4570 0.1956 -0.8677
vn -0.4571 0.1956 -0.8677
vn -0.4569 0.1957 -0.8678
vn 0.4571 -0.1955 -0.8677
vn 0.4571 -0.1956 -0.8677
vn 0.0966 -0.0414 0.9945
vn 0.0964 -0.0412 0.9945
vn 0.0965 -0.0413 0.9945
vn 0.2844 -0.1218 -0.9509
vn 0.2842 -0.1215 -0.9510
vn 0.2844 -0.1218 0.9509
vn -0.7300 0.3124 -0.6079
vn -0.7299 0.3124 -0.6080
vn -0.7298 0.3122 -0.6082
vn -0.7299 0.3122 -0.6081
vn 0.0966 -0.0413 -0.9945
vn 0.0964 -0.0412 -0.9945
vn 0.4571 -0.1955 0.8677
vn 0.4572 -0.1955 0.8676
vn -0.8227 0.3520 -0.4463
vn -0.8229 0.3519 -0.4462
vn 0.6072 -0.2599 0.7508
vn 0.6067 -0.2594 0.7514
vn 0.6071 -0.2598 0.7510
vn 0.6074 -0.2599 0.7507
vn -0.8845 0.3789 -0.2722
vn 0.7300 -0.3124 0.6079
vn 0.7299 -0.3121 0.6081
vn -0.9156 0.3915 -0.0914
vn 0.8227 -0.3520 0.4463
vn 0.8228 -0.3519 0.4463
vn -0.9156 0.3915 0.0914
vn -0.8845 0.3789 0.2722
vn -0.8846 0.3784 0.2725
vn 0.0605 -0.9911 0.1182
vn 0.0606 -0.9911 0.1184
vn 0.0604 -0.9911 0.1185
vn 0.1661 0.9238 0.3449
vn 0.2969 0.8454 -0.4441
vn 0.2969 0.8454 -0.4440
vn 0.2968 0.8454 -0.4440
vn 0.7313 0.5873 -0.3468
vn 0.7313 0.5873 -0.3469
vn 0.2244 0.8884 0.4004
vn 0.2245 0.8884 0.4004
vn 0.2244 0.8884 -0.4004
vn 0.6536 0.6344 -0.4128
vn 0.2972 0.8451 0.4444
vn 0.2969 0.8454 0.4440
vn 0.1661 0.9238 -0.3449
vn 0.5653 0.6872 -0.4563
vn 0.3810 0.7960 0.4704
vn 0.1223 0.9514 -0.2825
vn 0.4725 0.7423 -0.4752
vn 0.4723 0.7422 -0.4754
vn 0.4723 0.7423 -0.4754
vn 0.4723 0.7422 0.4755
vn 0.4723 0.7422 0.4754
vn 0.4724 0.7422 0.4753
vn 0.0919 0.9717 -0.2176
vn 0.0919 0.9717 -0.2177
vn 0.0919 0.9717 -0.2178
vn 0.3810 0.7960 -0.4703
vn 0.3810 0.7960 -0.4704
vn 0.5653 0.6872 0.4563
vn 0.0725 0.9855 -0.1533
vn 0.0725 0.9855 -0.1534
vn 0.6536 0.6344 0.4128
vn 0.0615 0.9940 -0.0908
vn 0.7313 0.5873 0.3467
vn 0.7313 0.5873 0.3468
vn 0.0566 0.9979 -0.0300
vn 0.7937 0.5493 0.2614
vn 0.7937 0.5491 0.2618
vn 0.7936 0.5492 0.2618
vn 0.0566 0.9979 0.0300
vn 0.0565 0.9979 0.0300
vn 0.8371 0.5223 0.1627
vn 0.8371 0.5223 0.1628
vn 0.0615 0.9940 0.0908
vn 0.0614 0.9940 0.0907
vn 0.8592 0.5087 0.0554
vn 0.8593 0.5085 0.0554
vn 0.8591 0.5088 0.0554
vn 0.8593 0.5085 0.0552
vn 0.0725 0.9855 0.1534
vn 0.0726 0.9855 0.1534
vn 0.8594 0.5083 -0.0551
vn 0.8595 0.5082 -0.0549
vn 0.8594 0.5083 -0.0550
vn 0.8593 0.5085 -0.0552
vn 0.0918 0.9717 0.2177
vn 0.0919 0.9717 0.2177
vn 0.8371 0.5223 -0.1628
vn 0.8371 0.5222 -0.1628
vn 0.1223 0.9514 0.2826
vn 0.1223 0.9514 0.2825
vn 0.9155 -0.2968 -0.2716
vn 0.9155 -0.2969 -0.2716
vn 0.9155 -0.2967 -0.2717
vn -0.7042 -0.7009 0.1133
vn -0.7042 -0.7010 0.1131
vn -0.7043 -0.7008 0.1135
vn 0.0766 -0.9963 0.0401
vn 0.0763 -0.9963 0.0399
vn 0.0763 -0.9963 0.0400
vn 0.0764 -0.9963 0.0399
vn -0.6763 -0.7132 0.1842
vn -0.6765 -0.7130 0.1842
vn -0.6767 -0.7128 0.1841
vn -0.6764 -0.7131 0.1842
vn 0.0778 -0.9961 -0.0409
vn 0.0764 -0.9963 -0.0399
vn 0.0777 -0.9961 -0.0414
vn -0.6360 -0.7305 0.2488
vn -0.6359 -0.7305 0.2491
vn -0.6359 -0.7305 0.2490
vn -0.6359 -0.7305 0.2489
vn 0.0600 -0.9912 -0.1180
vn 0.0605 -0.9911 -0.1182
vn 0.0604 -0.9911 -0.1185
vn -0.5835 -0.7526 0.3052
vn -0.5835 -0.7525 0.3054
vn -0.5835 -0.7526 0.3051
vn 0.0293 -0.9810 -0.1920
vn -0.5210 -0.7783 0.3505
vn -0.5208 -0.7786 0.3501
vn -0.5210 -0.7783 0.3504
vn -0.5211 -0.7783 0.3502
vn -0.3735 -0.8370 -0.3998
vn -0.3735 -0.8371 -0.3997
vn -0.3734 -0.8371 -0.3997
vn -0.0161 -0.9659 -0.2583
vn -0.0160 -0.9659 -0.2583
vn -0.0161 -0.9659 -0.2584
vn -0.4499 -0.8071 -0.3822
vn -0.4501 -0.8070 -0.3823
vn -0.4500 -0.8072 -0.3822
vn -0.4499 -0.8072 -0.3822
vn -0.0739 -0.9464 -0.3145
vn -0.0741 -0.9463 -0.3146
vn -0.0737 -0.9463 -0.3147
vn -0.0734 -0.9464 -0.3146
vn -0.5207 -0.7786 -0.3503
vn -0.5212 -0.7781 -0.3505
vn -0.5208 -0.7785 -0.3503
vn -0.5208 -0.7785 -0.3504
vn -0.1413 -0.9230 -0.3580
vn -0.1413 -0.9230 -0.3579
vn -0.1412 -0.9229 -0.3581
vn -0.5834 -0.7526 -0.3054
vn -0.5835 -0.7526 -0.3052
vn -0.5833 -0.7526 -0.3055
vn -0.2158 -0.8962 -0.3876
vn -0.2158 -0.8963 -0.3875
vn -0.6360 -0.7304 -0.2489
vn -0.6359 -0.7305 -0.2491
vn -0.6359 -0.7307 -0.2486
vn -0.2942 -0.8673 -0.4016
vn -0.2943 -0.8672 -0.4016
vn -0.2942 -0.8674 -0.4014
vn -0.6767 -0.7128 -0.1841
vn -0.6765 -0.7130 -0.1842
vn -0.6763 -0.7132 -0.1842
vn -0.7042 -0.7010 -0.1131
vn -0.7042 -0.7009 -0.1132
vn -0.7181 -0.6949 -0.0381
vn -0.7182 -0.6948 -0.0380
vn -0.7180 -0.6950 -0.0382
vn 0.0293 -0.9810 0.1920
vn -0.7181 -0.6949 0.0381
vn -0.7182 -0.6948 0.0380
vn 0.6442 0.6293 -0.4347
vn 0.6444 0.6291 -0.4347
vn 0.6443 0.6292 -0.4347
vn -0.6292 0.2038 0.7500
vn -0.6292 0.2037 0.7501
vn -0.6293 0.2039 0.7500
vn 0.8518 -0.2761 -0.4451
vn 0.8517 -0.2760 -0.4454
vn 0.8516 -0.2762 -0.4454
vn -0.4738 0.1537 0.8671
vn -0.4738 0.1536 0.8671
vn -0.1003 0.0325 -0.9944
vn -0.1003 0.0326 -0.9944
vn -0.1004 0.0325 -0.9944
vn 0.7559 -0.2451 -0.6071
vn 0.7560 -0.2451 -0.6069
vn 0.7559 -0.2450 -0.6071
vn 0.7560 -0.2450 -0.6070
vn -0.2949 0.0957 0.9507
vn -0.2948 0.0956 0.9508
vn -0.2950 0.0958 -0.9507
vn -0.2946 0.0956 -0.9508
vn -0.2949 0.0957 -0.9507
vn -0.2953 0.0960 -0.9506
vn 0.6292 -0.2039 -0.7500
vn 0.6292 -0.2041 -0.7500
vn -0.1003 0.0325 0.9944
vn -0.1003 0.0326 0.9944
vn -0.1004 0.0325 0.9944
vn -0.4738 0.1537 -0.8671
vn -0.4739 0.1537 -0.8671
vn 0.4738 -0.1537 -0.8671
vn 0.4738 -0.1536 -0.8671
vn 0.1003 -0.0325 0.9944
vn 0.1003 -0.0326 0.9944
vn 0.1004 -0.0325 0.9944
vn -0.6292 0.2039 -0.7500
vn 0.2951 -0.0957 -0.9506
vn 0.2948 -0.0956 -0.9508
vn 0.2951 -0.0957 -0.9507
vn 0.2952 -0.0958 -0.9506
vn 0.2951 -0.0957 0.9507
vn 0.2948 -0.0956 0.9508
vn -0.7560 0.2453 -0.6068
vn -0.7560 0.2454 -0.6068
vn -0.7561 0.2456 -0.6067
vn -0.7560 0.2452 -0.6069
vn 0.1003 -0.0325 -0.9944
vn 0.1004 -0.0325 -0.9944
vn 0.1003 -0.0326 -0.9944
vn 0.4738 -0.1532 0.8672
vn 0.4738 -0.1536 0.8671
vn 0.4738 -0.1537 0.8671
vn -0.8517 0.2758 -0.4455
vn -0.8518 0.2762 -0.4452
vn -0.8518 0.2759 -0.4454
vn -0.8518 0.2757 -0.4455
vn 0.6292 -0.2039 0.7500
vn 0.6293 -0.2037 0.7500
vn -0.9154 0.2967 -0.2721
vn -0.9155 0.2967 -0.2717
vn -0.9155 0.2967 -0.2718
vn 0.7559 -0.2450 0.6071
vn 0.7560 -0.2450 0.6070
vn 0.7562 -0.2451 0.6067
vn 0.7560 -0.2452 0.6069
vn -0.9473 0.3072 -0.0913
vn -0.9473 0.3070 -0.0913
vn -0.9473 0.3071 -0.0913
vn 0.8517 -0.2761 0.4454
vn 0.8518 -0.2760 0.4452
vn 0.8518 -0.2761 0.4451
vn -0.9471 0.3077 0.0913
vn -0.9471 0.3075 0.0915
vn -0.9472 0.3073 0.0914
vn -0.9473 0.3070 0.0913
vn 0.9154 -0.2967 0.2721
vn 0.9156 -0.2965 0.2717
vn 0.9155 -0.2967 0.2718
vn 0.9155 -0.2967 0.2717
vn -0.9154 0.2967 0.2721
vn -0.9154 0.2967 0.2719
vn -0.9156 0.2964 0.2717
vn 0.9473 -0.3069 0.0913
vn 0.9473 -0.3070 0.0913
vn 0.9474 -0.3068 0.0913
vn -0.8518 0.2759 0.4454
vn -0.8518 0.2757 0.4455
vn -0.8517 0.2758 0.4455
vn -0.8518 0.2762 0.4452
vn 0.9474 -0.3068 -0.0913
vn 0.9473 -0.3070 -0.0913
vn 0.9473 -0.3069 -0.0913
vn -0.7560 0.2452 0.6069
vn -0.7561 0.2451 0.6068
vn -0.7559 0.2457 0.6068
vn -0.2536 -0.8596 -0.4436
vn -0.2537 -0.8597 -0.4435
vn -0.2535 -0.8596 -0.4437
vn 0.2574 0.8352 0.4859
vn 0.2574 0.8353 0.4859
vn 0.1073 0.9170 -0.3842
vn 0.5511 0.6792 -0.4846
vn 0.5511 0.6792 -0.4847
vn 0.5509 0.6792 -0.4849
vn 0.3512 0.7854 0.5097
vn 0.0554 0.9468 -0.3171
vn 0.4512 0.7323 -0.5101
vn 0.4512 0.7324 -0.5099
vn 0.4511 0.7323 -0.5101
vn 0.4512 0.7324 0.5099
vn 0.4512 0.7324 0.5100
vn 0.0186 0.9691 -0.2460
vn 0.0186 0.9691 -0.2459
vn 0.3512 0.7854 -0.5097
vn 0.5511 0.6791 0.4848
vn 0.5511 0.6792 0.4847
vn 0.5511 0.6792 0.4848
vn -0.0055 0.9847 -0.1741
vn 0.6442 0.6290 0.4350
vn 0.6444 0.6291 0.4347
vn 0.6444 0.6291 0.4346
vn -0.0195 0.9944 -0.1035
vn 0.7254 0.5852 0.3624
vn 0.7254 0.5853 0.3624
vn -0.0257 0.9991 -0.0343
vn -0.0258 0.9991 -0.0343
vn -0.0259 0.9991 -0.0342
vn 0.7896 0.5500 0.2721
vn 0.7895 0.5501 0.2721
vn -0.0258 0.9991 0.0343
vn -0.0260 0.9991 0.0343
vn -0.0262 0.9991 0.0342
vn 0.8339 0.5255 0.1688
vn 0.8338 0.5257 0.1685
vn 0.8338 0.5257 0.1684
vn -0.0195 0.9944 0.1035
vn 0.8564 0.5131 0.0570
vn 0.8564 0.5132 0.0571
vn 0.8566 0.5129 0.0568
vn -0.0055 0.9847 0.1741
vn 0.8564 0.5131 -0.0570
vn 0.8564 0.5132 -0.0571
vn 0.0186 0.9691 0.2460
vn 0.0186 0.9691 0.2459
vn 0.8338 0.5257 -0.1688
vn 0.8338 0.5257 -0.1685
vn 0.0554 0.9468 0.3171
vn 0.7897 0.5499 -0.2720
vn 0.7895 0.5501 -0.2721
vn 0.7898 0.5498 -0.2719
vn 0.1073 0.9170 0.3841
vn 0.1073 0.9170 0.3842
vn 0.2576 0.8353 -0.4857
vn 0.2574 0.8353 -0.4859
vn 0.7253 0.5853 -0.3626
vn 0.7254 0.5852 -0.3624
vn 0.1749 0.8796 0.4423
vn 0.1749 0.8796 -0.4423
vn 0.1749 0.8797 -0.4423
vn 0.8766 -0.1903 0.4419
vn 0.8766 -0.1903 0.4420
vn 0.8765 -0.1903 0.4422
vn 0.8767 -0.1902 0.4419
vn -0.6729 -0.7129 -0.1973
vn -0.6729 -0.7130 -0.1973
vn -0.6729 -0.7129 -0.1974
vn -0.6730 -0.7129 -0.1973
vn 0.0005 -0.9357 0.3528
vn -0.0000 -0.9358 0.3525
vn 0.0008 -0.9358 0.3526
vn -0.7021 -0.7018 -0.1210
vn -0.7020 -0.7018 -0.1209
vn -0.7022 -0.7016 -0.1209
vn -0.7021 -0.7017 -0.1208
vn 0.0671 -0.9545 0.2905
vn 0.0670 -0.9546 0.2904
vn 0.0672 -0.9545 0.2905
vn -0.7168 -0.6961 -0.0406
vn -0.7169 -0.6960 -0.0408
vn -0.7169 -0.6960 -0.0407
vn -0.7168 -0.6961 -0.0407
vn 0.1203 -0.9688 0.2165
vn -0.7169 -0.6960 0.0407
vn -0.7169 -0.6959 0.0409
vn -0.7169 -0.6960 0.0408
vn 0.1571 -0.9785 0.1337
vn 0.1571 -0.9785 0.1336
vn -0.7021 -0.7017 0.1207
vn -0.7021 -0.7017 0.1208
vn -0.7023 -0.7016 0.1207
vn -0.7022 -0.7017 0.1208
vn 0.1758 -0.9834 0.0451
vn 0.1757 -0.9834 0.0452
vn 0.1761 -0.9833 0.0449
vn 0.1759 -0.9834 0.0451
vn -0.6730 -0.7128 0.1973
vn -0.6730 -0.7129 0.1972
vn -0.6729 -0.7129 0.1973
vn 0.1758 -0.9834 -0.0449
vn 0.1757 -0.9834 -0.0449
vn 0.1761 -0.9833 -0.0451
vn 0.1759 -0.9834 -0.0451
vn -0.6293 -0.7295 0.2681
vn -0.6296 -0.7293 0.2678
vn -0.6293 -0.7296 0.2677
vn -0.6294 -0.7296 0.2675
vn 0.1571 -0.9785 -0.1335
vn 0.1570 -0.9785 -0.1336
vn 0.1570 -0.9785 -0.1337
vn 0.1571 -0.9785 -0.1338
vn -0.5735 -0.7501 0.3293
vn -0.5733 -0.7502 0.3294
vn -0.5734 -0.7502 0.3293
vn 0.1203 -0.9688 -0.2165
vn 0.1203 -0.9688 -0.2168
vn 0.1201 -0.9688 -0.2166
vn 0.1201 -0.9689 -0.2165
vn -0.5054 -0.7747 0.3801
vn -0.5053 -0.7747 0.3802
vn -0.5052 -0.7747 0.3802
vn -0.5053 -0.7748 0.3800
vn -0.3424 -0.8308 -0.4388
vn -0.3425 -0.8307 -0.4389
vn -0.3426 -0.8307 -0.4389
vn 0.0670 -0.9546 -0.2904
vn 0.0667 -0.9547 -0.2900
vn 0.0670 -0.9545 -0.2904
vn 0.0671 -0.9545 -0.2905
vn -0.4273 -0.8021 -0.4172
vn -0.4274 -0.8021 -0.4172
vn -0.4275 -0.8019 -0.4173
vn -0.0001 -0.9358 -0.3526
vn -0.0001 -0.9357 -0.3528
vn -0.0002 -0.9357 -0.3527
vn -0.0002 -0.9358 -0.3525
vn -0.5052 -0.7748 -0.3800
vn -0.5052 -0.7748 -0.3801
vn -0.5052 -0.7747 -0.3804
vn -0.0785 -0.9133 -0.3997
vn -0.5734 -0.7502 -0.3293
vn -0.5733 -0.7502 -0.3294
vn -0.1643 -0.8875 -0.4304
vn -0.1643 -0.8875 -0.4305
vn -0.1642 -0.8876 -0.4304
vn -0.6294 -0.7294 -0.2679
vn -0.6300 -0.7290 -0.2679
vn -0.6296 -0.7293 -0.2678
vn -0.6294 -0.7295 -0.2677
vn 0.7811 0.6224 -0.0499
vn 0.7812 0.6224 -0.0498
vn -0.9732 0.2115 0.0904
vn -0.9732 0.2112 0.0905
vn -0.9732 0.2113 0.0904
vn 0.9411 -0.2046 0.2693
vn 0.9411 -0.2045 0.2693
vn -0.9411 0.2044 0.2695
vn -0.9411 0.2044 0.2693
vn 0.9732 -0.2115 0.0904
vn 0.9732 -0.2115 0.0902
vn 0.9732 -0.2113 0.0906
vn -0.8765 0.1904 0.4422
vn -0.8766 0.1902 0.4420
vn 0.9732 -0.2115 -0.0904
vn 0.9732 -0.2113 -0.0904
vn 0.9732 -0.2113 -0.0905
vn -0.7793 0.1691 0.6034
vn -0.7794 0.1690 0.6033
vn -0.7794 0.1691 0.6033
vn -0.7793 0.1692 0.6034
vn 0.9411 -0.2046 -0.2694
vn 0.9411 -0.2044 -0.2694
vn -0.6497 0.1407 0.7470
vn -0.6498 0.1407 0.7470
vn -0.6496 0.1408 0.7471
vn 0.8766 -0.1902 -0.4419
vn 0.8766 -0.1902 -0.4420
vn 0.8765 -0.1904 -0.4422
vn 0.8767 -0.1902 -0.4419
vn -0.4900 0.1064 0.8652
vn -0.4901 0.1064 0.8651
vn -0.4899 0.1060 0.8653
vn -0.1037 0.0225 -0.9943
vn -0.1040 0.0225 -0.9943
vn -0.1038 0.0225 -0.9943
vn 0.7794 -0.1691 -0.6033
vn 0.7793 -0.1692 -0.6034
vn -0.3055 0.0664 0.9499
vn -0.3054 0.0663 0.9499
vn -0.3055 0.0664 -0.9499
vn -0.3054 0.0663 -0.9499
vn -0.3058 0.0666 -0.9498
vn 0.6497 -0.1410 -0.7470
vn 0.6497 -0.1406 -0.7471
vn 0.6497 -0.1411 -0.7470
vn -0.1036 0.0224 0.9944
vn -0.1033 0.0224 0.9944
vn -0.1037 0.0224 0.9944
vn -0.1040 0.0225 0.9943
vn -0.4900 0.1064 -0.8652
vn -0.4901 0.1064 -0.8651
vn -0.4902 0.1064 -0.8651
vn 0.4901 -0.1064 -0.8652
vn 0.4902 -0.1065 -0.8651
vn 0.4901 -0.1065 -0.8651
vn 0.1038 -0.0225 0.9943
vn 0.1039 -0.0225 0.9943
vn -0.6497 0.1407 -0.7470
vn -0.6497 0.1412 -0.7470
vn -0.6498 0.1408 -0.7470
vn 0.3059 -0.0663 -0.9497
vn 0.3056 -0.0663 -0.9498
vn 0.3059 -0.0663 0.9497
vn 0.3056 -0.0663 0.9498
vn -0.7793 0.1692 -0.6034
vn 0.1038 -0.0225 -0.9943
vn 0.1039 -0.0225 -0.9943
vn 0.4899 -0.1061 0.8653
vn 0.4902 -0.1065 0.8651
vn 0.4898 -0.1062 0.8653
vn -0.8765 0.1904 -0.4422
vn -0.8766 0.1903 -0.4420
vn -0.8765 0.1903 -0.4421
vn 0.6497 -0.1406 0.7471
vn -0.9410 0.2045 -0.2695
vn -0.9411 0.2044 -0.2695
vn -0.9410 0.2045 -0.2694
vn -0.9409 0.2050 -0.2696
vn 0.7793 -0.1692 0.6034
vn 0.7794 -0.1691 0.6033
vn -0.9733 0.2110 -0.0903
vn -0.9732 0.2112 -0.0905
vn -0.9732 0.2115 -0.0904
vn -0.9732 0.2115 -0.0902
vn -0.2966 -0.7854 -0.5434
vn -0.2966 -0.7854 -0.5433
vn -0.2965 -0.7853 -0.5434
vn 0.1223 0.9819 0.1448
vn 0.7599 0.6331 -0.1471
vn 0.7598 0.6332 -0.1471
vn 0.7599 0.6332 -0.1471
vn 0.1313 0.9707 0.2011
vn 0.1316 0.9707 0.2011
vn 0.1316 0.9707 0.2010
vn 0.7182 0.6544 -0.2365
vn 0.7182 0.6545 -0.2363
vn 0.7181 0.6545 -0.2363
vn 0.1546 0.9528 0.2612
vn 0.1546 0.9528 0.2613
vn 0.2527 0.8942 -0.3696
vn 0.6582 0.6850 -0.3123
vn 0.6582 0.6850 -0.3122
vn 0.1947 0.9273 0.3197
vn 0.1947 0.9273 -0.3196
vn 0.1947 0.9273 -0.3197
vn 0.5832 0.7231 -0.3701
vn 0.5833 0.7230 -0.3702
vn 0.2527 0.8942 0.3696
vn 0.2528 0.8941 0.3696
vn 0.1546 0.9528 -0.2611
vn 0.1546 0.9528 -0.2612
vn 0.4987 0.7657 -0.4061
vn 0.4986 0.7660 -0.4058
vn 0.3263 0.8546 0.4039
vn 0.3263 0.8546 0.4040
vn 0.1317 0.9707 -0.2011
vn 0.1316 0.9707 -0.2011
vn 0.1315 0.9707 -0.2011
vn 0.4106 0.8109 -0.4170
vn 0.4106 0.8109 0.4169
vn 0.4106 0.8109 0.4170
vn 0.1223 0.9819 -0.1448
vn 0.1223 0.9819 -0.1447
vn 0.3263 0.8546 -0.4039
vn 0.3264 0.8546 -0.4039
vn 0.4986 0.7660 0.4058
vn 0.4986 0.7660 0.4057
vn 0.1217 0.9880 -0.0955
vn 0.1215 0.9880 -0.0955
vn 0.5833 0.7230 0.3702
vn 0.1248 0.9907 -0.0536
vn 0.6582 0.6850 0.3123
vn 0.1275 0.9917 -0.0172
vn 0.1274 0.9917 -0.0171
vn 0.7182 0.6545 0.2364
vn 0.7182 0.6545 0.2363
vn 0.7180 0.6547 0.2363
vn 0.1275 0.9917 0.0172
vn 0.7599 0.6332 0.1471
vn 0.7598 0.6333 0.1474
vn 0.7598 0.6332 0.1471
vn 0.1248 0.9907 0.0537
vn 0.1248 0.9907 0.0536
vn 0.7812 0.6223 0.0496
vn 0.7812 0.6223 0.0499
vn 0.7811 0.6224 0.0499
vn 0.1217 0.9880 0.0955
vn -0.6708 0.0548 -0.7396
vn -0.6707 0.0548 -0.7397
vn 0.2473 -0.8939 -0.3739
vn 0.2473 -0.8939 -0.3738
vn -0.4034 -0.7590 -0.5111
vn -0.4034 -0.7589 -0.5111
vn -0.4035 -0.7589 -0.5111
vn -0.4035 -0.7590 -0.5110
vn 0.1555 -0.8787 -0.4514
vn 0.1554 -0.8787 -0.4514
vn 0.1556 -0.8787 -0.4514
vn -0.4995 -0.7338 -0.4606
vn -0.4993 -0.7338 -0.4607
vn -0.4996 -0.7337 -0.4606
vn -0.4997 -0.7337 -0.4605
vn 0.0499 -0.8595 -0.5087
vn -0.5812 -0.7112 -0.3954
vn -0.5811 -0.7112 -0.3955
vn -0.5813 -0.7112 -0.3955
vn -0.0643 -0.8369 -0.5436
vn -0.0646 -0.8370 -0.5434
vn -0.0644 -0.8369 -0.5436
vn -0.0647 -0.8369 -0.5435
vn -0.6477 -0.6920 -0.3187
vn -0.6477 -0.6921 -0.3187
vn -0.1820 -0.8118 -0.5548
vn 0.0500 -0.8595 0.5087
vn 0.0500 -0.8596 0.5086
vn 0.0498 -0.8595 0.5086
vn 0.0499 -0.8595 0.5087
vn -0.6977 -0.6773 -0.2333
vn -0.6979 -0.6771 -0.2334
vn -0.6976 -0.6774 -0.2333
vn -0.6978 -0.6772 -0.2334
vn 0.1555 -0.8787 0.4514
vn 0.1556 -0.8787 0.4514
vn 0.1554 -0.8787 0.4514
vn -0.7316 -0.6668 -0.1421
vn -0.7315 -0.6669 -0.1422
vn -0.7315 -0.6668 -0.1422
vn 0.2473 -0.8939 0.3737
vn 0.2473 -0.8939 0.3738
vn 0.2474 -0.8940 0.3737
vn 0.2474 -0.8940 0.3735
vn -0.7482 -0.6617 -0.0479
vn -0.7482 -0.6617 -0.0478
vn -0.7482 -0.6617 -0.0477
vn -0.7482 -0.6617 -0.0481
vn 0.3201 -0.9052 0.2795
vn 0.3202 -0.9052 0.2794
vn 0.3200 -0.9052 0.2796
vn -0.7482 -0.6617 0.0481
vn -0.7482 -0.6617 0.0482
vn -0.7481 -0.6618 0.0484
vn 0.3707 -0.9126 0.1726
vn 0.3706 -0.9126 0.1726
vn 0.3705 -0.9126 0.1726
vn -0.7315 -0.6669 0.1421
vn -0.7315 -0.6669 0.1422
vn -0.7314 -0.6669 0.1422
vn -0.7315 -0.6669 0.1420
vn 0.3964 -0.9162 0.0583
vn 0.3965 -0.9162 0.0582
vn 0.3963 -0.9163 0.0583
vn 0.3963 -0.9163 0.0584
vn -0.6979 -0.6771 0.2334
vn -0.6980 -0.6770 0.2334
vn -0.6977 -0.6773 0.2333
vn -0.6978 -0.6772 0.2334
vn 0.3964 -0.9162 -0.0585
vn 0.3964 -0.9162 -0.0584
vn -0.6477 -0.6920 0.3186
vn -0.6478 -0.6920 0.3185
vn -0.6477 -0.6921 0.3186
vn -0.6477 -0.6920 0.3187
vn 0.3707 -0.9126 -0.1726
vn 0.3705 -0.9126 -0.1726
vn 0.3708 -0.9125 -0.1725
vn -0.5813 -0.7112 0.3954
vn -0.5813 -0.7111 0.3954
vn 0.3201 -0.9052 -0.2795
vn 0.3202 -0.9052 -0.2795
vn -0.4994 -0.7337 0.4607
vn -0.4994 -0.7338 0.4607
vn 0.1463 0.9885 -0.0372
vn 0.3182 -0.0260 -0.9477
vn 0.3185 -0.0261 -0.9476
vn 0.3185 -0.0261 0.9476
vn -0.8010 0.0655 -0.5951
vn 0.1081 -0.0088 -0.9941
vn 0.5080 -0.0416 0.8603
vn 0.5080 -0.0416 0.8604
vn 0.5081 -0.0416 0.8603
vn -0.8979 0.0733 -0.4340
vn -0.8979 0.0733 -0.4341
vn -0.8978 0.0732 -0.4342
vn 0.6708 -0.0548 0.7396
vn 0.6709 -0.0548 0.7395
vn -0.9614 0.0786 -0.2637
vn -0.9614 0.0785 -0.2638
vn -0.9614 0.0785 -0.2637
vn 0.8013 -0.0654 0.5947
vn 0.8014 -0.0654 0.5946
vn -0.9928 0.0811 -0.0884
vn -0.9928 0.0810 -0.0884
vn 0.8979 -0.0733 0.4341
vn 0.8979 -0.0733 0.4340
vn -0.9928 0.0810 0.0884
vn -0.9928 0.0811 0.0885
vn -0.9928 0.0810 0.0883
vn -0.9928 0.0813 0.0884
vn 0.9614 -0.0785 0.2636
vn 0.9615 -0.0785 0.2635
vn 0.9615 -0.0786 0.2635
vn -0.9614 0.0784 0.2639
vn -0.9613 0.0786 0.2641
vn -0.9614 0.0781 0.2638
vn -0.9614 0.0784 0.2638
vn 0.9928 -0.0810 0.0883
vn 0.9928 -0.0810 0.0881
vn 0.9928 -0.0811 0.0884
vn -0.8980 0.0735 0.4338
vn -0.8979 0.0732 0.4341
vn -0.8979 0.0733 0.4341
vn 0.9927 -0.0813 -0.0887
vn 0.9928 -0.0810 -0.0881
vn 0.9927 -0.0813 -0.0886
vn -0.8010 0.0655 0.5951
vn 0.9614 -0.0785 -0.2637
vn 0.9613 -0.0784 -0.2640
vn 0.9614 -0.0785 -0.2636
vn -0.6709 0.0548 0.7395
vn -0.6709 0.0548 0.7396
vn -0.6708 0.0548 0.7396
vn 0.8979 -0.0733 -0.4341
vn -0.5087 0.0417 0.8599
vn -0.5084 0.0415 0.8601
vn -0.5086 0.0417 0.8600
vn -0.1081 0.0089 -0.9941
vn -0.1082 0.0089 -0.9941
vn 0.8012 -0.0654 -0.5948
vn 0.8013 -0.0654 -0.5947
vn -0.3179 0.0260 0.9478
vn -0.3180 0.0260 0.9477
vn -0.3185 0.0261 -0.9476
vn -0.3179 0.0260 -0.9478
vn -0.3182 0.0260 -0.9477
vn -0.3181 0.0260 -0.9477
vn 0.6708 -0.0548 -0.7396
vn 0.6709 -0.0548 -0.7395
vn -0.1081 0.0089 0.9941
vn -0.1082 0.0089 0.9941
vn -0.5087 0.0417 -0.8599
vn -0.5087 0.0416 -0.8599
vn -0.5086 0.0417 -0.8600
vn 0.5080 -0.0416 -0.8603
vn 0.5080 -0.0416 -0.8604
vn 0.5081 -0.0416 -0.8603
vn 0.1081 -0.0088 0.9941
vn -0.5674 -0.8183 0.0921
vn -0.5677 -0.8181 0.0920
vn -0.5675 -0.8182 0.0919
vn -0.5674 -0.8183 0.0919
vn 0.5104 0.8376 0.1949
vn 0.1464 0.9891 -0.0121
vn 0.1464 0.9892 -0.0121
vn 0.5509 0.8213 0.1482
vn 0.5509 0.8213 0.1483
vn 0.5509 0.8213 0.1484
vn 0.1464 0.9891 0.0121
vn 0.1464 0.9892 0.0121
vn 0.1465 0.9891 0.0120
vn 0.5794 0.8097 0.0928
vn 0.5793 0.8098 0.0927
vn 0.5796 0.8096 0.0928
vn 0.1463 0.9885 0.0372
vn 0.5940 0.8038 0.0315
vn 0.5941 0.8038 0.0314
vn 0.5940 0.8039 0.0315
vn 0.1472 0.9870 0.0649
vn 0.1473 0.9870 0.0649
vn 0.1473 0.9870 0.0650
vn 0.5941 0.8038 -0.0314
vn 0.5940 0.8038 -0.0315
vn 0.5940 0.8039 -0.0313
vn 0.1514 0.9838 0.0959
vn 0.5794 0.8097 -0.0929
vn 0.5793 0.8098 -0.0927
vn 0.5795 0.8096 -0.0928
vn 0.1613 0.9783 0.1300
vn 0.5509 0.8213 -0.1483
vn 0.5509 0.8213 -0.1484
vn 0.1795 0.9697 0.1655
vn 0.1795 0.9697 0.1656
vn 0.2461 0.9419 -0.2286
vn 0.2462 0.9419 -0.2285
vn 0.5104 0.8376 -0.1949
vn 0.5103 0.8376 -0.1949
vn 0.2077 0.9576 0.1996
vn 0.2077 0.9576 0.1997
vn 0.2074 0.9577 -0.1995
vn 0.2077 0.9576 -0.1996
vn 0.2076 0.9575 -0.2000
vn 0.4607 0.8573 -0.2298
vn 0.4607 0.8573 -0.2297
vn 0.4606 0.8573 -0.2298
vn 0.2460 0.9419 0.2287
vn 0.2462 0.9419 0.2285
vn 0.2461 0.9419 0.2286
vn 0.1795 0.9697 -0.1655
vn 0.1794 0.9697 -0.1657
vn 0.4052 0.8792 -0.2506
vn 0.4048 0.8793 -0.2508
vn 0.2941 0.9229 0.2486
vn 0.2939 0.9229 0.2486
vn 0.1613 0.9783 -0.1300
vn 0.3481 0.9016 -0.2567
vn 0.3482 0.9016 -0.2567
vn 0.3483 0.9016 -0.2566
vn 0.3481 0.9016 0.2567
vn 0.3482 0.9016 0.2567
vn 0.1514 0.9838 -0.0959
vn 0.1512 0.9838 -0.0960
vn 0.2939 0.9229 -0.2486
vn 0.2936 0.9230 -0.2486
vn 0.4052 0.8792 0.2508
vn 0.4052 0.8792 0.2506
vn 0.4052 0.8792 0.2507
vn 0.1472 0.9870 -0.0647
vn 0.1473 0.9870 -0.0649
vn 0.4607 0.8573 0.2297
vn 0.4607 0.8573 0.2298
vn -0.6786 0.0115 0.7344
vn -0.6784 0.0117 0.7346
vn -0.6787 0.0114 0.7343
vn -0.6787 0.0113 0.7343
vn 0.1536 -0.9874 0.0369
vn 0.1537 -0.9874 0.0369
vn -0.5446 -0.8251 0.1503
vn -0.5447 -0.8250 0.1505
vn -0.5447 -0.8251 0.1504
vn -0.5445 -0.8252 0.1503
vn 0.1536 -0.9874 -0.0372
vn 0.1537 -0.9874 -0.0367
vn 0.1537 -0.9874 -0.0369
vn -0.5109 -0.8349 0.2048
vn -0.5111 -0.8348 0.2047
vn -0.5107 -0.8349 0.2050
vn -0.5109 -0.8350 0.2046
vn 0.1371 -0.9845 -0.1091
vn 0.1370 -0.9845 -0.1091
vn -0.4670 -0.8473 0.2530
vn -0.4671 -0.8472 0.2530
vn 0.1049 -0.9787 -0.1762
vn 0.1048 -0.9787 -0.1764
vn 0.1049 -0.9787 -0.1763
vn 0.1051 -0.9787 -0.1762
vn -0.4136 -0.8619 0.2934
vn -0.4133 -0.8621 0.2932
vn -0.4134 -0.8621 0.2931
vn -0.4138 -0.8618 0.2935
vn -0.2838 -0.8956 -0.3427
vn -0.2837 -0.8955 -0.3430
vn -0.2837 -0.8955 -0.3429
vn 0.0585 -0.9702 -0.2353
vn 0.0584 -0.9702 -0.2354
vn -0.3519 -0.8783 -0.3238
vn -0.3519 -0.8782 -0.3239
vn -0.3519 -0.8783 -0.3236
vn 0.0008 -0.9590 -0.2833
vn 0.0004 -0.9589 -0.2838
vn 0.0007 -0.9590 -0.2835
vn 0.0005 -0.9590 -0.2832
vn -0.4134 -0.8621 -0.2931
vn -0.4134 -0.8621 -0.2932
vn -0.4133 -0.8621 -0.2931
vn -0.0659 -0.9453 -0.3195
vn -0.0659 -0.9453 -0.3194
vn -0.4672 -0.8472 -0.2530
vn -0.4673 -0.8471 -0.2530
vn -0.4670 -0.8473 -0.2531
vn -0.4671 -0.8472 -0.2530
vn -0.1378 -0.9298 -0.3413
vn -0.1379 -0.9298 -0.3412
vn -0.1377 -0.9298 -0.3414
vn -0.5114 -0.8346 -0.2049
vn -0.5115 -0.8344 -0.2050
vn -0.5113 -0.8346 -0.2049
vn -0.5110 -0.8348 -0.2048
vn -0.2113 -0.9130 -0.3491
vn -0.2114 -0.9130 -0.3490
vn -0.2113 -0.9129 -0.3491
vn -0.2112 -0.9129 -0.3492
vn -0.5447 -0.8250 -0.1505
vn -0.5447 -0.8250 -0.1506
vn -0.5447 -0.8251 -0.1503
vn 0.0004 -0.9589 0.2838
vn 0.0006 -0.9589 0.2836
vn 0.0005 -0.9589 0.2837
vn 0.0006 -0.9589 0.2837
vn -0.5673 -0.8184 -0.0917
vn -0.5673 -0.8184 -0.0920
vn -0.5673 -0.8183 -0.0918
vn -0.5675 -0.8182 -0.0917
vn 0.0584 -0.9702 0.2354
vn 0.0585 -0.9702 0.2353
vn 0.0584 -0.9701 0.2354
vn -0.5788 -0.8149 -0.0309
vn 0.1049 -0.9788 0.1760
vn 0.1048 -0.9787 0.1763
vn 0.1049 -0.9788 0.1761
vn 0.1050 -0.9788 0.1758
vn -0.5788 -0.8149 0.0309
vn -0.5788 -0.8149 0.0310
vn 0.1370 -0.9845 0.1091
vn 0.1370 -0.9846 0.1091
vn 0.1371 -0.9845 0.1091
vn 0.1508 0.8584 0.4904
vn 0.9033 -0.0156 -0.4287
vn 0.9032 -0.0155 -0.4289
vn 0.9032 -0.0154 -0.4289
vn 0.9033 -0.0155 -0.4288
vn -0.5156 0.0088 0.8568
vn -0.5155 0.0088 0.8568
vn -0.5157 0.0088 0.8568
vn -0.5156 0.0093 0.8568
vn -0.1101 0.0019 -0.9939
vn -0.1102 0.0019 -0.9939
vn 0.8080 -0.0140 -0.5890
vn 0.8080 -0.0143 -0.5890
vn 0.8080 -0.0139 -0.5890
vn -0.3232 0.0055 0.9463
vn -0.3232 0.0055 -0.9463
vn -0.3234 0.0055 -0.9462
vn 0.6785 -0.0116 -0.7345
vn 0.6784 -0.0115 -0.7346
vn 0.6786 -0.0116 -0.7344
vn -0.1101 0.0019 0.9939
vn -0.1102 0.0019 0.9939
vn -0.1099 0.0019 0.9939
vn -0.5157 0.0088 -0.8567
vn -0.5155 0.0088 -0.8568
vn -0.5156 0.0087 -0.8568
vn -0.5156 0.0084 -0.8568
vn 0.5157 -0.0088 -0.8567
vn 0.5156 -0.0087 -0.8568
vn 0.5155 -0.0088 -0.8569
vn 0.1100 -0.0019 0.9939
vn 0.1102 -0.0019 0.9939
vn -0.6783 0.0118 -0.7347
vn -0.6783 0.0114 -0.7347
vn -0.6783 0.0117 -0.7347
vn -0.6786 0.0122 -0.7344
vn 0.3233 -0.0056 -0.9463
vn 0.3232 -0.0055 -0.9463
vn 0.3235 -0.0057 -0.9462
vn 0.3232 -0.0055 0.9463
vn -0.8080 0.0139 -0.5890
vn -0.8081 0.0139 -0.5889
vn 0.1100 -0.0019 -0.9939
vn 0.1102 -0.0019 -0.9939
vn 0.1101 -0.0019 -0.9939
vn 0.1095 -0.0020 -0.9940
vn 0.5157 -0.0088 0.8567
vn 0.5156 -0.0093 0.8568
vn 0.5160 -0.0090 0.8565
vn 0.5157 -0.0088 0.8568
vn -0.9033 0.0157 -0.4287
vn -0.9033 0.0155 -0.4288
vn -0.9033 0.0156 -0.4287
vn -0.9033 0.0155 -0.4287
vn 0.6786 -0.0116 0.7344
vn -0.9655 0.0160 -0.2599
vn -0.9654 0.0166 -0.2601
vn -0.9654 0.0165 -0.2601
vn -0.9655 0.0163 -0.2600
vn 0.8080 -0.0139 0.5890
vn 0.8080 -0.0141 0.5890
vn -0.9960 0.0172 -0.0872
vn -0.9961 0.0171 -0.0871
vn -0.9960 0.0173 -0.0872
vn -0.9960 0.0169 -0.0874
vn 0.9033 -0.0157 0.4287
vn 0.9033 -0.0155 0.4287
vn 0.9033 -0.0156 0.4287
vn 0.9033 -0.0154 0.4287
vn -0.9960 0.0172 0.0872
vn -0.9960 0.0169 0.0874
vn -0.9960 0.0173 0.0872
vn -0.9961 0.0173 0.0869
vn 0.9654 -0.0165 0.2601
vn -0.9654 0.0165 0.2601
vn -0.9655 0.0163 0.2600
vn 0.9960 -0.0172 0.0873
vn 0.9960 -0.0169 0.0873
vn 0.9960 -0.0173 0.0872
vn 0.9961 -0.0172 0.0871
vn -0.9033 0.0153 0.4288
vn -0.9032 0.0153 0.4289
vn -0.9033 0.0154 0.4288
vn 0.9960 -0.0173 -0.0872
vn 0.9960 -0.0171 -0.0871
vn 0.9960 -0.0172 -0.0873
vn 0.9961 -0.0171 -0.0871
vn -0.8080 0.0140 0.5890
vn -0.8081 0.0139 0.5889
vn -0.8080 0.0140 0.5891
vn -0.8080 0.0141 0.5891
vn 0.9654 -0.0165 -0.2601
vn 0.9654 -0.0166 -0.2601
vn -0.0147 -0.9569 0.2901
vn -0.0145 -0.9569 0.2902
vn 0.0284 0.9448 -0.3263
vn 0.4845 0.7019 -0.5220
vn 0.4846 0.7019 -0.5221
vn 0.4846 0.7018 -0.5221
vn 0.2529 0.8055 0.5360
vn 0.2528 0.8054 0.5361
vn 0.2528 0.8054 0.5362
vn 0.0143 0.9720 -0.2347
vn 0.3681 0.7520 -0.5468
vn 0.3682 0.7520 -0.5468
vn 0.3680 0.7521 -0.5467
vn 0.3682 0.7520 0.5468
vn 0.3683 0.7518 0.5470
vn 0.0238 0.9878 -0.1540
vn 0.2529 0.8055 -0.5360
vn 0.2528 0.8054 -0.5361
vn 0.2528 0.8054 -0.5362
vn 0.4846 0.7019 0.5221
vn 0.0453 0.9948 -0.0909
vn 0.5914 0.6581 0.4661
vn 0.5913 0.6581 0.4661
vn 0.0671 0.9967 -0.0459
vn 0.6814 0.6222 0.3854
vn 0.6814 0.6222 0.3853
vn 0.0803 0.9967 -0.0138
vn 0.7508 0.5951 0.2866
vn 0.7507 0.5952 0.2866
vn 0.0803 0.9967 0.0138
vn 0.0801 0.9967 0.0138
vn 0.7973 0.5772 0.1763
vn 0.7973 0.5773 0.1763
vn 0.0671 0.9967 0.0459
vn 0.8207 0.5683 0.0595
vn 0.8206 0.5683 0.0595
vn 0.0453 0.9948 0.0909
vn 0.8206 0.5683 -0.0594
vn 0.8206 0.5684 -0.0595
vn 0.8207 0.5683 -0.0593
vn 0.8206 0.5683 -0.0595
vn 0.0238 0.9878 0.1540
vn 0.7972 0.5773 -0.1766
vn 0.7973 0.5773 -0.1763
vn 0.0143 0.9720 0.2347
vn 0.7507 0.5952 -0.2866
vn 0.7507 0.5952 -0.2867
vn 0.0284 0.9448 0.3263
vn 0.1508 0.8584 -0.4904
vn 0.6815 0.6222 -0.3853
vn 0.6814 0.6222 -0.3853
vn 0.6814 0.6223 -0.3854
vn 0.0738 0.9062 0.4164
vn 0.0738 0.9062 -0.4164
vn 0.5913 0.6581 -0.4661
vn 0.5914 0.6581 -0.4661
vn 0.9013 0.1392 0.4102
vn 0.9013 0.1393 0.4101
vn 0.9013 0.1392 0.4103
vn 0.9012 0.1390 0.4105
vn -0.4558 -0.8803 -0.1318
vn -0.4556 -0.8804 -0.1316
vn -0.4557 -0.8804 -0.1316
vn 0.0492 -0.9646 0.2589
vn 0.0492 -0.9647 0.2589
vn 0.0491 -0.9646 0.2591
vn -0.4757 -0.8759 -0.0804
vn -0.4757 -0.8759 -0.0806
vn -0.4762 -0.8757 -0.0804
vn -0.4760 -0.8757 -0.0803
vn 0.1053 -0.9708 0.2157
vn 0.1052 -0.9708 0.2157
vn -0.4858 -0.8737 -0.0270
vn -0.4859 -0.8736 -0.0270
vn 0.1505 -0.9752 0.1622
vn 0.1504 -0.9752 0.1622
vn -0.4860 -0.8736 0.0268
vn -0.4859 -0.8736 0.0270
vn -0.4859 -0.8736 0.0268
vn -0.4859 -0.8736 0.0265
vn 0.1824 -0.9781 0.1006
vn 0.1825 -0.9780 0.1006
vn 0.1823 -0.9781 0.1006
vn -0.4758 -0.8759 0.0802
vn -0.4757 -0.8759 0.0803
vn -0.4758 -0.8759 0.0801
vn 0.1985 -0.9795 0.0341
vn -0.4559 -0.8802 0.1317
vn -0.4557 -0.8804 0.1313
vn -0.4557 -0.8803 0.1316
vn -0.4556 -0.8804 0.1316
vn 0.1984 -0.9795 -0.0340
vn 0.1984 -0.9795 -0.0339
vn 0.1985 -0.9795 -0.0341
vn -0.4257 -0.8869 0.1796
vn -0.4255 -0.8869 0.1798
vn -0.4256 -0.8869 0.1796
vn -0.4257 -0.8869 0.1795
vn 0.1824 -0.9781 -0.1006
vn 0.1823 -0.9781 -0.1005
vn 0.1825 -0.9780 -0.1007
vn 0.1505 -0.9752 -0.1623
vn 0.1504 -0.9752 -0.1622
vn 0.1506 -0.9752 -0.1623
vn -0.2191 -0.9264 -0.3061
vn 0.1053 -0.9708 -0.2156
vn 0.1053 -0.9708 -0.2157
vn -0.2818 -0.9154 -0.2875
vn 0.0493 -0.9646 -0.2589
vn 0.0492 -0.9646 -0.2591
vn 0.0492 -0.9646 -0.2590
vn 0.0492 -0.9647 -0.2589
vn -0.3381 -0.9047 -0.2592
vn -0.3380 -0.9048 -0.2591
vn -0.0147 -0.9569 -0.2901
vn -0.0146 -0.9569 -0.2901
vn -0.3864 -0.8951 -0.2223
vn -0.3862 -0.8953 -0.2221
vn -0.3863 -0.8952 -0.2223
vn -0.3865 -0.8951 -0.2225
vn -0.0827 -0.9477 -0.3081
vn -0.0827 -0.9477 -0.3082
vn -0.0827 -0.9478 -0.3081
vn -0.4257 -0.8869 -0.1796
vn -0.4257 -0.8869 -0.1795
vn -0.4257 -0.8869 -0.1794
vn -0.1519 -0.9374 -0.3134
vn -0.1519 -0.9374 -0.3135
vn 0.6966 0.7158 -0.0487
vn 0.6968 0.7156 -0.0489
vn 0.6968 0.7157 -0.0487
vn 0.6966 0.7158 -0.0488
vn -0.9849 -0.1520 0.0825
vn -0.9849 -0.1520 0.0824
vn 0.9576 0.1479 0.2471
vn 0.9576 0.1478 0.2473
vn -0.9575 -0.1478 0.2478
vn -0.9574 -0.1479 0.2479
vn -0.9575 -0.1477 0.2476
vn 0.9849 0.1519 0.0827
vn 0.9849 0.1519 0.0826
vn -0.9012 -0.1391 0.4104
vn -0.9012 -0.1390 0.4105
vn 0.9849 0.1519 -0.0828
vn 0.9849 0.1519 -0.0827
vn -0.8129 -0.1256 0.5687
vn -0.8129 -0.1255 0.5688
vn -0.8130 -0.1257 0.5686
vn 0.9576 0.1478 -0.2472
vn 0.9576 0.1478 -0.2473
vn 0.9576 0.1477 -0.2474
vn -0.6898 -0.1064 0.7162
vn -0.6897 -0.1064 0.7162
vn -0.6898 -0.1064 0.7161
vn 0.9012 0.1391 -0.4104
vn 0.9012 0.1390 -0.4105
vn 0.9011 0.1386 -0.4109
vn -0.5296 -0.0817 0.8443
vn -0.5295 -0.0817 0.8444
vn -0.5295 -0.0817 0.8443
vn -0.1148 -0.0177 -0.9932
vn -0.1149 -0.0177 -0.9932
vn -0.1146 -0.0177 -0.9933
vn 0.8130 0.1254 -0.5686
vn 0.8130 0.1252 -0.5686
vn 0.8130 0.1253 -0.5686
vn 0.8131 0.1254 -0.5685
vn -0.3353 -0.0518 0.9407
vn -0.3352 -0.0517 0.9407
vn -0.3353 -0.0518 -0.9407
vn -0.3352 -0.0518 -0.9407
vn 0.6899 0.1066 -0.7160
vn 0.6897 0.1064 -0.7162
vn 0.6898 0.1066 -0.7161
vn -0.1146 -0.0177 0.9933
vn -0.1147 -0.0177 0.9932
vn -0.1149 -0.0177 0.9932
vn -0.5295 -0.0817 -0.8444
vn -0.5296 -0.0818 -0.8443
vn -0.5296 -0.0817 -0.8443
vn 0.5295 0.0817 -0.8444
vn 0.5296 0.0817 -0.8443
vn 0.5294 0.0817 -0.8444
vn 0.1148 0.0177 0.9932
vn 0.1147 0.0177 0.9932
vn -0.6897 -0.1064 -0.7162
vn -0.6898 -0.1064 -0.7161
vn 0.3350 0.0517 -0.9408
vn 0.3353 0.0518 -0.9407
vn 0.3353 0.0518 0.9407
vn 0.3350 0.0517 0.9408
vn -0.8129 -0.1256 -0.5687
vn -0.8128 -0.1257 -0.5688
vn -0.8130 -0.1255 -0.5686
vn 0.1148 0.0177 -0.9932
vn 0.5295 0.0817 0.8443
vn 0.5295 0.0817 0.8444
vn 0.5296 0.0817 0.8443
vn -0.9012 -0.1391 -0.4104
vn -0.9012 -0.1390 -0.4105
vn -0.9013 -0.1393 -0.4101
vn 0.6896 0.1063 0.7164
vn 0.6894 0.1062 0.7165
vn 0.6896 0.1063 0.7163
vn -0.9574 -0.1479 -0.2479
vn -0.9573 -0.1480 -0.2482
vn 0.8133 0.1251 0.5682
vn 0.8130 0.1251 0.5686
vn 0.8133 0.1250 0.5683
vn 0.8130 0.1254 0.5685
vn -0.9849 -0.1520 -0.0824
vn -0.9849 -0.1520 -0.0825
vn 0.0237 -0.8766 0.4807
vn 0.0235 -0.8766 0.4807
vn 0.0239 -0.8765 0.4807
vn -0.1211 0.9692 0.2145
vn 0.6774 0.7212 -0.1449
vn 0.6772 0.7213 -0.1450
vn 0.6773 0.7213 -0.1450
vn -0.0927 0.9540 0.2851
vn 0.6383 0.7326 -0.2362
vn 0.6384 0.7325 -0.2363
vn 0.6384 0.7325 -0.2365
vn -0.0451 0.9342 0.3539
vn 0.1100 0.8829 -0.4565
vn 0.5806 0.7491 -0.3191
vn 0.5806 0.7490 -0.3191
vn 0.5807 0.7490 -0.3190
vn 0.0232 0.9102 0.4135
vn 0.0232 0.9102 -0.4135
vn 0.5052 0.7703 -0.3891
vn 0.1100 0.8829 0.4565
vn -0.0451 0.9342 -0.3539
vn 0.4147 0.7957 -0.4414
vn 0.2096 0.8536 0.4769
vn -0.0927 0.9540 -0.2851
vn 0.3139 0.8240 -0.4717
vn 0.3139 0.8240 0.4716
vn 0.3139 0.8240 0.4717
vn -0.1211 0.9692 -0.2145
vn 0.2096 0.8536 -0.4769
vn 0.4147 0.7957 0.4414
vn -0.1351 0.9799 -0.1471
vn -0.1351 0.9798 -0.1471
vn 0.5052 0.7703 0.3890
vn 0.5052 0.7703 0.3891
vn -0.1401 0.9865 -0.0852
vn 0.5806 0.7491 0.3190
vn 0.5806 0.7490 0.3191
vn 0.5805 0.7490 0.3195
vn -0.1413 0.9896 -0.0278
vn 0.6387 0.7323 0.2362
vn 0.6384 0.7325 0.2363
vn 0.6384 0.7326 0.2363
vn -0.1413 0.9896 0.0278
vn -0.1412 0.9896 0.0278
vn 0.6773 0.7213 0.1450
vn 0.6772 0.7213 0.1450
vn 0.6773 0.7213 0.1449
vn 0.6772 0.7214 0.1450
vn -0.1401 0.9865 0.0852
vn 0.6970 0.7155 0.0487
vn 0.6968 0.7156 0.0485
vn 0.6970 0.7154 0.0487
vn 0.6969 0.7155 0.0489
vn -0.1351 0.9798 0.1471
vn -0.1351 0.9799 0.1471
vn 0.7986 -0.1308 0.5876
vn 0.7986 -0.1308 0.5875
vn -0.5623 -0.7654 -0.3132
vn -0.5623 -0.7653 -0.3132
vn -0.5622 -0.7654 -0.3133
vn -0.0845 -0.8612 -0.5011
vn -0.0845 -0.8612 -0.5012
vn -0.0845 -0.8613 -0.5011
vn 0.1244 -0.8889 0.4409
vn 0.1243 -0.8890 0.4408
vn -0.6185 -0.7510 -0.2312
vn -0.6184 -0.7510 -0.2312
vn 0.2139 -0.8982 0.3841
vn 0.2138 -0.8982 0.3841
vn 0.2138 -0.8982 0.3840
vn 0.2139 -0.8982 0.3840
vn -0.6565 -0.7409 -0.1417
vn 0.2888 -0.9048 0.3131
vn 0.2887 -0.9048 0.3131
vn 0.2887 -0.9047 0.3132
vn -0.6757 -0.7357 -0.0472
vn -0.6754 -0.7359 -0.0474
vn -0.6757 -0.7356 -0.0473
vn -0.6758 -0.7356 -0.0476
vn 0.3467 -0.9091 0.2310
vn 0.3467 -0.9090 0.2312
vn 0.3470 -0.9090 0.2309
vn 0.3468 -0.9090 0.2312
vn -0.6759 -0.7355 0.0473
vn -0.6759 -0.7355 0.0476
vn -0.6757 -0.7356 0.0476
vn -0.6757 -0.7356 0.0477
vn 0.3858 -0.9116 0.1417
vn 0.3859 -0.9116 0.1417
vn 0.3860 -0.9116 0.1414
vn -0.6565 -0.7409 0.1418
vn -0.6565 -0.7409 0.1417
vn 0.4059 -0.9127 0.0477
vn 0.4057 -0.9128 0.0477
vn 0.4058 -0.9127 0.0477
vn -0.6185 -0.7510 0.2312
vn 0.4055 -0.9129 -0.0477
vn 0.4058 -0.9127 -0.0477
vn 0.4060 -0.9127 -0.0474
vn -0.5623 -0.7653 0.3132
vn -0.5623 -0.7653 0.3131
vn -0.5623 -0.7654 0.3131
vn 0.3860 -0.9115 -0.1418
vn 0.3859 -0.9116 -0.1417
vn -0.4892 -0.7831 0.3841
vn -0.4892 -0.7830 0.3841
vn -0.4892 -0.7831 0.3840
vn 0.3468 -0.9091 -0.2308
vn 0.3467 -0.9091 -0.2310
vn 0.3469 -0.9090 -0.2311
vn 0.3468 -0.9090 -0.2313
vn -0.4014 -0.8028 0.4409
vn -0.1945 -0.8432 -0.5012
vn -0.1946 -0.8432 -0.5012
vn 0.2887 -0.9048 -0.3131
vn 0.2888 -0.9048 -0.3130
vn 0.2888 -0.9048 -0.3131
vn -0.3017 -0.8232 -0.4809
vn -0.3016 -0.8232 -0.4809
vn -0.3018 -0.8232 -0.4808
vn 0.2138 -0.8983 -0.3839
vn 0.2139 -0.8982 -0.3840
vn -0.4014 -0.8028 -0.4409
vn 0.1244 -0.8889 -0.4409
vn 0.1246 -0.8889 -0.4409
vn -0.4893 -0.7830 -0.3841
vn -0.4892 -0.7830 -0.3841
vn -0.4892 -0.7831 -0.3840
vn -0.4891 -0.7832 -0.3840
vn 0.0237 -0.8766 -0.4807
vn 0.0239 -0.8765 -0.4807
vn 0.0238 -0.8765 -0.4807
vn 0.0235 -0.8766 -0.4807
vn 0.9517 0.2964 0.0799
vn 0.9517 0.2964 0.0798
vn -0.9831 0.1611 -0.0869
vn -0.9831 0.1610 -0.0870
vn -0.9831 0.1612 -0.0869
vn -0.9831 0.1613 -0.0868
vn 0.8921 -0.1461 0.4275
vn 0.8923 -0.1464 0.4271
vn -0.9831 0.1611 0.0869
vn -0.9831 0.1610 0.0868
vn -0.9831 0.1609 0.0869
vn -0.9831 0.1610 0.0870
vn 0.9532 -0.1561 0.2590
vn 0.9531 -0.1561 0.2591
vn -0.9532 0.1559 0.2591
vn -0.9531 0.1560 0.2592
vn -0.9532 0.1560 0.2592
vn -0.9531 0.1561 0.2591
vn 0.9831 -0.1609 0.0867
vn 0.9831 -0.1610 0.0868
vn 0.9831 -0.1611 0.0869
vn -0.8922 0.1461 0.4274
vn -0.8921 0.1461 0.4275
vn -0.8922 0.1460 0.4275
vn -0.8922 0.1461 0.4273
vn 0.9831 -0.1611 -0.0869
vn 0.9831 -0.1610 -0.0870
vn 0.9831 -0.1612 -0.0869
vn 0.9831 -0.1610 -0.0868
vn -0.7987 0.1309 0.5874
vn -0.7986 0.1310 0.5874
vn -0.7987 0.1309 0.5873
vn -0.7987 0.1308 0.5873
vn 0.9532 -0.1561 -0.2589
vn 0.9532 -0.1561 -0.2590
vn 0.9532 -0.1562 -0.2589
vn 0.9531 -0.1561 -0.2591
vn -0.6712 0.1099 0.7331
vn -0.6710 0.1101 0.7332
vn 0.8922 -0.1463 -0.4273
vn 0.8923 -0.1464 -0.4271
vn 0.8921 -0.1461 -0.4275
vn -0.5104 0.0837 0.8558
vn -0.5104 0.0835 0.8559
vn -0.5104 0.0836 0.8559
vn -0.5104 0.0837 0.8559
vn -0.1092 0.0179 -0.9939
vn -0.1093 0.0179 -0.9938
vn 0.7986 -0.1308 -0.5875
vn 0.7986 -0.1307 -0.5875
vn 0.7986 -0.1306 -0.5875
vn -0.3200 0.0521 0.9460
vn -0.3200 0.0519 0.9460
vn -0.3202 0.0522 0.9459
vn -0.3200 0.0523 0.9460
vn -0.3201 0.0527 -0.9459
vn -0.3202 0.0524 -0.9459
vn -0.3202 0.0523 -0.9459
vn -0.3201 0.0524 -0.9459
vn 0.6712 -0.1099 -0.7330
vn -0.1092 0.0179 0.9939
vn -0.1089 0.0179 0.9939
vn -0.1093 0.0179 0.9938
vn -0.5103 0.0835 -0.8560
vn -0.5102 0.0834 -0.8560
vn -0.5103 0.0836 -0.8559
vn 0.5105 -0.0836 -0.8558
vn 0.5102 -0.0836 -0.8560
vn 0.5103 -0.0836 -0.8559
vn 0.5106 -0.0836 -0.8557
vn 0.1093 -0.0179 0.9938
vn 0.1089 -0.0179 0.9939
vn 0.1092 -0.0179 0.9939
vn -0.6713 0.1098 -0.7330
vn -0.6712 0.1099 -0.7331
vn -0.6712 0.1099 -0.7330
vn -0.6713 0.1099 -0.7330
vn 0.3204 -0.0526 -0.9458
vn 0.3201 -0.0524 -0.9459
vn 0.3204 -0.0526 0.9458
vn 0.3200 -0.0523 0.9460
vn 0.3201 -0.0524 0.9459
vn -0.7987 0.1309 -0.5873
vn -0.7986 0.1310 -0.5874
vn -0.7987 0.1309 -0.5874
vn -0.7987 0.1308 -0.5873
vn 0.1092 -0.0179 -0.9939
vn 0.1093 -0.0179 -0.9938
vn 0.5103 -0.0836 0.8559
vn 0.5102 -0.0836 0.8560
vn -0.8922 0.1460 -0.4275
vn -0.8921 0.1461 -0.4275
vn -0.8922 0.1461 -0.4274
vn -0.8922 0.1461 -0.4273
vn 0.6712 -0.1099 0.7331
vn 0.6712 -0.1099 0.7330
vn -0.9531 0.1560 -0.2592
vn -0.9532 0.1561 -0.2590
vn -0.9532 0.1560 -0.2592
vn 0.9518 0.2964 -0.0794
vn 0.9517 0.2964 -0.0798
vn 0.9205 0.3104 -0.2373
vn 0.9205 0.3104 -0.2372
vn 0.8575 0.3388 -0.3872
vn 0.8575 0.3388 -0.3871
vn 0.8575 0.3390 -0.3870
vn 0.0129 0.8079 -0.5892
vn 0.7621 0.3825 -0.5224
vn -0.0625 0.8982 -0.4351
vn 0.6349 0.4423 -0.6334
vn 0.6350 0.4423 -0.6334
vn 0.0129 0.8079 0.5892
vn -0.0627 0.9641 -0.2579
vn 0.4810 0.5180 -0.7073
vn 0.1467 0.7071 0.6917
vn 0.3116 0.6078 -0.7304
vn 0.3116 0.6078 0.7304
vn 0.1467 0.7071 -0.6917
vn 0.4810 0.5180 0.7073
vn 0.6350 0.4423 0.6334
vn 0.7621 0.3825 0.5224
vn 0.8575 0.3389 0.3870
vn 0.8575 0.3388 0.3871
vn 0.9205 0.3104 0.2373
vn 0.9205 0.3104 0.2372
vt 0.000000 0.000000
s 1
usemtl Goddard_None
f 682/126/757 684/126/758 686/126/759
f 678/126/760 682/126/757 686/126/759
f 686/126/759 687/126/761 688/126/762
f 688/126/762 689/126/763 690/126/761
f 686/126/759 688/126/762 690/126/761
f 690/126/761 691/126/762 692/126/761
f 692/126/761 693/126/761 694/126/764
f 690/126/761 692/126/761 694/126/764
f 686/126/759 690/126/761 694/126/764
f 694/126/764 695/126/761 696/126/765
f 696/126/765 697/126/761 698/126/761
f 694/126/764 696/126/765 698/126/761
f 698/126/761 699/126/766 700/126/767
f 698/126/761 700/126/767 702/126/761
f 694/126/764 698/126/761 702/126/761
f 686/126/759 694/126/764 702/126/761
f 678/126/760 686/126/759 702/126/761
f 710/126/768 711/126/769 712/126/770
f 712/126/770 713/126/771 710/126/768
f 696/126/772 714/126/773 715/126/772
f 715/126/772 697/126/774 696/126/772
f 716/126/775 678/126/776 707/126/775
f 707/126/775 717/126/777 716/126/775
f 682/126/778 718/126/779 719/126/779
f 719/126/779 683/126/779 682/126/778
f 695/126/780 720/126/781 714/126/782
f 714/126/782 696/126/781 695/126/780
f 717/126/783 707/126/784 709/126/783
f 709/126/783 721/126/784 717/126/783
f 681/126/785 722/126/786 718/126/787
f 718/126/787 682/126/788 681/126/785
f 694/126/789 723/126/790 720/126/789
f 720/126/789 695/126/791 694/126/789
f 721/126/792 709/126/793 708/126/794
f 708/126/794 724/126/793 721/126/792
f 680/126/795 725/126/795 722/126/796
f 722/126/796 681/126/797 680/126/795
f 693/126/798 726/126/798 723/126/798
f 723/126/798 694/126/798 693/126/798
f 708/126/799 706/126/799 727/126/799
f 727/126/799 724/126/799 708/126/799
f 679/126/800 728/126/800 725/126/800
f 725/126/800 680/126/801 679/126/800
f 692/126/802 729/126/802 726/126/803
f 726/126/803 693/126/804 692/126/802
f 705/126/805 730/126/805 727/126/805
f 727/126/805 706/126/805 705/126/805
f 679/126/806 678/126/806 716/126/806
f 716/126/806 728/126/806 679/126/806
f 691/126/807 731/126/808 729/126/807
f 729/126/807 692/126/809 691/126/807
f 732/126/810 730/126/811 705/126/812
f 705/126/812 704/126/813 732/126/810
f 690/126/814 733/126/814 731/126/814
f 731/126/814 691/126/814 690/126/814
f 703/126/815 734/126/815 732/126/815
f 732/126/815 704/126/815 703/126/815
f 689/126/816 735/126/817 733/126/816
f 733/126/816 690/126/816 689/126/816
f 713/126/818 734/126/819 703/126/820
f 703/126/820 702/126/818 713/126/818
f 688/126/821 736/126/822 735/126/823
f 735/126/823 689/126/823 688/126/821
f 713/126/824 702/126/825 701/126/824
f 701/126/824 710/126/824 713/126/824
f 687/126/826 737/126/827 736/126/828
f 736/126/828 688/126/829 687/126/826
f 701/126/830 700/126/830 738/126/830
f 738/126/830 710/126/830 701/126/830
f 686/126/831 739/126/832 737/126/833
f 737/126/833 687/126/831 686/126/831
f 699/126/834 740/126/835 738/126/836
f 738/126/836 700/126/837 699/126/834
f 685/126/838 741/126/839 739/126/840
f 739/126/840 686/126/841 685/126/838
f 698/126/842 742/126/842 740/126/842
f 740/126/842 699/126/842 698/126/842
f 684/126/843 743/126/843 741/126/844
f 741/126/844 685/126/843 684/126/843
f 697/126/845 715/126/846 742/126/845
f 742/126/845 698/126/845 697/126/845
f 683/126/847 719/126/847 743/126/847
f 743/126/847 684/126/848 683/126/847
f 737/126/849 748/126/850 749/126/851
f 749/126/851 736/126/851 737/126/849
f 738/126/852 750/126/852 711/126/852
f 711/126/852 710/126/852 738/126/852
f 739/126/853 751/126/854 748/126/854
f 748/126/854 737/126/855 739/126/853
f 740/126/856 747/126/856 750/126/856
f 750/126/856 738/126/856 740/126/856
f 741/126/857 752/126/857 751/126/857
f 751/126/857 739/126/857 741/126/857
f 742/126/858 744/126/859 747/126/860
f 747/126/860 740/126/861 742/126/858
f 743/126/862 753/126/863 752/126/864
f 752/126/864 741/126/865 743/126/862
f 715/126/866 754/126/867 744/126/868
f 744/126/868 742/126/869 715/126/866
f 719/126/870 755/126/870 753/126/870
f 753/126/870 743/126/870 719/126/870
f 714/126/871 756/126/872 754/126/873
f 754/126/873 715/126/874 714/126/871
f 717/126/875 757/126/876 758/126/877
f 758/126/877 716/126/877 717/126/875
f 718/126/878 759/126/879 755/126/880
f 755/126/880 719/126/879 718/126/878
f 720/126/881 760/126/882 756/126/881
f 756/126/881 714/126/883 720/126/881
f 721/126/884 761/126/885 757/126/886
f 757/126/886 717/126/887 721/126/884
f 722/126/888 762/126/889 759/126/890
f 759/126/890 718/126/891 722/126/888
f 723/126/892 763/126/893 760/126/892
f 760/126/892 720/126/894 723/126/892
f 724/126/895 764/126/896 761/126/897
f 761/126/897 721/126/898 724/126/895
f 725/126/899 765/126/899 762/126/900
f 762/126/900 722/126/899 725/126/899
f 726/126/901 766/126/902 763/126/903
f 763/126/903 723/126/901 726/126/901
f 727/126/904 767/126/905 764/126/906
f 764/126/906 724/126/907 727/126/904
f 728/126/908 768/126/909 765/126/908
f 765/126/908 725/126/910 728/126/908
f 729/126/911 769/126/912 766/126/913
f 766/126/913 726/126/914 729/126/911
f 730/126/915 770/126/915 767/126/916
f 767/126/916 727/126/917 730/126/915
f 728/126/918 716/126/919 758/126/919
f 758/126/919 768/126/919 728/126/918
f 731/126/920 771/126/920 769/126/921
f 769/126/921 729/126/922 731/126/920
f 732/126/923 772/126/924 770/126/925
f 770/126/925 730/126/926 732/126/923
f 733/126/927 773/126/928 771/126/928
f 771/126/928 731/126/928 733/126/927
f 734/126/929 774/126/930 772/126/929
f 772/126/929 732/126/929 734/126/929
f 735/126/931 775/126/932 773/126/933
f 773/126/933 733/126/932 735/126/931
f 713/126/934 712/126/934 774/126/935
f 774/126/935 734/126/934 713/126/934
f 736/126/936 749/126/937 775/126/936
f 775/126/936 735/126/938 736/126/936
f 776/126/781 777/126/781 778/126/781
f 778/126/781 779/126/782 776/126/781
f 753/126/939 780/126/940 781/126/941
f 755/126/942 783/126/943 780/126/944
f 780/126/944 753/126/944 755/126/942
f 757/126/945 784/126/946 785/126/946
f 785/126/946 758/126/947 757/126/945
f 759/126/948 786/126/949 783/126/950
f 783/126/950 755/126/951 759/126/948
f 760/126/952 777/126/953 776/126/954
f 761/126/955 787/126/955 784/126/955
f 784/126/955 757/126/956 761/126/955
f 762/126/957 788/126/958 786/126/959
f 786/126/959 759/126/957 762/126/957
f 764/126/960 790/126/960 787/126/961
f 787/126/961 761/126/960 764/126/960
f 765/126/962 791/126/963 788/126/962
f 788/126/962 762/126/964 765/126/962
f 767/126/965 793/126/965 790/126/966
f 790/126/966 764/126/967 767/126/965
f 768/126/968 794/126/968 791/126/969
f 791/126/969 765/126/968 768/126/968
f 770/126/970 796/126/971 793/126/971
f 793/126/971 767/126/972 770/126/970
f 768/126/973 758/126/974 785/126/975
f 785/126/975 794/126/976 768/126/973
f 772/126/977 798/126/977 796/126/977
f 796/126/977 770/126/978 772/126/977
f 774/126/979 800/126/980 798/126/981
f 798/126/981 772/126/982 774/126/979
f 712/126/983 802/126/984 800/126/983
f 800/126/983 774/126/985 712/126/983
f 711/126/986 804/126/987 802/126/987
f 802/126/987 712/126/988 711/126/986
f 750/126/989 806/126/989 804/126/990
f 804/126/990 711/126/991 750/126/989
f 747/126/992 746/126/992 806/126/992
f 806/126/992 750/126/992 747/126/992
f 808/126/993 809/126/994 810/126/995
f 810/126/995 811/126/996 808/126/993
f 787/126/784 812/126/783 813/126/784
f 813/126/784 784/126/784 787/126/784
f 814/126/997 815/126/998 786/126/999
f 786/126/999 788/126/1000 814/126/997
f 777/126/1001 789/126/1002 816/126/789
f 816/126/789 778/126/1003 777/126/1001
f 790/126/1004 817/126/793 812/126/1005
f 812/126/1005 787/126/1006 790/126/1004
f 788/126/1007 791/126/1008 818/126/1007
f 818/126/1007 814/126/1009 788/126/1007
f 789/126/1010 792/126/1011 811/126/1010
f 811/126/1010 816/126/1012 789/126/1010
f 793/126/1013 819/126/1014 817/126/1014
f 817/126/1014 790/126/1013 793/126/1013
f 791/126/801 794/126/801 820/126/1015
f 820/126/1015 818/126/801 791/126/801
f 792/126/1016 795/126/802 808/126/1017
f 808/126/1017 811/126/802 792/126/1016
f 796/126/1018 821/126/1019 819/126/1018
f 819/126/1018 793/126/1020 796/126/1018
f 820/126/1021 794/126/1022 785/126/1023
f 785/126/1023 822/126/1024 820/126/1021
f 795/126/1025 797/126/1026 823/126/1027
f 823/126/1027 808/126/808 795/126/1025
f 798/126/1028 824/126/1029 821/126/1028
f 821/126/1028 796/126/1030 798/126/1028
f 825/126/814 823/126/814 797/126/814
f 797/126/814 799/126/814 825/126/814
f 800/126/1031 826/126/1032 824/126/1033
f 824/126/1033 798/126/1034 800/126/1031
f 799/126/1035 801/126/1036 827/126/1035
f 827/126/1035 825/126/1037 799/126/1035
f 800/126/1038 802/126/1038 828/126/1038
f 828/126/1038 826/126/1038 800/126/1038
f 801/126/1039 803/126/823 829/126/1039
f 829/126/1039 827/126/1040 801/126/1039
f 802/126/824 804/126/824 830/126/824
f 830/126/824 828/126/824 802/126/824
f 831/126/1041 829/126/1041 803/126/1042
f 803/126/1042 805/126/1043 831/126/1041
f 830/126/1044 804/126/1045 806/126/1046
f 806/126/1046 832/126/1047 830/126/1044
f 805/126/832 807/126/832 833/126/832
f 833/126/832 831/126/832 805/126/832
f 806/126/1048 746/126/1049 834/126/1048
f 834/126/1048 832/126/1050 806/126/1048
f 807/126/841 781/126/841 835/126/841
f 835/126/841 833/126/841 807/126/841
f 834/126/1051 746/126/1052 745/126/1053
f 745/126/1053 836/126/1054 834/126/1051
f 837/126/1055 835/126/1056 781/126/1057
f 781/126/1057 780/126/843 837/126/1055
f 836/126/1058 745/126/846 782/126/846
f 782/126/846 838/126/846 836/126/1058
f 780/126/1059 783/126/1060 839/126/1060
f 839/126/1060 837/126/1061 780/126/1059
f 779/126/1062 838/126/1063 782/126/1064
f 782/126/1064 776/126/1065 779/126/1062
f 784/126/1066 813/126/1067 822/126/1066
f 822/126/1066 785/126/775 784/126/1066
f 783/126/1068 786/126/1069 815/126/1070
f 815/126/1070 839/126/779 783/126/1068
f 840/126/1071 841/126/1072 842/126/1073
f 842/126/1073 843/126/1073 840/126/1071
f 821/126/1074 844/126/1075 845/126/1076
f 845/126/1076 819/126/1077 821/126/1074
f 846/126/1078 820/126/1078 822/126/1078
f 822/126/1078 847/126/1079 846/126/1078
f 809/126/1080 808/126/1081 823/126/1080
f 823/126/1080 848/126/1082 809/126/1080
f 849/126/1083 844/126/1084 821/126/1085
f 821/126/1085 824/126/1086 849/126/1083
f 825/126/1087 843/126/1088 848/126/1089
f 848/126/1089 823/126/1090 825/126/1087
f 826/126/1091 850/126/1092 849/126/1093
f 849/126/1093 824/126/1094 826/126/1091
f 827/126/1095 840/126/1096 843/126/1096
f 843/126/1096 825/126/1095 827/126/1095
f 828/126/1097 851/126/1097 850/126/1097
f 850/126/1097 826/126/1098 828/126/1097
f 852/126/1099 840/126/1099 827/126/1099
f 827/126/1099 829/126/1099 852/126/1099
f 830/126/1100 853/126/1101 851/126/1102
f 851/126/1102 828/126/1103 830/126/1100
f 831/126/1104 854/126/1105 852/126/1104
f 852/126/1104 829/126/1106 831/126/1104
f 855/126/1107 853/126/1108 830/126/1109
f 830/126/1109 832/126/1110 855/126/1107
f 833/126/1111 856/126/1112 854/126/1111
f 854/126/1111 831/126/1111 833/126/1111
f 834/126/1113 857/126/1114 855/126/1115
f 855/126/1115 832/126/1116 834/126/1113
f 858/126/1117 856/126/1118 833/126/1118
f 833/126/1118 835/126/1118 858/126/1117
f 836/126/1119 859/126/1120 857/126/1121
f 857/126/1121 834/126/1122 836/126/1119
f 837/126/1123 860/126/1124 858/126/1124
f 858/126/1124 835/126/1125 837/126/1123
f 861/126/1126 859/126/1127 836/126/1126
f 836/126/1126 838/126/1126 861/126/1126
f 839/126/1128 862/126/1129 860/126/1130
f 860/126/1130 837/126/1131 839/126/1128
f 779/126/1132 863/126/1133 861/126/1134
f 861/126/1134 838/126/1133 779/126/1132
f 813/126/1135 864/126/1136 847/126/1137
f 847/126/1137 822/126/1138 813/126/1135
f 862/126/1139 839/126/1140 815/126/1141
f 815/126/1141 865/126/1142 862/126/1139
f 778/126/1143 866/126/1144 863/126/1144
f 863/126/1144 779/126/1145 778/126/1143
f 812/126/1146 867/126/1147 864/126/1148
f 864/126/1148 813/126/1149 812/126/1146
f 814/126/1150 868/126/1151 865/126/1152
f 865/126/1152 815/126/1153 814/126/1150
f 869/126/1154 866/126/1154 778/126/1154
f 778/126/1154 816/126/1154 869/126/1154
f 870/126/1155 867/126/1155 812/126/1156
f 812/126/1156 817/126/1157 870/126/1155
f 818/126/1158 871/126/1159 868/126/1160
f 868/126/1160 814/126/1158 818/126/1158
f 811/126/1161 810/126/1162 869/126/1163
f 869/126/1163 816/126/1163 811/126/1161
f 819/126/1164 845/126/1165 870/126/1164
f 870/126/1164 817/126/1164 819/126/1164
f 846/126/1166 871/126/1166 818/126/1167
f 818/126/1167 820/126/1168 846/126/1166
f 872/126/1169 873/126/1169 874/126/1169
f 874/126/1169 875/126/1170 872/126/1169
f 876/126/1171 850/126/1172 851/126/1173
f 851/126/1173 877/126/1174 876/126/1171
f 852/126/1175 878/126/1176 841/126/1175
f 841/126/1175 840/126/1177 852/126/1175
f 853/126/1178 879/126/1179 877/126/1178
f 877/126/1178 851/126/1180 853/126/1178
f 878/126/1181 852/126/1182 854/126/1183
f 854/126/1183 874/126/1184 878/126/1181
f 855/126/1185 880/126/1186 879/126/1185
f 879/126/1185 853/126/1185 855/126/1185
f 856/126/1187 875/126/1188 874/126/1189
f 874/126/1189 854/126/1189 856/126/1187
f 881/126/1190 880/126/1190 855/126/1191
f 855/126/1191 857/126/1192 881/126/1190
f 858/126/1193 882/126/1194 875/126/1195
f 875/126/1195 856/126/1196 858/126/1193
f 859/126/1197 883/126/1198 881/126/1199
f 881/126/1199 857/126/1200 859/126/1197
f 882/126/1201 858/126/1202 860/126/1203
f 860/126/1203 884/126/1202 882/126/1201
f 861/126/1204 885/126/1204 883/126/1205
f 883/126/1205 859/126/1206 861/126/1204
f 862/126/1207 886/126/1208 884/126/1209
f 884/126/1209 860/126/1210 862/126/1207
f 887/126/1211 885/126/1211 861/126/1212
f 861/126/1212 863/126/1213 887/126/1211
f 847/126/1214 864/126/1215 888/126/1214
f 888/126/1214 889/126/1216 847/126/1214
f 865/126/1217 890/126/1218 886/126/1219
f 886/126/1219 862/126/1219 865/126/1217
f 867/126/1220 892/126/1221 888/126/1222
f 888/126/1222 864/126/1223 867/126/1220
f 893/126/1224 890/126/1225 865/126/1226
f 865/126/1226 868/126/1227 893/126/1224
f 870/126/1228 895/126/1229 892/126/1230
f 892/126/1230 867/126/1229 870/126/1228
f 871/126/1231 896/126/1232 893/126/1231
f 893/126/1231 868/126/1231 871/126/1231
f 845/126/1233 898/126/1234 895/126/1235
f 895/126/1235 870/126/1234 845/126/1233
f 846/126/1236 899/126/1236 896/126/1236
f 896/126/1236 871/126/1236 846/126/1236
f 898/126/1237 845/126/1238 844/126/1237
f 844/126/1237 901/126/1239 898/126/1237
f 889/126/1240 899/126/1241 846/126/1242
f 846/126/1242 847/126/1243 889/126/1240
f 849/126/1244 903/126/1245 901/126/1246
f 901/126/1246 844/126/1245 849/126/1244
f 902/126/1247 848/126/1248 843/126/1249
f 843/126/1249 842/126/1250 902/126/1247
f 850/126/1251 876/126/1251 903/126/1251
f 903/126/1251 849/126/1251 850/126/1251
f 904/126/1252 905/126/1252 906/126/1253
f 906/126/1253 907/126/1252 904/126/1252
f 881/126/1254 908/126/1254 909/126/1255
f 909/126/1255 880/126/836 881/126/1254
f 882/126/1256 910/126/1256 872/126/1257
f 872/126/1257 875/126/1258 882/126/1256
f 911/126/1259 908/126/1260 881/126/1261
f 881/126/1261 883/126/1262 911/126/1259
f 884/126/1055 907/126/1055 910/126/843
f 910/126/843 882/126/843 884/126/1055
f 885/126/846 912/126/846 911/126/846
f 911/126/846 883/126/846 885/126/846
f 904/126/1263 907/126/1263 884/126/1264
f 884/126/1264 886/126/1265 904/126/1263
f 887/126/1266 913/126/1267 912/126/1268
f 912/126/1268 885/126/1269 887/126/1266
f 889/126/775 888/126/775 914/126/775
f 914/126/775 915/126/775 889/126/775
f 890/126/778 916/126/1270 904/126/778
f 904/126/778 886/126/1271 890/126/778
f 917/126/1272 913/126/1273 887/126/1272
f 887/126/1272 891/126/1272 917/126/1272
f 914/126/1274 888/126/784 892/126/1274
f 892/126/1274 918/126/784 914/126/1274
f 893/126/1275 919/126/786 916/126/1276
f 916/126/1276 890/126/1277 893/126/1275
f 894/126/789 920/126/1278 917/126/789
f 917/126/789 891/126/789 894/126/789
f 918/126/1279 892/126/793 895/126/1280
f 895/126/1280 921/126/1281 918/126/1279
f 922/126/1282 919/126/1282 893/126/795
f 893/126/795 896/126/1283 922/126/1282
f 897/126/1284 923/126/1285 920/126/1286
f 920/126/1286 894/126/1284 897/126/1284
f 898/126/1014 924/126/1014 921/126/1014
f 921/126/1014 895/126/1014 898/126/1014
f 899/126/1287 925/126/801 922/126/1288
f 922/126/1288 896/126/1287 899/126/1287
f 926/126/1289 923/126/1016 897/126/1289
f 897/126/1289 900/126/1289 926/126/1289
f 901/126/1290 927/126/1291 924/126/1292
f 924/126/1292 898/126/1293 901/126/1290
f 915/126/1294 925/126/1295 899/126/1294
f 899/126/1294 889/126/1294 915/126/1294
f 902/126/1296 928/126/1297 926/126/1296
f 926/126/1296 900/126/808 902/126/1296
f 927/126/1298 901/126/1029 903/126/1298
f 903/126/1298 929/126/1299 927/126/1298
f 842/126/1300 930/126/1301 928/126/1302
f 928/126/1302 902/126/1303 842/126/1300
f 876/126/1304 931/126/1304 929/126/1304
f 929/126/1304 903/126/1304 876/126/1304
f 932/126/1305 930/126/1306 842/126/1305
f 842/126/1305 841/126/816 932/126/1305
f 877/126/1307 933/126/1307 931/126/1038
f 931/126/1038 876/126/1307 877/126/1307
f 878/126/1308 934/126/1309 932/126/1308
f 932/126/1308 841/126/823 878/126/1308
f 935/126/824 933/126/1310 877/126/824
f 877/126/824 879/126/824 935/126/824
f 874/126/1041 873/126/1041 934/126/826
f 934/126/826 878/126/1041 874/126/1041
f 880/126/830 909/126/1311 935/126/1312
f 935/126/1312 879/126/830 880/126/830
f 936/126/1313 937/126/1314 938/126/1315
f 938/126/1315 939/126/1313 936/126/1313
f 913/126/1316 940/126/1316 941/126/1316
f 941/126/1316 912/126/1316 913/126/1316
f 942/126/1317 943/126/1318 915/126/1319
f 915/126/1319 914/126/1318 942/126/1317
f 944/126/1320 905/126/1320 904/126/1321
f 904/126/1321 916/126/1320 944/126/1320
f 917/126/1322 945/126/1322 940/126/1323
f 940/126/1323 913/126/1322 917/126/1322
f 918/126/1324 946/126/1324 942/126/1324
f 942/126/1324 914/126/1324 918/126/1324
f 919/126/1325 947/126/1325 944/126/1325
f 944/126/1325 916/126/1325 919/126/1325
f 948/126/1326 945/126/1327 917/126/1327
f 917/126/1327 920/126/1327 948/126/1326
f 921/126/1328 949/126/1328 946/126/1328
f 946/126/1328 918/126/1328 921/126/1328
f 922/126/1329 950/126/1329 947/126/1329
f 947/126/1329 919/126/1329 922/126/1329
f 923/126/1330 951/126/1330 948/126/1330
f 948/126/1330 920/126/1330 923/126/1330
f 952/126/1331 949/126/1331 921/126/1331
f 921/126/1331 924/126/1331 952/126/1331
f 950/126/1332 922/126/1333 925/126/1334
f 925/126/1334 953/126/1333 950/126/1332
f 926/126/1335 954/126/1336 951/126/1337
f 951/126/1337 923/126/1336 926/126/1335
f 927/126/1338 955/126/1339 952/126/1340
f 952/126/1340 924/126/1339 927/126/1338
f 943/126/1341 953/126/1342 925/126/1342
f 925/126/1342 915/126/1342 943/126/1341
f 954/126/1343 926/126/1343 928/126/1343
f 928/126/1343 956/126/1343 954/126/1343
f 929/126/1344 957/126/1345 955/126/1345
f 955/126/1345 927/126/1345 929/126/1344
f 930/126/1346 958/126/1346 956/126/1346
f 956/126/1346 928/126/1346 930/126/1346
f 959/126/1347 957/126/1347 929/126/1347
f 929/126/1347 931/126/1347 959/126/1347
f 932/126/1348 960/126/1349 958/126/1349
f 958/126/1349 930/126/1349 932/126/1348
f 933/126/1350 961/126/1350 959/126/1350
f 959/126/1350 931/126/1350 933/126/1350
f 938/126/1351 960/126/1352 932/126/1353
f 932/126/1353 934/126/1352 938/126/1351
f 935/126/1354 962/126/1354 961/126/1355
f 961/126/1355 933/126/1354 935/126/1354
f 873/126/1356 939/126/1357 938/126/1357
f 938/126/1357 934/126/1357 873/126/1356
f 962/126/1358 935/126/1358 909/126/1359
f 909/126/1359 963/126/1358 962/126/1358
f 872/126/1360 964/126/1361 939/126/1362
f 939/126/1362 873/126/1363 872/126/1360
f 908/126/1364 965/126/1364 963/126/1365
f 963/126/1365 909/126/1364 908/126/1364
f 964/126/1366 872/126/1367 910/126/1368
f 910/126/1368 966/126/1369 964/126/1366
f 911/126/1370 967/126/1371 965/126/1371
f 965/126/1371 908/126/1371 911/126/1370
f 907/126/1372 906/126/1372 966/126/1373
f 966/126/1373 910/126/1372 907/126/1372
f 941/126/1374 967/126/1375 911/126/1375
f 911/126/1375 912/126/1375 941/126/1374
f 968/126/1376 969/126/1377 970/126/1376
f 970/126/1376 971/126/1378 968/126/1376
f 963/126/1379 972/126/1380 973/126/1379
f 973/126/1379 962/126/1381 963/126/1379
f 964/126/1382 974/126/1383 936/126/1384
f 936/126/1384 939/126/1385 964/126/1382
f 975/126/1386 972/126/1387 963/126/1388
f 963/126/1388 965/126/1389 975/126/1386
f 974/126/1390 964/126/1391 966/126/1392
f 967/126/1393 976/126/1394 975/126/1395
f 975/126/1395 965/126/1396 967/126/1393
f 971/126/1397 966/126/1398 906/126/1399
f 906/126/1399 968/126/1398 971/126/1397
f 941/126/1400 977/126/1401 976/126/1400
f 976/126/1400 967/126/1402 941/126/1400
f 905/126/1403 978/126/1403 968/126/1403
f 968/126/1403 906/126/1403 905/126/1403
f 977/126/1404 941/126/1405 940/126/1406
f 940/126/1406 979/126/1407 977/126/1404
f 943/126/1408 942/126/1409 980/126/1410
f 980/126/1410 981/126/1410 943/126/1408
f 944/126/1411 982/126/1412 978/126/1413
f 978/126/1413 905/126/1412 944/126/1411
f 946/126/1414 984/126/1415 980/126/1416
f 980/126/1416 942/126/1417 946/126/1414
f 985/126/1418 982/126/1419 944/126/1420
f 944/126/1420 947/126/1421 985/126/1418
f 949/126/1422 987/126/1423 984/126/1424
f 984/126/1424 946/126/1425 949/126/1422
f 950/126/1426 988/126/1427 985/126/1426
f 985/126/1426 947/126/1428 950/126/1426
f 952/126/1429 990/126/1430 987/126/1429
f 987/126/1429 949/126/1431 952/126/1429
f 953/126/1432 991/126/1432 988/126/1432
f 988/126/1432 950/126/1433 953/126/1432
f 990/126/1434 952/126/1435 955/126/1436
f 955/126/1436 993/126/1435 990/126/1434
f 981/126/1437 991/126/1438 953/126/1439
f 953/126/1439 943/126/1438 981/126/1437
f 957/126/1440 995/126/1441 993/126/1442
f 993/126/1442 955/126/1441 957/126/1440
f 959/126/1443 997/126/1443 995/126/1444
f 995/126/1444 957/126/1444 959/126/1443
f 999/126/1445 997/126/1446 959/126/1445
f 959/126/1445 961/126/1447 999/126/1445
f 938/126/1448 937/126/1448 998/126/1448
f 998/126/1448 960/126/1448 938/126/1448
f 962/126/1449 973/126/1449 999/126/1449
f 999/126/1449 961/126/1450 962/126/1449
f 1000/126/1451 1001/126/1452 1002/126/1453
f 1002/126/1453 1003/126/1452 1000/126/1451
f 977/126/1454 1004/126/1455 1005/126/1454
f 1005/126/1454 976/126/1456 977/126/1454
f 968/126/1457 978/126/1458 1006/126/1457
f 1006/126/1457 969/126/1459 968/126/1457
f 979/126/1460 1007/126/1461 1004/126/1460
f 1004/126/1460 977/126/1461 979/126/1460
f 981/126/1462 980/126/1463 1008/126/1462
f 1008/126/1462 1009/126/1464 981/126/1462
f 1006/126/1465 978/126/1466 982/126/1467
f 982/126/1467 1001/126/1468 1006/126/1465
f 979/126/1469 983/126/1470 1010/126/1470
f 1010/126/1470 1007/126/1470 979/126/1469
f 1008/126/1471 980/126/1472 984/126/1473
f 984/126/1473 1011/126/1474 1008/126/1471
f 985/126/1475 1002/126/1475 1001/126/1475
f 1001/126/1475 982/126/1476 985/126/1475
f 1010/126/1477 983/126/1478 986/126/1477
f 986/126/1477 1012/126/1479 1010/126/1477
f 1011/126/1480 984/126/1480 987/126/1480
f 987/126/1480 1013/126/1481 1011/126/1480
f 985/126/1482 988/126/1483 1014/126/1482
f 1014/126/1482 1002/126/1483 985/126/1482
f 989/126/1484 1015/126/1485 1012/126/1484
f 1012/126/1484 986/126/1486 989/126/1484
f 990/126/1487 1016/126/1487 1013/126/1487
f 1013/126/1487 987/126/1487 990/126/1487
f 1014/126/1488 988/126/1489 991/126/1490
f 991/126/1490 1017/126/1491 1014/126/1488
f 989/126/1492 992/126/1493 1018/126/1493
f 1018/126/1493 1015/126/1493 989/126/1492
f 993/126/1494 1019/126/1495 1016/126/1496
f 1016/126/1496 990/126/1497 993/126/1494
f 991/126/1498 981/126/1499 1009/126/1498
f 1009/126/1498 1017/126/1500 991/126/1498
f 1018/126/1501 992/126/1502 994/126/1503
f 994/126/1503 1020/126/1502 1018/126/1501
f 1019/126/1504 993/126/1505 995/126/1506
f 995/126/1506 1021/126/1507 1019/126/1504
f 996/126/1508 1022/126/1508 1020/126/1508
f 1020/126/1508 994/126/1509 996/126/1508
f 997/126/1510 1023/126/1511 1021/126/1512
f 1021/126/1512 995/126/1511 997/126/1510
f 996/126/1513 998/126/1514 1024/126/1515
f 1024/126/1515 1022/126/1516 996/126/1513
f 999/126/1517 1025/126/1518 1023/126/1517
f 1023/126/1517 997/126/1519 999/126/1517
f 1024/126/1520 998/126/1521 937/126/1522
f 937/126/1522 1026/126/1520 1024/126/1520
f 999/126/1523 973/126/1524 1027/126/1525
f 1027/126/1525 1025/126/1526 999/126/1523
f 936/126/1527 1028/126/1528 1026/126/1529
f 1026/126/1529 937/126/1530 936/126/1527
f 1027/126/1531 973/126/1532 972/126/1531
f 972/126/1531 1029/126/1533 1027/126/1531
f 936/126/1534 974/126/1535 1030/126/1536
f 1030/126/1536 1028/126/1536 936/126/1534
f 1031/126/1537 1029/126/1538 972/126/1539
f 972/126/1539 975/126/1540 1031/126/1537
f 1030/126/1541 974/126/1542 971/126/1543
f 971/126/1543 970/126/1541 1030/126/1541
f 1031/126/1544 975/126/1545 976/126/1544
f 976/126/1544 1005/126/1546 1031/126/1544
f 1032/126/1547 1033/126/1548 1034/126/1547
f 1034/126/1547 1035/126/1549 1032/126/1547
f 1012/126/1550 1036/126/1551 1037/126/1550
f 1037/126/1550 1010/126/1551 1012/126/1550
f 1013/126/1552 1038/126/1552 1039/126/1552
f 1039/126/1552 1011/126/1552 1013/126/1552
f 1014/126/1553 1040/126/1554 1003/126/1555
f 1003/126/1555 1002/126/1554 1014/126/1553
f 1036/126/1556 1012/126/1556 1015/126/1556
f 1015/126/1556 1041/126/1556 1036/126/1556
f 1013/126/1557 1016/126/1557 1042/126/1557
f 1042/126/1557 1038/126/1557 1013/126/1557
f 1017/126/1558 1034/126/1559 1040/126/1560
f 1040/126/1560 1014/126/1559 1017/126/1558
f 1018/126/1561 1043/126/1561 1041/126/1562
f 1041/126/1562 1015/126/1561 1018/126/1561
f 1042/126/1563 1016/126/1564 1019/126/1564
f 1019/126/1564 1044/126/1564 1042/126/1563
f 1035/126/1565 1034/126/1565 1017/126/1565
f 1017/126/1565 1009/126/1565 1035/126/1565
f 1020/126/1566 1045/126/1567 1043/126/1568
f 1043/126/1568 1018/126/1567 1020/126/1566
f 1021/126/1569 1046/126/1569 1044/126/1569
f 1044/126/1569 1019/126/1569 1021/126/1569
f 1045/126/1570 1020/126/1571 1022/126/1572
f 1022/126/1572 1047/126/1571 1045/126/1570
f 1021/126/1573 1023/126/1573 1048/126/1573
f 1048/126/1573 1046/126/1573 1021/126/1573
f 1024/126/1574 1049/126/1574 1047/126/1574
f 1047/126/1574 1022/126/1575 1024/126/1574
f 1048/126/1576 1023/126/1577 1025/126/1578
f 1025/126/1578 1050/126/1577 1048/126/1576
f 1026/126/1579 1051/126/1580 1049/126/1579
f 1049/126/1579 1024/126/1580 1026/126/1579
f 1027/126/1581 1052/126/1582 1050/126/1583
f 1050/126/1583 1025/126/1581 1027/126/1581
f 1051/126/1584 1026/126/1585 1028/126/1586
f 1028/126/1586 1053/126/1585 1051/126/1584
f 1029/126/1587 1054/126/1587 1052/126/1587
f 1052/126/1587 1027/126/1587 1029/126/1587
f 1030/126/1588 1055/126/1589 1053/126/1590
f 1053/126/1590 1028/126/1589 1030/126/1588
f 1029/126/1591 1031/126/1591 1056/126/1591
f 1056/126/1591 1054/126/1591 1029/126/1591
f 970/126/1592 1057/126/1593 1055/126/1592
f 1055/126/1592 1030/126/1593 970/126/1592
f 1058/126/1594 1056/126/1595 1031/126/1595
f 1031/126/1595 1005/126/1595 1058/126/1594
f 1057/126/1596 970/126/1597 969/126/1596
f 969/126/1596 1059/126/1597 1057/126/1596
f 1058/126/1598 1005/126/1598 1004/126/1598
f 1004/126/1598 1060/126/1598 1058/126/1598
f 1006/126/1599 1061/126/1600 1059/126/1601
f 1059/126/1601 969/126/1600 1006/126/1599
f 1060/126/1602 1004/126/1603 1007/126/1603
f 1007/126/1603 1062/126/1603 1060/126/1602
f 1008/126/1604 1063/126/1605 1035/126/1605
f 1035/126/1605 1009/126/1605 1008/126/1604
f 1001/126/1606 1000/126/1607 1061/126/1607
f 1061/126/1607 1006/126/1607 1001/126/1606
f 1010/126/1608 1037/126/1608 1062/126/1608
f 1062/126/1608 1007/126/1608 1010/126/1608
f 1063/126/1609 1008/126/1609 1011/126/1610
f 1011/126/1610 1039/126/1610 1063/126/1609
f 1064/126/1611 1065/126/1612 1066/126/1613
f 1066/126/1613 1067/126/1614 1064/126/1611
f 1070/126/1615 1044/126/1616 1046/126/1617
f 1046/126/1617 1071/126/1618 1070/126/1615
f 1068/126/1619 1045/126/1620 1047/126/1621
f 1048/126/1622 1073/126/1623 1071/126/1624
f 1071/126/1624 1046/126/1625 1048/126/1622
f 1072/126/1626 1047/126/1626 1049/126/1627
f 1049/126/1627 1067/126/1628 1072/126/1626
f 1050/126/1629 1074/126/1630 1073/126/1631
f 1073/126/1631 1048/126/1632 1050/126/1629
f 1051/126/1633 1064/126/1633 1067/126/1633
f 1067/126/1633 1049/126/1633 1051/126/1633
f 1074/126/1634 1050/126/1635 1052/126/1636
f 1052/126/1636 1075/126/1634 1074/126/1634
f 1053/126/1637 1076/126/1638 1064/126/1637
f 1064/126/1637 1051/126/1638 1053/126/1637
f 1054/126/1639 1077/126/1640 1075/126/1641
f 1075/126/1641 1052/126/1642 1054/126/1639
f 1076/126/1643 1053/126/1644 1055/126/1645
f 1055/126/1645 1078/126/1646 1076/126/1643
f 1056/126/1647 1079/126/1648 1077/126/1647
f 1077/126/1647 1054/126/1649 1056/126/1647
f 1057/126/1650 1080/126/1651 1078/126/1652
f 1078/126/1652 1055/126/1653 1057/126/1650
f 1079/126/1654 1056/126/1655 1058/126/1656
f 1058/126/1656 1081/126/1657 1079/126/1654
f 1059/126/1658 1082/126/1659 1080/126/1660
f 1080/126/1660 1057/126/1661 1059/126/1658
f 1060/126/1662 1083/126/1663 1081/126/1664
f 1081/126/1664 1058/126/1663 1060/126/1662
f 1082/126/1665 1059/126/1666 1061/126/1667
f 1061/126/1667 1084/126/1668 1082/126/1665
f 1062/126/1669 1085/126/1670 1083/126/1671
f 1083/126/1671 1060/126/1672 1062/126/1669
f 1035/126/1673 1063/126/1674 1086/126/1675
f 1086/126/1675 1032/126/1674 1035/126/1673
f 1000/126/1676 1087/126/1677 1084/126/1678
f 1084/126/1678 1061/126/1679 1000/126/1676
f 1039/126/1680 1089/126/1681 1086/126/1680
f 1086/126/1680 1063/126/1682 1039/126/1680
f 1003/126/1683 1090/126/1684 1087/126/1685
f 1087/126/1685 1000/126/1686 1003/126/1683
f 1089/126/1687 1039/126/1688 1038/126/1689
f 1038/126/1689 1092/126/1687 1089/126/1687
f 1090/126/1690 1003/126/1690 1040/126/1690
f 1040/126/1690 1093/126/1690 1090/126/1690
f 1042/126/1691 1095/126/1692 1092/126/1692
f 1092/126/1692 1038/126/1692 1042/126/1691
f 1034/126/1693 1033/126/1694 1093/126/1693
f 1093/126/1693 1040/126/1695 1034/126/1693
f 1044/126/1696 1070/126/1697 1095/126/1698
f 1095/126/1698 1042/126/1699 1044/126/1696
f 1096/126/1700 1097/126/1700 1098/126/1701
f 1098/126/1701 1099/126/1700 1096/126/1700
f 1100/126/1702 1101/126/1703 1074/126/1702
f 1074/126/1702 1075/126/1704 1100/126/1702
f 1076/126/1705 1102/126/1706 1065/126/1705
f 1065/126/1705 1064/126/1706 1076/126/1705
f 1077/126/1707 1103/126/1708 1100/126/1707
f 1100/126/1707 1075/126/1707 1077/126/1707
f 1097/126/1709 1102/126/1710 1076/126/1709
f 1076/126/1709 1078/126/1711 1097/126/1709
f 1079/126/1712 1104/126/1713 1103/126/1712
f 1103/126/1712 1077/126/1712 1079/126/1712
f 1080/126/1714 1098/126/1715 1097/126/1714
f 1097/126/1714 1078/126/1716 1080/126/1714
f 1105/126/1717 1104/126/1718 1079/126/1719
f 1079/126/1719 1081/126/1720 1105/126/1717
f 1082/126/1721 1106/126/1721 1098/126/1721
f 1098/126/1721 1080/126/1722 1082/126/1721
f 1083/126/1723 1107/126/1724 1105/126/1723
f 1105/126/1723 1081/126/1725 1083/126/1723
f 1108/126/1726 1106/126/1727 1082/126/1728
f 1082/126/1728 1084/126/1729 1108/126/1726
f 1085/126/1730 1109/126/1731 1107/126/1730
f 1107/126/1730 1083/126/1732 1085/126/1730
f 1110/126/1733 1032/126/1734 1086/126/1735
f 1086/126/1735 1111/126/1735 1110/126/1733
f 1087/126/1736 1112/126/1737 1108/126/1737
f 1108/126/1737 1084/126/1737 1087/126/1736
f 1113/126/1738 1109/126/1739 1085/126/1739
f 1085/126/1739 1088/126/1739 1113/126/1738
f 1111/126/1740 1086/126/1741 1089/126/1741
f 1089/126/1741 1114/126/1742 1111/126/1740
f 1090/126/1743 1115/126/1744 1112/126/1744
f 1112/126/1744 1087/126/1745 1090/126/1743
f 1091/126/1746 1116/126/1747 1113/126/1748
f 1113/126/1748 1088/126/1749 1091/126/1746
f 1092/126/1750 1117/126/1751 1114/126/1750
f 1114/126/1750 1089/126/1752 1092/126/1750
f 1118/126/1753 1115/126/1754 1090/126/1753
f 1090/126/1753 1093/126/1755 1118/126/1753
f 1094/126/1756 1119/126/1757 1116/126/1756
f 1116/126/1756 1091/126/1756 1094/126/1756
f 1117/126/1758 1092/126/1759 1095/126/1758
f 1095/126/1758 1120/126/1760 1117/126/1758
f 1033/126/1761 1121/126/1761 1118/126/1761
f 1118/126/1761 1093/126/1762 1033/126/1761
f 1122/126/1763 1119/126/1763 1094/126/1764
f 1094/126/1764 1069/126/1764 1122/126/1763
f 1070/126/1765 1123/126/1765 1120/126/1765
f 1120/126/1765 1095/126/1765 1070/126/1765
f 1110/126/1766 1121/126/1766 1033/126/1767
f 1033/126/1767 1032/126/1766 1110/126/1766
f 1068/126/1768 1124/126/1769 1122/126/1768
f 1122/126/1768 1069/126/1770 1068/126/1768
f 1071/126/1771 1125/126/1772 1123/126/1773
f 1123/126/1773 1070/126/1771 1071/126/1771
f 1072/126/1774 1126/126/1774 1124/126/1774
f 1124/126/1774 1068/126/1774 1072/126/1774
f 1125/126/1775 1071/126/1776 1073/126/1777
f 1073/126/1777 1127/126/1778 1125/126/1775
f 1066/126/1779 1126/126/1779 1072/126/1780
f 1072/126/1780 1067/126/1779 1066/126/1779
f 1074/126/1781 1101/126/1782 1127/126/1783
f 1127/126/1783 1073/126/1784 1074/126/1781
f 1128/126/1785 1129/126/1786 1130/126/1786
f 1130/126/1786 1131/126/1787 1128/126/1785
f 1105/126/1788 1132/126/1788 1133/126/1788
f 1133/126/1788 1104/126/1788 1105/126/1788
f 1106/126/1789 1134/126/1790 1099/126/1791
f 1099/126/1791 1098/126/1791 1106/126/1789
f 1135/126/1792 1132/126/1793 1105/126/1794
f 1105/126/1794 1107/126/1793 1135/126/1792
f 1108/126/1795 1136/126/1796 1134/126/1797
f 1134/126/1797 1106/126/1796 1108/126/1795
f 1109/126/1798 1137/126/1798 1135/126/1799
f 1135/126/1799 1107/126/1798 1109/126/1798
f 1129/126/1800 1128/126/1800 1110/126/1800
f 1110/126/1800 1111/126/1800 1129/126/1800
f 1138/126/1801 1136/126/1801 1108/126/1802
f 1108/126/1802 1112/126/1801 1138/126/1801
f 1113/126/1803 1139/126/1803 1137/126/1803
f 1137/126/1803 1109/126/1803 1113/126/1803
f 1114/126/1804 1140/126/1805 1129/126/1805
f 1129/126/1805 1111/126/1805 1114/126/1804
f 1115/126/1806 1141/126/1807 1138/126/1807
f 1138/126/1807 1112/126/1807 1115/126/1806
f 1142/126/1808 1139/126/1808 1113/126/1809
f 1113/126/1809 1116/126/1808 1142/126/1808
f 1117/126/1810 1143/126/1811 1140/126/1810
f 1140/126/1810 1114/126/1811 1117/126/1810
f 1118/126/1812 1144/126/1813 1141/126/1813
f 1141/126/1813 1115/126/1813 1118/126/1812
f 1119/126/1814 1145/126/1814 1142/126/1815
f 1142/126/1815 1116/126/1814 1119/126/1814
f 1146/126/1816 1143/126/1817 1117/126/1818
f 1117/126/1818 1120/126/1817 1146/126/1816
f 1147/126/1819 1144/126/1819 1118/126/1819
f 1118/126/1819 1121/126/1819 1147/126/1819
f 1122/126/1820 1148/126/1821 1145/126/1821
f 1145/126/1821 1119/126/1821 1122/126/1820
f 1123/126/1822 1149/126/1822 1146/126/1823
f 1146/126/1823 1120/126/1822 1123/126/1822
f 1147/126/1824 1121/126/1824 1110/126/1825
f 1110/126/1825 1128/126/1824 1147/126/1824
f 1148/126/1826 1122/126/1826 1124/126/1827
f 1124/126/1827 1150/126/1826 1148/126/1826
f 1125/126/1828 1151/126/1828 1149/126/1829
f 1149/126/1829 1123/126/1828 1125/126/1828
f 1126/126/1830 1152/126/1830 1150/126/1830
f 1150/126/1830 1124/126/1830 1126/126/1830
f 1153/126/1831 1151/126/1831 1125/126/1831
f 1125/126/1831 1127/126/1831 1153/126/1831
f 1066/126/1832 1154/126/1832 1152/126/1832
f 1152/126/1832 1126/126/1832 1066/126/1832
f 1101/126/1833 1155/126/1833 1153/126/1834
f 1153/126/1834 1127/126/1833 1101/126/1833
f 1154/126/1835 1066/126/1836 1065/126/1837
f 1065/126/1837 1156/126/1836 1154/126/1835
f 1100/126/1838 1157/126/1838 1155/126/1838
f 1155/126/1838 1101/126/1838 1100/126/1838
f 1102/126/1839 1158/126/1839 1156/126/1840
f 1156/126/1840 1065/126/1841 1102/126/1839
f 1159/126/1842 1157/126/1843 1100/126/1843
f 1100/126/1843 1103/126/1843 1159/126/1842
f 1097/126/1844 1096/126/1845 1158/126/1845
f 1158/126/1845 1102/126/1846 1097/126/1844
f 1104/126/1847 1133/126/1847 1159/126/1847
f 1159/126/1847 1103/126/1847 1104/126/1847
f 1160/126/1848 1161/126/1849 1162/126/1848
f 1162/126/1848 1163/126/1848 1160/126/1848
f 1138/126/1850 1164/126/1850 1165/126/1850
f 1165/126/1850 1136/126/1851 1138/126/1850
f 1140/126/1852 1168/126/1853 1130/126/1854
f 1130/126/1854 1129/126/1855 1140/126/1852
f 1169/126/1856 1164/126/1857 1138/126/1856
f 1138/126/1856 1141/126/1858 1169/126/1856
f 1143/126/1859 1163/126/1860 1168/126/1861
f 1168/126/1861 1140/126/1862 1143/126/1859
f 1144/126/1863 1171/126/1863 1169/126/1863
f 1169/126/1863 1141/126/1863 1144/126/1863
f 1146/126/1864 1160/126/1865 1163/126/1864
f 1163/126/1864 1143/126/1866 1146/126/1864
f 1147/126/1867 1173/126/1868 1171/126/1869
f 1171/126/1869 1144/126/1870 1147/126/1867
f 1160/126/1871 1146/126/1871 1149/126/1872
f 1149/126/1872 1175/126/1871 1160/126/1871
f 1173/126/1873 1147/126/1873 1128/126/1873
f 1128/126/1873 1131/126/1873 1173/126/1873
f 1150/126/1874 1176/126/1875 1174/126/1876
f 1174/126/1876 1148/126/1877 1150/126/1874
f 1151/126/1878 1177/126/1879 1175/126/1880
f 1175/126/1880 1149/126/1881 1151/126/1878
f 1178/126/1882 1176/126/1883 1150/126/1884
f 1150/126/1884 1152/126/1884 1178/126/1882
f 1153/126/1885 1179/126/1886 1177/126/1887
f 1177/126/1887 1151/126/1887 1153/126/1885
f 1154/126/1888 1180/126/1889 1178/126/1890
f 1178/126/1890 1152/126/1891 1154/126/1888
f 1181/126/1892 1179/126/1893 1153/126/1894
f 1153/126/1894 1155/126/1895 1181/126/1892
f 1156/126/1896 1182/126/1897 1180/126/1896
f 1180/126/1896 1154/126/1898 1156/126/1896
f 1157/126/1899 1183/126/1900 1181/126/1899
f 1181/126/1899 1155/126/1901 1157/126/1899
f 1182/126/1902 1156/126/1902 1158/126/1903
f 1158/126/1903 1184/126/1904 1182/126/1902
f 1159/126/1905 1185/126/1906 1183/126/1907
f 1183/126/1907 1157/126/1908 1159/126/1905
f 1096/126/1909 1186/126/1910 1184/126/1911
f 1184/126/1911 1158/126/1912 1096/126/1909
f 1187/126/1913 1185/126/1914 1159/126/1915
f 1159/126/1915 1133/126/1916 1187/126/1913
f 1099/126/1917 1188/126/1918 1186/126/1917
f 1186/126/1917 1096/126/1917 1099/126/1917
f 1132/126/1919 1189/126/1920 1187/126/1921
f 1187/126/1921 1133/126/1922 1132/126/1919
f 1190/126/1923 1188/126/1924 1099/126/1923
f 1099/126/1923 1134/126/1925 1190/126/1923
f 1135/126/1926 1191/126/1926 1189/126/1927
f 1189/126/1927 1132/126/1927 1135/126/1926
f 1136/126/1928 1165/126/1928 1190/126/1929
f 1190/126/1929 1134/126/1929 1136/126/1928
f 1191/126/1930 1135/126/1931 1137/126/1930
f 1137/126/1930 1167/126/1931 1191/126/1930
f 1192/126/1932 1193/126/1932 1194/126/1932
f 1194/126/1932 1195/126/1932 1192/126/1932
f 1173/126/1933 1196/126/1933 1197/126/1934
f 1197/126/1934 1171/126/1933 1173/126/1933
f 1198/126/1935 1199/126/1935 1172/126/1935
f 1172/126/1935 1174/126/1935 1198/126/1935
f 1175/126/1936 1200/126/1936 1161/126/1936
f 1161/126/1936 1160/126/1936 1175/126/1936
f 1201/126/1937 1196/126/1937 1173/126/1937
f 1173/126/1937 1131/126/1937 1201/126/1937
f 1176/126/1938 1202/126/1939 1198/126/1938
f 1198/126/1938 1174/126/1940 1176/126/1938
f 1200/126/1941 1175/126/1942 1177/126/1943
f 1177/126/1943 1194/126/1942 1200/126/1941
f 1178/126/1944 1203/126/1945 1202/126/1945
f 1202/126/1945 1176/126/1945 1178/126/1944
f 1179/126/1946 1195/126/1947 1194/126/1946
f 1194/126/1946 1177/126/1948 1179/126/1946
f 1204/126/1949 1203/126/1949 1178/126/1950
f 1178/126/1950 1180/126/1949 1204/126/1949
f 1181/126/1951 1205/126/1951 1195/126/1952
f 1195/126/1952 1179/126/1951 1181/126/1951
f 1182/126/1953 1206/126/1953 1204/126/1954
f 1204/126/1954 1180/126/1953 1182/126/1953
f 1207/126/1955 1205/126/1956 1181/126/1957
f 1181/126/1957 1183/126/1958 1207/126/1955
f 1184/126/1959 1208/126/1960 1206/126/1959
f 1206/126/1959 1182/126/1961 1184/126/1959
f 1185/126/1962 1209/126/1963 1207/126/1964
f 1207/126/1964 1183/126/1965 1185/126/1962
f 1210/126/1966 1208/126/1967 1184/126/1966
f 1184/126/1966 1186/126/1968 1210/126/1966
f 1187/126/1969 1211/126/1970 1209/126/1970
f 1209/126/1970 1185/126/1971 1187/126/1969
f 1188/126/1972 1212/126/1973 1210/126/1972
f 1210/126/1972 1186/126/1974 1188/126/1972
f 1213/126/1975 1211/126/1975 1187/126/1975
f 1187/126/1975 1189/126/1975 1213/126/1975
f 1190/126/1976 1214/126/1977 1212/126/1976
f 1212/126/1976 1188/126/1978 1190/126/1976
f 1191/126/1979 1215/126/1980 1213/126/1981
f 1213/126/1981 1189/126/1979 1191/126/1979
f 1216/126/1982 1214/126/1982 1190/126/1982
f 1190/126/1982 1165/126/1982 1216/126/1982
f 1167/126/1983 1217/126/1984 1215/126/1983
f 1215/126/1983 1191/126/1985 1167/126/1983
f 1131/126/1986 1130/126/1986 1218/126/1986
f 1218/126/1986 1201/126/1987 1131/126/1986
f 1164/126/1988 1219/126/1989 1216/126/1988
f 1216/126/1988 1165/126/1988 1164/126/1988
f 1220/126/1990 1217/126/1990 1167/126/1991
f 1167/126/1991 1166/126/1991 1220/126/1990
f 1221/126/1992 1218/126/1993 1130/126/1994
f 1130/126/1994 1168/126/1995 1221/126/1992
f 1169/126/1996 1222/126/1997 1219/126/1996
f 1219/126/1996 1164/126/1997 1169/126/1996
f 1170/126/1998 1223/126/1999 1220/126/1998
f 1220/126/1998 1166/126/1998 1170/126/1998
f 1162/126/2000 1221/126/2001 1168/126/2000
f 1168/126/2000 1163/126/2002 1162/126/2000
f 1197/126/2003 1222/126/2004 1169/126/2003
f 1169/126/2003 1171/126/2005 1197/126/2003
f 1172/126/2006 1199/126/2006 1223/126/2006
f 1223/126/2006 1170/126/2006 1172/126/2006
f 1224/126/2007 1225/126/2008 1226/126/2009
f 1226/126/2009 1227/126/2010 1224/126/2007
f 1204/126/2011 1228/126/2011 1229/126/2011
f 1229/126/2011 1203/126/2011 1204/126/2011
f 1205/126/2012 1230/126/2013 1192/126/2013
f 1192/126/2013 1195/126/2013 1205/126/2012
f 1228/126/2014 1204/126/2015 1206/126/2016
f 1206/126/2016 1231/126/2015 1228/126/2014
f 1207/126/2017 1227/126/2018 1230/126/2019
f 1230/126/2019 1205/126/2018 1207/126/2017
f 1208/126/2020 1232/126/2021 1231/126/2022
f 1231/126/2022 1206/126/2021 1208/126/2020
f 1224/126/2023 1227/126/2023 1207/126/2023
f 1207/126/2023 1209/126/2023 1224/126/2023
f 1210/126/2024 1233/126/2024 1232/126/2025
f 1232/126/2025 1208/126/2026 1210/126/2024
f 1211/126/2027 1234/126/2028 1224/126/2029
f 1224/126/2029 1209/126/2028 1211/126/2027
f 1235/126/2030 1233/126/2031 1210/126/2030
f 1210/126/2030 1212/126/2032 1235/126/2030
f 1213/126/2033 1236/126/2033 1234/126/2033
f 1234/126/2033 1211/126/2033 1213/126/2033
f 1214/126/2034 1237/126/2035 1235/126/2036
f 1235/126/2036 1212/126/2035 1214/126/2034
f 1238/126/2037 1236/126/2037 1213/126/2037
f 1213/126/2037 1215/126/2037 1238/126/2037
f 1216/126/2038 1239/126/2038 1237/126/2039
f 1237/126/2039 1214/126/2038 1216/126/2038
f 1217/126/2040 1240/126/2040 1238/126/2041
f 1238/126/2041 1215/126/2040 1217/126/2040
f 1241/126/2042 1242/126/2043 1201/126/2042
f 1201/126/2042 1218/126/2043 1241/126/2042
f 1243/126/2044 1239/126/2044 1216/126/2045
f 1216/126/2045 1219/126/2044 1243/126/2044
f 1220/126/2046 1244/126/2046 1240/126/2047
f 1240/126/2047 1217/126/2046 1220/126/2046
f 1221/126/2048 1245/126/2049 1241/126/2050
f 1241/126/2050 1218/126/2049 1221/126/2048
f 1222/126/2051 1246/126/2052 1243/126/2053
f 1243/126/2053 1219/126/2052 1222/126/2051
f 1244/126/2054 1220/126/2055 1223/126/2056
f 1223/126/2056 1247/126/2055 1244/126/2054
f 1162/126/2057 1248/126/2057 1245/126/2058
f 1245/126/2058 1221/126/2057 1162/126/2057
f 1197/126/2059 1249/126/2059 1246/126/2060
f 1246/126/2060 1222/126/2059 1197/126/2059
f 1199/126/2061 1250/126/2062 1247/126/2062
f 1247/126/2062 1223/126/2062 1199/126/2061
f 1251/126/2063 1248/126/2063 1162/126/2063
f 1162/126/2063 1161/126/2063 1251/126/2063
f 1252/126/2064 1249/126/2065 1197/126/2066
f 1197/126/2066 1196/126/2065 1252/126/2064
f 1198/126/2067 1253/126/2068 1250/126/2067
f 1250/126/2067 1199/126/2068 1198/126/2067
f 1200/126/2069 1254/126/2069 1251/126/2070
f 1251/126/2070 1161/126/2069 1200/126/2069
f 1242/126/2071 1252/126/2071 1196/126/2072
f 1196/126/2072 1201/126/2071 1242/126/2071
f 1253/126/2073 1198/126/2074 1202/126/2075
f 1202/126/2075 1255/126/2074 1253/126/2073
f 1194/126/2076 1193/126/2077 1254/126/2077
f 1254/126/2077 1200/126/2077 1194/126/2076
f 1203/126/2078 1229/126/2078 1255/126/2079
f 1255/126/2079 1202/126/2078 1203/126/2078
f 1256/126/2080 1257/126/2081 1258/126/2082
f 1258/126/2082 1259/126/2083 1256/126/2080
f 1233/126/2084 1260/126/2085 1261/126/2084
f 1261/126/2084 1232/126/2085 1233/126/2084
f 1262/126/2086 1225/126/2087 1224/126/2088
f 1224/126/2088 1234/126/2089 1262/126/2086
f 1235/126/2090 1263/126/2091 1260/126/2092
f 1260/126/2092 1233/126/2092 1235/126/2090
f 1236/126/2093 1259/126/2094 1262/126/2095
f 1262/126/2095 1234/126/2096 1236/126/2093
f 1263/126/2097 1235/126/2097 1237/126/2098
f 1237/126/2098 1264/126/2098 1263/126/2097
f 1238/126/2099 1256/126/2100 1259/126/2099
f 1259/126/2099 1236/126/2100 1238/126/2099
f 1239/126/2101 1265/126/2102 1264/126/2103
f 1264/126/2103 1237/126/2104 1239/126/2101
f 1256/126/2105 1238/126/2106 1240/126/2107
f 1240/126/2107 1266/126/2108 1256/126/2105
f 1242/126/2109 1241/126/2110 1267/126/2111
f 1267/126/2111 1268/126/2110 1242/126/2109
f 1243/126/2112 1269/126/2112 1265/126/2113
f 1265/126/2113 1239/126/2112 1243/126/2112
f 1245/126/2114 1271/126/2115 1267/126/2114
f 1267/126/2114 1241/126/2116 1245/126/2114
f 1272/126/2117 1269/126/2118 1243/126/2119
f 1243/126/2119 1246/126/2120 1272/126/2117
f 1248/126/2121 1274/126/2122 1271/126/2121
f 1271/126/2121 1245/126/2123 1248/126/2121
f 1249/126/2124 1275/126/2125 1272/126/2125
f 1272/126/2125 1246/126/2124 1249/126/2124
f 1251/126/2126 1277/126/2127 1274/126/2128
f 1274/126/2128 1248/126/2129 1251/126/2126
f 1252/126/2130 1278/126/2131 1275/126/2130
f 1275/126/2130 1249/126/2132 1252/126/2130
f 1277/126/2133 1251/126/2134 1254/126/2135
f 1254/126/2135 1280/126/2136 1277/126/2133
f 1268/126/2137 1278/126/2138 1252/126/2139
f 1252/126/2139 1242/126/2140 1268/126/2137
f 1193/126/2141 1282/126/2142 1280/126/2143
f 1280/126/2143 1254/126/2142 1193/126/2141
f 1283/126/2144 1281/126/2145 1255/126/2146
f 1255/126/2146 1229/126/2147 1283/126/2144
f 1192/126/2148 1284/126/2149 1282/126/2150
f 1282/126/2150 1193/126/2151 1192/126/2148
f 1228/126/2152 1285/126/2153 1283/126/2152
f 1283/126/2152 1229/126/2154 1228/126/2152
f 1286/126/2155 1284/126/2155 1192/126/2155
f 1192/126/2155 1230/126/2155 1286/126/2155
f 1231/126/2156 1287/126/2157 1285/126/2158
f 1285/126/2158 1228/126/2159 1231/126/2156
f 1227/126/2160 1226/126/2160 1286/126/2161
f 1286/126/2161 1230/126/2160 1227/126/2160
f 1287/126/2162 1231/126/2162 1232/126/2163
f 1232/126/2163 1261/126/2164 1287/126/2162
f 1288/126/2165 1289/126/2165 1290/126/2165
f 1290/126/2165 1291/126/2165 1288/126/2165
f 1264/126/2166 1265/126/2167 1292/126/2168
f 1292/126/2168 1293/126/2169 1264/126/2166
f 1266/126/2170 1294/126/2171 1257/126/2172
f 1257/126/2172 1256/126/2173 1266/126/2170
f 1268/126/2174 1267/126/2174 1295/126/2174
f 1295/126/2174 1296/126/2175 1268/126/2174
f 1292/126/2176 1265/126/2177 1269/126/2178
f 1269/126/2178 1297/126/2178 1292/126/2176
f 1266/126/2179 1270/126/2179 1291/126/2179
f 1291/126/2179 1294/126/2179 1266/126/2179
f 1295/126/2180 1267/126/2180 1271/126/2181
f 1271/126/2181 1298/126/2181 1295/126/2180
f 1272/126/2182 1299/126/2183 1297/126/2183
f 1297/126/2183 1269/126/2184 1272/126/2182
f 1291/126/2185 1270/126/2186 1273/126/2185
f 1273/126/2185 1288/126/2187 1291/126/2185
f 1300/126/2188 1298/126/2189 1271/126/2190
f 1271/126/2190 1274/126/2191 1300/126/2188
f 1272/126/2192 1275/126/2193 1301/126/2192
f 1301/126/2192 1299/126/2194 1272/126/2192
f 1276/126/2195 1302/126/2196 1288/126/2196
f 1288/126/2196 1273/126/2196 1276/126/2195
f 1277/126/2197 1303/126/2198 1300/126/2199
f 1300/126/2199 1274/126/2200 1277/126/2197
f 1301/126/2201 1275/126/2202 1278/126/2201
f 1278/126/2201 1304/126/2203 1301/126/2201
f 1276/126/2204 1279/126/2204 1305/126/2204
f 1305/126/2204 1302/126/2204 1276/126/2204
f 1280/126/2205 1306/126/2205 1303/126/2206
f 1303/126/2206 1277/126/2205 1280/126/2205
f 1278/126/2207 1268/126/2208 1296/126/2209
f 1296/126/2209 1304/126/2210 1278/126/2207
f 1305/126/2211 1279/126/2212 1281/126/2213
f 1281/126/2213 1307/126/2214 1305/126/2211
f 1308/126/2215 1306/126/2216 1280/126/2217
f 1280/126/2217 1282/126/2218 1308/126/2215
f 1283/126/2219 1309/126/2219 1307/126/2219
f 1307/126/2219 1281/126/2219 1283/126/2219
f 1284/126/2220 1310/126/2221 1308/126/2222
f 1308/126/2222 1282/126/2223 1284/126/2220
f 1283/126/2224 1285/126/2225 1311/126/2224
f 1311/126/2224 1309/126/2224 1283/126/2224
f 1286/126/2226 1312/126/2227 1310/126/2228
f 1310/126/2228 1284/126/2229 1286/126/2226
f 1311/126/2230 1285/126/2231 1287/126/2232
f 1287/126/2232 1313/126/2233 1311/126/2230
f 1286/126/2234 1226/126/2235 1314/126/2236
f 1314/126/2236 1312/126/2237 1286/126/2234
f 1261/126/2238 1315/126/2238 1313/126/2238
f 1313/126/2238 1287/126/2238 1261/126/2238
f 1314/126/2239 1226/126/2240 1225/126/2239
f 1225/126/2239 1316/126/2240 1314/126/2239
f 1261/126/2241 1260/126/2242 1317/126/2243
f 1317/126/2243 1315/126/2244 1261/126/2241
f 1318/126/2245 1316/126/2246 1225/126/2247
f 1225/126/2247 1262/126/2247 1318/126/2245
f 1317/126/2248 1260/126/2249 1263/126/2250
f 1263/126/2250 1319/126/2251 1317/126/2248
f 1318/126/2252 1262/126/2253 1259/126/2254
f 1259/126/2254 1258/126/2255 1318/126/2252
f 1264/126/2256 1293/126/2257 1319/126/2256
f 1319/126/2256 1263/126/2256 1264/126/2256
f 1320/126/2258 1321/126/2258 1322/126/2258
f 1322/126/2258 1323/126/2259 1320/126/2258
f 1300/126/2260 1324/126/2260 1325/126/2260
f 1325/126/2260 1298/126/2260 1300/126/2260
f 1301/126/2261 1326/126/2262 1327/126/2263
f 1327/126/2263 1299/126/2262 1301/126/2261
f 1289/126/2264 1288/126/2265 1302/126/2266
f 1302/126/2266 1328/126/2265 1289/126/2264
f 1300/126/2267 1303/126/2267 1329/126/2267
f 1329/126/2267 1324/126/2267 1300/126/2267
f 1304/126/2268 1330/126/2269 1326/126/2270
f 1326/126/2270 1301/126/2269 1304/126/2268
f 1305/126/2271 1323/126/2271 1328/126/2272
f 1328/126/2272 1302/126/2271 1305/126/2271
f 1329/126/2273 1303/126/2273 1306/126/2273
f 1306/126/2273 1331/126/2273 1329/126/2273
f 1332/126/2274 1330/126/2275 1304/126/2276
f 1304/126/2276 1296/126/2275 1332/126/2274
f 1307/126/2277 1320/126/2277 1323/126/2277
f 1323/126/2277 1305/126/2277 1307/126/2277
f 1308/126/2278 1333/126/2278 1331/126/2278
f 1331/126/2278 1306/126/2278 1308/126/2278
f 1320/126/2279 1307/126/2279 1309/126/2280
f 1309/126/2280 1334/126/2279 1320/126/2279
f 1308/126/2281 1310/126/2281 1335/126/2281
f 1335/126/2281 1333/126/2281 1308/126/2281
f 1311/126/2282 1336/126/2283 1334/126/2282
f 1334/126/2282 1309/126/2283 1311/126/2282
f 1335/126/2284 1310/126/2284 1312/126/2284
f 1312/126/2284 1337/126/2284 1335/126/2284
f 1313/126/2285 1338/126/2286 1336/126/2286
f 1336/126/2286 1311/126/2286 1313/126/2285
f 1314/126/2287 1339/126/2287 1337/126/2288
f 1337/126/2288 1312/126/2287 1314/126/2287
f 1338/126/2289 1313/126/2290 1315/126/2290
f 1315/126/2290 1340/126/2290 1338/126/2289
f 1316/126/2291 1341/126/2291 1339/126/2291
f 1339/126/2291 1314/126/2291 1316/126/2291
f 1317/126/2292 1342/126/2292 1340/126/2292
f 1340/126/2292 1315/126/2293 1317/126/2292
f 1316/126/2294 1318/126/2294 1343/126/2294
f 1343/126/2294 1341/126/2294 1316/126/2294
f 1319/126/2295 1344/126/2296 1342/126/2297
f 1342/126/2297 1317/126/2298 1319/126/2295
f 1345/126/2299 1343/126/2299 1318/126/2299
f 1318/126/2299 1258/126/2299 1345/126/2299
f 1344/126/2300 1319/126/2301 1293/126/2301
f 1293/126/2301 1346/126/2301 1344/126/2300
f 1345/126/2302 1258/126/2302 1257/126/2302
f 1257/126/2302 1347/126/2302 1345/126/2302
f 1292/126/2303 1348/126/2303 1346/126/2304
f 1346/126/2304 1293/126/2303 1292/126/2303
f 1347/126/2305 1257/126/2305 1294/126/2305
f 1294/126/2305 1349/126/2305 1347/126/2305
f 1295/126/2306 1350/126/2306 1332/126/2306
f 1332/126/2306 1296/126/2306 1295/126/2306
f 1297/126/2307 1351/126/2308 1348/126/2309
f 1348/126/2309 1292/126/2307 1297/126/2307
f 1291/126/2310 1290/126/2310 1349/126/2310
f 1349/126/2310 1294/126/2310 1291/126/2310
f 1350/126/2311 1295/126/2311 1298/126/2311
f 1298/126/2311 1325/126/2311 1350/126/2311
f 1351/126/2312 1297/126/2313 1299/126/2313
f 1299/126/2313 1327/126/2312 1351/126/2312
f 1352/126/2314 1353/126/2315 1354/126/2316
f 1354/126/2316 1355/126/2317 1352/126/2314
f 1356/126/2318 1331/126/2319 1333/126/2320
f 1333/126/2320 1357/126/2319 1356/126/2318
f 1334/126/2321 1358/126/2322 1321/126/2323
f 1321/126/2323 1320/126/2321 1334/126/2321
f 1335/126/2324 1359/126/2325 1357/126/2326
f 1357/126/2326 1333/126/2327 1335/126/2324
f 1358/126/2328 1334/126/2328 1336/126/2328
f 1336/126/2328 1355/126/2329 1358/126/2328
f 1337/126/2330 1360/126/2330 1359/126/2331
f 1359/126/2331 1335/126/2330 1337/126/2330
f 1338/126/2332 1352/126/2333 1355/126/2333
f 1355/126/2333 1336/126/2333 1338/126/2332
f 1360/126/2334 1337/126/2335 1339/126/2336
f 1339/126/2336 1361/126/2337 1360/126/2334
f 1340/126/2338 1362/126/2339 1352/126/2340
f 1352/126/2340 1338/126/2340 1340/126/2338
f 1341/126/2341 1363/126/2342 1361/126/2341
f 1361/126/2341 1339/126/2343 1341/126/2341
f 1362/126/2344 1340/126/2344 1342/126/2344
f 1342/126/2344 1364/126/2344 1362/126/2344
f 1343/126/2345 1365/126/2346 1363/126/2347
f 1363/126/2347 1341/126/2348 1343/126/2345
f 1344/126/2349 1366/126/2350 1364/126/2349
f 1364/126/2349 1342/126/2351 1344/126/2349
f 1365/126/2352 1343/126/2353 1345/126/2354
f 1345/126/2354 1367/126/2355 1365/126/2352
f 1346/126/2356 1368/126/2357 1366/126/2356
f 1366/126/2356 1344/126/2358 1346/126/2356
f 1368/126/2359 1346/126/2360 1348/126/2360
f 1348/126/2360 1370/126/2361 1368/126/2359
f 1332/126/2362 1350/126/2362 1372/126/2362
f 1372/126/2362 1373/126/2362 1332/126/2362
f 1351/126/2363 1374/126/2364 1370/126/2363
f 1370/126/2363 1348/126/2363 1351/126/2363
f 1325/126/2365 1376/126/2365 1372/126/2365
f 1372/126/2365 1350/126/2365 1325/126/2365
f 1327/126/2366 1377/126/2367 1374/126/2368
f 1374/126/2368 1351/126/2369 1327/126/2366
f 1376/126/2370 1325/126/2371 1324/126/2371
f 1324/126/2371 1379/126/2371 1376/126/2370
f 1377/126/2372 1327/126/2373 1326/126/2373
f 1326/126/2373 1380/126/2372 1377/126/2372
f 1329/126/2374 1382/126/2375 1379/126/2376
f 1379/126/2376 1324/126/2377 1329/126/2374
f 1330/126/2378 1383/126/2379 1380/126/2380
f 1380/126/2380 1326/126/2379 1330/126/2378
f 1331/126/2381 1356/126/2382 1382/126/2383
f 1382/126/2383 1329/126/2382 1331/126/2381
f 1373/126/2384 1383/126/2385 1330/126/2384
f 1330/126/2384 1332/126/2384 1373/126/2384
f 1384/126/2386 1385/126/2387 1386/126/2388
f 1386/126/2388 1387/126/2389 1384/126/2386
f 1361/126/2390 1388/126/2391 1389/126/2391
f 1389/126/2391 1360/126/2390 1361/126/2390
f 1362/126/2392 1390/126/2393 1353/126/2392
f 1353/126/2392 1352/126/2392 1362/126/2392
f 1363/126/2394 1391/126/2395 1388/126/2394
f 1388/126/2394 1361/126/2396 1363/126/2394
f 1364/126/2397 1387/126/2398 1390/126/2397
f 1390/126/2397 1362/126/2397 1364/126/2397
f 1392/126/2399 1391/126/2400 1363/126/2400
f 1363/126/2400 1365/126/2400 1392/126/2399
f 1366/126/2401 1384/126/2402 1387/126/2402
f 1387/126/2402 1364/126/2402 1366/126/2401
f 1367/126/2403 1393/126/2404 1392/126/2403
f 1392/126/2403 1365/126/2405 1367/126/2403
f 1394/126/2406 1384/126/2407 1366/126/2406
f 1366/126/2406 1368/126/2408 1394/126/2406
f 1393/126/2409 1367/126/2410 1369/126/2411
f 1369/126/2411 1395/126/2410 1393/126/2409
f 1396/126/2412 1394/126/2413 1368/126/2414
f 1368/126/2414 1370/126/2413 1396/126/2412
f 1371/126/2415 1397/126/2416 1395/126/2417
f 1395/126/2417 1369/126/2415 1371/126/2415
f 1398/126/2418 1373/126/2418 1372/126/2419
f 1372/126/2419 1399/126/2420 1398/126/2418
f 1400/126/2421 1396/126/2422 1370/126/2423
f 1370/126/2423 1374/126/2424 1400/126/2421
f 1375/126/2425 1401/126/2425 1397/126/2425
f 1397/126/2425 1371/126/2426 1375/126/2425
f 1399/126/2427 1372/126/2428 1376/126/2427
f 1376/126/2427 1402/126/2427 1399/126/2427
f 1400/126/2429 1374/126/2430 1377/126/2429
f 1377/126/2429 1403/126/2431 1400/126/2429
f 1378/126/2432 1404/126/2432 1401/126/2433
f 1401/126/2433 1375/126/2434 1378/126/2432
f 1379/126/2435 1405/126/2436 1402/126/2435
f 1402/126/2435 1376/126/2437 1379/126/2435
f 1380/126/2438 1406/126/2439 1403/126/2439
f 1403/126/2439 1377/126/2440 1380/126/2438
f 1381/126/2441 1407/126/2441 1404/126/2442
f 1404/126/2442 1378/126/2441 1381/126/2441
f 1405/126/2443 1379/126/2443 1382/126/2444
f 1382/126/2444 1408/126/2443 1405/126/2443
f 1383/126/2445 1409/126/2445 1406/126/2446
f 1406/126/2446 1380/126/2446 1383/126/2445
f 1322/126/2447 1410/126/2448 1407/126/2447
f 1407/126/2447 1381/126/2447 1322/126/2447
f 1356/126/2449 1411/126/2450 1408/126/2449
f 1408/126/2449 1382/126/2451 1356/126/2449
f 1398/126/2452 1409/126/2452 1383/126/2452
f 1383/126/2452 1373/126/2452 1398/126/2452
f 1321/126/2453 1412/126/2454 1410/126/2453
f 1410/126/2453 1322/126/2455 1321/126/2453
f 1357/126/2456 1413/126/2457 1411/126/2456
f 1411/126/2456 1356/126/2458 1357/126/2456
f 1358/126/2459 1414/126/2460 1412/126/2461
f 1412/126/2461 1321/126/2459 1358/126/2459
f 1413/126/2462 1357/126/2463 1359/126/2463
f 1359/126/2463 1415/126/2463 1413/126/2462
f 1355/126/2464 1354/126/2465 1414/126/2466
f 1414/126/2466 1358/126/2467 1355/126/2464
f 1389/126/2468 1415/126/2468 1359/126/2468
f 1359/126/2468 1360/126/2469 1389/126/2468
f 1416/126/2470 1417/126/2471 1418/126/2470
f 1418/126/2470 1419/126/2472 1416/126/2470
f 1420/126/2473 1421/126/2473 1392/126/2473
f 1392/126/2473 1393/126/2473 1420/126/2473
f 1422/126/2474 1385/126/2475 1384/126/2476
f 1384/126/2476 1394/126/2475 1422/126/2474
f 1395/126/2477 1423/126/2477 1420/126/2477
f 1420/126/2477 1393/126/2477 1395/126/2477
f 1424/126/2478 1422/126/2479 1394/126/2480
f 1394/126/2480 1396/126/2479 1424/126/2478
f 1397/126/2481 1425/126/2481 1423/126/2481
f 1423/126/2481 1395/126/2481 1397/126/2481
f 1398/126/2482 1399/126/2482 1426/126/2482
f 1426/126/2482 1427/126/2482 1398/126/2482
f 1400/126/2483 1428/126/2484 1424/126/2485
f 1424/126/2485 1396/126/2484 1400/126/2483
f 1425/126/2486 1397/126/2486 1401/126/2486
f 1401/126/2486 1429/126/2486 1425/126/2486
f 1402/126/2487 1430/126/2487 1426/126/2487
f 1426/126/2487 1399/126/2487 1402/126/2487
f 1428/126/2488 1400/126/2488 1403/126/2488
f 1403/126/2488 1431/126/2488 1428/126/2488
f 1404/126/2489 1432/126/2489 1429/126/2489
f 1429/126/2489 1401/126/2489 1404/126/2489
f 1405/126/2490 1433/126/2490 1430/126/2490
f 1430/126/2490 1402/126/2490 1405/126/2490
f 1434/126/2491 1431/126/2491 1403/126/2491
f 1403/126/2491 1406/126/2491 1434/126/2491
f 1417/126/2492 1432/126/2492 1404/126/2492
f 1404/126/2492 1407/126/2492 1417/126/2492
f 1408/126/2493 1435/126/2493 1433/126/2493
f 1433/126/2493 1405/126/2493 1408/126/2493
f 1409/126/2494 1436/126/2494 1434/126/2494
f 1434/126/2494 1406/126/2494 1409/126/2494
f 1417/126/2495 1407/126/2496 1410/126/2496
f 1410/126/2496 1418/126/2496 1417/126/2495
f 1411/126/2497 1437/126/2497 1435/126/2497
f 1435/126/2497 1408/126/2497 1411/126/2497
f 1427/126/2498 1436/126/2498 1409/126/2498
f 1409/126/2498 1398/126/2498 1427/126/2498
f 1412/126/2499 1438/126/2499 1418/126/2499
f 1418/126/2499 1410/126/2499 1412/126/2499
f 1437/126/2500 1411/126/2501 1413/126/2501
f 1413/126/2501 1439/126/2501 1437/126/2500
f 1438/126/2502 1412/126/2503 1414/126/2503
f 1414/126/2503 1440/126/2503 1438/126/2502
f 1415/126/2504 1441/126/2504 1439/126/2504
f 1439/126/2504 1413/126/2504 1415/126/2504
f 1440/126/2505 1414/126/2506 1354/126/2507
f 1354/126/2507 1442/126/2506 1440/126/2505
f 1443/126/2508 1441/126/2508 1415/126/2508
f 1415/126/2508 1389/126/2508 1443/126/2508
f 1444/126/2509 1442/126/2510 1354/126/2511
f 1354/126/2511 1353/126/2510 1444/126/2509
f 1445/126/2512 1443/126/2512 1389/126/2513
f 1389/126/2513 1388/126/2512 1445/126/2512
f 1390/126/2514 1446/126/2515 1444/126/2516
f 1444/126/2516 1353/126/2517 1390/126/2514
f 1391/126/2518 1447/126/2518 1445/126/2518
f 1445/126/2518 1388/126/2518 1391/126/2518
f 1446/126/2519 1390/126/2520 1387/126/2521
f 1387/126/2521 1386/126/2522 1446/126/2519
f 1391/126/2523 1392/126/2523 1421/126/2524
f 1421/126/2524 1447/126/2523 1391/126/2523
f 1448/126/2525 1449/126/2526 1450/126/2526
f 1450/126/2526 1451/126/2526 1448/126/2525
f 1437/126/2527 1452/126/2528 1453/126/2527
f 1453/126/2527 1435/126/2529 1437/126/2527
f 1436/126/2530 1427/126/2531 1454/126/2531
f 1454/126/2531 1455/126/2532 1436/126/2530
f 1456/126/2533 1419/126/2533 1418/126/2534
f 1418/126/2534 1438/126/2533 1456/126/2533
f 1437/126/2535 1439/126/2535 1457/126/2536
f 1457/126/2536 1452/126/2535 1437/126/2535
f 1440/126/2537 1449/126/2538 1456/126/2539
f 1456/126/2539 1438/126/2540 1440/126/2537
f 1458/126/2541 1457/126/2541 1439/126/2541
f 1439/126/2541 1441/126/2541 1458/126/2541
f 1442/126/2542 1450/126/2542 1449/126/2543
f 1449/126/2543 1440/126/2544 1442/126/2542
f 1443/126/2545 1459/126/2546 1458/126/2547
f 1458/126/2547 1441/126/2548 1443/126/2545
f 1450/126/2549 1442/126/2550 1444/126/2551
f 1444/126/2551 1460/126/2552 1450/126/2549
f 1445/126/2553 1461/126/2554 1459/126/2555
f 1459/126/2555 1443/126/2556 1445/126/2553
f 1446/126/2557 1462/126/2558 1460/126/2559
f 1460/126/2559 1444/126/2558 1446/126/2557
f 1445/126/2560 1447/126/2561 1463/126/2561
f 1463/126/2561 1461/126/2561 1445/126/2560
f 1446/126/2562 1386/126/2562 1464/126/2563
f 1464/126/2563 1462/126/2564 1446/126/2562
f 1421/126/2565 1465/126/2565 1463/126/2565
f 1463/126/2565 1447/126/2565 1421/126/2565
f 1466/126/2566 1464/126/2567 1386/126/2568
f 1386/126/2568 1385/126/2567 1466/126/2566
f 1467/126/2569 1465/126/2570 1421/126/2570
f 1421/126/2570 1420/126/2571 1467/126/2569
f 1466/126/2572 1385/126/2573 1422/126/2573
f 1422/126/2573 1468/126/2573 1466/126/2572
f 1469/126/2574 1467/126/2575 1420/126/2574
f 1420/126/2574 1423/126/2576 1469/126/2574
f 1424/126/2577 1470/126/2578 1468/126/2579
f 1468/126/2579 1422/126/2580 1424/126/2577
f 1423/126/2581 1425/126/2581 1471/126/2581
f 1471/126/2581 1469/126/2581 1423/126/2581
f 1472/126/2582 1454/126/2583 1427/126/2582
f 1427/126/2582 1426/126/2582 1472/126/2582
f 1424/126/2584 1428/126/2585 1473/126/2586
f 1473/126/2586 1470/126/2584 1424/126/2584
f 1472/126/2587 1426/126/2588 1430/126/2587
f 1430/126/2587 1475/126/2589 1472/126/2587
f 1431/126/2590 1476/126/2591 1473/126/2591
f 1473/126/2591 1428/126/2591 1431/126/2590
f 1430/126/2592 1433/126/2592 1478/126/2592
f 1478/126/2592 1475/126/2592 1430/126/2592
f 1479/126/2593 1476/126/2593 1431/126/2593
f 1431/126/2593 1434/126/2594 1479/126/2593
f 1453/126/2595 1478/126/2596 1433/126/2597
f 1433/126/2597 1435/126/2598 1453/126/2595
f 1455/126/2599 1479/126/2600 1434/126/2601
f 1434/126/2601 1436/126/2602 1455/126/2599
f 1480/126/2603 1481/126/2604 1482/126/2604
f 1482/126/2604 1483/126/2604 1480/126/2603
f 1484/126/2605 1458/126/2606 1459/126/2607
f 1459/126/2607 1485/126/2608 1484/126/2605
f 1450/126/2609 1460/126/2610 1486/126/2609
f 1486/126/2609 1451/126/2609 1450/126/2609
f 1487/126/2611 1485/126/2612 1459/126/2613
f 1459/126/2613 1461/126/2614 1487/126/2611
f 1481/126/2615 1486/126/2616 1460/126/2615
f 1460/126/2615 1462/126/2615 1481/126/2615
f 1461/126/2617 1463/126/2618 1488/126/2619
f 1488/126/2619 1487/126/2620 1461/126/2617
f 1464/126/2621 1482/126/2622 1481/126/2623
f 1481/126/2623 1462/126/2622 1464/126/2621
f 1489/126/2624 1488/126/2625 1463/126/2626
f 1463/126/2626 1465/126/2627 1489/126/2624
f 1466/126/2628 1490/126/2629 1482/126/2630
f 1482/126/2630 1464/126/2631 1466/126/2628
f 1467/126/2632 1491/126/2633 1489/126/2634
f 1489/126/2634 1465/126/2635 1467/126/2632
f 1490/126/2636 1466/126/2637 1468/126/2638
f 1468/126/2638 1492/126/2639 1490/126/2636
f 1469/126/2640 1493/126/2640 1491/126/2640
f 1491/126/2640 1467/126/2641 1469/126/2640
f 1492/126/2642 1468/126/2643 1470/126/2642
f 1470/126/2642 1494/126/2644 1492/126/2642
f 1493/126/2645 1469/126/2646 1471/126/2647
f 1471/126/2647 1495/126/2648 1493/126/2645
f 1496/126/2649 1497/126/2650 1454/126/2650
f 1454/126/2650 1472/126/2650 1496/126/2649
f 1470/126/2651 1473/126/2651 1498/126/2652
f 1498/126/2652 1494/126/2653 1470/126/2651
f 1499/126/2654 1495/126/2655 1471/126/2656
f 1471/126/2656 1474/126/2657 1499/126/2654
f 1500/126/2658 1496/126/2659 1472/126/2660
f 1472/126/2660 1475/126/2661 1500/126/2658
f 1501/126/2662 1498/126/2662 1473/126/2662
f 1473/126/2662 1476/126/2662 1501/126/2662
f 1474/126/2663 1477/126/2664 1502/126/2665
f 1502/126/2665 1499/126/2663 1474/126/2663
f 1478/126/2666 1503/126/2667 1500/126/2668
f 1500/126/2668 1475/126/2668 1478/126/2666
f 1479/126/2669 1504/126/2670 1501/126/2671
f 1501/126/2671 1476/126/2672 1479/126/2669
f 1505/126/2673 1502/126/2674 1477/126/2673
f 1477/126/2673 1416/126/2675 1505/126/2673
f 1503/126/2676 1478/126/2677 1453/126/2678
f 1453/126/2678 1506/126/2679 1503/126/2676
f 1455/126/2680 1507/126/2681 1504/126/2680
f 1504/126/2680 1479/126/2680 1455/126/2680
f 1419/126/2682 1508/126/2683 1505/126/2684
f 1505/126/2684 1416/126/2684 1419/126/2682
f 1509/126/2685 1506/126/2686 1453/126/2687
f 1453/126/2687 1452/126/2688 1509/126/2685
f 1507/126/2689 1455/126/2689 1454/126/2690
f 1454/126/2690 1497/126/2689 1507/126/2689
f 1456/126/2691 1510/126/2692 1508/126/2691
f 1508/126/2691 1419/126/2691 1456/126/2691
f 1457/126/2693 1511/126/2694 1509/126/2695
f 1509/126/2695 1452/126/2696 1457/126/2693
f 1510/126/2697 1456/126/2698 1449/126/2697
f 1449/126/2697 1448/126/2698 1510/126/2697
f 1458/126/2699 1484/126/2700 1511/126/2701
f 1511/126/2701 1457/126/2699 1458/126/2699
f 1523/126/2702 1483/126/2703 1482/126/2703
f 1482/126/2703 1490/126/2703 1523/126/2702
f 1490/126/2704 1492/126/2705 1524/126/2705
f 1524/126/2705 1523/126/2705 1490/126/2704
f 1525/126/2706 1524/126/2707 1492/126/2708
f 1492/126/2708 1494/126/2707 1525/126/2706
f 1512/126/2709 1530/126/2709 1497/126/2709
f 1497/126/2709 1496/126/2709 1512/126/2709
f 1498/126/2710 1526/126/2710 1525/126/2710
f 1525/126/2710 1494/126/2710 1498/126/2710
f 1496/126/2711 1500/126/2711 1513/126/2711
f 1513/126/2711 1512/126/2711 1496/126/2711
f 1501/126/2712 1527/126/2713 1526/126/2713
f 1526/126/2713 1498/126/2713 1501/126/2712
f 1502/126/2714 1516/126/2714 1515/126/2714
f 1515/126/2714 1499/126/2714 1502/126/2714
f 1514/126/2715 1513/126/2715 1500/126/2715
f 1500/126/2715 1503/126/2715 1514/126/2715
f 1527/126/2716 1501/126/2716 1504/126/2716
f 1504/126/2716 1528/126/2716 1527/126/2716
f 1505/126/2717 1517/126/2717 1516/126/2717
f 1516/126/2717 1502/126/2717 1505/126/2717
f 1529/126/2718 1528/126/2718 1504/126/2718
f 1504/126/2718 1507/126/2718 1529/126/2718
f 1517/126/2719 1505/126/2719 1508/126/2719
f 1508/126/2719 1518/126/2719 1517/126/2719
f 1497/126/2720 1530/126/2720 1529/126/2720
f 1529/126/2720 1507/126/2720 1497/126/2720
f 1519/126/2721 1518/126/2721 1508/126/2721
f 1508/126/2721 1510/126/2721 1519/126/2721
f 1510/126/2722 1448/126/2722 1520/126/2722
f 1520/126/2722 1519/126/2722 1510/126/2722
f 1521/126/2723 1520/126/2723 1448/126/2723
f 1448/126/2723 1451/126/2723 1521/126/2723
f 1486/126/2724 1522/126/2725 1521/126/2725
f 1521/126/2725 1451/126/2725 1486/126/2724
f 1481/126/2726 1480/126/2727 1522/126/2727
f 1522/126/2727 1486/126/2727 1481/126/2726
o C_rculo_017_C_rculo_018.001
v 0.083353 0.416835 0.391807
v 0.013454 0.416835 0.384907
v -0.053746 0.416835 0.364507
v -0.115646 0.416835 0.331407
v -0.169946 0.416835 0.286907
v -0.214446 0.416835 0.232607
v -0.247546 0.416835 0.170707
v -0.267947 0.416835 0.103507
v -0.274846 0.416835 0.033607
v -0.267947 0.416835 -0.036293
v -0.247546 0.416835 -0.103393
v -0.214446 0.416835 -0.165393
v -0.169946 0.416835 -0.219593
v -0.115646 0.416835 -0.264193
v -0.053746 0.416835 -0.297293
v 0.013454 0.416835 -0.317693
v 0.083353 0.416835 -0.324493
v 0.153254 0.416835 -0.317693
v 0.220354 0.416835 -0.297293
v 0.282353 0.416835 -0.264193
v 0.336554 0.416835 -0.219593
v 0.381154 0.416835 -0.165393
v 0.414254 0.416835 -0.103393
v 0.434653 0.416835 -0.036293
v 0.441454 0.416835 0.033607
v 0.434653 0.416835 0.103507
v 0.414254 0.416835 0.170707
v 0.381154 0.416835 0.232607
v 0.336554 0.416835 0.286907
v 0.153254 0.416835 0.384907
v 0.282353 0.416835 0.331407
v 0.220354 0.416835 0.364507
v 0.351054 0.385935 0.301407
v 0.351054 0.351135 0.301407
v 0.293654 0.351135 0.348507
v 0.293654 0.385935 0.348507
v 0.461953 0.385935 0.033607
v 0.454753 0.385935 -0.040293
v -0.288046 0.385935 -0.040293
v -0.266547 0.385935 -0.111293
v 0.433154 0.385935 -0.111293
v -0.295346 0.385935 0.033607
v 0.398154 0.385935 -0.176793
v -0.288046 0.385935 0.107507
v 0.351054 0.385935 -0.234093
v -0.266547 0.385935 0.178507
v 0.293654 0.385935 -0.281193
v -0.231546 0.385935 0.244007
v 0.228254 0.385935 -0.316193
v 0.083353 0.385935 0.412307
v 0.157253 0.385935 0.405007
v -0.184446 0.385935 0.301407
v 0.157253 0.385935 -0.337793
v 0.228254 0.385935 0.383407
v -0.127046 0.385935 0.348507
v 0.083353 0.385935 -0.344993
v -0.061546 0.385935 0.383407
v 0.009454 0.385935 -0.337793
v 0.009454 0.385935 0.405007
v -0.061546 0.385935 -0.316193
v 0.398154 0.385935 0.244007
v -0.127046 0.385935 -0.281193
v 0.433154 0.385935 0.178507
v -0.184446 0.385935 -0.234093
v 0.454753 0.385935 0.107507
v -0.231546 0.385935 -0.176793
v 0.157253 0.351135 0.405007
v 0.228254 0.351135 0.383407
v 0.398154 0.351135 0.244007
v 0.433154 0.351135 0.178507
v 0.454753 0.351135 0.107507
v 0.461953 0.351135 0.033607
v 0.454753 0.351135 -0.040293
v 0.433154 0.351135 -0.111293
v 0.398154 0.351135 -0.176793
v 0.351054 0.351135 -0.234093
v 0.293654 0.351135 -0.281193
v 0.228254 0.351135 -0.316193
v 0.157253 0.351135 -0.337793
v 0.083353 0.351135 -0.344993
v 0.009454 0.351135 -0.337793
v -0.061546 0.351135 -0.316193
v -0.127046 0.351135 -0.281193
v -0.184446 0.351135 -0.234093
v -0.231546 0.351135 -0.176793
v -0.266547 0.351135 -0.111293
v -0.288046 0.351135 -0.040293
v -0.295346 0.351135 0.033607
v -0.288046 0.351135 0.107507
v -0.266547 0.351135 0.178507
v -0.231546 0.351135 0.244007
v -0.184446 0.351135 0.301407
v -0.127046 0.351135 0.348507
v -0.061546 0.351135 0.383407
v 0.009454 0.351135 0.405007
v 0.083353 0.351135 0.412307
vn -0.0000 -1.0000 -0.0000
vn -0.6343 -0.0000 -0.7731
vn -0.8308 -0.5505 0.0818
vn -0.8308 -0.5505 0.0817
vn -0.8308 -0.5505 0.0816
vn 0.7989 -0.5505 0.2424
vn 0.7989 -0.5504 0.2424
vn 0.7989 -0.5505 0.2423
vn -0.7989 -0.5505 0.2423
vn -0.7989 -0.5505 0.2422
vn 0.8305 -0.5509 0.0820
vn 0.8307 -0.5507 0.0819
vn 0.8306 -0.5509 0.0820
vn -0.7361 -0.5507 0.3935
vn -0.7361 -0.5508 0.3935
vn -0.7363 -0.5507 0.3932
vn -0.7362 -0.5507 0.3934
vn 0.8307 -0.5507 -0.0819
vn 0.8308 -0.5505 -0.0818
vn 0.8308 -0.5506 -0.0818
vn -0.6453 -0.5505 0.5296
vn -0.6452 -0.5506 0.5296
vn -0.6453 -0.5505 0.5297
vn -0.6454 -0.5505 0.5296
vn 0.7988 -0.5506 -0.2423
vn 0.7986 -0.5509 -0.2424
vn -0.5296 -0.5505 0.6453
vn 0.7362 -0.5506 -0.3935
vn 0.7362 -0.5507 -0.3935
vn 0.7362 -0.5505 -0.3935
vn -0.3935 -0.5506 0.7362
vn -0.3936 -0.5506 0.7361
vn -0.3935 -0.5505 0.7363
vn -0.0818 -0.5506 -0.8308
vn -0.0818 -0.5505 -0.8308
vn 0.6453 -0.5506 -0.5296
vn 0.6453 -0.5505 -0.5296
vn -0.2424 -0.5505 0.7989
vn -0.2423 -0.5505 0.7989
vn -0.2424 -0.5505 0.7988
vn -0.2425 -0.5505 0.7988
vn -0.2425 -0.5506 -0.7988
vn -0.2423 -0.5505 -0.7989
vn -0.2425 -0.5505 -0.7988
vn -0.2430 -0.5506 -0.7986
vn 0.5296 -0.5505 -0.6453
vn 0.5297 -0.5505 -0.6453
vn -0.0817 -0.5505 0.8308
vn -0.0818 -0.5505 0.8308
vn -0.3934 -0.5507 -0.7362
vn -0.3935 -0.5506 -0.7362
vn -0.3932 -0.5508 -0.7362
vn 0.3934 -0.5505 -0.7363
vn 0.3935 -0.5505 -0.7363
vn 0.3935 -0.5506 -0.7362
vn 0.3935 -0.5507 -0.7362
vn 0.0818 -0.5505 0.8308
vn 0.0815 -0.5506 0.8308
vn -0.5296 -0.5505 -0.6453
vn -0.5296 -0.5507 -0.6452
vn -0.5295 -0.5507 -0.6452
vn -0.5295 -0.5507 -0.6453
vn 0.2422 -0.5505 -0.7989
vn 0.2423 -0.5505 -0.7989
vn 0.2422 -0.5506 -0.7988
vn 0.2423 -0.5505 0.7989
vn 0.2426 -0.5506 0.7987
vn -0.6452 -0.5506 -0.5296
vn -0.6454 -0.5505 -0.5296
vn -0.6453 -0.5505 -0.5296
vn 0.0820 -0.5509 -0.8305
vn 0.0820 -0.5510 -0.8305
vn 0.0818 -0.5505 -0.8308
vn 0.3936 -0.5502 0.7364
vn 0.3935 -0.5503 0.7364
vn 0.3935 -0.5504 0.7363
vn 0.3936 -0.5504 0.7363
vn -0.7364 -0.5503 -0.3936
vn -0.7364 -0.5503 -0.3935
vn -0.7364 -0.5502 -0.3936
vn -0.7363 -0.5504 -0.3936
vn 0.5298 -0.5504 0.6453
vn 0.5296 -0.5505 0.6453
vn 0.5299 -0.5504 0.6452
vn -0.7989 -0.5505 -0.2423
vn -0.7989 -0.5505 -0.2422
vn -0.7989 -0.5504 -0.2424
vn 0.6453 -0.5505 0.5296
vn 0.6453 -0.5506 0.5296
vn 0.6454 -0.5505 0.5296
vn 0.6454 -0.5504 0.5296
vn -0.8308 -0.5506 -0.0816
vn -0.8308 -0.5505 -0.0817
vn -0.8308 -0.5505 -0.0818
vn 0.7362 -0.5506 0.3935
vn 0.7363 -0.5505 0.3935
vn -0.0000 1.0000 -0.0000
vn 0.2905 -0.0000 -0.9569
vn 0.2906 -0.0000 -0.9568
vn 0.2903 -0.0000 -0.9569
vn 0.2904 -0.0000 0.9569
vn 0.2903 -0.0000 0.9569
vn 0.2905 -0.0000 0.9569
vn -0.7731 -0.0000 -0.6343
vn 0.0983 -0.0000 -0.9952
vn 0.4713 -0.0000 0.8820
vn -0.8820 -0.0000 -0.4713
vn 0.6343 -0.0000 0.7731
vn -0.9569 -0.0000 -0.2904
vn -0.9569 -0.0000 -0.2903
vn 0.7731 -0.0000 0.6343
vn 0.7729 -0.0000 0.6346
vn -0.9952 -0.0000 -0.0979
vn -0.9952 -0.0000 -0.0980
vn 0.8820 -0.0000 0.4713
vn -0.9952 -0.0000 0.0979
vn -0.9952 -0.0000 0.0978
vn -0.9952 -0.0000 0.0980
vn 0.9571 -0.0000 0.2898
vn 0.9569 -0.0000 0.2903
vn -0.9569 -0.0000 0.2905
vn -0.9568 -0.0000 0.2906
vn 0.9952 -0.0000 0.0980
vn 0.9952 -0.0000 0.0983
vn -0.8820 -0.0000 0.4713
vn 0.9952 -0.0000 -0.0980
vn 0.9952 -0.0000 -0.0983
vn -0.7731 -0.0000 0.6343
vn -0.7729 -0.0000 0.6346
vn 0.9571 -0.0000 -0.2898
vn 0.9569 -0.0000 -0.2903
vn -0.6343 -0.0000 0.7731
vn 0.8820 -0.0000 -0.4713
vn -0.4718 -0.0000 0.8817
vn -0.0983 -0.0000 -0.9952
vn 0.7731 -0.0000 -0.6343
vn -0.2905 -0.0000 0.9569
vn -0.2906 -0.0000 0.9568
vn -0.2902 -0.0000 -0.9570
vn -0.2903 -0.0000 -0.9569
vn 0.6343 -0.0000 -0.7731
vn -0.0979 -0.0000 0.9952
vn -0.4713 -0.0000 -0.8820
vn -0.4712 -0.0000 -0.8820
vn -0.4711 -0.0000 -0.8821
vn 0.4714 -0.0000 -0.8819
vn 0.4715 -0.0000 -0.8819
vn 0.0979 -0.0000 0.9952
vt 0.000000 0.000000
s 1
usemtl Goddard_None
f 1531/127/2728 1532/127/2728 1533/127/2728
f 1533/127/2728 1534/127/2728 1535/127/2728
f 1531/127/2728 1533/127/2728 1535/127/2728
f 1535/127/2728 1536/127/2728 1537/127/2728
f 1537/127/2728 1538/127/2728 1539/127/2728
f 1535/127/2728 1537/127/2728 1539/127/2728
f 1531/127/2728 1535/127/2728 1539/127/2728
f 1539/127/2728 1540/127/2728 1541/127/2728
f 1541/127/2728 1542/127/2728 1543/127/2728
f 1539/127/2728 1541/127/2728 1543/127/2728
f 1543/127/2728 1544/127/2728 1545/127/2728
f 1545/127/2728 1546/127/2728 1547/127/2728
f 1543/127/2728 1545/127/2728 1547/127/2728
f 1539/127/2728 1543/127/2728 1547/127/2728
f 1547/127/2728 1548/127/2728 1549/127/2728
f 1549/127/2728 1550/127/2728 1551/127/2728
f 1547/127/2728 1549/127/2728 1551/127/2728
f 1551/127/2728 1552/127/2728 1553/127/2728
f 1553/127/2728 1554/127/2728 1555/127/2728
f 1551/127/2728 1553/127/2728 1555/127/2728
f 1547/127/2728 1551/127/2728 1555/127/2728
f 1539/127/2728 1547/127/2728 1555/127/2728
f 1531/127/2728 1539/127/2728 1555/127/2728
f 1556/127/2728 1557/127/2728 1558/127/2728
f 1555/127/2728 1556/127/2728 1558/127/2728
f 1555/127/2728 1558/127/2728 1559/127/2728
f 1531/127/2728 1555/127/2728 1559/127/2728
f 1560/127/2728 1531/127/2728 1559/127/2728
f 1560/127/2728 1559/127/2728 1561/127/2728
f 1560/127/2728 1561/127/2728 1562/127/2728
f 1563/127/2729 1564/127/2729 1565/127/2729
f 1565/127/2729 1566/127/2729 1563/127/2729
f 1567/127/2730 1555/127/2730 1554/127/2731
f 1554/127/2731 1568/127/2732 1567/127/2730
f 1540/127/2733 1569/127/2734 1570/127/2733
f 1570/127/2733 1541/127/2735 1540/127/2733
f 1554/127/2736 1553/127/2736 1571/127/2736
f 1571/127/2736 1568/127/2737 1554/127/2736
f 1539/127/2738 1572/127/2739 1569/127/2738
f 1569/127/2738 1540/127/2740 1539/127/2738
f 1552/127/2741 1573/127/2742 1571/127/2743
f 1571/127/2743 1553/127/2744 1552/127/2741
f 1538/127/2745 1574/127/2746 1572/127/2747
f 1572/127/2747 1539/127/2745 1538/127/2745
f 1551/127/2748 1575/127/2749 1573/127/2750
f 1573/127/2750 1552/127/2751 1551/127/2748
f 1537/127/2752 1576/127/2752 1574/127/2752
f 1574/127/2752 1538/127/2753 1537/127/2752
f 1550/127/2754 1577/127/2754 1575/127/2754
f 1575/127/2754 1551/127/2754 1550/127/2754
f 1536/127/2755 1578/127/2756 1576/127/2755
f 1576/127/2755 1537/127/2757 1536/127/2755
f 1549/127/2758 1579/127/2759 1577/127/2758
f 1577/127/2758 1550/127/2760 1549/127/2758
f 1580/127/2761 1531/127/2762 1560/127/2761
f 1560/127/2761 1581/127/2762 1580/127/2761
f 1535/127/2763 1582/127/2763 1578/127/2764
f 1578/127/2764 1536/127/2764 1535/127/2763
f 1548/127/2765 1583/127/2766 1579/127/2767
f 1579/127/2767 1549/127/2768 1548/127/2765
f 1581/127/2769 1560/127/2770 1562/127/2771
f 1562/127/2771 1584/127/2772 1581/127/2769
f 1534/127/2773 1585/127/2773 1582/127/2773
f 1582/127/2773 1535/127/2774 1534/127/2773
f 1547/127/2775 1586/127/2776 1583/127/2775
f 1583/127/2775 1548/127/2776 1547/127/2775
f 1584/127/2777 1562/127/2778 1561/127/2778
f 1561/127/2778 1566/127/2779 1584/127/2777
f 1533/127/2780 1587/127/2781 1585/127/2782
f 1585/127/2782 1534/127/2783 1533/127/2780
f 1546/127/2784 1588/127/2785 1586/127/2784
f 1586/127/2784 1547/127/2784 1546/127/2784
f 1561/127/2786 1559/127/2787 1563/127/2788
f 1563/127/2788 1566/127/2789 1561/127/2786
f 1532/127/2790 1589/127/2791 1587/127/2791
f 1587/127/2791 1533/127/2792 1532/127/2790
f 1545/127/2793 1590/127/2793 1588/127/2794
f 1588/127/2794 1546/127/2793 1545/127/2793
f 1558/127/2795 1591/127/2796 1563/127/2797
f 1563/127/2797 1559/127/2795 1558/127/2795
f 1532/127/2798 1531/127/2799 1580/127/2798
f 1580/127/2798 1589/127/2800 1532/127/2798
f 1544/127/2801 1592/127/2802 1590/127/2803
f 1590/127/2803 1545/127/2804 1544/127/2801
f 1593/127/2805 1591/127/2806 1558/127/2807
f 1558/127/2807 1557/127/2808 1593/127/2805
f 1543/127/2809 1594/127/2810 1592/127/2809
f 1592/127/2809 1544/127/2811 1543/127/2809
f 1556/127/2812 1595/127/2813 1593/127/2814
f 1593/127/2814 1557/127/2812 1556/127/2812
f 1542/127/2815 1596/127/2816 1594/127/2817
f 1594/127/2817 1543/127/2818 1542/127/2815
f 1567/127/2819 1595/127/2820 1556/127/2820
f 1556/127/2820 1555/127/2821 1567/127/2819
f 1541/127/2822 1570/127/2823 1596/127/2822
f 1596/127/2822 1542/127/2822 1541/127/2822
f 1597/127/2824 1598/127/2824 1565/127/2824
f 1565/127/2824 1564/127/2824 1599/127/2824
f 1597/127/2824 1565/127/2824 1599/127/2824
f 1599/127/2824 1600/127/2824 1601/127/2824
f 1599/127/2824 1601/127/2824 1602/127/2824
f 1617/127/2824 1618/127/2824 1619/127/2824
f 1619/127/2824 1620/127/2824 1621/127/2824
f 1621/127/2824 1622/127/2824 1623/127/2824
f 1623/127/2824 1624/127/2824 1625/127/2824
f 1623/127/2824 1625/127/2824 1626/127/2824
f 1597/127/2824 1603/127/2824 1626/127/2824
f 1589/127/2825 1625/127/2825 1624/127/2826
f 1624/127/2826 1587/127/2827 1589/127/2825
f 1590/127/2828 1612/127/2829 1611/127/2830
f 1611/127/2830 1588/127/2830 1590/127/2828
f 1591/127/2831 1599/127/2831 1564/127/2831
f 1564/127/2831 1563/127/2831 1591/127/2831
f 1589/127/2832 1580/127/2832 1626/127/2832
f 1626/127/2832 1625/127/2832 1589/127/2832
f 1592/127/2833 1613/127/2833 1612/127/2833
f 1612/127/2833 1590/127/2833 1592/127/2833
f 1593/127/2834 1600/127/2834 1599/127/2834
f 1599/127/2834 1591/127/2834 1593/127/2834
f 1594/127/2835 1614/127/2835 1613/127/2835
f 1613/127/2835 1592/127/2835 1594/127/2835
f 1595/127/2836 1601/127/2837 1600/127/2836
f 1600/127/2836 1593/127/2837 1595/127/2836
f 1596/127/2838 1615/127/2839 1614/127/2838
f 1614/127/2838 1594/127/2838 1596/127/2838
f 1567/127/2840 1602/127/2840 1601/127/2840
f 1601/127/2840 1595/127/2841 1567/127/2840
f 1570/127/2842 1616/127/2842 1615/127/2842
f 1615/127/2842 1596/127/2842 1570/127/2842
f 1568/127/2843 1603/127/2844 1602/127/2843
f 1602/127/2843 1567/127/2845 1568/127/2843
f 1569/127/2846 1617/127/2846 1616/127/2846
f 1616/127/2846 1570/127/2847 1569/127/2846
f 1571/127/2848 1604/127/2849 1603/127/2848
f 1603/127/2848 1568/127/2849 1571/127/2848
f 1572/127/2850 1618/127/2850 1617/127/2850
f 1617/127/2850 1569/127/2851 1572/127/2850
f 1573/127/2852 1605/127/2852 1604/127/2852
f 1604/127/2852 1571/127/2852 1573/127/2852
f 1574/127/2853 1619/127/2853 1618/127/2853
f 1618/127/2853 1572/127/2854 1574/127/2853
f 1575/127/2855 1606/127/2855 1605/127/2855
f 1605/127/2855 1573/127/2856 1575/127/2855
f 1576/127/2857 1620/127/2857 1619/127/2857
f 1619/127/2857 1574/127/2858 1576/127/2857
f 1577/127/2859 1607/127/2859 1606/127/2859
f 1606/127/2859 1575/127/2859 1577/127/2859
f 1578/127/2860 1621/127/2860 1620/127/2860
f 1620/127/2860 1576/127/2860 1578/127/2860
f 1579/127/2861 1608/127/2861 1607/127/2861
f 1607/127/2861 1577/127/2861 1579/127/2861
f 1581/127/2862 1597/127/2862 1626/127/2862
f 1626/127/2862 1580/127/2862 1581/127/2862
f 1582/127/2863 1622/127/2863 1621/127/2863
f 1621/127/2863 1578/127/2863 1582/127/2863
f 1583/127/2864 1609/127/2865 1608/127/2865
f 1608/127/2865 1579/127/2865 1583/127/2864
f 1584/127/2866 1598/127/2867 1597/127/2867
f 1597/127/2867 1581/127/2866 1584/127/2866
f 1585/127/2868 1623/127/2868 1622/127/2868
f 1622/127/2868 1582/127/2868 1585/127/2868
f 1586/127/2869 1610/127/2869 1609/127/2869
f 1609/127/2869 1583/127/2869 1586/127/2869
f 1566/127/2870 1565/127/2871 1598/127/2870
f 1598/127/2870 1584/127/2872 1566/127/2870
f 1587/127/2873 1624/127/2874 1623/127/2873
f 1623/127/2873 1585/127/2874 1587/127/2873
f 1588/127/2875 1611/127/2875 1610/127/2875
f 1610/127/2875 1586/127/2875 1588/127/2875
o C_rculo_019_C_rculo_020.001
v 0.082653 0.174335 0.510907
v -0.010846 0.174335 0.501707
v -0.100746 0.174335 0.474407
v -0.183646 0.174335 0.430107
v -0.256246 0.174335 0.370507
v -0.315846 0.174335 0.297907
v -0.360146 0.174335 0.215007
v -0.387446 0.174335 0.125107
v -0.396646 0.174335 0.031607
v -0.387446 0.174335 -0.061893
v -0.360146 0.174335 -0.151893
v -0.315846 0.174335 -0.234693
v -0.256246 0.174335 -0.307393
v -0.183646 0.174335 -0.366993
v -0.100746 0.174335 -0.411293
v -0.010846 0.174335 -0.438593
v 0.082653 0.174335 -0.447793
v 0.176254 0.174335 -0.438593
v 0.266154 0.174335 -0.411293
v 0.421654 0.174335 -0.307393
v 0.481254 0.174335 -0.234693
v 0.525554 0.174335 -0.151893
v 0.552854 0.174335 -0.061893
v 0.562054 0.174335 0.031607
v 0.552854 0.174335 0.125107
v 0.525554 0.174335 0.215007
v 0.481254 0.174335 0.297907
v 0.421654 0.174335 0.370507
v 0.176254 0.174335 0.501707
v 0.348954 0.174335 0.430107
v 0.266154 0.174335 0.474407
v -0.422246 0.152935 0.132007
v -0.422246 0.052135 0.132007
v -0.432146 0.052135 0.031607
v -0.432146 0.152935 0.031607
v -0.114347 0.152935 0.507207
v -0.203347 0.152935 0.459707
v -0.017746 0.152935 -0.473393
v 0.082653 0.152935 -0.483293
v 0.446754 0.152935 0.395607
v 0.368754 0.152935 0.459707
v -0.017746 0.152935 0.536507
v -0.114347 0.152935 -0.444093
v 0.510754 0.152935 0.317607
v 0.082653 0.152935 0.546407
v -0.203347 0.152935 -0.396493
v 0.558354 0.152935 0.228607
v -0.281346 0.152935 -0.332493
v 0.587654 0.152935 0.132007
v -0.345346 0.152935 -0.254493
v 0.597554 0.152935 0.031607
v -0.392947 0.152935 -0.165393
v 0.587654 0.152935 -0.068893
v -0.422246 0.152935 -0.068893
v 0.558354 0.152935 -0.165393
v 0.510754 0.152935 -0.254493
v 0.446754 0.152935 -0.332493
v -0.392947 0.152935 0.228607
v 0.368754 0.152935 -0.396493
v -0.345346 0.152935 0.317607
v 0.279754 0.152935 -0.444093
v 0.183154 0.152935 0.536507
v -0.281346 0.152935 0.395607
v 0.183154 0.152935 -0.473393
v 0.279754 0.152935 0.507207
v 0.183154 0.052135 0.536507
v 0.279754 0.052135 0.507207
v 0.368754 0.052135 0.459707
v 0.446754 0.052135 0.395607
v 0.510754 0.052135 0.317607
v 0.558354 0.052135 0.228607
v 0.587654 0.052135 0.132007
v 0.597554 0.052135 0.031607
v 0.587654 0.052135 -0.068893
v 0.558354 0.052135 -0.165393
v 0.510754 0.052135 -0.254493
v 0.446754 0.052135 -0.332493
v 0.368754 0.052135 -0.396493
v 0.279754 0.052135 -0.444093
v 0.183154 0.052135 -0.473393
v 0.082653 0.052135 -0.483293
v -0.017746 0.052135 -0.473393
v -0.114347 0.052135 -0.444093
v -0.203347 0.052135 -0.396493
v -0.281346 0.052135 -0.332493
v -0.345346 0.052135 -0.254493
v -0.392947 0.052135 -0.165393
v -0.422246 0.052135 -0.068893
v -0.392947 0.052135 0.228607
v -0.345346 0.052135 0.317607
v -0.281346 0.052135 0.395607
v -0.203347 0.052135 0.459707
v -0.114347 0.052135 0.507207
v -0.017746 0.052135 0.536507
v 0.082653 0.052135 0.546407
vn -0.0000 -1.0000 -0.0000
vn 0.9952 -0.0000 -0.0981
vn 0.9952 -0.0000 -0.0977
vn 0.2440 -0.8557 -0.4564
vn 0.2440 -0.8555 -0.4567
vn 0.2439 -0.8556 -0.4565
vn 0.2439 -0.8557 -0.4564
vn 0.0507 -0.8556 0.5152
vn 0.0508 -0.8554 0.5154
vn 0.0507 -0.8557 0.5150
vn -0.3283 -0.8556 -0.4001
vn -0.3284 -0.8555 -0.4003
vn -0.3283 -0.8557 -0.3999
vn 0.1502 -0.8557 -0.4953
vn 0.1502 -0.8557 0.4952
vn 0.1502 -0.8557 0.4953
vn 0.1502 -0.8557 0.4951
vn -0.4001 -0.8557 -0.3283
vn -0.4000 -0.8557 -0.3283
vn -0.4000 -0.8557 -0.3282
vn -0.4001 -0.8556 -0.3283
vn 0.0507 -0.8556 -0.5151
vn 0.0507 -0.8556 -0.5152
vn 0.0507 -0.8555 -0.5153
vn 0.2440 -0.8556 0.4565
vn 0.2440 -0.8557 0.4563
vn 0.2441 -0.8554 0.4569
vn -0.4566 -0.8556 -0.2440
vn -0.4564 -0.8557 -0.2440
vn -0.4565 -0.8556 -0.2440
vn 0.3283 -0.8557 0.4001
vn 0.3283 -0.8556 0.4001
vn -0.4954 -0.8556 -0.1503
vn -0.4953 -0.8556 -0.1502
vn -0.4957 -0.8554 -0.1505
vn 0.4003 -0.8555 0.3284
vn 0.3999 -0.8558 0.3281
vn 0.4001 -0.8557 0.3282
vn 0.4004 -0.8555 0.3284
vn -0.5151 -0.8556 -0.0507
vn -0.5152 -0.8556 -0.0507
vn -0.5150 -0.8557 -0.0507
vn 0.4565 -0.8556 0.2440
vn 0.4567 -0.8555 0.2441
vn 0.4566 -0.8555 0.2441
vn 0.4566 -0.8555 0.2443
vn -0.5151 -0.8557 0.0507
vn -0.5151 -0.8556 0.0507
vn 0.4953 -0.8556 0.1502
vn 0.4951 -0.8557 0.1502
vn 0.4955 -0.8555 0.1502
vn -0.4953 -0.8556 0.1502
vn -0.4953 -0.8557 0.1502
vn -0.4954 -0.8556 0.1503
vn -0.4955 -0.8555 0.1504
vn 0.5151 -0.8557 0.0507
vn 0.5149 -0.8558 0.0507
vn 0.5151 -0.8556 0.0507
vn 0.5153 -0.8555 0.0507
vn -0.4563 -0.8557 0.2440
vn -0.4564 -0.8557 0.2440
vn 0.5153 -0.8555 -0.0507
vn 0.5154 -0.8555 -0.0507
vn 0.5152 -0.8556 -0.0507
vn -0.4002 -0.8556 0.3283
vn -0.4001 -0.8557 0.3282
vn -0.4000 -0.8557 0.3283
vn 0.4953 -0.8556 -0.1502
vn 0.4952 -0.8557 -0.1502
vn 0.4953 -0.8557 -0.1502
vn 0.4566 -0.8556 -0.2441
vn 0.4564 -0.8557 -0.2440
vn 0.4566 -0.8556 -0.2440
vn -0.0507 -0.8556 -0.5152
vn -0.0507 -0.8556 -0.5151
vn -0.0507 -0.8557 -0.5150
vn -0.0507 -0.8554 -0.5154
vn 0.4001 -0.8557 -0.3283
vn 0.4000 -0.8557 -0.3283
vn 0.4000 -0.8557 -0.3282
vn -0.1502 -0.8557 -0.4953
vn -0.1501 -0.8557 -0.4952
vn 0.3287 -0.8556 -0.4000
vn 0.3286 -0.8556 -0.3999
vn 0.3285 -0.8556 -0.4001
vn 0.3283 -0.8556 -0.4001
vn -0.0507 -0.8556 0.5151
vn -0.0507 -0.8555 0.5153
vn -0.0507 -0.8556 0.5152
vn -0.2441 -0.8555 -0.4566
vn -0.2440 -0.8557 -0.4564
vn -0.2436 -0.8559 -0.4562
vn -0.2434 -0.8560 -0.4561
vn -0.0000 1.0000 -0.0000
vn -0.7731 -0.0000 0.6343
vn 0.9569 -0.0000 -0.2903
vn -0.6343 -0.0000 0.7731
vn 0.8818 -0.0000 -0.4716
vn -0.4716 -0.0000 0.8818
vn -0.0980 -0.0000 -0.9952
vn 0.7731 -0.0000 -0.6343
vn -0.2903 -0.0000 0.9569
vn -0.2903 -0.0000 -0.9569
vn 0.6344 -0.0000 -0.7730
vn -0.0980 -0.0000 0.9952
vn -0.4708 -0.0000 -0.8822
vn -0.4711 -0.0000 -0.8821
vn 0.4714 -0.0000 -0.8819
vn 0.4711 -0.0000 -0.8821
vn 0.4713 -0.0000 -0.8820
vn 0.0981 -0.0000 0.9952
vn -0.6342 -0.0000 -0.7731
vn -0.6342 -0.0000 -0.7732
vn 0.2903 -0.0000 -0.9569
vn 0.2903 -0.0000 0.9569
vn -0.7731 -0.0000 -0.6343
vn 0.0981 -0.0000 -0.9952
vn 0.0977 -0.0000 -0.9952
vn 0.4716 -0.0000 0.8818
vn -0.8818 -0.0000 -0.4716
vn 0.6343 -0.0000 0.7731
vn -0.9569 -0.0000 -0.2903
vn 0.7731 -0.0000 0.6343
vn -0.9952 -0.0000 -0.0981
vn 0.8820 -0.0000 0.4712
vn -0.9952 -0.0000 0.0980
vn 0.9569 -0.0000 0.2905
vn -0.9569 -0.0000 0.2905
vn 0.9952 -0.0000 0.0980
vn -0.8820 -0.0000 0.4712
vt 0.000000 0.000000
s 1
usemtl Goddard_None
f 1627/128/2876 1628/128/2876 1629/128/2876
f 1629/128/2876 1630/128/2876 1631/128/2876
f 1627/128/2876 1629/128/2876 1631/128/2876
f 1631/128/2876 1632/128/2876 1633/128/2876
f 1633/128/2876 1634/128/2876 1635/128/2876
f 1631/128/2876 1633/128/2876 1635/128/2876
f 1627/128/2876 1631/128/2876 1635/128/2876
f 1635/128/2876 1636/128/2876 1637/128/2876
f 1637/128/2876 1638/128/2876 1639/128/2876
f 1635/128/2876 1637/128/2876 1639/128/2876
f 1639/128/2876 1640/128/2876 1641/128/2876
f 1641/128/2876 1642/128/2876 1643/128/2876
f 1639/128/2876 1641/128/2876 1643/128/2876
f 1643/128/2876 1644/128/2876 1645/128/2876
f 1646/128/2876 1647/128/2876 1648/128/2876
f 1648/128/2876 1649/128/2876 1650/128/2876
f 1646/128/2876 1648/128/2876 1650/128/2876
f 1627/128/2876 1635/128/2876 1650/128/2876
f 1651/128/2876 1652/128/2876 1653/128/2876
f 1650/128/2876 1651/128/2876 1653/128/2876
f 1650/128/2876 1653/128/2876 1654/128/2876
f 1627/128/2876 1650/128/2876 1654/128/2876
f 1655/128/2876 1627/128/2876 1654/128/2876
f 1655/128/2876 1654/128/2876 1656/128/2876
f 1655/128/2876 1656/128/2876 1657/128/2876
f 1658/128/2877 1659/128/2877 1660/128/2877
f 1660/128/2877 1661/128/2878 1658/128/2877
f 1629/128/2879 1662/128/2880 1663/128/2881
f 1663/128/2881 1630/128/2882 1629/128/2879
f 1642/128/2883 1664/128/2884 1665/128/2883
f 1665/128/2883 1643/128/2885 1642/128/2883
f 1656/128/2886 1654/128/2887 1666/128/2887
f 1666/128/2887 1667/128/2888 1656/128/2886
f 1628/128/2889 1668/128/2889 1662/128/2889
f 1662/128/2889 1629/128/2889 1628/128/2889
f 1641/128/2890 1669/128/2891 1664/128/2891
f 1664/128/2891 1642/128/2892 1641/128/2890
f 1653/128/2893 1670/128/2894 1666/128/2895
f 1666/128/2895 1654/128/2896 1653/128/2893
f 1628/128/2897 1627/128/2898 1671/128/2897
f 1671/128/2897 1668/128/2899 1628/128/2897
f 1640/128/2900 1672/128/2901 1669/128/2900
f 1669/128/2900 1641/128/2902 1640/128/2900
f 1673/128/2903 1670/128/2904 1653/128/2904
f 1653/128/2904 1652/128/2905 1673/128/2903
f 1639/128/2906 1674/128/2907 1672/128/2907
f 1672/128/2907 1640/128/2907 1639/128/2906
f 1651/128/2908 1675/128/2909 1673/128/2908
f 1673/128/2908 1652/128/2910 1651/128/2908
f 1638/128/2911 1676/128/2912 1674/128/2913
f 1674/128/2913 1639/128/2914 1638/128/2911
f 1677/128/2915 1675/128/2916 1651/128/2917
f 1651/128/2917 1650/128/2915 1677/128/2915
f 1637/128/2918 1678/128/2919 1676/128/2920
f 1676/128/2920 1638/128/2921 1637/128/2918
f 1677/128/2922 1650/128/2923 1649/128/2923
f 1649/128/2923 1679/128/2923 1677/128/2922
f 1636/128/2924 1680/128/2925 1678/128/2924
f 1678/128/2924 1637/128/2926 1636/128/2924
f 1649/128/2927 1648/128/2928 1681/128/2929
f 1681/128/2929 1679/128/2930 1649/128/2927
f 1635/128/2931 1661/128/2932 1680/128/2933
f 1680/128/2933 1636/128/2934 1635/128/2931
f 1647/128/2935 1682/128/2936 1681/128/2936
f 1681/128/2936 1648/128/2936 1647/128/2935
f 1634/128/2937 1658/128/2937 1661/128/2938
f 1661/128/2938 1635/128/2939 1634/128/2937
f 1646/128/2940 1683/128/2941 1682/128/2942
f 1682/128/2942 1647/128/2942 1646/128/2940
f 1633/128/2943 1684/128/2944 1658/128/2945
f 1658/128/2945 1634/128/2943 1633/128/2943
f 1632/128/2946 1686/128/2947 1684/128/2948
f 1684/128/2948 1633/128/2948 1632/128/2946
f 1671/128/2949 1627/128/2950 1655/128/2951
f 1655/128/2951 1688/128/2952 1671/128/2949
f 1631/128/2953 1689/128/2954 1686/128/2954
f 1686/128/2954 1632/128/2955 1631/128/2953
f 1688/128/2956 1655/128/2957 1657/128/2956
f 1657/128/2956 1691/128/2956 1688/128/2956
f 1630/128/2958 1663/128/2959 1689/128/2960
f 1689/128/2960 1631/128/2961 1630/128/2958
f 1643/128/2962 1665/128/2963 1690/128/2964
f 1690/128/2964 1644/128/2962 1643/128/2962
f 1691/128/2965 1657/128/2966 1656/128/2967
f 1656/128/2967 1667/128/2968 1691/128/2965
f 1692/128/2969 1693/128/2969 1694/128/2969
f 1694/128/2969 1695/128/2969 1696/128/2969
f 1692/128/2969 1694/128/2969 1696/128/2969
f 1696/128/2969 1697/128/2969 1698/128/2969
f 1696/128/2969 1698/128/2969 1699/128/2969
f 1692/128/2969 1696/128/2969 1699/128/2969
f 1692/128/2969 1699/128/2969 1700/128/2969
f 1700/128/2969 1701/128/2969 1702/128/2969
f 1702/128/2969 1703/128/2969 1704/128/2969
f 1700/128/2969 1702/128/2969 1704/128/2969
f 1704/128/2969 1705/128/2969 1706/128/2969
f 1706/128/2969 1707/128/2969 1708/128/2969
f 1704/128/2969 1706/128/2969 1708/128/2969
f 1700/128/2969 1704/128/2969 1708/128/2969
f 1708/128/2969 1709/128/2969 1710/128/2969
f 1710/128/2969 1711/128/2969 1712/128/2969
f 1708/128/2969 1710/128/2969 1712/128/2969
f 1712/128/2969 1713/128/2969 1714/128/2969
f 1714/128/2969 1660/128/2969 1659/128/2969
f 1712/128/2969 1714/128/2969 1659/128/2969
f 1708/128/2969 1712/128/2969 1659/128/2969
f 1700/128/2969 1708/128/2969 1659/128/2969
f 1659/128/2969 1715/128/2969 1716/128/2969
f 1716/128/2969 1717/128/2969 1718/128/2969
f 1659/128/2969 1716/128/2969 1718/128/2969
f 1718/128/2969 1719/128/2969 1720/128/2969
f 1718/128/2969 1720/128/2969 1721/128/2969
f 1659/128/2969 1718/128/2969 1721/128/2969
f 1700/128/2969 1659/128/2969 1721/128/2969
f 1692/128/2969 1700/128/2969 1721/128/2969
f 1683/128/2970 1703/128/2970 1702/128/2970
f 1702/128/2970 1682/128/2970 1683/128/2970
f 1684/128/2971 1715/128/2971 1659/128/2971
f 1659/128/2971 1658/128/2971 1684/128/2971
f 1685/128/2972 1704/128/2972 1703/128/2972
f 1703/128/2972 1683/128/2972 1685/128/2972
f 1686/128/2973 1716/128/2973 1715/128/2973
f 1715/128/2973 1684/128/2973 1686/128/2973
f 1687/128/2974 1705/128/2974 1704/128/2974
f 1704/128/2974 1685/128/2974 1687/128/2974
f 1688/128/2975 1692/128/2975 1721/128/2975
f 1721/128/2975 1671/128/2975 1688/128/2975
f 1689/128/2976 1717/128/2976 1716/128/2976
f 1716/128/2976 1686/128/2976 1689/128/2976
f 1690/128/2977 1706/128/2977 1705/128/2977
f 1705/128/2977 1687/128/2977 1690/128/2977
f 1691/128/2978 1693/128/2978 1692/128/2978
f 1692/128/2978 1688/128/2978 1691/128/2978
f 1663/128/2979 1718/128/2979 1717/128/2979
f 1717/128/2979 1689/128/2979 1663/128/2979
f 1665/128/2980 1707/128/2980 1706/128/2980
f 1706/128/2980 1690/128/2980 1665/128/2980
f 1667/128/2981 1694/128/2981 1693/128/2982
f 1693/128/2982 1691/128/2981 1667/128/2981
f 1662/128/2983 1719/128/2984 1718/128/2983
f 1718/128/2983 1663/128/2985 1662/128/2983
f 1664/128/2986 1708/128/2986 1707/128/2986
f 1707/128/2986 1665/128/2986 1664/128/2986
f 1666/128/2987 1695/128/2988 1694/128/2987
f 1694/128/2987 1667/128/2988 1666/128/2987
f 1668/128/2989 1720/128/2989 1719/128/2989
f 1719/128/2989 1662/128/2989 1668/128/2989
f 1669/128/2990 1709/128/2990 1708/128/2990
f 1708/128/2990 1664/128/2990 1669/128/2990
f 1670/128/2991 1696/128/2991 1695/128/2991
f 1695/128/2991 1666/128/2991 1670/128/2991
f 1668/128/2992 1671/128/2992 1721/128/2992
f 1721/128/2992 1720/128/2993 1668/128/2992
f 1672/128/2994 1710/128/2994 1709/128/2994
f 1709/128/2994 1669/128/2994 1672/128/2994
f 1673/128/2995 1697/128/2995 1696/128/2995
f 1696/128/2995 1670/128/2995 1673/128/2995
f 1674/128/2996 1711/128/2996 1710/128/2996
f 1710/128/2996 1672/128/2996 1674/128/2996
f 1675/128/2997 1698/128/2997 1697/128/2997
f 1697/128/2997 1673/128/2997 1675/128/2997
f 1676/128/2998 1712/128/2998 1711/128/2998
f 1711/128/2998 1674/128/2998 1676/128/2998
f 1677/128/2999 1699/128/2999 1698/128/2999
f 1698/128/2999 1675/128/2999 1677/128/2999
f 1678/128/3000 1713/128/3000 1712/128/3000
f 1712/128/3000 1676/128/3000 1678/128/3000
f 1679/128/3001 1700/128/3001 1699/128/3001
f 1699/128/3001 1677/128/3001 1679/128/3001
f 1680/128/3002 1714/128/3002 1713/128/3002
f 1713/128/3002 1678/128/3002 1680/128/3002
f 1681/128/3003 1701/128/3003 1700/128/3003
f 1700/128/3003 1679/128/3003 1681/128/3003
f 1661/128/3004 1660/128/3004 1714/128/3004
f 1714/128/3004 1680/128/3004 1661/128/3004
f 1682/128/3005 1702/128/3005 1701/128/3005
f 1701/128/3005 1681/128/3005 1682/128/3005
o Cilindro_004_Cilindro_007.001
v -0.364846 0.125235 0.291707
v -0.368746 0.125235 0.293207
v -0.368746 0.050835 0.293207
v -0.364846 0.050835 0.291707
v -0.372846 0.125235 0.293907
v -0.372846 0.050835 0.293907
v -0.377046 0.125235 0.293807
v -0.377046 0.050835 0.293807
v -0.381146 0.125235 0.292807
v -0.381146 0.050835 0.292807
v -0.384946 0.125235 0.291107
v -0.384946 0.050835 0.291107
v -0.388346 0.050835 0.288707
v -0.388346 0.125235 0.288707
v -0.391246 0.050835 0.285607
v -0.391246 0.125235 0.285607
v -0.393446 0.125235 0.282107
v -0.393446 0.050835 0.282107
v -0.394946 0.050835 0.278207
v -0.394946 0.125235 0.278207
v -0.395646 0.050835 0.274007
v -0.395646 0.125235 0.274007
v -0.395446 0.050835 0.269907
v -0.395446 0.125235 0.269907
v -0.394546 0.125235 0.265807
v -0.394546 0.050835 0.265807
v -0.392846 0.050835 0.262007
v -0.392846 0.125235 0.262007
v -0.390346 0.050835 0.258607
v -0.390346 0.125235 0.258607
v -0.387346 0.050835 0.255707
v -0.387346 0.125235 0.255707
v -0.383846 0.050835 0.253507
v -0.383846 0.125235 0.253507
v -0.379846 0.050835 0.252007
v -0.379846 0.125235 0.252007
v -0.375747 0.050835 0.251307
v -0.367546 0.125235 0.252407
v -0.367546 0.050835 0.252407
v -0.363646 0.050835 0.254107
v -0.360246 0.050835 0.256507
v -0.360246 0.125235 0.256507
v -0.357446 0.050835 0.259507
v -0.355146 0.050835 0.263107
v -0.353746 0.125235 0.267007
v -0.353746 0.050835 0.267007
v -0.353046 0.050835 0.271107
v -0.353146 0.125235 0.275307
v -0.353146 0.050835 0.275307
v -0.354046 0.050835 0.279407
v -0.354046 0.125235 0.279407
v -0.355746 0.050835 0.283207
v -0.358246 0.125235 0.286607
v -0.358246 0.050835 0.286607
v -0.384846 0.143635 0.277807
v -0.385946 0.143435 0.275207
v -0.361246 0.125235 0.289507
v -0.361246 0.050835 0.289507
v -0.374746 0.139635 0.286507
v -0.360346 0.150435 0.279407
v -0.360346 0.152435 0.277307
v -0.377147 0.140935 0.285707
v -0.378646 0.132935 0.258607
v -0.379446 0.142135 0.284307
v -0.384446 0.138135 0.262407
v -0.385646 0.139635 0.264507
v -0.367746 0.134735 0.285807
v -0.369947 0.136435 0.286607
v -0.386546 0.142935 0.272407
v -0.381547 0.142935 0.282507
v -0.382846 0.136435 0.260607
v -0.372246 0.138135 0.286807
v -0.386746 0.142135 0.269607
v -0.383446 0.143435 0.280307
v -0.380846 0.134735 0.259307
v -0.386447 0.140935 0.266907
v -0.374146 0.145535 0.256307
v -0.372846 0.148035 0.256607
v -0.371246 0.150435 0.257407
v -0.369646 0.152435 0.258607
v -0.368046 0.154135 0.260307
v -0.366346 0.155435 0.262307
v -0.364846 0.156135 0.264707
v -0.363447 0.156435 0.267207
v -0.362246 0.156135 0.269807
v -0.361347 0.155435 0.272507
v -0.360746 0.154135 0.275007
v -0.360647 0.148035 0.281107
v -0.406146 0.125235 -0.166393
v -0.406146 0.050835 -0.166393
v -0.403246 0.050835 -0.163393
v -0.403246 0.125235 -0.163393
v -0.408446 0.050835 -0.169893
v -0.408446 0.125235 -0.169893
v -0.409946 0.125235 -0.173793
v -0.409946 0.050835 -0.173793
v -0.410746 0.050835 -0.177893
v -0.410746 0.125235 -0.177893
v -0.410646 0.125235 -0.182093
v -0.410646 0.050835 -0.182093
v -0.409846 0.050835 -0.186193
v -0.409846 0.125235 -0.186193
v -0.408146 0.050835 -0.189993
v -0.408146 0.125235 -0.189993
v -0.405846 0.125235 -0.193493
v -0.405846 0.050835 -0.193493
v -0.402846 0.050835 -0.196393
v -0.402846 0.125235 -0.196393
v -0.399346 0.125235 -0.198693
v -0.399346 0.050835 -0.198693
v -0.395446 0.125235 -0.200193
v -0.395446 0.050835 -0.200193
v -0.391346 0.050835 -0.200993
v -0.391346 0.125235 -0.200993
v -0.387147 0.125235 -0.200993
v -0.387147 0.050835 -0.200993
v -0.383046 0.125235 -0.200093
v -0.383046 0.050835 -0.200093
v -0.379247 0.050835 -0.198493
v -0.379247 0.125235 -0.198493
v -0.375747 0.125235 -0.196093
v -0.375747 0.050835 -0.196093
v -0.372846 0.050835 -0.193093
v -0.370546 0.050835 -0.189593
v -0.370546 0.125235 -0.189593
v -0.368946 0.050835 -0.185693
v -0.368246 0.125235 -0.181593
v -0.368246 0.050835 -0.181593
v -0.368246 0.050835 -0.177393
v -0.369146 0.050835 -0.173293
v -0.370746 0.050835 -0.169493
v -0.376146 0.050835 -0.163093
v -0.379646 0.125235 -0.160793
v -0.379646 0.050835 -0.160793
v -0.383546 0.050835 -0.159193
v -0.387646 0.050835 -0.158493
v -0.391846 0.125235 -0.158493
v -0.391846 0.050835 -0.158493
v -0.395846 0.050835 -0.159393
v -0.395846 0.125235 -0.159393
v -0.396446 0.143435 -0.189393
v -0.398546 0.143635 -0.187293
v -0.399746 0.125235 -0.160993
v -0.402646 0.140935 -0.177093
v -0.402446 0.139635 -0.174493
v -0.390147 0.150435 -0.164193
v -0.388246 0.152435 -0.165093
v -0.402247 0.142135 -0.179793
v -0.386646 0.139635 -0.193393
v -0.384146 0.138135 -0.193093
v -0.398946 0.134735 -0.168393
v -0.400546 0.136435 -0.170093
v -0.394246 0.142935 -0.191093
v -0.401446 0.142935 -0.182393
v -0.381946 0.136435 -0.192293
v -0.401746 0.138135 -0.172193
v -0.391746 0.142135 -0.192393
v -0.400246 0.143435 -0.184993
v -0.389146 0.140935 -0.193093
v -0.374846 0.152435 -0.181093
v -0.376946 0.155435 -0.176593
v -0.378446 0.156135 -0.174193
v -0.380246 0.156435 -0.171993
v -0.382146 0.156135 -0.169793
v -0.384146 0.155435 -0.167893
v -0.386246 0.154135 -0.166293
v -0.391746 0.148035 -0.163793
v -0.394246 0.142835 -0.164393
v -0.393146 0.145535 -0.163893
v -0.433546 0.050835 0.072107
v -0.441846 0.050835 0.070807
v -0.445546 0.125235 0.069007
v -0.445546 0.050835 0.069007
v -0.448947 0.125235 0.066407
v -0.448947 0.050835 0.066407
v -0.451646 0.050835 0.063307
v -0.451646 0.125235 0.063307
v -0.453746 0.125235 0.059707
v -0.453746 0.050835 0.059707
v -0.455146 0.125235 0.055707
v -0.455146 0.050835 0.055707
v -0.455746 0.050835 0.051607
v -0.455746 0.125235 0.051607
v -0.455447 0.125235 0.047407
v -0.455447 0.050835 0.047407
v -0.454446 0.125235 0.043407
v -0.454446 0.050835 0.043407
v -0.452546 0.050835 0.039607
v -0.452546 0.125235 0.039607
v -0.450046 0.125235 0.036307
v -0.450046 0.050835 0.036307
v -0.446946 0.125235 0.033507
v -0.446946 0.050835 0.033507
v -0.443346 0.050835 0.031407
v -0.443346 0.125235 0.031407
v -0.439346 0.050835 0.030007
v -0.439346 0.125235 0.030007
v -0.435246 0.125235 0.029407
v -0.435246 0.050835 0.029407
v -0.431047 0.050835 0.029707
v -0.431047 0.125235 0.029707
v -0.426946 0.050835 0.030807
v -0.423246 0.050835 0.032607
v -0.419846 0.050835 0.035107
v -0.417146 0.050835 0.038207
v -0.415046 0.050835 0.041907
v -0.413646 0.050835 0.045807
v -0.413646 0.125235 0.045807
v -0.413046 0.050835 0.050007
v -0.413346 0.125235 0.054107
v -0.413346 0.050835 0.054107
v -0.414346 0.050835 0.058207
v -0.416246 0.050835 0.061907
v -0.418747 0.050835 0.065307
v -0.421846 0.050835 0.068107
v -0.425446 0.125235 0.070207
v -0.425446 0.050835 0.070207
v -0.446246 0.143635 0.051207
v -0.446046 0.143435 0.048307
v -0.429446 0.125235 0.071507
v -0.429446 0.050835 0.071507
v -0.440446 0.139635 0.063307
v -0.423646 0.152435 0.060807
v -0.442346 0.140935 0.061507
v -0.443946 0.142135 0.059407
v -0.441446 0.139635 0.038707
v -0.445546 0.142935 0.045507
v -0.445046 0.142935 0.056807
v -0.437246 0.136435 0.036407
v -0.444546 0.142135 0.042907
v -0.445846 0.143435 0.054107
v -0.443146 0.140935 0.040607
v -0.425446 0.150435 0.038107
v -0.424446 0.152435 0.039907
v -0.423646 0.154135 0.042107
v -0.422946 0.155435 0.044707
v -0.422546 0.156135 0.047407
v -0.422246 0.156435 0.050307
v -0.422346 0.156135 0.053207
v -0.422546 0.155435 0.056007
v -0.422946 0.154135 0.058607
vn 0.3549 -0.0000 0.9349
vn 0.3550 -0.0000 0.9349
vn 0.1657 -0.0000 0.9862
vn -0.0299 -0.0000 0.9996
vn -0.2243 -0.0000 0.9745
vn -0.2259 0.0063 0.9741
vn -0.4101 -0.0000 0.9121
vn -0.4101 -0.0000 0.9120
vn -0.5802 -0.0000 0.8145
vn -0.7279 -0.0000 0.6857
vn -0.8477 -0.0000 0.5305
vn -0.9349 0.0002 0.3550
vn -0.9349 -0.0000 0.3549
vn -0.9334 -0.0043 0.3588
vn -0.9862 -0.0000 0.1657
vn -0.9862 -0.0000 0.1655
vn -0.9862 -0.0000 0.1656
vn -0.9996 -0.0000 -0.0299
vn -0.9745 -0.0000 -0.2243
vn -0.9121 -0.0000 -0.4101
vn -0.9121 -0.0000 -0.4100
vn -0.9120 -0.0000 -0.4101
vn -0.8145 -0.0000 -0.5802
vn -0.6857 -0.0000 -0.7279
vn -0.5305 -0.0000 -0.8477
vn -0.3549 -0.0000 -0.9349
vn 0.4101 0.0004 -0.9120
vn 0.4101 -0.0000 -0.9120
vn 0.4002 -0.0115 -0.9164
vn 0.7279 -0.0000 -0.6857
vn 0.7283 0.0023 -0.6853
vn 0.9862 0.0001 -0.1657
vn 0.9862 -0.0000 -0.1657
vn 0.9858 -0.0026 -0.1681
vn 0.9996 0.0029 0.0291
vn 0.9996 -0.0000 0.0299
vn 0.9745 0.0004 0.2243
vn 0.9745 -0.0000 0.2243
vn 0.9766 -0.0101 0.2150
vn 0.9121 0.0001 0.4101
vn 0.9121 -0.0000 0.4101
vn 0.9128 -0.0019 0.4084
vn 0.8061 -0.0150 0.5916
vn 0.8145 -0.0000 0.5802
vn 0.8145 0.0006 0.5802
vn -0.8312 0.4606 0.3113
vn 0.6868 0.0062 0.7268
vn 0.6857 -0.0000 0.7279
vn 0.5305 -0.0000 0.8477
vn -0.0000 -1.0000 -0.0000
vn 0.0548 0.4304 0.9010
vn -0.0579 0.6232 0.7799
vn -0.0465 0.6145 0.7875
vn -0.3330 0.4517 0.8277
vn -0.6771 0.4608 -0.5738
vn 0.4227 0.5300 0.7351
vn 0.2941 0.5468 0.7839
vn 0.5558 0.6037 0.5715
vn 0.4998 0.6035 0.6213
vn -0.8836 0.4428 0.1520
vn -0.8784 0.4584 0.1349
vn -0.8775 0.4591 0.1385
vn -0.4980 0.4548 0.7383
vn -0.5215 0.4843 -0.7025
vn -0.5216 0.4843 -0.7024
vn 0.2447 0.4843 0.8400
vn 0.2447 0.4842 0.8400
vn 0.2446 0.4843 0.8400
vn -0.8892 0.4548 -0.0493
vn -0.6383 0.4584 0.6184
vn -0.5079 0.4469 -0.7364
vn -0.3304 0.5300 -0.7810
vn -0.3665 0.5438 -0.7550
vn 0.0482 0.4608 0.8862
vn -0.8607 0.4517 -0.2348
vn -0.7503 0.4606 0.4742
vn 0.2026 0.5376 -0.8185
vn -0.1195 0.6037 -0.7882
vn -0.0514 0.5825 -0.8112
vn -0.1484 0.4521 0.8795
vn -0.1484 0.4521 0.8796
vn -0.1544 0.7313 0.6643
vn -0.1544 0.7314 0.6642
vn -0.1544 0.7314 0.6643
vn -0.2075 0.7562 0.6206
vn -0.2405 0.8072 0.5390
vn -0.2360 0.8051 0.5442
vn -0.3184 0.8550 0.4094
vn -0.3894 0.8783 0.2775
vn -0.3901 0.8780 0.2774
vn -0.3882 0.8757 0.2871
vn -0.4567 0.8780 0.1432
vn -0.5352 0.8405 -0.0847
vn -0.5186 0.8550 0.0064
vn -0.5198 0.8543 -0.0022
vn -0.5783 0.7790 -0.2424
vn -0.5748 0.8072 -0.1341
vn -0.5756 0.8048 -0.1447
vn -0.6174 0.6552 -0.4354
vn -0.6226 0.7314 -0.2783
vn -0.6209 0.7260 -0.2957
vn -0.6564 0.6232 -0.4251
vn -0.6564 0.6233 -0.4250
vn -0.6827 0.6340 -0.3634
vn -0.6663 0.4794 -0.5712
vn -0.6780 0.4877 -0.5499
vn -0.5038 0.2136 -0.8370
vn -0.6363 0.3010 -0.7103
vn -0.6267 0.2861 -0.7248
vn 0.3309 0.1200 0.9360
vn 0.1816 0.3010 0.9362
vn 0.1938 0.2911 0.9369
vn 0.1894 0.2861 0.9393
vn 0.0525 0.4794 0.8760
vn 0.0643 0.4693 0.8807
vn -0.7148 -0.0000 0.6994
vn -0.8375 -0.0000 0.5465
vn -0.8375 -0.0000 0.5464
vn -0.9280 -0.0000 0.3726
vn -0.9829 -0.0000 0.1844
vn -0.9999 -0.0000 -0.0109
vn -0.9786 -0.0000 -0.2058
vn -0.9197 -0.0000 -0.3927
vn -0.8254 -0.0000 -0.5646
vn -0.6993 -0.0000 -0.7148
vn -0.5465 -0.0000 -0.8375
vn -0.5464 -0.0000 -0.8375
vn -0.3726 -0.0000 -0.9280
vn -0.1844 -0.0000 -0.9829
vn 0.0109 -0.0000 -0.9999
vn 0.2058 -0.0000 -0.9786
vn 0.3927 -0.0000 -0.9197
vn 0.5646 -0.0000 -0.8253
vn 0.5646 -0.0000 -0.8254
vn 0.9280 0.0003 -0.3726
vn 0.9280 -0.0000 -0.3726
vn 0.9253 -0.0075 -0.3792
vn 0.9855 -0.0163 -0.1692
vn 0.9829 -0.0000 -0.1844
vn 0.9829 0.0006 -0.1844
vn 0.9999 0.0004 0.0109
vn 0.9999 -0.0000 0.0109
vn 0.9999 -0.0109 0.0006
vn 0.3726 0.0003 0.9280
vn 0.3726 -0.0000 0.9280
vn 0.3792 -0.0075 0.9253
vn -0.2058 -0.0000 0.9786
vn -0.6179 0.4606 -0.6372
vn -0.3803 0.0142 0.9248
vn -0.3927 -0.0000 0.9197
vn -0.3927 -0.0005 0.9197
vn -0.5646 -0.0000 0.8253
vn -0.5655 0.0011 0.8248
vn -0.7405 0.6105 0.2810
vn -0.7379 0.6232 0.2591
vn -0.7146 0.5232 0.4644
vn -0.8918 0.4517 0.0260
vn -0.8918 0.4517 0.0261
vn 0.1731 0.4071 -0.8968
vn 0.2550 0.4608 -0.8501
vn 0.2347 0.4665 -0.8528
vn -0.1957 0.5067 0.8396
vn -0.5046 0.5300 0.6815
vn -0.4066 0.5121 0.7566
vn -0.4733 0.4586 -0.7521
vn -0.4751 0.4584 -0.7511
vn -0.4658 0.4542 -0.7594
vn -0.8759 0.4548 -0.1610
vn -0.4786 0.4689 0.7424
vn -0.6719 0.4843 0.5603
vn -0.6225 0.4682 0.6272
vn -0.3290 0.4413 -0.8349
vn -0.3106 0.4548 -0.8347
vn -0.3130 0.4553 -0.8335
vn -0.8222 0.4584 -0.3375
vn 0.5475 0.5333 -0.6448
vn 0.5835 0.5300 -0.6153
vn 0.3832 0.5024 -0.7751
vn -0.7929 0.4608 0.3987
vn -0.7929 0.4608 0.3988
vn -0.1292 0.4517 -0.8828
vn -0.7349 0.4606 -0.4978
vn -0.8821 0.4560 0.1185
vn -0.8654 0.4521 0.2160
vn -0.8673 0.4545 0.2032
vn 0.0495 0.4555 -0.8888
vn 0.0624 0.4521 -0.8898
vn -0.0454 0.4516 -0.8910
vn -0.6706 0.7313 0.1243
vn -0.6706 0.7314 0.1242
vn -0.6705 0.7314 0.1242
vn -0.6583 0.7503 0.0604
vn -0.5902 0.8072 -0.0047
vn -0.5934 0.8049 0.0022
vn -0.5058 0.8544 -0.1193
vn -0.5026 0.8550 -0.1280
vn -0.5448 0.8378 -0.0359
vn -0.4098 0.8785 -0.2455
vn -0.4102 0.8780 -0.2465
vn -0.4253 0.8727 -0.2398
vn -0.3154 0.8776 -0.3610
vn -0.3140 0.8780 -0.3612
vn -0.2913 0.8887 -0.3541
vn -0.1019 0.8053 -0.5840
vn -0.1071 0.8072 -0.5804
vn -0.0655 0.7631 -0.6429
vn 0.1387 0.6155 -0.7759
vn 0.1270 0.6232 -0.7717
vn 0.2452 0.4523 -0.8575
vn -0.7193 0.0998 0.6875
vn -0.7194 0.0999 0.6874
vn -0.7193 0.0999 0.6874
vn -0.7819 0.4794 0.3985
vn -0.7819 0.4793 0.3986
vn -0.4375 -0.0000 0.8992
vn -0.4378 -0.0000 0.8991
vn -0.6047 -0.0000 0.7965
vn -0.6046 -0.0000 0.7965
vn -0.7484 -0.0000 0.6633
vn -0.8634 -0.0000 0.5044
vn -0.9452 -0.0000 0.3264
vn -0.9907 -0.0000 0.1357
vn -0.9982 -0.0000 -0.0602
vn -0.9673 -0.0000 -0.2538
vn -0.8992 -0.0000 -0.4376
vn -0.7967 -0.0000 -0.6044
vn -0.6633 -0.0000 -0.7484
vn -0.5044 -0.0000 -0.8635
vn -0.5042 -0.0000 -0.8636
vn -0.5042 0.0002 -0.8636
vn -0.3264 -0.0000 -0.9452
vn -0.1357 -0.0000 -0.9908
vn 0.0602 -0.0000 -0.9982
vn 0.9907 0.0002 -0.1358
vn 0.9907 -0.0000 -0.1357
vn 0.9900 -0.0057 -0.1411
vn 0.9973 -0.0128 0.0723
vn 0.9982 -0.0000 0.0602
vn 0.9982 0.0005 0.0602
vn 0.9673 0.0007 0.2538
vn 0.9673 -0.0000 0.2538
vn 0.9711 -0.0173 0.2379
vn 0.5039 -0.0007 0.8638
vn 0.5045 -0.0000 0.8634
vn 0.5044 -0.0000 0.8634
vn -0.8857 0.4606 -0.0574
vn 0.3100 -0.0182 0.9506
vn 0.3264 -0.0000 0.9452
vn 0.3264 0.0007 0.9452
vn -0.0000 -1.0000 0.0001
vn -0.0000 -1.0000 0.0002
vn -0.0000 -1.0000 -0.0001
vn -0.3304 0.4522 0.8285
vn -0.3730 0.6232 0.6874
vn -0.3664 0.6153 0.6979
vn -0.4016 0.4640 -0.7896
vn -0.3818 0.4608 -0.8012
vn -0.5247 0.4619 -0.7150
vn -0.8485 0.4733 -0.2367
vn -0.8564 0.4584 -0.2376
vn -0.8562 0.4574 -0.2402
vn -0.7572 0.4548 0.4688
vn -0.3336 0.4055 -0.8511
vn -0.1872 0.4843 -0.8546
vn -0.2181 0.4942 -0.8415
vn -0.7906 0.4548 -0.4100
vn -0.8359 0.4584 0.3019
vn -0.6949 0.4533 -0.5582
vn -0.6885 0.4517 -0.5675
vn -0.7396 0.4577 -0.4934
vn -0.8788 0.4606 0.1244
vn -0.5835 0.4533 0.6738
vn -0.4964 0.4521 0.7411
vn -0.5068 0.4550 0.7323
vn -0.5512 0.4521 -0.7013
vn -0.3738 0.6057 0.7024
vn -0.4135 0.7314 0.5423
vn -0.4092 0.7256 0.5532
vn -0.4376 0.8055 0.3997
vn -0.4406 0.8072 0.3928
vn -0.4061 0.7875 0.4636
vn -0.4584 0.8550 0.2426
vn -0.4750 0.8704 0.1295
vn -0.4695 0.8780 0.0928
vn -0.4690 0.8780 0.0960
vn -0.4752 0.8780 -0.0569
vn -0.4534 0.8465 -0.2791
vn -0.4755 0.8550 -0.2071
vn -0.4741 0.8542 -0.2134
vn -0.4691 0.8072 -0.3582
vn -0.4606 0.7417 -0.4875
vn -0.4535 0.7314 -0.5093
vn -0.3984 0.8217 -0.4076
vn -0.4240 0.6232 -0.6571
vn -0.4240 0.6232 -0.6572
vt 1.000000 1.000000
vt 0.968800 1.000000
vt 0.968800 0.500000
vt 1.000000 0.500000
vt 0.937500 1.000000
vt 0.937500 0.500000
vt 0.906200 1.000000
vt 0.906200 0.500000
vt 0.875000 0.500000
vt 0.843800 1.000000
vt 0.843800 0.500000
vt 0.875000 1.000000
vt 0.812500 0.500000
vt 0.812500 1.000000
vt 0.781200 0.500000
vt 0.781200 1.000000
vt 0.750000 1.000000
vt 0.750000 0.500000
vt 0.718800 0.500000
vt 0.687500 0.500000
vt 0.718800 1.000000
vt 0.687500 1.000000
vt 0.656200 0.500000
vt 0.656200 1.000000
vt 0.625000 1.000000
vt 0.625000 0.500000
vt 0.593800 0.500000
vt 0.593800 1.000000
vt 0.562500 0.500000
vt 0.562500 1.000000
vt 0.531200 0.500000
vt 0.531200 1.000000
vt 0.500000 0.500000
vt 0.500000 1.000000
vt 0.468800 0.500000
vt 0.468800 1.000000
vt 0.343800 0.500000
vt 0.375000 0.500000
vt 0.375000 1.000000
vt 0.281200 0.500000
vt 0.312500 0.500000
vt 0.312500 1.000000
vt 0.187500 0.500000
vt 0.218800 0.500000
vt 0.218800 1.000000
vt 0.156200 1.000000
vt 0.156200 0.500000
vt 0.125000 0.500000
vt 0.093800 0.500000
vt 0.125000 1.000000
vt 0.062500 1.000000
vt 0.062500 0.500000
vt 0.031200 1.000000
vt 0.031200 0.500000
vt 0.000000 1.000000
vt 0.000000 0.500000
vt 0.971700 0.341800
vt 0.990000 0.250000
vt 0.971700 0.158200
vt 0.919700 0.419700
vt 0.841800 0.028300
vt 0.796800 0.014600
vt 0.750000 0.010000
vt 0.528300 0.158200
vt 0.510000 0.250000
vt 0.528300 0.341800
vt 0.658200 0.028300
vt 0.580300 0.419700
vt 0.616700 0.449600
vt 0.658200 0.471700
vt 0.406200 0.500000
vt 0.437500 0.500000
vt 0.437500 1.000000
vt 0.187500 1.000000
vt 0.093800 1.000000
vt 0.949600 0.116700
vt 0.919700 0.080300
vt 0.883300 0.050400
vt 0.703200 0.014600
vt 0.616700 0.050400
vt 0.580300 0.080300
vt 0.514600 0.203200
vt 0.514600 0.296800
vt 0.750000 0.490000
vt 0.250000 0.500000
vt 0.281200 1.000000
vt 0.883300 0.449600
vt 0.985400 0.296800
vt 0.985400 0.203200
vt 0.550400 0.116700
vt 0.550400 0.383300
s 1
usemtl Goddard_None
f 1722/129/3006 1723/130/3006 1724/131/3007
f 1724/131/3007 1725/132/3007 1722/129/3006
f 1723/130/3008 1726/133/3008 1727/134/3008
f 1727/134/3008 1724/131/3008 1723/130/3008
f 1726/133/3009 1728/135/3009 1729/136/3009
f 1729/136/3009 1727/134/3009 1726/133/3009
f 1731/137/3010 1729/136/3010 1728/135/3011
f 1732/138/3012 1733/139/3012 1731/137/3012
f 1731/137/3012 1730/140/3013 1732/138/3012
f 1734/141/3014 1733/139/3014 1732/138/3014
f 1732/138/3014 1735/142/3014 1734/141/3014
f 1736/143/3015 1734/141/3015 1735/142/3015
f 1735/142/3015 1737/144/3015 1736/143/3015
f 1738/145/3016 1739/146/3016 1736/143/3016
f 1736/143/3016 1737/144/3016 1738/145/3016
f 1740/147/3017 1739/146/3018 1738/145/3019
f 1742/148/3020 1740/147/3021 1741/149/3022
f 1741/149/3022 1743/150/3020 1742/148/3020
f 1744/151/3023 1742/148/3023 1743/150/3023
f 1743/150/3023 1745/152/3023 1744/151/3023
f 1746/153/3024 1747/154/3024 1744/151/3024
f 1744/151/3024 1745/152/3024 1746/153/3024
f 1748/155/3025 1747/154/3026 1746/153/3027
f 1746/153/3027 1749/156/3025 1748/155/3025
f 1750/157/3028 1748/155/3028 1749/156/3028
f 1749/156/3028 1751/158/3028 1750/157/3028
f 1752/159/3029 1750/157/3029 1751/158/3029
f 1751/158/3029 1753/160/3029 1752/159/3029
f 1754/161/3030 1752/159/3030 1753/160/3030
f 1753/160/3030 1755/162/3030 1754/161/3030
f 1756/163/3031 1754/161/3031 1755/162/3031
f 1755/162/3031 1757/164/3031 1756/163/3031
f 1761/165/3032 1760/166/3033 1759/167/3034
f 1764/168/3035 1762/169/3035 1763/170/3036
f 1768/171/3037 1767/172/3038 1766/173/3039
f 1769/174/3040 1770/175/3041 1768/171/3041
f 1771/176/3042 1770/175/3043 1769/174/3044
f 1773/177/3045 1771/176/3046 1772/178/3047
f 1774/179/3048 1775/180/3049 1773/177/3050
f 1738/145/3051 1776/145/3051 1777/149/3051
f 1777/149/3051 1741/149/3051 1738/145/3051
f 1778/181/3052 1779/182/3053 1775/180/3053
f 1779/182/3054 1778/181/3054 1722/183/3054
f 1722/183/3054 1725/184/3054 1779/182/3054
f 1734/185/3055 1739/186/3055 1742/187/3055
f 1731/188/3055 1734/185/3055 1742/187/3055
f 1750/189/3055 1752/190/3055 1754/191/3055
f 1762/192/3055 1765/193/3055 1768/194/3055
f 1758/195/3055 1762/192/3055 1768/194/3055
f 1750/189/3055 1758/195/3055 1768/194/3055
f 1742/187/3055 1750/189/3055 1768/194/3055
f 1731/188/3055 1742/187/3055 1768/194/3055
f 1771/196/3055 1773/197/3055 1775/198/3055
f 1731/188/3055 1768/194/3055 1775/198/3055
f 1782/140/3056 1783/140/3057 1780/135/3058
f 1785/138/3059 1732/138/3059 1730/140/3059
f 1730/140/3059 1783/140/3059 1785/138/3059
f 1786/158/3060 1751/158/3060 1749/156/3060
f 1749/156/3060 1787/156/3060 1786/158/3060
f 1723/130/3061 1722/129/3061 1788/129/3061
f 1788/129/3061 1789/130/3061 1723/130/3061
f 1788/183/3062 1722/183/3063 1778/181/3064
f 1790/150/3065 1743/150/3066 1741/149/3067
f 1791/142/3068 1735/142/3068 1732/138/3068
f 1732/138/3068 1785/138/3068 1791/142/3068
f 1792/160/3069 1753/160/3070 1751/158/3070
f 1751/158/3070 1786/158/3069 1792/160/3069
f 1789/130/3071 1793/133/3072 1726/133/3073
f 1726/133/3073 1723/130/3073 1789/130/3071
f 1794/152/3074 1745/152/3074 1743/150/3074
f 1743/150/3074 1790/150/3074 1794/152/3074
f 1795/144/3075 1737/144/3075 1735/142/3075
f 1735/142/3075 1791/142/3075 1795/144/3075
f 1796/162/3076 1755/162/3077 1753/160/3078
f 1780/135/3079 1728/135/3079 1726/133/3079
f 1726/133/3079 1793/133/3079 1780/135/3079
f 1797/153/3080 1746/153/3080 1745/152/3080
f 1745/152/3080 1794/152/3080 1797/153/3080
f 1737/144/3081 1795/144/3081 1776/145/3081
f 1776/145/3081 1738/145/3081 1737/144/3081
f 1755/162/3082 1796/162/3083 1784/164/3084
f 1730/140/3085 1728/135/3086 1780/135/3085
f 1780/135/3085 1783/140/3086 1730/140/3085
f 1783/140/3087 1782/140/3088 1808/138/3089
f 1808/138/3089 1785/138/3087 1783/140/3087
f 1807/142/3090 1791/142/3091 1785/138/3092
f 1791/142/3093 1807/142/3093 1806/144/3093
f 1806/144/3093 1795/144/3093 1791/142/3093
f 1776/145/3094 1795/144/3095 1806/144/3096
f 1776/145/3097 1805/145/3097 1804/149/3097
f 1804/149/3097 1777/149/3097 1776/145/3097
f 1803/150/3098 1790/150/3099 1777/149/3100
f 1802/152/3101 1794/152/3102 1790/150/3103
f 1801/153/3104 1797/153/3105 1794/152/3106
f 1797/153/3107 1801/153/3108 1800/156/3108
f 1800/156/3108 1787/156/3107 1797/153/3107
f 1787/156/3109 1800/156/3110 1799/158/3111
f 1798/160/3112 1792/160/3113 1786/158/3114
f 1809/133/3115 1793/133/3116 1789/130/3117
f 1781/135/3118 1780/135/3119 1793/133/3120
f 1810/130/3121 1811/131/3121 1812/132/3121
f 1812/132/3121 1813/129/3121 1810/130/3121
f 1814/134/3122 1811/131/3122 1810/130/3122
f 1810/130/3122 1815/133/3123 1814/134/3122
f 1816/135/3124 1817/136/3124 1814/134/3124
f 1814/134/3124 1815/133/3124 1816/135/3124
f 1818/137/3125 1817/136/3125 1816/135/3125
f 1816/135/3125 1819/140/3125 1818/137/3125
f 1820/138/3126 1821/139/3126 1818/137/3126
f 1818/137/3126 1819/140/3126 1820/138/3126
f 1822/141/3127 1821/139/3127 1820/138/3127
f 1820/138/3127 1823/142/3127 1822/141/3127
f 1824/143/3128 1822/141/3128 1823/142/3128
f 1823/142/3128 1825/144/3128 1824/143/3128
f 1826/145/3129 1827/146/3129 1824/143/3129
f 1824/143/3129 1825/144/3129 1826/145/3129
f 1828/147/3130 1827/146/3130 1826/145/3130
f 1826/145/3130 1829/149/3130 1828/147/3130
f 1830/150/3131 1831/148/3131 1828/147/3132
f 1828/147/3132 1829/149/3131 1830/150/3131
f 1832/152/3133 1833/151/3133 1831/148/3133
f 1831/148/3133 1830/150/3133 1832/152/3133
f 1834/154/3134 1833/151/3134 1832/152/3134
f 1832/152/3134 1835/153/3134 1834/154/3134
f 1836/156/3135 1837/155/3135 1834/154/3135
f 1834/154/3135 1835/153/3135 1836/156/3135
f 1838/158/3136 1839/157/3136 1837/155/3136
f 1837/155/3136 1836/156/3136 1838/158/3136
f 1840/159/3137 1839/157/3137 1838/158/3137
f 1838/158/3137 1841/160/3137 1840/159/3137
f 1841/160/3138 1842/162/3138 1843/161/3139
f 1843/161/3139 1840/159/3138 1841/160/3138
f 1847/199/3140 1845/200/3141 1846/201/3142
f 1848/167/3143 1849/166/3144 1847/199/3145
f 1850/165/3146 1849/166/3147 1848/167/3148
f 1856/175/3149 1855/171/3150 1854/202/3151
f 1860/180/3152 1859/177/3152 1858/203/3152
f 1858/203/3152 1861/179/3152 1860/180/3152
f 1862/149/3153 1829/149/3153 1826/145/3153
f 1826/145/3153 1863/145/3153 1862/149/3153
f 1860/180/3154 1861/179/3155 1864/181/3156
f 1864/181/3157 1813/183/3157 1812/184/3158
f 1818/188/3055 1827/186/3055 1831/187/3055
f 1833/204/3055 1834/205/3055 1837/206/3055
f 1818/188/3055 1833/204/3055 1837/206/3055
f 1818/188/3055 1837/206/3055 1839/189/3055
f 1818/188/3055 1839/189/3055 1843/191/3055
f 1818/188/3055 1843/191/3055 1844/207/3055
f 1844/207/3055 1845/195/3055 1847/208/3055
f 1818/188/3055 1844/207/3055 1847/208/3055
f 1818/188/3055 1847/208/3055 1849/209/3055
f 1818/188/3055 1849/209/3055 1851/192/3055
f 1818/188/3055 1851/192/3055 1852/210/3055
f 1818/188/3055 1852/210/3055 1853/211/3055
f 1818/188/3055 1853/211/3055 1855/194/3055
f 1818/188/3055 1855/194/3055 1857/196/3055
f 1818/188/3055 1857/196/3055 1859/197/3055
f 1812/212/3055 1818/188/3055 1859/197/3055
f 1865/140/3159 1866/135/3160 1867/135/3161
f 1819/140/3162 1865/140/3163 1869/138/3162
f 1869/138/3162 1820/138/3162 1819/140/3162
f 1871/158/3164 1838/158/3165 1836/156/3166
f 1813/129/3167 1872/129/3168 1873/130/3169
f 1862/149/3170 1874/150/3171 1830/150/3172
f 1875/142/3173 1823/142/3173 1820/138/3173
f 1820/138/3173 1869/138/3173 1875/142/3173
f 1810/130/3174 1873/130/3175 1877/133/3176
f 1878/152/3177 1832/152/3178 1830/150/3179
f 1875/142/3180 1879/144/3180 1825/144/3180
f 1825/144/3180 1823/142/3180 1875/142/3180
f 1842/162/3181 1841/160/3182 1876/160/3183
f 1815/133/3184 1877/133/3185 1866/135/3184
f 1866/135/3184 1816/135/3184 1815/133/3184
f 1880/153/3186 1835/153/3186 1832/152/3186
f 1832/152/3186 1878/152/3186 1880/153/3186
f 1825/144/3187 1879/144/3187 1863/145/3187
f 1863/145/3187 1826/145/3187 1825/144/3187
f 1865/140/3188 1819/140/3189 1816/135/3190
f 1836/156/3191 1835/153/3192 1880/153/3193
f 1869/138/3194 1865/140/3194 1868/140/3195
f 1868/140/3195 1887/138/3196 1869/138/3194
f 1886/142/3197 1875/142/3198 1869/138/3199
f 1879/144/3200 1875/142/3201 1886/142/3202
f 1863/145/3203 1879/144/3204 1885/144/3205
f 1884/145/3206 1883/149/3207 1862/149/3208
f 1878/152/3209 1874/150/3210 1882/150/3211
f 1870/156/3212 1880/153/3213 1881/153/3214
f 1872/129/3215 1889/129/3216 1890/130/3217
f 1890/130/3217 1873/130/3215 1872/129/3215
f 1867/135/3218 1866/135/3219 1877/133/3219
f 1877/133/3219 1888/133/3218 1867/135/3218
f 1893/135/3220 1894/136/3221 1892/134/3220
f 1895/140/3222 1896/137/3222 1894/136/3222
f 1894/136/3222 1893/135/3223 1895/140/3222
f 1897/139/3224 1896/137/3224 1895/140/3224
f 1895/140/3224 1898/138/3224 1897/139/3224
f 1899/142/3225 1900/141/3225 1897/139/3225
f 1897/139/3225 1898/138/3225 1899/142/3225
f 1901/144/3226 1902/143/3226 1900/141/3226
f 1900/141/3226 1899/142/3226 1901/144/3226
f 1903/146/3227 1902/143/3227 1901/144/3227
f 1901/144/3227 1904/145/3227 1903/146/3227
f 1905/149/3228 1906/147/3228 1903/146/3228
f 1903/146/3228 1904/145/3228 1905/149/3228
f 1907/150/3229 1908/148/3229 1906/147/3229
f 1906/147/3229 1905/149/3229 1907/150/3229
f 1909/151/3230 1908/148/3230 1907/150/3230
f 1907/150/3230 1910/152/3230 1909/151/3230
f 1911/153/3231 1912/154/3231 1909/151/3231
f 1909/151/3231 1910/152/3231 1911/153/3231
f 1913/156/3232 1914/155/3232 1912/154/3232
f 1912/154/3232 1911/153/3232 1913/156/3232
f 1915/157/3233 1914/155/3234 1913/156/3235
f 1917/159/3236 1915/157/3236 1916/158/3236
f 1916/158/3236 1918/160/3236 1917/159/3236
f 1919/162/3237 1920/161/3237 1917/159/3237
f 1917/159/3237 1918/160/3237 1919/162/3237
f 1921/163/3238 1920/161/3238 1919/162/3238
f 1919/162/3238 1922/164/3238 1921/163/3238
f 1930/213/3239 1928/168/3240 1929/214/3241
f 1931/173/3242 1932/172/3243 1930/213/3244
f 1933/171/3245 1932/172/3246 1931/173/3247
f 1937/179/3248 1938/180/3249 1936/177/3250
f 1904/145/3251 1939/145/3251 1940/149/3251
f 1940/149/3251 1905/149/3251 1904/145/3251
f 1941/181/3252 1942/182/3253 1938/180/3254
f 1891/212/3255 1894/215/3255 1896/188/3255
f 1891/212/3055 1900/185/3055 1902/216/3055
f 1891/212/3055 1902/216/3055 1906/217/3055
f 1891/212/3055 1906/217/3055 1908/187/3055
f 1891/212/3055 1908/187/3055 1912/205/3055
f 1891/212/3055 1912/205/3055 1914/206/3055
f 1891/212/3055 1914/206/3055 1917/190/3055
f 1891/212/3055 1917/190/3055 1920/191/3055
f 1891/212/3055 1920/191/3055 1923/195/3055
f 1891/212/3055 1923/195/3055 1924/208/3055
f 1924/208/3055 1925/209/3256 1926/218/3055
f 1891/212/3055 1924/208/3055 1926/218/3055
f 1891/212/3055 1927/192/3055 1930/193/3055
f 1891/212/3055 1930/193/3055 1932/211/3055
f 1891/212/3055 1932/211/3055 1934/219/3055
f 1891/212/3055 1934/219/3055 1935/196/3257
f 1891/212/3055 1935/196/3257 1938/198/3055
f 1944/140/3258 1945/140/3259 1943/135/3260
f 1916/158/3261 1913/156/3262 1947/156/3263
f 1905/149/3264 1940/149/3265 1948/150/3266
f 1898/138/3267 1946/138/3267 1949/142/3267
f 1949/142/3267 1899/142/3267 1898/138/3267
f 1950/160/3268 1918/160/3269 1916/158/3270
f 1948/150/3271 1951/152/3271 1910/152/3271
f 1910/152/3271 1907/150/3271 1948/150/3271
f 1899/142/3272 1949/142/3272 1952/144/3272
f 1952/144/3272 1901/144/3272 1899/142/3272
f 1911/153/3273 1910/152/3274 1951/152/3275
f 1901/144/3276 1952/144/3276 1939/145/3276
f 1939/145/3276 1904/145/3276 1901/144/3276
f 1945/140/3277 1895/140/3278 1893/135/3279
f 1913/156/3280 1911/153/3280 1953/153/3280
f 1953/153/3280 1947/156/3280 1913/156/3280
f 1962/138/3281 1946/138/3282 1945/140/3283
f 1949/142/3284 1946/138/3285 1962/138/3286
f 1949/142/3287 1961/142/3287 1960/144/3287
f 1960/144/3287 1952/144/3287 1949/142/3287
f 1959/145/3288 1939/145/3289 1952/144/3290
f 1940/149/3291 1939/145/3291 1959/145/3291
f 1959/145/3291 1958/149/3291 1940/149/3291
f 1957/150/3292 1948/150/3293 1940/149/3294
f 1948/150/3295 1957/150/3295 1956/152/3295
f 1956/152/3295 1951/152/3295 1948/150/3295
f 1956/152/3296 1955/153/3297 1953/153/3298
f 1954/156/3299 1947/156/3300 1953/153/3300
f 1953/153/3300 1955/153/3299 1954/156/3299
