# Blender 5.1.0
# www.blender.org
mtllib P5-7.mtl
o Body.001
v 0.886645 0.776223 1.238630
v 0.886645 0.747094 1.375420
v 0.886645 0.669844 1.495533
v 0.886645 0.552012 1.574265
v 0.886645 0.489419 1.586716
v 0.886645 0.253177 1.596508
v 0.886645 0.199292 1.590063
v 0.886645 0.219376 0.892256
v 0.886645 0.413020 0.875507
v 0.886645 0.552012 0.903154
v 0.886645 0.669844 0.981887
v 0.886645 0.748576 1.099718
v 0.886645 0.737832 -1.209353
v 0.886645 0.696409 -1.045766
v 0.886645 0.513621 -0.873797
v 0.886645 0.374629 -0.846150
v 0.886645 0.266916 -1.568077
v 0.886645 0.374629 -1.572555
v 0.886645 0.644195 -1.453433
v 0.886645 0.710185 -1.348344
v 0.886645 0.813757 1.238630
v 0.886645 0.783793 1.391955
v 0.886645 0.786110 1.087417
v 0.886645 0.198581 0.868455
v 0.886645 0.413020 0.837278
v 0.886645 0.566618 0.866544
v 0.886645 0.696942 0.953623
v 0.848030 0.552012 1.765411
v 0.848030 0.489419 1.773688
v 0.848030 0.253177 1.778386
v 0.848030 0.199292 1.771941
v 0.881989 0.699770 1.526425
v 0.886645 0.616708 1.531037
v 0.868276 0.616472 1.637822
v 0.886645 0.778903 -1.209353
v 0.886645 0.731256 -1.024965
v 0.886645 0.748730 -1.361043
v 0.886645 0.524047 -0.829776
v 0.886645 0.385055 -0.802128
v 0.886645 0.210659 -0.842415
v 0.798925 0.853753 -1.025121
v 0.886645 0.644195 -1.511356
v 0.882006 0.368030 -1.621122
v 0.882581 0.377641 -1.619531
v 0.420504 0.253177 2.053384
v 0.419031 0.199292 2.044936
v 0.404642 0.481150 2.041619
v 0.402727 0.552012 2.037935
v 0.619150 0.199292 1.965142
v 0.621992 0.253177 1.972226
v 0.619921 0.489419 1.967062
v 0.616272 0.552012 1.957965
v 0.886645 0.309052 1.598362
v 0.848030 0.309052 1.781445
v 0.420250 0.309052 2.056098
v 0.621502 0.309052 1.975175
v 0.877268 0.381580 -1.680961
v 0.874431 0.357252 -1.700449
v 0.876863 0.272915 -1.674751
v 0.882935 0.268644 -1.615251
v 0.336678 0.381580 -1.819101
v 0.338184 0.357252 -1.838589
v 0.335694 0.272915 -1.812891
v 0.748070 0.381580 -1.745167
v 0.751936 0.357252 -1.764656
v 0.745725 0.272915 -1.738957
v 0.774660 0.939803 0.779690
v 0.774660 0.939803 0.710799
v 0.734548 0.987402 0.755287
v 0.734548 0.987402 0.692698
v 0.882936 0.834905 1.238630
v 0.848086 0.877932 1.080912
v 0.801540 0.914263 0.917085
v 0.803550 0.413020 0.750832
v 0.806610 0.576922 0.784934
v 0.751674 0.931487 -0.481993
v 0.809670 0.807836 -0.525763
v 0.803287 0.239916 -0.348493
v 0.803287 0.354813 -0.348493
v 0.825172 0.604304 -0.503440
v 0.848204 0.213147 0.726824
v 0.886645 0.586488 -0.922486
v 0.886645 0.610062 -0.886744
v 0.886645 0.308097 -0.845234
v 0.819804 0.431560 -0.448882
v 0.823750 0.521388 -0.484074
v 0.824981 0.224207 0.654893
v 0.803287 0.354813 0.663127
v 0.744838 0.884083 -1.361313
v 0.779738 0.870690 -1.209305
v 0.809670 0.764270 0.798184
v 0.524810 1.363823 -0.502845
v 0.600319 0.977015 -1.498546
v 0.855339 0.776017 0.953750
v 0.803460 0.371658 0.719040
v 0.848204 0.282450 0.726824
v 0.803287 0.289363 -0.348493
v 0.886645 0.295175 0.842091
v 0.868903 0.277750 0.819140
v 0.830229 0.283777 0.657789
v 0.882898 0.290041 -0.781110
v 0.886645 0.311171 -0.801617
v 0.886645 0.482516 0.889331
v 0.886645 0.489819 0.851911
v 0.805080 0.494971 0.771789
v 0.691449 0.981057 -1.209205
v 0.883143 0.192930 -0.825754
v 0.852776 0.552012 1.741914
v 0.853837 0.253177 1.751033
v 0.853482 0.309052 1.755593
v 0.852897 0.489419 1.750121
v 0.872715 0.309052 1.664404
v 0.874146 0.552012 1.636136
v 0.873391 0.253177 1.658933
v 0.873048 0.489419 1.652550
v 0.873087 0.278298 1.661393
v 0.853689 0.276491 1.752936
v 0.868628 0.604316 1.638424
v 0.872949 0.594485 1.621740
v 0.695190 0.987402 0.875547
v 0.674333 0.791548 1.601930
v 0.360363 0.665758 1.909206
v 0.527108 0.747353 1.755600
v 0.637678 0.650889 1.796286
v 0.646854 0.609892 1.805033
v 0.333993 0.635034 1.928616
v 0.533228 0.748576 1.099718
v 0.713594 0.644195 -1.629565
v 0.730198 0.967402 -0.879277
v 0.804973 0.841053 -0.886999
v 0.784555 0.890193 0.792151
v 0.533228 0.669844 0.981887
v 0.533228 0.552012 0.903154
v 0.533228 0.413020 0.875507
v 0.533228 0.182215 0.892256
v 0.533228 0.179602 1.590063
v 0.806331 0.496741 0.683998
v 0.809670 0.767211 0.708792
v 0.807938 0.578881 0.692737
v 0.804611 0.414230 0.672535
v 0.782413 0.892882 0.709158
v 0.713516 0.973281 -1.021310
v 0.541024 1.332924 -0.501355
v 0.546232 1.302976 -0.902400
v 0.566125 1.263190 -1.022663
v 0.596869 1.205922 -1.049187
v 0.671672 1.067070 -1.005676
v 0.524810 1.363824 -0.095029
v 0.556241 1.313114 0.142627
v 0.696015 1.065882 0.666147
v 0.617278 1.215540 0.384856
v 0.501647 1.342953 0.169451
v 0.288472 1.360520 0.206194
v 0.695179 0.773744 1.610461
v 0.684628 0.695157 1.702547
v 0.684672 0.900409 1.238507
v 0.679600 0.852891 1.413538
v 0.689326 0.938901 1.077906
v 0.583964 0.931428 1.238449
v 0.512496 0.875114 1.459803
v 0.631786 0.967480 1.078511
v 0.436766 0.812961 1.655137
v 0.309901 0.675491 1.913376
v 0.619461 0.959597 1.078543
v 0.417832 0.807708 1.658179
v 0.572115 0.922964 1.237178
v 0.489426 0.865006 1.465735
v 0.626211 0.958551 1.078526
v 0.446359 0.713726 1.835167
v 0.369500 0.740634 1.790631
v 0.362159 0.739936 1.787585
v 0.174563 0.608225 1.957544
v 0.288042 0.608225 1.946863
v 0.295283 0.582823 1.946863
v 0.240986 0.608225 1.951720
v 0.632525 0.582823 1.815458
v 0.403618 0.608762 1.918737
v 0.404877 0.582823 1.920473
v 0.700621 0.934564 1.078120
v 0.704921 0.893701 1.238519
v 0.709539 0.842899 1.410805
v 0.850754 0.552012 1.649544
v 0.829385 0.552012 1.755323
v 0.849324 0.309052 1.677813
v 0.830091 0.309052 1.769001
v 0.849657 0.489419 1.665958
v 0.829505 0.489419 1.763530
v 0.849696 0.278298 1.674801
v 0.830298 0.276491 1.766344
v 0.845236 0.604317 1.651832
v 0.849557 0.594485 1.635148
v 0.533228 0.253177 1.596508
v 0.533228 0.489419 1.586716
v 0.578768 1.205922 -1.216006
v 0.612493 1.067070 -1.384495
v 0.650127 1.067070 -1.195085
v 0.589544 1.205922 -1.129720
v 0.461418 1.396261 -0.502845
v 0.461418 1.394330 -0.087306
v 0.274561 1.419497 -0.502845
v 0.274561 1.417567 -0.087306
v 0.524810 1.335457 -0.905239
v 0.461418 1.364903 -0.908697
v 0.274561 1.385997 -0.911174
v 0.564838 0.963395 -1.555464
v 0.313552 0.958380 -1.609545
v 0.567208 0.644195 -1.688647
v 0.541062 0.629299 -1.695598
v 0.592586 0.381580 -1.779203
v 0.324871 0.629299 -1.733239
v 0.595497 0.357252 -1.798691
v 0.590774 0.272915 -1.772993
v 0.886645 0.512951 -1.543977
v 0.883222 0.528109 -1.587703
v 0.874244 0.556985 -1.701729
v 0.874514 0.572196 -1.695976
v 0.338013 0.572196 -1.835182
v 0.338283 0.556996 -1.839871
v 0.752191 0.556997 -1.765937
v 0.750826 0.572196 -1.761504
v 0.595688 0.556997 -1.799973
v 0.595234 0.572196 -1.798309
v 0.754434 0.928022 -0.375076
v 0.561391 1.248399 -1.170633
v 0.274662 1.289691 -1.222474
v 0.493448 1.266484 -1.194623
v 0.524810 1.305880 -1.127882
v 0.461418 1.332406 -1.130417
v 0.274561 1.351409 -1.143162
v 0.461418 1.348655 -1.019557
v 0.274561 1.368703 -1.027168
v 0.524810 1.320668 -1.016561
v 0.461418 1.340531 -1.074987
v 0.524810 1.313274 -1.072221
v 0.274561 1.360056 -1.085166
v 0.563758 1.255794 -1.096648
v 0.278833 1.341343 -1.230231
v 0.534016 1.291464 -1.192607
v 0.476478 1.313452 -1.207971
v 0.564838 0.987723 -1.547419
v 0.311799 0.982690 -1.601768
v 0.561709 1.209828 -1.267995
v 0.590460 1.091456 -1.411633
v 0.585570 1.005173 -1.512624
v 0.274662 1.277733 -1.242640
v 0.486185 1.250223 -1.224534
v 0.553329 1.226892 -1.244132
v 0.536311 1.240785 -1.227849
v 0.297582 1.130498 -1.471926
v 0.307804 1.025742 -1.574813
v 0.278914 1.247365 -1.292229
v 0.502407 0.959764 -1.576210
v 0.502407 0.984092 -1.568165
v 0.522058 1.111615 -1.434789
v 0.518277 1.020564 -1.536946
v 0.498647 1.220340 -1.275000
v 0.330941 0.858286 -1.693748
v 0.544203 0.849570 -1.654084
v 0.326990 0.740557 -1.714235
v 0.540715 0.754073 -1.670611
v 0.567415 0.755483 -1.663892
v 0.586939 0.756092 -1.656733
v 0.758602 0.822950 -1.459337
v 0.676149 0.768369 -1.607710
v 0.736669 0.790924 -1.533987
v 0.319596 0.913758 -1.656353
v 0.515763 0.913279 -1.622357
v 0.606434 0.900124 -1.591947
v 0.564956 0.913186 -1.607669
v 0.656892 0.900285 -1.536875
v 0.730233 0.900882 -1.365510
v 0.736762 0.893905 -1.360474
v 0.759808 0.854473 -1.396448
v 0.574599 0.882727 -1.624583
v 0.520683 0.761005 -1.671919
v 0.519152 0.773586 -1.670744
v 0.858897 0.381580 -1.690090
v 0.857013 0.357252 -1.709579
v 0.856927 0.572196 -1.705294
v 0.856890 0.556987 -1.710859
v 0.490676 1.381290 -0.502845
v 0.526760 1.329227 0.157112
v 0.490578 1.380297 -0.090859
v 0.778901 0.897294 0.573036
v 0.490676 1.351312 -0.907101
v 0.490676 1.320163 -1.129247
v 0.490676 1.335738 -1.018174
v 0.490676 1.327951 -1.073711
v 0.506762 1.306882 -1.199094
v 0.590864 1.235170 0.397367
v 0.659871 1.089212 0.692560
v 0.280293 1.003964 0.993721
v 0.612964 1.012422 0.875478
v 0.674245 0.988156 0.897177
v 0.566799 1.246108 0.405207
v 0.636172 1.099084 0.702275
v 0.637178 1.021383 0.849488
v 0.543250 1.249907 0.412044
v 0.612256 1.103070 0.707236
v 0.590421 1.261250 0.278969
v 0.562658 1.279332 0.292348
v 0.538132 1.291498 0.302168
v 0.513359 1.295894 0.306776
v 0.298317 1.319542 0.329403
v 0.296332 1.130255 0.743163
v 0.301039 1.271497 0.437498
v 0.285943 1.048450 0.905461
v 0.395059 1.351737 0.187822
v 0.405838 1.311009 0.318090
v 0.422144 1.263170 0.427227
v 0.464450 1.119935 0.726501
v 0.482489 1.039819 0.876596
v 0.425676 0.391819 2.035579
v 0.524064 0.481151 1.998173
v 0.332759 0.358222 2.055991
v 0.113314 0.331941 2.081483
v 0.524055 0.468289 1.998774
v 0.114417 0.309052 2.090012
v 0.148932 0.253177 2.083257
v 0.404551 0.489419 2.048919
v 0.531744 0.489419 2.002319
v 0.429747 0.384633 2.042324
v 0.334741 0.350127 2.063784
v 0.113939 0.323684 2.089436
v 0.531744 0.463833 2.003560
v 0.533228 0.776223 1.238630
v 0.533228 0.552012 1.574265
v 0.533228 0.669844 1.495533
v 0.533228 0.747094 1.375420
v 0.533228 0.186426 0.868455
v 0.533228 0.616708 1.531037
v 0.533228 0.309052 1.598362
v 0.533228 0.482516 0.889331
v 0.533228 0.737832 -1.209353
v 0.533228 0.696409 -1.045766
v 0.533228 0.513621 -0.873797
v 0.533228 0.374629 -0.846150
v 0.533228 0.266916 -1.568077
v 0.533228 0.374629 -1.572555
v 0.533228 0.644195 -1.453433
v 0.533228 0.710185 -1.348344
v 0.533228 0.196732 -0.842415
v 0.533228 0.586488 -0.922486
v 0.533228 0.308097 -0.845234
v 0.533228 0.192930 -0.825754
v 0.533228 0.512951 -1.543977
v 0.533228 0.217863 -0.348493
v 0.533228 0.206310 0.726824
v 0.533228 0.212175 0.654893
v 0.400439 0.636123 1.909745
v 0.437034 0.724048 1.830519
v 0.349825 0.675491 1.905805
v 0.674527 0.805372 1.588570
v 0.518210 0.757855 1.750540
v 0.697778 0.687987 1.702021
v 0.646854 0.639616 1.801929
v 0.306231 0.629366 1.939442
v 0.709519 0.774035 1.602114
v 0.403618 0.626814 1.918737
v 0.441175 0.719468 1.832585
v 0.354504 0.671173 1.907318
v 0.674441 0.799234 1.594499
v 0.522161 0.753196 1.752788
v 0.691938 0.691166 1.702251
v 0.642779 0.644618 1.799422
v 0.318567 0.631892 1.933738
v 0.703151 0.773900 1.605814
v 0.402207 0.631806 1.914746
v 0.540851 1.333379 -0.412482
v 0.542168 1.337902 -0.096186
v 0.780880 0.894808 0.649744
v 0.570706 1.296211 0.133189
v 0.604886 1.243082 0.269480
v 0.632553 1.197371 0.374325
v 0.707819 1.040780 0.642729
v 0.298490 1.194992 0.603063
v 0.580628 1.170372 0.571936
v 0.604375 1.166472 0.566115
v 0.628242 1.156111 0.557260
v 0.673321 1.112553 0.519708
v 0.659926 1.134477 0.537218
v 0.540462 1.315049 -0.393319
v 0.734894 0.949685 -0.360912
v 0.445060 1.185586 0.589330
v 0.670172 1.099821 0.510558
v 0.604497 1.228917 0.262814
v 0.632163 1.183207 0.367660
v 0.542461 1.321074 -0.095696
v 0.570317 1.280380 0.128189
v 0.760862 0.920212 0.554095
v 0.730932 1.005454 0.623266
v 0.726111 1.004923 0.546372
v 0.718032 1.004908 0.534743
v 0.779674 0.949445 0.669893
v 0.772278 0.964575 0.664140
v 0.790309 0.927690 0.602238
v 0.790888 0.926506 0.638767
v 0.766870 0.975638 0.621589
v 0.766975 0.975423 0.590412
v 0.505429 0.775865 -1.676745
v 0.531565 0.858286 -1.657436
v 0.569594 0.741690 -1.669244
v 0.539800 0.740557 -1.677056
v 0.590299 0.742216 -1.661658
v 0.787818 0.848073 -1.393627
v 0.799056 0.812675 -1.458512
v 0.682081 0.754751 -1.611367
v 0.755049 0.778349 -1.540571
v 0.599402 0.913451 -1.588726
v 0.650228 0.913451 -1.532736
v 0.725091 0.913451 -1.356193
v 0.740593 0.900078 -1.347071
v 0.756095 0.883471 -1.348296
v 0.565013 0.894736 -1.624631
v 0.509873 0.752447 -1.680157
v 0.835672 0.950851 0.600085
v 0.831620 0.997450 0.601589
v 0.813650 0.947954 0.540254
v 0.809096 1.000328 0.541944
v 0.961230 0.963892 0.534297
v 0.957178 1.010490 0.535800
v 0.945990 0.961045 0.491160
v 0.941436 1.013420 0.492849
v 0.843496 0.950906 0.529182
v 0.838942 1.003280 0.530872
v 0.870591 0.953794 0.602988
v 0.866538 1.000393 0.604492
v 0.802176 1.006456 0.544511
v 0.807905 0.940573 0.542386
v 0.844083 0.944152 0.528964
v 0.838354 1.010035 0.531090
v 0.947181 1.020800 0.490718
v 0.952910 0.954917 0.488593
v 0.820822 0.978949 0.558785
v 0.825694 0.978949 0.569123
v 0.828443 0.962634 0.574810
v 0.822732 0.962634 0.562697
v 0.832359 0.978949 0.583231
v 0.833278 0.962634 0.585136
v 0.786767 0.976758 0.608299
v 0.785188 0.976616 0.584171
v 0.801276 0.939510 0.593320
v 0.803591 0.938726 0.621591
v 0.797806 0.953906 0.645681
v 0.792600 0.969437 0.641230
v 0.809670 0.771441 0.580266
v 0.809670 0.769326 0.644529
v 0.602235 0.977015 -1.498546
v 0.614410 1.067070 -1.384495
v 0.610577 1.084639 -1.363200
v 0.591221 1.076774 -1.585270
v 0.601779 1.160831 -1.486365
v 0.594315 1.176066 -1.467898
v 0.301419 1.348965 -1.784662
v 0.547079 1.223911 -1.699726
v 0.475277 1.305580 -1.757991
v 0.292263 1.335718 -1.593245
v 0.537923 1.259016 -1.539965
v 0.464976 1.308327 -1.573428
v 0.547079 1.252627 -1.568501
v 0.475277 1.319927 -1.615144
v 0.301419 1.348965 -1.632673
v 0.292318 1.307634 -1.784662
v 0.567793 0.983639 -1.498546
v 0.558103 1.073171 -1.585270
v 0.524541 1.208732 -1.699726
v 0.457339 1.275682 -1.757991
v 0.292263 1.307649 -1.593245
v 0.451241 1.277023 -1.573428
v 0.590706 1.084639 -1.363200
v 0.573509 1.165683 -1.456008
v 0.519524 1.239237 -1.539965
v 0.292273 1.307646 -1.629473
v 0.452395 1.276770 -1.608359
v 0.573949 1.150680 -1.480473
v 0.520473 1.233338 -1.570202
v 0.587354 1.069863 -1.383001
v 0.339865 0.799789 -1.702441
v 0.289315 0.686739 -1.726391
v 0.226878 0.664610 -1.734569
v 0.339880 0.776440 -1.706957
v 0.326733 0.740557 -1.704326
v 0.339865 0.799789 -1.685320
v 0.289315 0.686739 -1.721248
v 0.226878 0.664610 -1.731771
v 0.339880 0.776440 -1.692465
v 0.687660 0.913451 -1.444464
v 0.694113 0.900466 -1.449663
v 0.512483 0.774361 -1.671496
v 0.538612 0.853288 -1.654982
v 0.567993 0.749001 -1.664871
v 0.539918 0.747450 -1.671446
v 0.587982 0.749671 -1.657826
v 0.764162 0.850570 -1.393132
v 0.763133 0.818346 -1.457893
v 0.678483 0.762231 -1.608685
v 0.740473 0.785441 -1.533956
v 0.603604 0.906046 -1.590795
v 0.654062 0.906025 -1.535158
v 0.690438 0.905704 -1.448108
v 0.726814 0.905383 -1.361058
v 0.736008 0.895136 -1.353788
v 0.747261 0.882054 -1.354940
v 0.570619 0.888035 -1.624854
v 0.514664 0.756158 -1.672815
v 0.823562 0.521121 -0.471415
v 0.824974 0.604011 -0.489678
v 0.819634 0.431366 -0.436311
v 0.809670 0.807439 -0.513709
v 0.774660 0.939803 0.771340
v 0.806799 0.577201 0.771789
v 0.809670 0.764613 0.787758
v 0.805307 0.495292 0.755843
v 0.784272 0.890548 0.781195
v 0.803742 0.413239 0.736683
v 0.339865 0.799789 -1.702441
v 0.339865 0.808068 -1.730591
v 0.316131 0.814956 -1.699868
v 0.316131 0.822143 -1.725156
v 0.169933 0.799461 -1.715431
v 0.169933 0.807740 -1.743581
v 0.169933 0.841170 -1.729953
v 0.289055 0.799691 -1.706325
v 0.289055 0.807970 -1.734475
v 0.289055 0.830295 -1.726772
v 0.169933 0.833982 -1.704665
v 0.289055 0.823108 -1.701484
v -0.886645 0.776223 1.238630
v -0.886645 0.747094 1.375420
v -0.886645 0.669844 1.495533
v -0.886645 0.552012 1.574265
v -0.886645 0.489419 1.586716
v -0.886645 0.253177 1.596508
v -0.886645 0.199292 1.590063
v -0.886645 0.219376 0.892256
v -0.886645 0.413020 0.875507
v -0.886645 0.552012 0.903154
v -0.886645 0.669844 0.981887
v -0.886645 0.748576 1.099718
v -0.886645 0.737832 -1.209353
v -0.886645 0.696409 -1.045766
v -0.886645 0.513621 -0.873797
v -0.886645 0.374629 -0.846150
v -0.886645 0.266916 -1.568077
v -0.886645 0.374629 -1.572555
v -0.886645 0.644195 -1.453433
v -0.886645 0.710185 -1.348344
v -0.886645 0.813757 1.238630
v -0.886645 0.783793 1.391955
v -0.886645 0.786110 1.087417
v -0.886645 0.198581 0.868455
v -0.886645 0.413020 0.837278
v -0.886645 0.566618 0.866544
v -0.886645 0.696942 0.953623
v -0.848030 0.552012 1.765411
v -0.848030 0.489419 1.773688
v -0.848030 0.253177 1.778386
v -0.848030 0.199292 1.771941
v -0.881989 0.699770 1.526425
v -0.886645 0.616708 1.531037
v -0.868276 0.616472 1.637822
v -0.886645 0.778903 -1.209353
v -0.886645 0.731256 -1.024965
v -0.886645 0.748730 -1.361043
v -0.886645 0.524047 -0.829776
v -0.886645 0.385055 -0.802128
v -0.886645 0.210659 -0.842415
v -0.798925 0.853753 -1.025121
v -0.886645 0.644195 -1.511356
v -0.882006 0.368030 -1.621122
v -0.882581 0.377641 -1.619531
v 0.000000 0.552012 2.080290
v 0.000000 0.489419 2.094943
v 0.000000 0.253177 2.099641
v 0.000000 0.199292 2.093196
v -0.420504 0.253177 2.053384
v -0.419031 0.199292 2.044936
v -0.404642 0.481150 2.041619
v -0.402727 0.552012 2.037935
v -0.619150 0.199292 1.965142
v -0.621992 0.253177 1.972226
v -0.619921 0.489419 1.967062
v -0.616272 0.552012 1.957965
v -0.886645 0.309052 1.598362
v -0.848030 0.309052 1.781445
v 0.000000 0.309052 2.102700
v -0.420250 0.309052 2.056098
v -0.621502 0.309052 1.975175
v -0.877268 0.381580 -1.680961
v -0.874431 0.357252 -1.700449
v -0.876863 0.272915 -1.674751
v -0.882935 0.268644 -1.615251
v 0.000000 0.381580 -1.838753
v 0.000000 0.357252 -1.858242
v 0.000000 0.272915 -1.832543
v -0.336678 0.381580 -1.819101
v -0.338184 0.357252 -1.838589
v -0.335694 0.272915 -1.812891
v -0.748070 0.381580 -1.745167
v -0.751936 0.357252 -1.764656
v -0.745725 0.272915 -1.738957
v -0.774660 0.939803 0.779690
v -0.774660 0.939803 0.710799
v -0.734548 0.987402 0.755287
v -0.734548 0.987402 0.692698
v -0.882936 0.834905 1.238630
v -0.848086 0.877932 1.080912
v -0.801540 0.914263 0.917085
v -0.803550 0.413020 0.750832
v -0.806610 0.576922 0.784934
v -0.751674 0.931487 -0.481993
v -0.809670 0.807836 -0.525763
v -0.803287 0.239916 -0.348493
v -0.803287 0.354813 -0.348493
v -0.825172 0.604304 -0.503440
v -0.848204 0.213147 0.726824
v -0.886645 0.586488 -0.922486
v -0.886645 0.610062 -0.886744
v -0.886645 0.308097 -0.845234
v -0.819804 0.431560 -0.448882
v -0.823750 0.521388 -0.484074
v -0.824981 0.224207 0.654893
v -0.803287 0.354813 0.663127
v -0.744838 0.884083 -1.361313
v -0.779738 0.870690 -1.209305
v -0.809670 0.764270 0.798184
v -0.524810 1.363823 -0.502845
v -0.600319 0.977015 -1.498546
v -0.855339 0.776017 0.953750
v -0.803460 0.371658 0.719040
v -0.848204 0.282450 0.726824
v -0.803287 0.289363 -0.348493
v -0.886645 0.295175 0.842091
v -0.868903 0.277750 0.819140
v -0.830229 0.283777 0.657789
v -0.882898 0.290041 -0.781110
v -0.886645 0.311171 -0.801617
v -0.886645 0.482516 0.889331
v -0.886645 0.489819 0.851911
v -0.805080 0.494971 0.771789
v -0.691449 0.981057 -1.209205
v -0.883143 0.192930 -0.825754
v -0.852776 0.552012 1.741914
v -0.853837 0.253177 1.751033
v -0.853482 0.309052 1.755593
v -0.852897 0.489419 1.750121
v -0.872715 0.309052 1.664404
v -0.874146 0.552012 1.636136
v -0.873391 0.253177 1.658933
v -0.873048 0.489419 1.652550
v -0.873087 0.278298 1.661393
v -0.853689 0.276491 1.752936
v -0.868628 0.604316 1.638424
v -0.872949 0.594485 1.621740
v -0.695190 0.987402 0.875547
v -0.674333 0.791548 1.601930
v -0.360363 0.665758 1.909206
v -0.527108 0.747353 1.755600
v -0.637678 0.650889 1.796286
v -0.646854 0.609892 1.805033
v -0.333993 0.635034 1.928616
v -0.533228 0.748576 1.099718
v -0.713594 0.644195 -1.629565
v -0.730198 0.967402 -0.879277
v -0.804973 0.841053 -0.886999
v -0.784555 0.890193 0.792151
v -0.533228 0.669844 0.981887
v -0.533228 0.552012 0.903154
v -0.533228 0.413020 0.875507
v -0.533228 0.182215 0.892256
v -0.533228 0.179602 1.590063
v -0.806331 0.496741 0.683998
v -0.809670 0.767211 0.708792
v -0.807938 0.578881 0.692737
v -0.804611 0.414230 0.672535
v -0.782413 0.892882 0.709158
v -0.713516 0.973281 -1.021310
v -0.541024 1.332924 -0.501355
v -0.546232 1.302976 -0.902400
v -0.566125 1.263190 -1.022663
v -0.596869 1.205922 -1.049187
v -0.671672 1.067070 -1.005676
v -0.524810 1.363824 -0.095029
v -0.556241 1.313114 0.142627
v -0.696015 1.065882 0.666147
v -0.617278 1.215540 0.384856
v 0.000000 1.365453 0.219746
v -0.501647 1.342953 0.169451
v -0.288472 1.360520 0.206194
v -0.695179 0.773744 1.610461
v -0.684628 0.695157 1.702547
v -0.684672 0.900409 1.238507
v -0.679600 0.852891 1.413538
v -0.689326 0.938901 1.077906
v -0.583964 0.931428 1.238449
v -0.512496 0.875114 1.459803
v -0.631786 0.967480 1.078511
v -0.436766 0.812961 1.655137
v -0.309901 0.675491 1.913376
v -0.619461 0.959597 1.078543
v -0.417832 0.807708 1.658179
v -0.572115 0.922964 1.237178
v -0.489426 0.865006 1.465735
v -0.626211 0.958551 1.078526
v -0.446359 0.713726 1.835167
v -0.369500 0.740634 1.790631
v -0.362159 0.739936 1.787585
v -0.174563 0.608225 1.957544
v 0.000000 0.608225 1.964248
v -0.288042 0.608225 1.946863
v -0.295283 0.582823 1.946863
v -0.240986 0.608225 1.951720
v -0.632525 0.582823 1.815458
v -0.403618 0.608762 1.918737
v -0.404877 0.582823 1.920473
v -0.700621 0.934564 1.078120
v -0.704921 0.893701 1.238519
v -0.709539 0.842899 1.410805
v -0.850754 0.552012 1.649544
v -0.829385 0.552012 1.755323
v -0.849324 0.309052 1.677813
v -0.830091 0.309052 1.769001
v -0.849657 0.489419 1.665958
v -0.829505 0.489419 1.763530
v -0.849696 0.278298 1.674801
v -0.830298 0.276491 1.766344
v -0.845236 0.604317 1.651832
v -0.849557 0.594485 1.635148
v -0.533228 0.253177 1.596508
v -0.533228 0.489419 1.586716
v -0.578768 1.205922 -1.216006
v -0.612493 1.067070 -1.384495
v -0.650127 1.067070 -1.195085
v -0.589544 1.205922 -1.129720
v -0.461418 1.396261 -0.502845
v -0.461418 1.394330 -0.087306
v 0.000000 1.427153 -0.502845
v 0.000000 1.425223 -0.087306
v -0.274561 1.419497 -0.502845
v -0.274561 1.417567 -0.087306
v -0.524810 1.335457 -0.905239
v -0.461418 1.364903 -0.908697
v 0.000000 1.392947 -0.911990
v -0.274561 1.385997 -0.911174
v 0.000000 0.957239 -1.622005
v -0.564838 0.963395 -1.555464
v -0.313552 0.958380 -1.609545
v 0.000000 0.858286 -1.718462
v 0.000000 0.629299 -1.757014
v -0.567208 0.644195 -1.688647
v -0.541062 0.629299 -1.695598
v -0.592586 0.381580 -1.779203
v -0.324871 0.629299 -1.733239
v -0.595497 0.357252 -1.798691
v -0.590774 0.272915 -1.772993
v -0.886645 0.512951 -1.543977
v -0.883222 0.528109 -1.587703
v -0.874244 0.556985 -1.701729
v -0.874514 0.572196 -1.695976
v 0.000000 0.572196 -1.855060
v 0.000000 0.556995 -1.859523
v -0.338013 0.572196 -1.835182
v -0.338283 0.556996 -1.839871
v -0.752191 0.556997 -1.765937
v -0.750826 0.572196 -1.761504
v -0.595688 0.556997 -1.799973
v -0.595234 0.572196 -1.798309
v 0.000000 0.582823 1.964269
v -0.754434 0.928022 -0.375076
v -0.561391 1.248399 -1.170633
v 0.000000 1.292807 -1.225660
v -0.274662 1.289691 -1.222474
v -0.493448 1.266484 -1.194623
v -0.524810 1.305880 -1.127882
v -0.461418 1.332406 -1.130417
v 0.000000 1.357670 -1.148150
v -0.274561 1.351409 -1.143162
v -0.461418 1.348655 -1.019557
v -0.274561 1.368703 -1.027168
v 0.000000 1.375308 -1.030070
v -0.524810 1.320668 -1.016561
v -0.461418 1.340531 -1.074987
v -0.524810 1.313274 -1.072221
v -0.274561 1.360056 -1.085166
v 0.000000 1.366489 -1.089110
v -0.563758 1.255794 -1.096648
v 0.000000 1.347567 -1.235716
v -0.278833 1.341343 -1.230231
v -0.534016 1.291464 -1.192607
v -0.476478 1.313452 -1.207971
v 0.000000 0.981567 -1.613960
v -0.564838 0.987723 -1.547419
v -0.311799 0.982690 -1.601768
v -0.561709 1.209828 -1.267995
v -0.590460 1.091456 -1.411633
v -0.585570 1.005173 -1.512624
v 0.000000 1.280849 -1.245826
v -0.274662 1.277733 -1.242640
v -0.486185 1.250223 -1.224534
v -0.553329 1.226892 -1.244132
v -0.536311 1.240785 -1.227849
v 0.000000 1.129997 -1.475255
v -0.297582 1.130498 -1.471926
v 0.000000 1.025603 -1.588373
v -0.307804 1.025742 -1.574813
v 0.000000 1.249809 -1.295040
v -0.278914 1.247365 -1.292229
v -0.502407 0.959764 -1.576210
v -0.502407 0.984092 -1.568165
v -0.522058 1.111615 -1.434789
v -0.518277 1.020564 -1.536946
v -0.498647 1.220340 -1.275000
v -0.330941 0.858286 -1.693748
v -0.544203 0.849570 -1.654084
v -0.326990 0.740557 -1.714235
v -0.540715 0.754073 -1.670611
v -0.567415 0.755483 -1.663892
v -0.586939 0.756092 -1.656733
v -0.758602 0.822950 -1.459337
v -0.676149 0.768369 -1.607710
v -0.736669 0.790924 -1.533987
v 0.000000 0.913135 -1.673935
v -0.319596 0.913758 -1.656353
v -0.515763 0.913279 -1.622357
v -0.606434 0.900124 -1.591947
v -0.564956 0.913186 -1.607669
v -0.656892 0.900285 -1.536875
v -0.730233 0.900882 -1.365510
v -0.736762 0.893905 -1.360474
v -0.759808 0.854473 -1.396448
v -0.574599 0.882727 -1.624583
v -0.520683 0.761005 -1.671919
v -0.519152 0.773586 -1.670744
v -0.858897 0.381580 -1.690090
v -0.857013 0.357252 -1.709579
v -0.856927 0.572196 -1.705294
v -0.856890 0.556987 -1.710859
v -0.490676 1.381290 -0.502845
v -0.526760 1.329227 0.157112
v -0.490578 1.380297 -0.090859
v -0.778901 0.897294 0.573036
v -0.490676 1.351312 -0.907101
v -0.490676 1.320163 -1.129247
v -0.490676 1.335738 -1.018174
v -0.490676 1.327951 -1.073711
v -0.506762 1.306882 -1.199094
v -0.590864 1.235170 0.397367
v -0.659871 1.089212 0.692560
v 0.000000 1.005551 1.006135
v -0.280293 1.003964 0.993721
v -0.612964 1.012422 0.875478
v -0.674245 0.988156 0.897177
v -0.566799 1.246108 0.405207
v -0.636172 1.099084 0.702275
v -0.637178 1.021383 0.849488
v -0.543250 1.249907 0.412044
v -0.612256 1.103070 0.707236
v -0.590421 1.261250 0.278969
v -0.562658 1.279332 0.292348
v -0.538132 1.291498 0.302168
v -0.513359 1.295894 0.306776
v 0.000000 1.324476 0.342955
v -0.298317 1.319542 0.329403
v -0.296332 1.130255 0.743163
v 0.000000 1.133919 0.757047
v -0.301039 1.271497 0.437498
v 0.000000 1.276141 0.451568
v -0.285943 1.048450 0.905461
v 0.000000 1.050769 0.918393
v -0.395059 1.351737 0.187822
v -0.405838 1.311009 0.318090
v -0.422144 1.263170 0.427227
v -0.464450 1.119935 0.726501
v -0.482489 1.039819 0.876596
v 0.000000 0.321040 2.102185
v -0.425676 0.391819 2.035579
v -0.524064 0.481151 1.998173
v -0.332759 0.358222 2.055991
v -0.113314 0.331941 2.081483
v -0.524055 0.468289 1.998774
v -0.114417 0.309052 2.090012
v -0.148932 0.253177 2.083257
v 0.000000 0.329502 2.093227
v -0.404551 0.489419 2.048919
v 0.000000 0.481151 2.086765
v -0.531744 0.489419 2.002319
v -0.429747 0.384633 2.042324
v -0.334741 0.350127 2.063784
v -0.113939 0.323684 2.089436
v -0.531744 0.463833 2.003560
v -0.533228 0.776223 1.238630
v -0.533228 0.552012 1.574265
v -0.533228 0.669844 1.495533
v -0.533228 0.747094 1.375420
v -0.533228 0.186426 0.868455
v -0.533228 0.616708 1.531037
v -0.533228 0.309052 1.598362
v -0.533228 0.482516 0.889331
v -0.533228 0.737832 -1.209353
v -0.533228 0.696409 -1.045766
v -0.533228 0.513621 -0.873797
v -0.533228 0.374629 -0.846150
v -0.533228 0.266916 -1.568077
v -0.533228 0.374629 -1.572555
v -0.533228 0.644195 -1.453433
v -0.533228 0.710185 -1.348344
v -0.533228 0.196732 -0.842415
v -0.533228 0.586488 -0.922486
v -0.533228 0.308097 -0.845234
v -0.533228 0.192930 -0.825754
v -0.533228 0.512951 -1.543977
v -0.533228 0.217863 -0.348493
v -0.533228 0.206310 0.726824
v -0.533228 0.212175 0.654893
v 0.000000 0.182215 0.892256
v 0.000000 0.179602 1.590063
v 0.000000 0.186426 0.868455
v 0.000000 0.266916 -1.568077
v 0.000000 0.196732 -0.842415
v 0.000000 0.192930 -0.825754
v 0.000000 0.217863 -0.348493
v 0.000000 0.206310 0.726824
v 0.000000 0.212175 0.654893
v -0.400439 0.636123 1.909745
v -0.437034 0.724048 1.830519
v -0.349825 0.675491 1.905805
v -0.674527 0.805372 1.588570
v -0.518210 0.757855 1.750540
v -0.697778 0.687987 1.702021
v -0.646854 0.639616 1.801929
v -0.306231 0.629366 1.939442
v -0.709519 0.774035 1.602114
v -0.403618 0.626814 1.918737
v -0.441175 0.719468 1.832585
v -0.354504 0.671173 1.907318
v -0.674441 0.799234 1.594499
v -0.522161 0.753196 1.752788
v -0.691938 0.691166 1.702251
v -0.642779 0.644618 1.799422
v -0.318567 0.631892 1.933738
v -0.703151 0.773900 1.605814
v -0.402207 0.631806 1.914746
v -0.540851 1.333379 -0.412482
v -0.542168 1.337902 -0.096186
v -0.780880 0.894808 0.649744
v -0.570706 1.296211 0.133189
v -0.604886 1.243082 0.269480
v -0.632553 1.197371 0.374325
v -0.707819 1.040780 0.642729
v -0.298490 1.194992 0.603063
v -0.580628 1.170372 0.571936
v -0.604375 1.166472 0.566115
v -0.628242 1.156111 0.557260
v -0.673321 1.112553 0.519708
v -0.659926 1.134477 0.537218
v -0.540462 1.315049 -0.393319
v -0.734894 0.949685 -0.360912
v 0.000000 1.199106 0.617032
v -0.445060 1.185586 0.589330
v -0.670172 1.099821 0.510558
v -0.604497 1.228917 0.262814
v -0.632163 1.183207 0.367660
v -0.542461 1.321074 -0.095696
v -0.570317 1.280380 0.128189
v -0.760862 0.920212 0.554095
v -0.730932 1.005454 0.623266
v -0.726111 1.004923 0.546372
v -0.718032 1.004908 0.534743
v -0.779674 0.949445 0.669893
v -0.772278 0.964575 0.664140
v -0.790309 0.927690 0.602238
v -0.790888 0.926506 0.638767
v -0.766870 0.975638 0.621589
v -0.766975 0.975423 0.590412
v -0.505429 0.775865 -1.676745
v -0.531565 0.858286 -1.657436
v -0.569594 0.741690 -1.669244
v -0.539800 0.740557 -1.677056
v -0.590299 0.742216 -1.661658
v -0.787818 0.848073 -1.393627
v -0.799056 0.812675 -1.458512
v -0.682081 0.754751 -1.611367
v -0.755049 0.778349 -1.540571
v -0.599402 0.913451 -1.588726
v -0.650228 0.913451 -1.532736
v -0.725091 0.913451 -1.356193
v -0.740593 0.900078 -1.347071
v -0.756095 0.883471 -1.348296
v -0.565013 0.894736 -1.624631
v -0.509873 0.752447 -1.680157
v -0.835672 0.950851 0.600085
v -0.831620 0.997450 0.601589
v -0.813650 0.947954 0.540254
v -0.809096 1.000328 0.541944
v -0.961230 0.963892 0.534297
v -0.957178 1.010490 0.535800
v -0.945990 0.961045 0.491160
v -0.941436 1.013420 0.492849
v -0.843496 0.950906 0.529182
v -0.838942 1.003280 0.530872
v -0.870591 0.953794 0.602988
v -0.866538 1.000393 0.604492
v -0.802176 1.006456 0.544511
v -0.807905 0.940573 0.542386
v -0.844083 0.944152 0.528964
v -0.838354 1.010035 0.531090
v -0.947181 1.020800 0.490718
v -0.952910 0.954917 0.488593
v -0.820822 0.978949 0.558785
v -0.825694 0.978949 0.569123
v -0.828443 0.962634 0.574810
v -0.822732 0.962634 0.562697
v -0.832359 0.978949 0.583231
v -0.833278 0.962634 0.585136
v -0.786767 0.976758 0.608299
v -0.785188 0.976616 0.584171
v -0.801276 0.939510 0.593320
v -0.803591 0.938726 0.621591
v -0.797806 0.953906 0.645681
v -0.792600 0.969437 0.641230
v -0.809670 0.771441 0.580266
v -0.809670 0.769326 0.644529
v -0.602235 0.977015 -1.498546
v -0.614410 1.067070 -1.384495
v -0.610577 1.084639 -1.363200
v -0.591221 1.076774 -1.585270
v -0.601779 1.160831 -1.486365
v -0.594315 1.176066 -1.467898
v -0.301419 1.348965 -1.784662
v 0.000000 1.356341 -1.788511
v -0.547079 1.223911 -1.699726
v -0.475277 1.305580 -1.757991
v -0.292263 1.335718 -1.593245
v 0.000000 1.343094 -1.598052
v -0.537923 1.259016 -1.539965
v -0.464976 1.308327 -1.573428
v -0.547079 1.252627 -1.568501
v -0.475277 1.319927 -1.615144
v 0.000000 1.356341 -1.637308
v -0.301419 1.348965 -1.632673
v -0.292318 1.307634 -1.784662
v 0.000000 1.315010 -1.788511
v -0.567793 0.983639 -1.498546
v -0.558103 1.073171 -1.585270
v -0.524541 1.208732 -1.699726
v -0.457339 1.275682 -1.757991
v -0.292263 1.307649 -1.593245
v 0.000000 1.315025 -1.598052
v -0.451241 1.277023 -1.573428
v -0.590706 1.084639 -1.363200
v -0.573509 1.165683 -1.456008
v -0.519524 1.239237 -1.539965
v -0.292273 1.307646 -1.629473
v 0.000000 1.315022 -1.634100
v -0.452395 1.276770 -1.608359
v -0.573949 1.150680 -1.480473
v -0.520473 1.233338 -1.570202
v -0.587354 1.069863 -1.383001
v 0.000000 0.663791 -1.751207
v -0.339865 0.799789 -1.702441
v 0.000000 0.799133 -1.728421
v -0.289315 0.686739 -1.726391
v -0.226878 0.664610 -1.734569
v -0.339880 0.776440 -1.706957
v 0.000000 0.799133 -1.711370
v 0.000000 0.740557 -1.727438
v -0.326733 0.740557 -1.704326
v 0.000000 0.663791 -1.748495
v -0.339865 0.799789 -1.685320
v -0.289315 0.686739 -1.721248
v -0.226878 0.664610 -1.731771
v -0.339880 0.776440 -1.692465
v -0.687660 0.913451 -1.444464
v -0.694113 0.900466 -1.449663
v -0.512483 0.774361 -1.671496
v -0.538612 0.853288 -1.654982
v -0.567993 0.749001 -1.664871
v -0.539918 0.747450 -1.671446
v -0.587982 0.749671 -1.657826
v -0.764162 0.850570 -1.393132
v -0.763133 0.818346 -1.457893
v -0.678483 0.762231 -1.608685
v -0.740473 0.785441 -1.533956
v -0.603604 0.906046 -1.590795
v -0.654062 0.906025 -1.535158
v -0.690438 0.905704 -1.448108
v -0.726814 0.905383 -1.361058
v -0.736008 0.895136 -1.353788
v -0.747261 0.882054 -1.354940
v -0.570619 0.888035 -1.624854
v -0.514664 0.756158 -1.672815
v -0.823562 0.521121 -0.471415
v -0.824974 0.604011 -0.489678
v -0.819634 0.431366 -0.436311
v -0.809670 0.807439 -0.513709
v -0.774660 0.939803 0.771340
v -0.806799 0.577201 0.771789
v -0.809670 0.764613 0.787758
v -0.805307 0.495292 0.755843
v -0.784272 0.890548 0.781195
v -0.803742 0.413239 0.736683
v -0.339865 0.799789 -1.702441
v 0.000000 0.799133 -1.728421
v -0.339865 0.808068 -1.730591
v 0.000000 0.807412 -1.756572
v -0.316131 0.814956 -1.699868
v -0.316131 0.822143 -1.725156
v 0.000000 0.845774 -1.740933
v -0.169933 0.799461 -1.715431
v -0.169933 0.807740 -1.743581
v -0.169933 0.841170 -1.729953
v -0.289055 0.799691 -1.706325
v -0.289055 0.807970 -1.734475
v -0.289055 0.830295 -1.726772
v 0.000000 0.838587 -1.715645
v -0.169933 0.833982 -1.704665
v -0.289055 0.823108 -1.701484
v 0.235077 1.366072 0.153973
v 0.235077 1.439115 0.153973
v 0.227291 1.358287 -0.077710
v 0.227291 1.446900 -0.077710
v 0.308119 1.366072 0.153973
v 0.308119 1.439115 0.153973
v 0.315904 1.358287 -0.077710
v 0.315904 1.446900 -0.077710
v 0.227291 1.358287 0.153973
v 0.227291 1.446900 0.153973
v 0.315904 1.446900 0.153973
v 0.315904 1.358287 0.153973
v 0.271598 1.435159 -0.060531
v 0.271598 1.459720 -0.050468
v 0.297837 1.435159 -0.049662
v 0.290721 1.459720 -0.042546
v 0.308706 1.435159 -0.023423
v 0.298642 1.459720 -0.023423
v 0.297837 1.435159 0.002816
v 0.290721 1.459720 -0.004300
v 0.271598 1.435159 0.013685
v 0.271598 1.459720 0.003622
v 0.245358 1.435159 0.002816
v 0.252474 1.459720 -0.004300
v 0.234490 1.435159 -0.023423
v 0.244553 1.459720 -0.023423
v 0.245358 1.435159 -0.049662
v 0.252474 1.459720 -0.042546
v 0.297837 1.459720 -0.049662
v 0.271598 1.459720 -0.060531
v 0.308706 1.459720 -0.023423
v 0.297837 1.459720 0.002816
v 0.271598 1.459720 0.013685
v 0.245358 1.459720 0.002816
v 0.234490 1.459720 -0.023423
v 0.245358 1.459720 -0.049662
v 0.287912 1.475088 -0.039737
v 0.271598 1.475088 -0.046494
v 0.294669 1.475088 -0.023423
v 0.287912 1.475088 -0.007109
v 0.271598 1.475088 -0.000352
v 0.255284 1.475088 -0.007109
v 0.248527 1.475088 -0.023423
v 0.255284 1.475088 -0.039737
v 0.220694 1.358287 0.038132
v 0.220694 1.446900 0.038132
v 0.322502 1.358287 0.038132
v 0.322502 1.446900 0.038132
v -0.090877 1.328036 0.206398
v -0.090877 1.411979 0.206398
v -0.050401 1.367179 -0.121264
v -0.050401 1.442438 -0.121264
v 0.090877 1.328036 0.206398
v 0.090877 1.411979 0.206398
v 0.050401 1.367179 -0.121264
v 0.050401 1.442438 -0.121264
v -0.103090 1.341744 0.066291
v -0.103090 1.442438 0.066291
v 0.103090 1.341744 0.066291
v 0.103090 1.442438 0.066291
v -0.103090 1.322071 0.206398
v -0.103090 1.422765 0.206398
v 0.103090 1.422765 0.206398
v 0.103090 1.322071 0.206398
v 0.000000 1.378306 -0.121264
v 0.000000 1.453565 -0.121264
v 0.000000 1.333199 0.206398
v 0.000000 1.433893 0.206398
v 0.000000 1.453565 0.066291
v 0.000000 1.339164 0.206398
v 0.000000 1.423107 0.206398
v 0.000000 1.413456 -0.573641
v -0.000000 1.472617 -0.576282
v 0.014800 1.414116 -0.558856
v 0.014800 1.473277 -0.561496
v -0.000000 1.414776 -0.544070
v -0.000000 1.473937 -0.546711
v -0.014800 1.414116 -0.558856
v -0.014800 1.473277 -0.561496
v -0.000000 1.478736 -0.567940
v 0.006194 1.479012 -0.561752
v -0.000000 1.479289 -0.555564
v -0.006194 1.479012 -0.561752
v -0.000000 1.796701 -0.582132
v 0.006194 1.796978 -0.575943
v -0.000000 1.797254 -0.569755
v -0.006194 1.796978 -0.575943
v 0.355736 1.354495 -0.993953
v 0.356877 1.381878 -0.997299
v 0.370598 1.355670 -0.979262
v 0.371740 1.383053 -0.982608
v 0.355885 1.358079 -0.964571
v 0.357027 1.385461 -0.967916
v 0.341023 1.356903 -0.979262
v 0.342165 1.384286 -0.982608
v 0.357163 1.388724 -0.989466
v 0.363383 1.389216 -0.983317
v 0.357225 1.390224 -0.977168
v 0.351005 1.389732 -0.983317
v 0.371627 1.735626 -1.031850
v 0.377847 1.736117 -1.025701
v 0.371690 1.737125 -1.019553
v 0.365469 1.736633 -1.025701
v -0.355736 1.354495 -0.993953
v -0.356877 1.381878 -0.997299
v -0.370598 1.355670 -0.979262
v -0.371740 1.383053 -0.982608
v -0.355885 1.358079 -0.964571
v -0.357027 1.385461 -0.967916
v -0.341023 1.356903 -0.979262
v -0.342165 1.384286 -0.982608
v -0.357163 1.388724 -0.989466
v -0.363383 1.389216 -0.983317
v -0.357225 1.390224 -0.977168
v -0.351005 1.389732 -0.983317
v -0.371627 1.735626 -1.031850
v -0.377847 1.736117 -1.025701
v -0.371690 1.737125 -1.019553
v -0.365469 1.736633 -1.025701
v 0.792809 0.847357 -0.337436
v 0.795175 0.840204 -0.300618
v 0.801680 0.822763 -0.273956
v 0.810581 0.799707 -0.264595
v 0.810720 0.803908 -0.412450
v 0.801751 0.826401 -0.402002
v 0.795216 0.842305 -0.374545
v 0.816336 0.754623 -0.338450
v 0.814949 0.762028 -0.375269
v 0.812210 0.780440 -0.401930
v 0.814031 0.777290 -0.273884
v 0.816000 0.760209 -0.301341
v -0.792809 0.847357 -0.337436
v -0.795175 0.840204 -0.300618
v -0.801680 0.822763 -0.273956
v -0.810581 0.799707 -0.264595
v -0.810720 0.803908 -0.412450
v -0.801751 0.826401 -0.402002
v -0.795216 0.842305 -0.374545
v -0.816336 0.754623 -0.338450
v -0.814949 0.762028 -0.375269
v -0.812210 0.780440 -0.401930
v -0.814031 0.777290 -0.273884
v -0.816000 0.760209 -0.301341
v 0.814456 0.747856 -0.386336
v 0.814907 0.742792 -0.374062
v 0.815997 0.730566 -0.368978
v 0.817086 0.718340 -0.374062
v 0.817538 0.713277 -0.386336
v 0.817086 0.718340 -0.398610
v 0.815997 0.730566 -0.403694
v 0.814907 0.742792 -0.398610
v -0.814456 0.747856 -0.386336
v -0.814907 0.742792 -0.374062
v -0.815997 0.730566 -0.368978
v -0.817086 0.718340 -0.374062
v -0.817538 0.713277 -0.386336
v -0.817086 0.718340 -0.398610
v -0.815997 0.730566 -0.403694
v -0.814907 0.742792 -0.398610
v 0.886645 0.747094 1.375420
v 0.886645 0.776223 1.238630
v 0.886645 0.669844 1.495533
v 0.886645 0.616708 1.531037
v 0.886645 0.616708 1.531037
v 0.886645 0.489419 1.586716
v 0.886645 0.552012 1.574265
v 0.886645 0.309052 1.598362
v 0.886645 0.199292 1.590063
v 0.886645 0.199292 1.590063
v 0.886645 0.253177 1.596508
v 0.886645 0.482516 0.889331
v 0.886645 0.413020 0.875507
v 0.886645 0.669844 0.981887
v 0.886645 0.552012 0.903154
v 0.886645 0.748576 1.099718
v 0.886645 0.696409 -1.045766
v 0.886645 0.737832 -1.209353
v 0.886645 0.586488 -0.922486
v 0.886645 0.374629 -0.846150
v 0.886645 0.513621 -0.873797
v 0.886645 0.308097 -0.845234
v 0.886645 0.374629 -1.572555
v 0.886645 0.266916 -1.568077
v 0.886645 0.266916 -1.568077
v 0.886645 0.710185 -1.348344
v 0.886645 0.644195 -1.453433
v 0.886645 0.783793 1.391955
v 0.886645 0.783793 1.391955
v 0.886645 0.813757 1.238630
v 0.886645 0.786110 1.087417
v 0.803460 0.371658 0.719040
v 0.803460 0.371658 0.719040
v 0.803287 0.354813 0.663127
v 0.886645 0.198581 0.868455
v 0.886645 0.198581 0.868455
v 0.886645 0.219376 0.892256
v 0.886645 0.219376 0.892256
v 0.886645 0.696942 0.953623
v 0.886645 0.566618 0.866544
v 0.886645 0.489819 0.851911
v 0.848030 0.489419 1.773688
v 0.848030 0.552012 1.765411
v 0.848030 0.552012 1.765411
v 0.848030 0.309052 1.781445
v 0.848030 0.199292 1.771941
v 0.848030 0.199292 1.771941
v 0.848030 0.253177 1.778386
v 0.881989 0.699770 1.526425
v 0.868276 0.616472 1.637822
v 0.868276 0.616472 1.637822
v 0.868276 0.616472 1.637822
v 0.886645 0.731256 -1.024965
v 0.886645 0.778903 -1.209353
v 0.886645 0.748730 -1.361043
v 0.886645 0.385055 -0.802128
v 0.886645 0.524047 -0.829776
v 0.886645 0.311171 -0.801617
v 0.804973 0.841053 -0.886999
v 0.798925 0.853753 -1.025121
v 0.886645 0.610062 -0.886744
v 0.886645 0.644195 -1.511356
v 0.886645 0.644195 -1.511356
v 0.886645 0.644195 -1.511356
v 0.619150 0.199292 1.965142
v 0.404551 0.489419 2.048919
v 0.000000 0.489419 2.094943
v 0.402727 0.552012 2.037935
v 0.000000 0.552012 2.080290
v 0.000000 0.199292 2.093196
v 0.419031 0.199292 2.044936
v 0.531744 0.489419 2.002319
v 0.616272 0.552012 1.957965
v 0.616272 0.552012 1.957965
v 0.616272 0.552012 1.957965
v 0.876863 0.272915 -1.674751
v 0.876863 0.272915 -1.674751
v 0.882935 0.268644 -1.615251
v 0.874431 0.357252 -1.700449
v 0.874431 0.357252 -1.700449
v 0.877268 0.381580 -1.680961
v 0.877268 0.381580 -1.680961
v 0.336678 0.381580 -1.819101
v 0.000000 0.381580 -1.838753
v 0.338184 0.357252 -1.838589
v 0.000000 0.357252 -1.858242
v 0.335694 0.272915 -1.812891
v 0.000000 0.272915 -1.832543
v 0.592586 0.381580 -1.779203
v 0.595497 0.357252 -1.798691
v 0.590774 0.272915 -1.772993
v 0.858897 0.381580 -1.690090
v 0.858897 0.381580 -1.690090
v 0.858897 0.381580 -1.690090
v 0.748070 0.381580 -1.745167
v 0.857013 0.357252 -1.709579
v 0.857013 0.357252 -1.709579
v 0.751936 0.357252 -1.764656
v 0.774660 0.939803 0.771340
v 0.774660 0.939803 0.771340
v 0.774660 0.939803 0.771340
v 0.774660 0.939803 0.710799
v 0.774660 0.939803 0.710799
v 0.774660 0.939803 0.710799
v 0.734548 0.987402 0.692698
v 0.734548 0.987402 0.692698
v 0.734548 0.987402 0.692698
v 0.734548 0.987402 0.755287
v 0.734548 0.987402 0.755287
v 0.734548 0.987402 0.755287
v 0.774660 0.939803 0.779690
v 0.774660 0.939803 0.779690
v 0.774660 0.939803 0.779690
v 0.882936 0.834905 1.238630
v 0.848086 0.877932 1.080912
v 0.801540 0.914263 0.917085
v 0.784555 0.890193 0.792151
v 0.809670 0.764270 0.798184
v 0.809670 0.764270 0.798184
v 0.805080 0.494971 0.771789
v 0.806610 0.576922 0.784934
v 0.848204 0.213147 0.726824
v 0.824981 0.224207 0.654893
v 0.809670 0.807836 -0.525763
v 0.809670 0.807836 -0.525763
v 0.751674 0.931487 -0.481993
v 0.751674 0.931487 -0.481993
v 0.751674 0.931487 -0.481993
v 0.751674 0.931487 -0.481993
v 0.825172 0.604304 -0.503440
v 0.823750 0.521388 -0.484074
v 0.886645 0.295175 0.842091
v 0.868903 0.277750 0.819140
v 0.883143 0.192930 -0.825754
v 0.883143 0.192930 -0.825754
v 0.886645 0.210659 -0.842415
v 0.886645 0.210659 -0.842415
v 0.803287 0.354813 -0.348493
v 0.803287 0.354813 -0.348493
v 0.819804 0.431560 -0.448882
v 0.779738 0.870690 -1.209305
v 0.756095 0.883471 -1.348296
v 0.756095 0.883471 -1.348296
v 0.809670 0.764613 0.787758
v 0.809670 0.764613 0.787758
v 0.809670 0.764613 0.787758
v 0.541024 1.332924 -0.501355
v 0.541024 1.332924 -0.501355
v 0.524810 1.363823 -0.502845
v 0.524810 1.363823 -0.502845
v 0.691449 0.981057 -1.209205
v 0.600319 0.977015 -1.498546
v 0.600319 0.977015 -1.498546
v 0.600319 0.977015 -1.498546
v 0.848204 0.282450 0.726824
v 0.830229 0.283777 0.657789
v 0.803550 0.413020 0.750832
v 0.886645 0.413020 0.837278
v 0.803287 0.289363 -0.348493
v 0.882898 0.290041 -0.781110
v 0.713516 0.973281 -1.021310
v 0.803287 0.239916 -0.348493
v 0.872949 0.594485 1.621740
v 0.872949 0.594485 1.621740
v 0.849557 0.594485 1.635148
v 0.849557 0.594485 1.635148
v 0.852897 0.489419 1.750121
v 0.853482 0.309052 1.755593
v 0.852776 0.552012 1.741914
v 0.852776 0.552012 1.741914
v 0.872715 0.309052 1.664404
v 0.873048 0.489419 1.652550
v 0.874146 0.552012 1.636136
v 0.873087 0.278298 1.661393
v 0.873087 0.278298 1.661393
v 0.853689 0.276491 1.752936
v 0.853689 0.276491 1.752936
v 0.868628 0.604316 1.638424
v 0.868628 0.604316 1.638424
v 0.695190 0.987402 0.875547
v 0.695190 0.987402 0.875547
v 0.695190 0.987402 0.875547
v 0.695190 0.987402 0.875547
v 0.695190 0.987402 0.875547
v 0.695190 0.987402 0.875547
v 0.679600 0.852891 1.413538
v 0.674527 0.805372 1.588570
v 0.674527 0.805372 1.588570
v 0.437034 0.724048 1.830519
v 0.349825 0.675491 1.905805
v 0.349825 0.675491 1.905805
v 0.518210 0.757855 1.750540
v 0.697778 0.687987 1.702021
v 0.646854 0.639616 1.801929
v 0.646854 0.639616 1.801929
v 0.646854 0.609892 1.805033
v 0.646854 0.609892 1.805033
v 0.646854 0.609892 1.805033
v 0.306231 0.629366 1.939442
v 0.754434 0.928022 -0.375076
v 0.754434 0.928022 -0.375076
v 0.754434 0.928022 -0.375076
v 0.461418 1.396261 -0.502845
v 0.461418 1.394330 -0.087306
v 0.533228 0.413020 0.875507
v 0.533228 0.182215 0.892256
v 0.533228 0.182215 0.892256
v 0.533228 0.182215 0.892256
v 0.533228 0.182215 0.892256
v 0.533228 0.552012 0.903154
v 0.533228 0.482516 0.889331
v 0.533228 0.253177 1.596508
v 0.533228 0.309052 1.598362
v 0.730198 0.967402 -0.879277
v 0.730198 0.967402 -0.879277
v 0.546232 1.302976 -0.902400
v 0.566125 1.263190 -1.022663
v 0.596869 1.205922 -1.049187
v 0.671672 1.067070 -1.005676
v 0.556241 1.313114 0.142627
v 0.524810 1.363824 -0.095029
v 0.590421 1.261250 0.278969
v 0.696015 1.065882 0.666147
v 0.659926 1.134477 0.537218
v 0.617278 1.215540 0.384856
v 0.288472 1.360520 0.206194
v 0.000000 1.365453 0.219746
v 0.395059 1.351737 0.187822
v 0.674245 0.988156 0.897177
v 0.674245 0.988156 0.897177
v 0.709519 0.774035 1.602114
v 0.689326 0.938901 1.077906
v 0.684672 0.900409 1.238507
v 0.631786 0.967480 1.078511
v 0.583964 0.931428 1.238449
v 0.512496 0.875114 1.459803
v 0.436766 0.812961 1.655137
v 0.309901 0.675491 1.913376
v 0.309901 0.675491 1.913376
v 0.309901 0.675491 1.913376
v 0.369500 0.740634 1.790631
v 0.356833 0.747273 1.786826
v 0.560736 0.925349 1.235957
v 0.474219 0.868140 1.467745
v 0.619461 0.959597 1.078543
v 0.489426 0.865006 1.465735
v 0.572115 0.922964 1.237178
v 0.362159 0.739936 1.787585
v 0.417832 0.807708 1.658179
v 0.626211 0.958551 1.078526
v 0.401805 0.813187 1.661319
v 0.288042 0.608225 1.946863
v 0.295283 0.582823 1.946863
v 0.295283 0.582823 1.946863
v 0.632525 0.582823 1.815458
v 0.632525 0.582823 1.815458
v 0.404877 0.582823 1.920473
v 0.829505 0.489419 1.763530
v 0.830091 0.309052 1.769001
v 0.829385 0.552012 1.755323
v 0.829385 0.552012 1.755323
v 0.849324 0.309052 1.677813
v 0.849657 0.489419 1.665958
v 0.850754 0.552012 1.649544
v 0.849696 0.278298 1.674801
v 0.849696 0.278298 1.674801
v 0.830298 0.276491 1.766344
v 0.830298 0.276491 1.766344
v 0.845236 0.604317 1.651832
v 0.845236 0.604317 1.651832
v 0.533228 0.186426 0.868455
v 0.533228 0.186426 0.868455
v 0.533228 0.776223 1.238630
v 0.533228 0.748576 1.099718
v 0.533228 0.552012 1.574265
v 0.533228 0.616708 1.531037
v 0.612493 1.067070 -1.384495
v 0.578768 1.205922 -1.216006
v 0.501647 1.342953 0.169451
v 0.501647 1.342953 0.169451
v 0.461418 1.364903 -0.908697
v 0.524810 1.335457 -0.905239
v 0.313552 0.958380 -1.609545
v 0.000000 0.957239 -1.622005
v 0.564838 0.963395 -1.555464
v 0.713594 0.644195 -1.629565
v 0.567208 0.644195 -1.688647
v 0.567208 0.644195 -1.688647
v 0.567208 0.644195 -1.688647
v 0.541062 0.629299 -1.695598
v 0.541062 0.629299 -1.695598
v 0.324871 0.629299 -1.733239
v 0.000000 0.629299 -1.757014
v 0.745725 0.272915 -1.738957
v 0.874244 0.556985 -1.701729
v 0.874244 0.556985 -1.701729
v 0.874514 0.572196 -1.695976
v 0.874514 0.572196 -1.695976
v 0.856927 0.572196 -1.705294
v 0.856927 0.572196 -1.705294
v 0.856927 0.572196 -1.705294
v 0.856890 0.556987 -1.710859
v 0.856890 0.556987 -1.710859
v 0.856890 0.556987 -1.710859
v 0.752191 0.556997 -1.765937
v 0.000000 0.572196 -1.855060
v 0.338013 0.572196 -1.835182
v 0.338283 0.556996 -1.839871
v 0.000000 0.556995 -1.859523
v 0.595234 0.572196 -1.798309
v 0.595234 0.572196 -1.798309
v 0.595234 0.572196 -1.798309
v 0.750826 0.572196 -1.761504
v 0.595688 0.556997 -1.799973
v 0.886645 0.512951 -1.543977
v 0.000000 0.582823 1.964269
v 0.707819 1.040780 0.642729
v 0.673321 1.112553 0.519708
v 0.673321 1.112553 0.519708
v 0.673321 1.112553 0.519708
v 0.778901 0.897294 0.573036
v 0.778901 0.897294 0.573036
v 0.778901 0.897294 0.573036
v 0.778901 0.897294 0.573036
v 0.604886 1.243082 0.269480
v 0.632553 1.197371 0.374325
v 0.540851 1.333379 -0.412482
v 0.540851 1.333379 -0.412482
v 0.561391 1.248399 -1.170633
v 0.561391 1.248399 -1.170633
v 0.561391 1.248399 -1.170633
v 0.274662 1.289691 -1.222474
v 0.000000 1.292807 -1.225660
v 0.493448 1.266484 -1.194623
v 0.493448 1.266484 -1.194623
v 0.490676 1.320163 -1.129247
v 0.490676 1.320163 -1.129247
v 0.524810 1.305880 -1.127882
v 0.524810 1.305880 -1.127882
v 0.524810 1.305880 -1.127882
v 0.274561 1.351409 -1.143162
v 0.000000 1.357670 -1.148150
v 0.461418 1.340531 -1.074987
v 0.461418 1.332406 -1.130417
v 0.461418 1.332406 -1.130417
v 0.524810 1.313274 -1.072221
v 0.461418 1.348655 -1.019557
v 0.524810 1.320668 -1.016561
v 0.000000 1.347567 -1.235716
v 0.278833 1.341343 -1.230231
v 0.534016 1.291464 -1.192607
v 0.534016 1.291464 -1.192607
v 0.534016 1.291464 -1.192607
v 0.506762 1.306882 -1.199094
v 0.311799 0.982690 -1.601768
v 0.000000 0.981567 -1.613960
v 0.590460 1.091456 -1.411633
v 0.561709 1.209828 -1.267995
v 0.564838 0.987723 -1.547419
v 0.585570 1.005173 -1.512624
v 0.274662 1.277733 -1.242640
v 0.000000 1.280849 -1.245826
v 0.553329 1.226892 -1.244132
v 0.536311 1.240785 -1.227849
v 0.486185 1.250223 -1.224534
v 0.502407 0.959764 -1.576210
v 0.502407 0.984092 -1.568165
v 0.505429 0.775865 -1.676745
v 0.531565 0.858286 -1.657436
v 0.569594 0.741690 -1.669244
v 0.539800 0.740557 -1.677056
v 0.590299 0.742216 -1.661658
v 0.590299 0.742216 -1.661658
v 0.787818 0.848073 -1.393627
v 0.799056 0.812675 -1.458512
v 0.682081 0.754751 -1.611367
v 0.755049 0.778349 -1.540571
v 0.599402 0.913451 -1.588726
v 0.599402 0.913451 -1.588726
v 0.650228 0.913451 -1.532736
v 0.687660 0.913451 -1.444464
v 0.725091 0.913451 -1.356193
v 0.740593 0.900078 -1.347071
v 0.565013 0.894736 -1.624631
v 0.509873 0.752447 -1.680157
v 0.490578 1.380297 -0.090859
v 0.526760 1.329227 0.157112
v 0.490676 1.381290 -0.502845
v 0.476478 1.313452 -1.207971
v 0.490676 1.335738 -1.018174
v 0.490676 1.327951 -1.073711
v 0.490676 1.351312 -0.907101
v 0.780880 0.894808 0.649744
v 0.562658 1.279332 0.292348
v 0.590864 1.235170 0.397367
v 0.628242 1.156111 0.557260
v 0.659871 1.089212 0.692560
v 0.494769 1.005441 0.936883
v 0.636172 1.099084 0.702275
v 0.604375 1.166472 0.566115
v 0.538132 1.291498 0.302168
v 0.538132 1.291498 0.302168
v 0.566799 1.246108 0.405207
v 0.637178 1.021383 0.849488
v 0.580628 1.170372 0.571936
v 0.612256 1.103070 0.707236
v 0.513359 1.295894 0.306776
v 0.513359 1.295894 0.306776
v 0.543250 1.249907 0.412044
v 0.543250 1.249907 0.412044
v 0.298317 1.319542 0.329403
v 0.000000 1.324476 0.342955
v 0.405838 1.311009 0.318090
v 0.301039 1.271497 0.437498
v 0.000000 1.276141 0.451568
v 0.422144 1.263170 0.427227
v 0.429747 0.384633 2.042324
v 0.334741 0.350127 2.063784
v 0.113939 0.323684 2.089436
v 0.000000 0.321040 2.102185
v 0.531744 0.463833 2.003560
v 0.404642 0.481150 2.041619
v 0.000000 0.481151 2.086765
v 0.524064 0.481151 1.998173
v 0.425676 0.391819 2.035579
v 0.332759 0.358222 2.055991
v 0.113314 0.331941 2.081483
v 0.000000 0.329502 2.093227
v 0.524055 0.468289 1.998774
v 0.533228 0.747094 1.375420
v 0.533228 0.669844 0.981887
v 0.533228 0.179602 1.590063
v 0.533228 0.179602 1.590063
v 0.533228 0.489419 1.586716
v 0.533228 0.669844 1.495533
v 0.533228 0.696409 -1.045766
v 0.533228 0.737832 -1.209353
v 0.533228 0.586488 -0.922486
v 0.533228 0.374629 -0.846150
v 0.533228 0.513621 -0.873797
v 0.533228 0.308097 -0.845234
v 0.533228 0.374629 -1.572555
v 0.533228 0.266916 -1.568077
v 0.533228 0.266916 -1.568077
v 0.533228 0.710185 -1.348344
v 0.533228 0.644195 -1.453433
v 0.533228 0.192930 -0.825754
v 0.533228 0.192930 -0.825754
v 0.533228 0.196732 -0.842415
v 0.533228 0.196732 -0.842415
v 0.533228 0.196732 -0.842415
v 0.533228 0.196732 -0.842415
v 0.533228 0.512951 -1.543977
v 0.000000 0.186426 0.868455
v 0.000000 0.186426 0.868455
v 0.000000 0.182215 0.892256
v 0.000000 0.182215 0.892256
v 0.000000 0.192930 -0.825754
v 0.000000 0.192930 -0.825754
v 0.000000 0.196732 -0.842415
v 0.000000 0.196732 -0.842415
v 0.403618 0.626814 1.918737
v 0.441175 0.719468 1.832585
v 0.354504 0.671173 1.907318
v 0.674441 0.799234 1.594499
v 0.522161 0.753196 1.752788
v 0.691938 0.691166 1.702251
v 0.642779 0.644618 1.799422
v 0.318567 0.631892 1.933738
v 0.703151 0.773900 1.605814
v 0.402207 0.631806 1.914746
v 0.446359 0.713726 1.835167
v 0.360363 0.665758 1.909206
v 0.674333 0.791548 1.601930
v 0.527108 0.747353 1.755600
v 0.684628 0.695157 1.702547
v 0.637678 0.650889 1.796286
v 0.333993 0.635034 1.928616
v 0.695179 0.773744 1.610461
v 0.400439 0.636123 1.909745
v 0.540462 1.315049 -0.393319
v 0.540462 1.315049 -0.393319
v 0.734894 0.949685 -0.360912
v 0.734894 0.949685 -0.360912
v 0.542168 1.337902 -0.096186
v 0.570706 1.296211 0.133189
v 0.604497 1.228917 0.262814
v 0.632163 1.183207 0.367660
v 0.670172 1.099821 0.510558
v 0.670172 1.099821 0.510558
v 0.809670 0.769326 0.644529
v 0.809670 0.767211 0.708792
v 0.542461 1.321074 -0.095696
v 0.570317 1.280380 0.128189
v 0.760862 0.920212 0.554095
v 0.760862 0.920212 0.554095
v 0.726111 1.004923 0.546372
v 0.726111 1.004923 0.546372
v 0.726111 1.004923 0.546372
v 0.718032 1.004908 0.534743
v 0.730932 1.005454 0.623266
v 0.512483 0.774361 -1.671496
v 0.538612 0.853288 -1.654982
v 0.567993 0.749001 -1.664871
v 0.539918 0.747450 -1.671446
v 0.587982 0.749671 -1.657826
v 0.764162 0.850570 -1.393132
v 0.763133 0.818346 -1.457893
v 0.678483 0.762231 -1.608685
v 0.740473 0.785441 -1.533956
v 0.603604 0.906046 -1.590795
v 0.654062 0.906025 -1.535158
v 0.690438 0.905704 -1.448108
v 0.726814 0.905383 -1.361058
v 0.736008 0.895136 -1.353788
v 0.747261 0.882054 -1.354940
v 0.570619 0.888035 -1.624854
v 0.514664 0.756158 -1.672815
v 0.807905 0.940573 0.542386
v 0.807905 0.940573 0.542386
v 0.807905 0.940573 0.542386
v 0.835672 0.950851 0.600085
v 0.835672 0.950851 0.600085
v 0.831620 0.997450 0.601589
v 0.831620 0.997450 0.601589
v 0.802176 1.006456 0.544511
v 0.802176 1.006456 0.544511
v 0.802176 1.006456 0.544511
v 0.844083 0.944152 0.528964
v 0.844083 0.944152 0.528964
v 0.844083 0.944152 0.528964
v 0.838354 1.010035 0.531090
v 0.838354 1.010035 0.531090
v 0.838354 1.010035 0.531090
v 0.947181 1.020800 0.490718
v 0.947181 1.020800 0.490718
v 0.947181 1.020800 0.490718
v 0.952910 0.954917 0.488593
v 0.952910 0.954917 0.488593
v 0.952910 0.954917 0.488593
v 0.961230 0.963892 0.534297
v 0.961230 0.963892 0.534297
v 0.957178 1.010490 0.535800
v 0.957178 1.010490 0.535800
v 0.870591 0.953794 0.602988
v 0.870591 0.953794 0.602988
v 0.870591 0.953794 0.602988
v 0.866538 1.000393 0.604492
v 0.866538 1.000393 0.604492
v 0.866538 1.000393 0.604492
v 0.838942 1.003280 0.530872
v 0.838942 1.003280 0.530872
v 0.838942 1.003280 0.530872
v 0.843496 0.950906 0.529182
v 0.843496 0.950906 0.529182
v 0.843496 0.950906 0.529182
v 0.809096 1.000328 0.541944
v 0.809096 1.000328 0.541944
v 0.813650 0.947954 0.540254
v 0.813650 0.947954 0.540254
v 0.941436 1.013420 0.492849
v 0.941436 1.013420 0.492849
v 0.945990 0.961045 0.491160
v 0.945990 0.961045 0.491160
v 0.785188 0.976616 0.584171
v 0.820822 0.978949 0.558785
v 0.801276 0.939510 0.593320
v 0.822732 0.962634 0.562697
v 0.797806 0.953906 0.645681
v 0.833278 0.962634 0.585136
v 0.792600 0.969437 0.641230
v 0.832359 0.978949 0.583231
v 0.779674 0.949445 0.669893
v 0.779674 0.949445 0.669893
v 0.779674 0.949445 0.669893
v 0.772278 0.964575 0.664140
v 0.772278 0.964575 0.664140
v 0.772278 0.964575 0.664140
v 0.790888 0.926506 0.638767
v 0.790309 0.927690 0.602238
v 0.790309 0.927690 0.602238
v 0.790309 0.927690 0.602238
v 0.766870 0.975638 0.621589
v 0.766975 0.975423 0.590412
v 0.766975 0.975423 0.590412
v 0.766975 0.975423 0.590412
v 0.809670 0.771441 0.580266
v 0.602235 0.977015 -1.498546
v 0.614410 1.067070 -1.384495
v 0.610577 1.084639 -1.363200
v 0.594315 1.176066 -1.467898
v 0.601779 1.160831 -1.486365
v 0.591221 1.076774 -1.585270
v 0.301419 1.348965 -1.784662
v 0.000000 1.356341 -1.788511
v 0.475277 1.305580 -1.757991
v 0.547079 1.223911 -1.699726
v 0.292263 1.335718 -1.593245
v 0.000000 1.343094 -1.598052
v 0.537923 1.259016 -1.539965
v 0.464976 1.308327 -1.573428
v 0.000000 1.356341 -1.637308
v 0.301419 1.348965 -1.632673
v 0.475277 1.319927 -1.615144
v 0.547079 1.252627 -1.568501
v 0.292318 1.307634 -1.784662
v 0.000000 1.315010 -1.788511
v 0.567793 0.983639 -1.498546
v 0.558103 1.073171 -1.585270
v 0.524541 1.208732 -1.699726
v 0.457339 1.275682 -1.757991
v 0.292263 1.307649 -1.593245
v 0.000000 1.315025 -1.598052
v 0.451241 1.277023 -1.573428
v 0.590706 1.084639 -1.363200
v 0.573509 1.165683 -1.456008
v 0.519524 1.239237 -1.539965
v 0.326990 0.740557 -1.714235
v 0.289315 0.686739 -1.726391
v 0.226878 0.664610 -1.734569
v 0.000000 0.663791 -1.751207
v 0.339880 0.776440 -1.706957
v 0.000000 0.799133 -1.728421
v 0.339865 0.799789 -1.702441
v 0.326733 0.740557 -1.704326
v 0.289315 0.686739 -1.721248
v 0.226878 0.664610 -1.731771
v 0.000000 0.663791 -1.748495
v 0.339880 0.776440 -1.692465
v 0.000000 0.799133 -1.711370
v 0.339865 0.799789 -1.685320
v 0.519152 0.773586 -1.670744
v 0.544203 0.849570 -1.654084
v 0.567415 0.755483 -1.663892
v 0.540715 0.754073 -1.670611
v 0.586939 0.756092 -1.656733
v 0.759808 0.854473 -1.396448
v 0.758602 0.822950 -1.459337
v 0.676149 0.768369 -1.607710
v 0.736669 0.790924 -1.533987
v 0.606434 0.900124 -1.591947
v 0.656892 0.900285 -1.536875
v 0.694113 0.900466 -1.449663
v 0.730233 0.900882 -1.365510
v 0.736762 0.893905 -1.360474
v 0.744838 0.884083 -1.361313
v 0.574599 0.882727 -1.624583
v 0.520683 0.761005 -1.671919
v 0.809670 0.807439 -0.513709
v 0.809670 0.807439 -0.513709
v 0.823562 0.521121 -0.471415
v 0.819634 0.431366 -0.436311
v 0.824974 0.604011 -0.489678
v 0.806799 0.577201 0.771789
v 0.805307 0.495292 0.755843
v 0.784272 0.890548 0.781195
v 0.803742 0.413239 0.736683
v 0.339865 0.799789 -1.702441
v 0.289055 0.807970 -1.734475
v 0.339865 0.808068 -1.730591
v 0.339865 0.808068 -1.730591
v 0.289055 0.830295 -1.726772
v 0.316131 0.822143 -1.725156
v 0.000000 0.807412 -1.756572
v 0.169933 0.807740 -1.743581
v 0.000000 0.845774 -1.740933
v 0.169933 0.841170 -1.729953
v -0.886645 0.747094 1.375420
v -0.886645 0.776223 1.238630
v -0.886645 0.669844 1.495533
v -0.886645 0.616708 1.531037
v -0.886645 0.616708 1.531037
v -0.886645 0.489419 1.586716
v -0.886645 0.552012 1.574265
v -0.886645 0.309052 1.598362
v -0.886645 0.199292 1.590063
v -0.886645 0.199292 1.590063
v -0.886645 0.253177 1.596508
v -0.886645 0.482516 0.889331
v -0.886645 0.413020 0.875507
v -0.886645 0.669844 0.981887
v -0.886645 0.552012 0.903154
v -0.886645 0.748576 1.099718
v -0.886645 0.696409 -1.045766
v -0.886645 0.737832 -1.209353
v -0.886645 0.586488 -0.922486
v -0.886645 0.374629 -0.846150
v -0.886645 0.513621 -0.873797
v -0.886645 0.308097 -0.845234
v -0.886645 0.374629 -1.572555
v -0.886645 0.266916 -1.568077
v -0.886645 0.266916 -1.568077
v -0.886645 0.710185 -1.348344
v -0.886645 0.644195 -1.453433
v -0.886645 0.783793 1.391955
v -0.886645 0.783793 1.391955
v -0.886645 0.813757 1.238630
v -0.886645 0.786110 1.087417
v -0.803460 0.371658 0.719040
v -0.803460 0.371658 0.719040
v -0.803287 0.354813 0.663127
v -0.886645 0.198581 0.868455
v -0.886645 0.198581 0.868455
v -0.886645 0.219376 0.892256
v -0.886645 0.219376 0.892256
v -0.886645 0.696942 0.953623
v -0.886645 0.566618 0.866544
v -0.886645 0.489819 0.851911
v -0.848030 0.489419 1.773688
v -0.848030 0.552012 1.765411
v -0.848030 0.552012 1.765411
v -0.848030 0.309052 1.781445
v -0.848030 0.199292 1.771941
v -0.848030 0.199292 1.771941
v -0.848030 0.253177 1.778386
v -0.881989 0.699770 1.526425
v -0.868276 0.616472 1.637822
v -0.868276 0.616472 1.637822
v -0.868276 0.616472 1.637822
v -0.886645 0.731256 -1.024965
v -0.886645 0.778903 -1.209353
v -0.886645 0.748730 -1.361043
v -0.886645 0.385055 -0.802128
v -0.886645 0.524047 -0.829776
v -0.886645 0.311171 -0.801617
v -0.804973 0.841053 -0.886999
v -0.798925 0.853753 -1.025121
v -0.886645 0.610062 -0.886744
v -0.886645 0.644195 -1.511356
v -0.886645 0.644195 -1.511356
v -0.886645 0.644195 -1.511356
v -0.619150 0.199292 1.965142
v -0.404551 0.489419 2.048919
v -0.402727 0.552012 2.037935
v -0.419031 0.199292 2.044936
v -0.531744 0.489419 2.002319
v -0.616272 0.552012 1.957965
v -0.616272 0.552012 1.957965
v -0.616272 0.552012 1.957965
v -0.876863 0.272915 -1.674751
v -0.876863 0.272915 -1.674751
v -0.882935 0.268644 -1.615251
v -0.874431 0.357252 -1.700449
v -0.874431 0.357252 -1.700449
v -0.877268 0.381580 -1.680961
v -0.877268 0.381580 -1.680961
v -0.336678 0.381580 -1.819101
v -0.338184 0.357252 -1.838589
v -0.335694 0.272915 -1.812891
v -0.592586 0.381580 -1.779203
v -0.595497 0.357252 -1.798691
v -0.590774 0.272915 -1.772993
v -0.858897 0.381580 -1.690090
v -0.858897 0.381580 -1.690090
v -0.858897 0.381580 -1.690090
v -0.748070 0.381580 -1.745167
v -0.857013 0.357252 -1.709579
v -0.857013 0.357252 -1.709579
v -0.751936 0.357252 -1.764656
v -0.774660 0.939803 0.771340
v -0.774660 0.939803 0.771340
v -0.774660 0.939803 0.771340
v -0.774660 0.939803 0.710799
v -0.774660 0.939803 0.710799
v -0.774660 0.939803 0.710799
v -0.734548 0.987402 0.692698
v -0.734548 0.987402 0.692698
v -0.734548 0.987402 0.692698
v -0.734548 0.987402 0.755287
v -0.734548 0.987402 0.755287
v -0.734548 0.987402 0.755287
v -0.774660 0.939803 0.779690
v -0.774660 0.939803 0.779690
v -0.774660 0.939803 0.779690
v -0.882936 0.834905 1.238630
v -0.848086 0.877932 1.080912
v -0.801540 0.914263 0.917085
v -0.784555 0.890193 0.792151
v -0.809670 0.764270 0.798184
v -0.809670 0.764270 0.798184
v -0.805080 0.494971 0.771789
v -0.806610 0.576922 0.784934
v -0.848204 0.213147 0.726824
v -0.824981 0.224207 0.654893
v -0.809670 0.807836 -0.525763
v -0.809670 0.807836 -0.525763
v -0.751674 0.931487 -0.481993
v -0.751674 0.931487 -0.481993
v -0.751674 0.931487 -0.481993
v -0.751674 0.931487 -0.481993
v -0.825172 0.604304 -0.503440
v -0.823750 0.521388 -0.484074
v -0.886645 0.295175 0.842091
v -0.868903 0.277750 0.819140
v -0.883143 0.192930 -0.825754
v -0.883143 0.192930 -0.825754
v -0.886645 0.210659 -0.842415
v -0.886645 0.210659 -0.842415
v -0.803287 0.354813 -0.348493
v -0.803287 0.354813 -0.348493
v -0.819804 0.431560 -0.448882
v -0.779738 0.870690 -1.209305
v -0.756095 0.883471 -1.348296
v -0.756095 0.883471 -1.348296
v -0.809670 0.764613 0.787758
v -0.809670 0.764613 0.787758
v -0.809670 0.764613 0.787758
v -0.541024 1.332924 -0.501355
v -0.541024 1.332924 -0.501355
v -0.524810 1.363823 -0.502845
v -0.524810 1.363823 -0.502845
v -0.691449 0.981057 -1.209205
v -0.600319 0.977015 -1.498546
v -0.600319 0.977015 -1.498546
v -0.600319 0.977015 -1.498546
v -0.848204 0.282450 0.726824
v -0.830229 0.283777 0.657789
v -0.803550 0.413020 0.750832
v -0.886645 0.413020 0.837278
v -0.803287 0.289363 -0.348493
v -0.882898 0.290041 -0.781110
v -0.713516 0.973281 -1.021310
v -0.803287 0.239916 -0.348493
v -0.872949 0.594485 1.621740
v -0.872949 0.594485 1.621740
v -0.849557 0.594485 1.635148
v -0.849557 0.594485 1.635148
v -0.852897 0.489419 1.750121
v -0.853482 0.309052 1.755593
v -0.852776 0.552012 1.741914
v -0.852776 0.552012 1.741914
v -0.872715 0.309052 1.664404
v -0.873048 0.489419 1.652550
v -0.874146 0.552012 1.636136
v -0.873087 0.278298 1.661393
v -0.873087 0.278298 1.661393
v -0.853689 0.276491 1.752936
v -0.853689 0.276491 1.752936
v -0.868628 0.604316 1.638424
v -0.868628 0.604316 1.638424
v -0.695190 0.987402 0.875547
v -0.695190 0.987402 0.875547
v -0.695190 0.987402 0.875547
v -0.695190 0.987402 0.875547
v -0.695190 0.987402 0.875547
v -0.695190 0.987402 0.875547
v -0.679600 0.852891 1.413538
v -0.674527 0.805372 1.588570
v -0.674527 0.805372 1.588570
v -0.437034 0.724048 1.830519
v -0.349825 0.675491 1.905805
v -0.349825 0.675491 1.905805
v -0.518210 0.757855 1.750540
v -0.697778 0.687987 1.702021
v -0.646854 0.639616 1.801929
v -0.646854 0.639616 1.801929
v -0.646854 0.609892 1.805033
v -0.646854 0.609892 1.805033
v -0.646854 0.609892 1.805033
v -0.306231 0.629366 1.939442
v -0.754434 0.928022 -0.375076
v -0.754434 0.928022 -0.375076
v -0.754434 0.928022 -0.375076
v -0.461418 1.396261 -0.502845
v -0.461418 1.394330 -0.087306
v -0.533228 0.413020 0.875507
v -0.533228 0.182215 0.892256
v -0.533228 0.182215 0.892256
v -0.533228 0.182215 0.892256
v -0.533228 0.182215 0.892256
v -0.533228 0.552012 0.903154
v -0.533228 0.482516 0.889331
v -0.533228 0.253177 1.596508
v -0.533228 0.309052 1.598362
v -0.730198 0.967402 -0.879277
v -0.730198 0.967402 -0.879277
v -0.546232 1.302976 -0.902400
v -0.566125 1.263190 -1.022663
v -0.596869 1.205922 -1.049187
v -0.671672 1.067070 -1.005676
v -0.556241 1.313114 0.142627
v -0.524810 1.363824 -0.095029
v -0.590421 1.261250 0.278969
v -0.696015 1.065882 0.666147
v -0.659926 1.134477 0.537218
v -0.617278 1.215540 0.384856
v -0.288472 1.360520 0.206194
v -0.395059 1.351737 0.187822
v -0.674245 0.988156 0.897177
v -0.674245 0.988156 0.897177
v -0.709519 0.774035 1.602114
v -0.689326 0.938901 1.077906
v -0.684672 0.900409 1.238507
v -0.631786 0.967480 1.078511
v -0.583964 0.931428 1.238449
v -0.512496 0.875114 1.459803
v -0.436766 0.812961 1.655137
v -0.309901 0.675491 1.913376
v -0.309901 0.675491 1.913376
v -0.309901 0.675491 1.913376
v -0.369500 0.740634 1.790631
v -0.356833 0.747273 1.786826
v -0.560736 0.925349 1.235957
v -0.474219 0.868140 1.467745
v -0.619461 0.959597 1.078543
v -0.489426 0.865006 1.465735
v -0.572115 0.922964 1.237178
v -0.362159 0.739936 1.787585
v -0.417832 0.807708 1.658179
v -0.626211 0.958551 1.078526
v -0.401805 0.813187 1.661319
v -0.288042 0.608225 1.946863
v -0.295283 0.582823 1.946863
v -0.295283 0.582823 1.946863
v -0.632525 0.582823 1.815458
v -0.632525 0.582823 1.815458
v -0.404877 0.582823 1.920473
v -0.829505 0.489419 1.763530
v -0.830091 0.309052 1.769001
v -0.829385 0.552012 1.755323
v -0.829385 0.552012 1.755323
v -0.849324 0.309052 1.677813
v -0.849657 0.489419 1.665958
v -0.850754 0.552012 1.649544
v -0.849696 0.278298 1.674801
v -0.849696 0.278298 1.674801
v -0.830298 0.276491 1.766344
v -0.830298 0.276491 1.766344
v -0.845236 0.604317 1.651832
v -0.845236 0.604317 1.651832
v -0.533228 0.186426 0.868455
v -0.533228 0.186426 0.868455
v -0.533228 0.776223 1.238630
v -0.533228 0.748576 1.099718
v -0.533228 0.552012 1.574265
v -0.533228 0.616708 1.531037
v -0.612493 1.067070 -1.384495
v -0.578768 1.205922 -1.216006
v -0.501647 1.342953 0.169451
v -0.501647 1.342953 0.169451
v -0.461418 1.364903 -0.908697
v -0.524810 1.335457 -0.905239
v -0.313552 0.958380 -1.609545
v -0.564838 0.963395 -1.555464
v -0.713594 0.644195 -1.629565
v -0.567208 0.644195 -1.688647
v -0.567208 0.644195 -1.688647
v -0.567208 0.644195 -1.688647
v -0.541062 0.629299 -1.695598
v -0.541062 0.629299 -1.695598
v -0.324871 0.629299 -1.733239
v -0.745725 0.272915 -1.738957
v -0.874244 0.556985 -1.701729
v -0.874244 0.556985 -1.701729
v -0.874514 0.572196 -1.695976
v -0.874514 0.572196 -1.695976
v -0.856927 0.572196 -1.705294
v -0.856927 0.572196 -1.705294
v -0.856927 0.572196 -1.705294
v -0.856890 0.556987 -1.710859
v -0.856890 0.556987 -1.710859
v -0.856890 0.556987 -1.710859
v -0.752191 0.556997 -1.765937
v -0.338013 0.572196 -1.835182
v -0.338283 0.556996 -1.839871
v -0.595234 0.572196 -1.798309
v -0.595234 0.572196 -1.798309
v -0.595234 0.572196 -1.798309
v -0.750826 0.572196 -1.761504
v -0.595688 0.556997 -1.799973
v -0.886645 0.512951 -1.543977
v -0.707819 1.040780 0.642729
v -0.673321 1.112553 0.519708
v -0.673321 1.112553 0.519708
v -0.673321 1.112553 0.519708
v -0.778901 0.897294 0.573036
v -0.778901 0.897294 0.573036
v -0.778901 0.897294 0.573036
v -0.778901 0.897294 0.573036
v -0.604886 1.243082 0.269480
v -0.632553 1.197371 0.374325
v -0.540851 1.333379 -0.412482
v -0.540851 1.333379 -0.412482
v -0.561391 1.248399 -1.170633
v -0.561391 1.248399 -1.170633
v -0.561391 1.248399 -1.170633
v -0.274662 1.289691 -1.222474
v -0.493448 1.266484 -1.194623
v -0.493448 1.266484 -1.194623
v -0.490676 1.320163 -1.129247
v -0.490676 1.320163 -1.129247
v -0.524810 1.305880 -1.127882
v -0.524810 1.305880 -1.127882
v -0.524810 1.305880 -1.127882
v -0.274561 1.351409 -1.143162
v -0.461418 1.340531 -1.074987
v -0.461418 1.332406 -1.130417
v -0.461418 1.332406 -1.130417
v -0.524810 1.313274 -1.072221
v -0.461418 1.348655 -1.019557
v -0.524810 1.320668 -1.016561
v -0.278833 1.341343 -1.230231
v -0.534016 1.291464 -1.192607
v -0.534016 1.291464 -1.192607
v -0.534016 1.291464 -1.192607
v -0.506762 1.306882 -1.199094
v -0.311799 0.982690 -1.601768
v -0.590460 1.091456 -1.411633
v -0.561709 1.209828 -1.267995
v -0.564838 0.987723 -1.547419
v -0.585570 1.005173 -1.512624
v -0.274662 1.277733 -1.242640
v -0.553329 1.226892 -1.244132
v -0.536311 1.240785 -1.227849
v -0.486185 1.250223 -1.224534
v -0.502407 0.959764 -1.576210
v -0.502407 0.984092 -1.568165
v -0.505429 0.775865 -1.676745
v -0.531565 0.858286 -1.657436
v -0.569594 0.741690 -1.669244
v -0.539800 0.740557 -1.677056
v -0.590299 0.742216 -1.661658
v -0.590299 0.742216 -1.661658
v -0.787818 0.848073 -1.393627
v -0.799056 0.812675 -1.458512
v -0.682081 0.754751 -1.611367
v -0.755049 0.778349 -1.540571
v -0.599402 0.913451 -1.588726
v -0.599402 0.913451 -1.588726
v -0.650228 0.913451 -1.532736
v -0.687660 0.913451 -1.444464
v -0.725091 0.913451 -1.356193
v -0.740593 0.900078 -1.347071
v -0.565013 0.894736 -1.624631
v -0.509873 0.752447 -1.680157
v -0.490578 1.380297 -0.090859
v -0.526760 1.329227 0.157112
v -0.490676 1.381290 -0.502845
v -0.476478 1.313452 -1.207971
v -0.490676 1.335738 -1.018174
v -0.490676 1.327951 -1.073711
v -0.490676 1.351312 -0.907101
v -0.780880 0.894808 0.649744
v -0.562658 1.279332 0.292348
v -0.590864 1.235170 0.397367
v -0.628242 1.156111 0.557260
v -0.659871 1.089212 0.692560
v -0.494769 1.005441 0.936883
v -0.636172 1.099084 0.702275
v -0.604375 1.166472 0.566115
v -0.538132 1.291498 0.302168
v -0.538132 1.291498 0.302168
v -0.566799 1.246108 0.405207
v -0.637178 1.021383 0.849488
v -0.580628 1.170372 0.571936
v -0.612256 1.103070 0.707236
v -0.513359 1.295894 0.306776
v -0.513359 1.295894 0.306776
v -0.543250 1.249907 0.412044
v -0.543250 1.249907 0.412044
v -0.298317 1.319542 0.329403
v -0.405838 1.311009 0.318090
v -0.301039 1.271497 0.437498
v -0.422144 1.263170 0.427227
v -0.429747 0.384633 2.042324
v -0.334741 0.350127 2.063784
v -0.113939 0.323684 2.089436
v -0.531744 0.463833 2.003560
v -0.404642 0.481150 2.041619
v -0.524064 0.481151 1.998173
v -0.425676 0.391819 2.035579
v -0.332759 0.358222 2.055991
v -0.113314 0.331941 2.081483
v -0.524055 0.468289 1.998774
v -0.533228 0.747094 1.375420
v -0.533228 0.669844 0.981887
v -0.533228 0.179602 1.590063
v -0.533228 0.179602 1.590063
v -0.533228 0.489419 1.586716
v -0.533228 0.669844 1.495533
v -0.533228 0.696409 -1.045766
v -0.533228 0.737832 -1.209353
v -0.533228 0.586488 -0.922486
v -0.533228 0.374629 -0.846150
v -0.533228 0.513621 -0.873797
v -0.533228 0.308097 -0.845234
v -0.533228 0.374629 -1.572555
v -0.533228 0.266916 -1.568077
v -0.533228 0.266916 -1.568077
v -0.533228 0.710185 -1.348344
v -0.533228 0.644195 -1.453433
v -0.533228 0.192930 -0.825754
v -0.533228 0.192930 -0.825754
v -0.533228 0.196732 -0.842415
v -0.533228 0.196732 -0.842415
v -0.533228 0.196732 -0.842415
v -0.533228 0.196732 -0.842415
v -0.533228 0.512951 -1.543977
v -0.403618 0.626814 1.918737
v -0.441175 0.719468 1.832585
v -0.354504 0.671173 1.907318
v -0.674441 0.799234 1.594499
v -0.522161 0.753196 1.752788
v -0.691938 0.691166 1.702251
v -0.642779 0.644618 1.799422
v -0.318567 0.631892 1.933738
v -0.703151 0.773900 1.605814
v -0.402207 0.631806 1.914746
v -0.446359 0.713726 1.835167
v -0.360363 0.665758 1.909206
v -0.674333 0.791548 1.601930
v -0.527108 0.747353 1.755600
v -0.684628 0.695157 1.702547
v -0.637678 0.650889 1.796286
v -0.333993 0.635034 1.928616
v -0.695179 0.773744 1.610461
v -0.400439 0.636123 1.909745
v -0.540462 1.315049 -0.393319
v -0.540462 1.315049 -0.393319
v -0.734894 0.949685 -0.360912
v -0.734894 0.949685 -0.360912
v -0.542168 1.337902 -0.096186
v -0.570706 1.296211 0.133189
v -0.604497 1.228917 0.262814
v -0.632163 1.183207 0.367660
v -0.670172 1.099821 0.510558
v -0.670172 1.099821 0.510558
v -0.809670 0.769326 0.644529
v -0.809670 0.767211 0.708792
v -0.542461 1.321074 -0.095696
v -0.570317 1.280380 0.128189
v -0.760862 0.920212 0.554095
v -0.760862 0.920212 0.554095
v -0.726111 1.004923 0.546372
v -0.726111 1.004923 0.546372
v -0.726111 1.004923 0.546372
v -0.718032 1.004908 0.534743
v -0.730932 1.005454 0.623266
v -0.512483 0.774361 -1.671496
v -0.538612 0.853288 -1.654982
v -0.567993 0.749001 -1.664871
v -0.539918 0.747450 -1.671446
v -0.587982 0.749671 -1.657826
v -0.764162 0.850570 -1.393132
v -0.763133 0.818346 -1.457893
v -0.678483 0.762231 -1.608685
v -0.740473 0.785441 -1.533956
v -0.603604 0.906046 -1.590795
v -0.654062 0.906025 -1.535158
v -0.690438 0.905704 -1.448108
v -0.726814 0.905383 -1.361058
v -0.736008 0.895136 -1.353788
v -0.747261 0.882054 -1.354940
v -0.570619 0.888035 -1.624854
v -0.514664 0.756158 -1.672815
v -0.807905 0.940573 0.542386
v -0.807905 0.940573 0.542386
v -0.807905 0.940573 0.542386
v -0.835672 0.950851 0.600085
v -0.835672 0.950851 0.600085
v -0.831620 0.997450 0.601589
v -0.831620 0.997450 0.601589
v -0.802176 1.006456 0.544511
v -0.802176 1.006456 0.544511
v -0.802176 1.006456 0.544511
v -0.844083 0.944152 0.528964
v -0.844083 0.944152 0.528964
v -0.844083 0.944152 0.528964
v -0.838354 1.010035 0.531090
v -0.838354 1.010035 0.531090
v -0.838354 1.010035 0.531090
v -0.947181 1.020800 0.490718
v -0.947181 1.020800 0.490718
v -0.947181 1.020800 0.490718
v -0.952910 0.954917 0.488593
v -0.952910 0.954917 0.488593
v -0.952910 0.954917 0.488593
v -0.961230 0.963892 0.534297
v -0.961230 0.963892 0.534297
v -0.957178 1.010490 0.535800
v -0.957178 1.010490 0.535800
v -0.870591 0.953794 0.602988
v -0.870591 0.953794 0.602988
v -0.870591 0.953794 0.602988
v -0.866538 1.000393 0.604492
v -0.866538 1.000393 0.604492
v -0.866538 1.000393 0.604492
v -0.838942 1.003280 0.530872
v -0.838942 1.003280 0.530872
v -0.838942 1.003280 0.530872
v -0.843496 0.950906 0.529182
v -0.843496 0.950906 0.529182
v -0.843496 0.950906 0.529182
v -0.809096 1.000328 0.541944
v -0.809096 1.000328 0.541944
v -0.813650 0.947954 0.540254
v -0.813650 0.947954 0.540254
v -0.941436 1.013420 0.492849
v -0.941436 1.013420 0.492849
v -0.945990 0.961045 0.491160
v -0.945990 0.961045 0.491160
v -0.785188 0.976616 0.584171
v -0.820822 0.978949 0.558785
v -0.801276 0.939510 0.593320
v -0.822732 0.962634 0.562697
v -0.797806 0.953906 0.645681
v -0.833278 0.962634 0.585136
v -0.792600 0.969437 0.641230
v -0.832359 0.978949 0.583231
v -0.779674 0.949445 0.669893
v -0.779674 0.949445 0.669893
v -0.779674 0.949445 0.669893
v -0.772278 0.964575 0.664140
v -0.772278 0.964575 0.664140
v -0.772278 0.964575 0.664140
v -0.790888 0.926506 0.638767
v -0.790309 0.927690 0.602238
v -0.790309 0.927690 0.602238
v -0.790309 0.927690 0.602238
v -0.766870 0.975638 0.621589
v -0.766975 0.975423 0.590412
v -0.766975 0.975423 0.590412
v -0.766975 0.975423 0.590412
v -0.809670 0.771441 0.580266
v -0.602235 0.977015 -1.498546
v -0.614410 1.067070 -1.384495
v -0.610577 1.084639 -1.363200
v -0.594315 1.176066 -1.467898
v -0.601779 1.160831 -1.486365
v -0.591221 1.076774 -1.585270
v -0.301419 1.348965 -1.784662
v -0.475277 1.305580 -1.757991
v -0.547079 1.223911 -1.699726
v -0.292263 1.335718 -1.593245
v -0.537923 1.259016 -1.539965
v -0.464976 1.308327 -1.573428
v -0.301419 1.348965 -1.632673
v -0.475277 1.319927 -1.615144
v -0.547079 1.252627 -1.568501
v -0.292318 1.307634 -1.784662
v -0.567793 0.983639 -1.498546
v -0.558103 1.073171 -1.585270
v -0.524541 1.208732 -1.699726
v -0.457339 1.275682 -1.757991
v -0.292263 1.307649 -1.593245
v -0.451241 1.277023 -1.573428
v -0.590706 1.084639 -1.363200
v -0.573509 1.165683 -1.456008
v -0.519524 1.239237 -1.539965
v -0.326990 0.740557 -1.714235
v -0.289315 0.686739 -1.726391
v -0.226878 0.664610 -1.734569
v -0.339880 0.776440 -1.706957
v -0.339865 0.799789 -1.702441
v -0.326733 0.740557 -1.704326
v -0.289315 0.686739 -1.721248
v -0.226878 0.664610 -1.731771
v -0.339880 0.776440 -1.692465
v -0.339865 0.799789 -1.685320
v -0.519152 0.773586 -1.670744
v -0.544203 0.849570 -1.654084
v -0.567415 0.755483 -1.663892
v -0.540715 0.754073 -1.670611
v -0.586939 0.756092 -1.656733
v -0.759808 0.854473 -1.396448
v -0.758602 0.822950 -1.459337
v -0.676149 0.768369 -1.607710
v -0.736669 0.790924 -1.533987
v -0.606434 0.900124 -1.591947
v -0.656892 0.900285 -1.536875
v -0.694113 0.900466 -1.449663
v -0.730233 0.900882 -1.365510
v -0.736762 0.893905 -1.360474
v -0.744838 0.884083 -1.361313
v -0.574599 0.882727 -1.624583
v -0.520683 0.761005 -1.671919
v -0.809670 0.807439 -0.513709
v -0.809670 0.807439 -0.513709
v -0.823562 0.521121 -0.471415
v -0.819634 0.431366 -0.436311
v -0.824974 0.604011 -0.489678
v -0.806799 0.577201 0.771789
v -0.805307 0.495292 0.755843
v -0.784272 0.890548 0.781195
v -0.803742 0.413239 0.736683
v -0.339865 0.799789 -1.702441
v -0.289055 0.807970 -1.734475
v -0.339865 0.808068 -1.730591
v -0.339865 0.808068 -1.730591
v -0.289055 0.830295 -1.726772
v -0.316131 0.822143 -1.725156
v -0.169933 0.807740 -1.743581
v -0.169933 0.841170 -1.729953
vn 1.0000 -0.0000 -0.0000
vn 0.9996 0.0192 0.0211
vn 0.9995 0.0202 0.0223
vn 0.9643 -0.0126 -0.2647
vn 0.9711 -0.0628 -0.2304
vn 0.9607 -0.0358 -0.2753
vn 0.7157 0.0632 -0.6956
vn 0.7069 0.1330 -0.6947
vn 0.7070 0.1309 -0.6949
vn 0.9781 -0.0170 0.2076
vn 0.9779 -0.0248 0.2076
vn 0.9786 0.0026 0.2056
vn 0.9790 0.0237 0.2024
vn 0.9786 0.0023 0.2058
vn 0.9791 0.0261 0.2016
vn 0.9788 0.0670 0.1935
vn 0.9940 0.0513 0.0965
vn 0.9931 0.0532 0.1046
vn 0.9804 0.0505 0.1903
vn 0.9812 0.0740 0.1784
vn 0.9798 0.0349 0.1969
vn 0.9328 0.3320 0.1401
vn 0.8376 0.5263 0.1462
vn 0.8159 0.5633 0.1302
vn 1.0000 0.0022 -0.0088
vn 0.9958 0.0007 -0.0918
vn 0.9965 0.0047 -0.0832
vn 0.9962 0.0001 -0.0868
vn 0.9976 0.0130 -0.0676
vn 0.9971 0.0134 -0.0747
vn 0.9994 0.0085 -0.0340
vn 0.4525 -0.1075 -0.8853
vn 0.3360 -0.1142 -0.9349
vn 0.3334 -0.1144 -0.9358
vn 0.2414 -0.1516 0.9585
vn 0.2425 -0.1006 0.9649
vn 0.1109 -0.0907 0.9897
vn 0.2426 0.0258 0.9698
vn 0.2945 0.0931 0.9511
vn 0.1228 0.0704 0.9899
vn 0.2279 0.1900 0.9550
vn -0.0000 0.2022 0.9794
vn 0.2297 0.1898 0.9546
vn 0.3561 0.1320 0.9251
vn 0.5127 0.0031 0.8586
vn 0.5166 -0.0863 0.8519
vn 0.5145 -0.1311 0.8474
vn 0.6473 -0.0763 0.7584
vn 0.6439 -0.1120 0.7568
vn 0.6494 -0.0009 0.7605
vn 0.5084 0.0964 0.8557
vn 0.6433 0.0818 0.7612
vn 0.5018 0.1518 0.8516
vn 0.9783 -0.0083 0.2072
vn 0.9781 -0.0165 0.2074
vn 0.9962 -0.0202 -0.0850
vn 0.9970 0.0105 -0.0773
vn 0.9956 -0.0220 -0.0906
vn 0.9963 -0.0164 -0.0842
vn 0.9954 -0.0148 -0.0948
vn 0.9952 0.0016 -0.0983
vn 0.9984 0.0111 -0.0550
vn -0.0000 0.8693 -0.4943
vn 0.0534 0.8753 -0.4807
vn 0.0821 0.6261 -0.7754
vn -0.0000 0.6261 -0.7797
vn 0.0830 0.6263 -0.7751
vn 0.1012 -0.2926 -0.9509
vn -0.0000 -0.2922 -0.9564
vn -0.0000 -0.2921 -0.9564
vn 0.1753 -0.2956 -0.9391
vn 0.1015 -0.2931 -0.9507
vn 0.1422 0.6290 -0.7643
vn 0.1429 0.6294 -0.7638
vn 0.0736 0.8810 -0.4674
vn 0.1947 0.9094 -0.3675
vn 0.3667 0.5907 -0.7187
vn 0.2730 0.6129 -0.7415
vn 0.4398 -0.2636 -0.8586
vn 0.3233 -0.2872 -0.9017
vn 0.3186 -0.2876 -0.9032
vn 0.7647 0.6444 -0.0000
vn 0.9653 0.2598 -0.0272
vn 0.9600 0.2771 -0.0395
vn 0.9844 0.1727 0.0337
vn 0.7182 0.6958 -0.0122
vn 0.6997 0.7145 0.0011
vn 0.9957 -0.0498 0.0780
vn 0.9920 -0.0392 0.1199
vn 0.9959 -0.0498 0.0758
vn 0.9829 0.0166 0.1832
vn 0.9834 0.0222 0.1800
vn 0.9831 0.0090 0.1827
vn 0.9833 0.0469 0.1756
vn 0.9834 0.0542 0.1732
vn 0.9817 0.1370 0.1321
vn 0.9626 0.2335 0.1375
vn 0.7856 0.6165 0.0527
vn 0.8109 0.5814 0.0660
vn 0.8134 0.5779 0.0665
vn 0.9868 -0.0403 -0.1567
vn 0.9647 0.0006 -0.2632
vn 0.9653 0.0041 -0.2612
vn 0.9137 0.3248 -0.2442
vn 0.8876 0.2775 -0.3676
vn 0.9075 0.2264 -0.3539
vn 0.7901 0.1370 -0.5975
vn 0.9273 0.3359 -0.1652
vn 0.9394 0.2612 -0.2220
vn 0.9255 0.3411 -0.1647
vn 0.8821 0.2484 -0.4002
vn 0.7789 0.1229 -0.6150
vn 0.8206 0.1024 -0.5623
vn 0.7842 0.4535 0.4236
vn 0.9912 0.0850 0.1012
vn 0.9916 0.0981 0.0848
vn 0.9836 0.0166 0.1794
vn 0.8916 0.4161 -0.1784
vn 0.9439 0.3121 -0.1075
vn 0.8963 0.3110 -0.3161
vn 0.9935 -0.0302 -0.1101
vn 0.9996 -0.0110 0.0270
vn 0.9920 -0.0507 0.1160
vn 0.9995 -0.0124 0.0304
vn 0.7824 0.1349 -0.6081
vn 0.9997 -0.0189 0.0133
vn 0.9997 -0.0216 0.0138
vn 0.9997 -0.0215 0.0138
vn 0.9997 0.0223 0.0057
vn 0.9999 0.0133 0.0110
vn 0.9993 0.0372 0.0085
vn 0.8183 0.5734 -0.0395
vn 0.8609 0.5087 -0.0105
vn 0.8622 0.5065 -0.0092
vn 0.9859 -0.0574 0.1571
vn 0.9794 0.0947 0.1786
vn 0.9780 0.1029 0.1814
vn 0.9781 -0.0177 0.2075
vn 0.9781 -0.0176 0.2075
vn 0.9786 -0.0012 0.2057
vn 0.9791 0.0175 0.2024
vn 0.9786 -0.0010 0.2058
vn 0.9793 0.0186 0.2017
vn 0.9783 -0.0109 0.2071
vn 0.9783 0.0815 0.1903
vn 0.4973 -0.0119 0.8675
vn 0.4930 0.1307 0.8601
vn 0.4973 -0.0108 0.8675
vn -0.4960 -0.0720 -0.8653
vn -0.4941 -0.1140 -0.8619
vn 0.9998 -0.0185 0.0106
vn 0.9998 -0.0164 0.0076
vn 0.4805 0.2579 0.8382
vn 0.4753 0.2944 0.8291
vn 0.4814 0.2507 0.8399
vn 0.9865 0.0637 0.1510
vn -0.4972 0.0203 -0.8674
vn -0.4961 -0.0700 -0.8655
vn 0.1050 -0.1178 -0.9875
vn -0.0000 -0.1177 -0.9930
vn -0.0000 -0.1176 -0.9931
vn 0.9713 0.2217 0.0857
vn 0.9809 0.1941 -0.0085
vn 0.9805 0.1963 -0.0066
vn 0.9811 0.1935 -0.0089
vn 0.9590 0.1986 -0.2022
vn 0.9747 0.1537 -0.1621
vn -0.0000 -0.3827 -0.9239
vn -0.0000 -0.5556 -0.8315
vn -0.0000 -1.0000 -0.0067
vn -0.0000 -0.9239 0.3827
vn 0.0658 -0.9422 0.3284
vn 0.0658 -0.9423 0.3283
vn 0.0657 -0.9423 0.3283
vn 0.9842 0.1768 -0.0107
vn 0.9816 0.1909 -0.0104
vn 0.9850 0.1721 -0.0141
vn 0.9999 -0.0076 0.0100
vn 0.9996 -0.0227 0.0138
vn 0.9350 0.3546 -0.0028
vn 0.9287 0.3707 -0.0043
vn 0.9049 0.4255 -0.0096
vn 0.0681 0.8867 0.4573
vn 0.1448 0.8748 0.4623
vn 0.1424 0.8767 0.4595
vn 0.9988 -0.0470 0.0104
vn 0.9998 -0.0179 0.0083
vn 0.9965 -0.0833 0.0069
vn 0.7814 0.6201 -0.0697
vn 0.8162 0.5764 -0.0404
vn 0.8841 0.4671 0.0121
vn 0.8789 0.4766 -0.0201
vn 0.8805 0.4737 -0.0170
vn 0.8789 0.4766 -0.0202
vn 0.8809 0.4730 -0.0162
vn 0.8818 0.4713 -0.0145
vn 0.3203 0.9151 0.2448
vn 0.3865 0.8720 0.3004
vn 0.3699 0.8661 0.3362
vn 0.3666 0.9118 0.1850
vn 0.3201 0.9163 0.2408
vn 0.4844 0.8633 0.1416
vn 0.3570 0.9118 0.2031
vn 0.5313 0.8372 0.1300
vn 0.6031 0.7904 0.1076
vn 0.6032 0.7903 0.1076
vn 0.2808 0.9183 0.2789
vn 0.2015 0.9329 0.2984
vn 0.2863 0.9170 0.2777
vn 0.3825 0.8904 0.2468
vn 0.3866 0.8891 0.2449
vn 0.4356 0.8724 0.2217
vn 0.1525 0.9304 0.3333
vn 0.1818 0.9351 0.3042
vn 0.1057 0.9137 0.3924
vn 0.0735 0.8993 0.4311
vn 0.6522 0.5297 0.5423
vn 0.5794 0.6026 0.5488
vn 0.5523 0.6267 0.5497
vn 0.0044 0.8829 0.4696
vn -0.0130 0.8713 0.4906
vn 0.0048 0.8832 0.4691
vn -0.2772 0.9314 0.2358
vn -0.3531 0.9248 0.1417
vn -0.2377 0.9180 0.3175
vn -0.4178 0.9033 0.0977
vn -0.5655 0.8246 0.0138
vn -0.6122 0.7906 -0.0118
vn -0.7603 0.6377 -0.1238
vn -0.7852 0.6004 -0.1518
vn -0.8297 0.5178 -0.2084
vn 0.2402 0.9127 0.3306
vn 0.1847 0.9391 0.2899
vn 0.2664 0.8994 0.3465
vn -0.2194 0.9014 0.3733
vn 0.1799 0.9414 0.2853
vn 0.1577 0.9587 0.2368
vn 0.1555 0.9627 0.2213
vn 0.1509 0.9703 0.1892
vn 0.4136 0.7704 0.4852
vn -0.2208 0.9014 0.3725
vn -0.2364 0.9011 0.3634
vn -0.0028 0.1006 -0.9949
vn -0.0014 0.0669 -0.9978
vn -0.0014 0.0670 -0.9978
vn 0.2346 0.0716 0.9695
vn 0.3268 0.0789 0.9418
vn 0.1662 0.1600 0.9730
vn -0.0000 -0.0157 -0.9999
vn -0.0000 -0.1300 -0.9915
vn 0.4188 0.1037 0.9021
vn 0.3297 0.0883 0.9400
vn 0.4844 0.8318 0.2710
vn 0.4041 0.8751 0.2661
vn 0.3334 0.9148 0.2280
vn 0.3191 0.9161 0.2427
vn 0.4627 0.7465 0.4782
vn 0.5134 0.6229 0.5903
vn 0.4784 0.7593 0.4411
vn 0.4978 0.6520 0.5720
vn 0.5916 0.2678 0.7605
vn 0.5990 0.0832 0.7964
vn 0.9786 0.0004 0.2057
vn 0.9791 0.0203 0.2023
vn 0.9787 0.0007 0.2055
vn 0.9792 0.0222 0.2018
vn 0.9789 0.0451 0.1995
vn 0.9784 -0.0097 0.2067
vn 0.9758 0.0943 0.1971
vn 0.9777 0.0686 0.1984
vn -0.4962 0.0675 -0.8656
vn -0.4972 0.0193 -0.8674
vn 0.3101 -0.7818 0.5410
vn 0.4924 0.1396 0.8591
vn -0.2677 -0.8428 -0.4669
vn -0.2677 -0.8428 -0.4670
vn 0.0129 0.9997 0.0225
vn 0.4958 -0.0787 0.8649
vn 0.3267 0.8432 0.4269
vn 0.3267 0.8432 0.4270
vn -0.0000 -0.7133 -0.7009
vn 0.8992 0.4108 -0.1505
vn 0.8836 0.4469 -0.1398
vn 0.8794 0.4647 -0.1036
vn 0.8973 0.4313 -0.0934
vn 0.8778 0.4711 -0.0866
vn 0.9007 0.4246 -0.0921
vn 0.9040 0.4181 -0.0889
vn 0.9080 0.3812 -0.1740
vn 0.4423 0.8963 -0.0320
vn 0.4616 0.8854 0.0541
vn 0.4423 0.8963 -0.0327
vn 0.4616 0.8855 0.0540
vn 0.4959 0.8572 0.1391
vn 0.0740 0.9965 -0.0381
vn -0.0000 0.9952 0.0981
vn 0.0738 0.9927 0.0956
vn 0.1209 0.9920 -0.0373
vn 0.1203 0.9879 0.0979
vn -0.0000 0.9934 -0.1151
vn -0.0000 0.9992 -0.0393
vn 0.4422 0.8964 -0.0322
vn 0.4271 0.8993 -0.0941
vn 0.4422 0.8963 -0.0315
vn 0.8604 0.5087 -0.0313
vn 0.8398 0.5408 -0.0479
vn 0.8603 0.5087 -0.0313
vn -0.0000 0.9817 0.1903
vn 0.1154 0.9768 0.1806
vn 0.0708 0.9799 0.1864
vn 0.1823 -0.1189 -0.9760
vn 0.1054 -0.1181 -0.9874
vn -0.2837 0.7667 -0.5759
vn 0.2610 0.6153 -0.7439
vn 0.1757 -0.2965 -0.9387
vn 0.1511 0.8666 -0.4756
vn 0.1946 0.8793 -0.4347
vn 0.1510 0.8665 -0.4757
vn 0.1825 -0.1191 -0.9760
vn 0.4442 0.3086 -0.8411
vn 0.4440 0.3084 -0.8413
vn -0.0000 0.2887 -0.9574
vn 0.0999 0.2479 -0.9636
vn 0.3356 0.2536 -0.9072
vn 0.1809 0.2052 -0.9619
vn 0.1805 0.2051 -0.9620
vn 0.1007 0.2472 -0.9637
vn 0.6699 0.7042 0.2352
vn 0.6396 0.7383 0.2141
vn 0.6714 0.7025 0.2362
vn -0.0000 -0.3827 0.9239
vn -0.0000 -0.1951 0.9808
vn 0.8852 0.4652 -0.0045
vn 0.8729 0.4879 -0.0043
vn 0.8852 0.4652 -0.0046
vn 0.0697 0.9911 -0.1133
vn -0.0000 0.9890 -0.1477
vn 0.0668 0.9869 -0.1472
vn 0.3964 0.9096 -0.1241
vn 0.3918 0.9116 -0.1244
vn 0.3966 0.9095 -0.1242
vn 0.4272 0.8993 -0.0939
vn 0.4079 0.9046 -0.1236
vn 0.0683 0.9868 -0.1470
vn 0.0679 0.9868 -0.1470
vn 0.1103 0.9832 -0.1454
vn 0.8128 0.5780 -0.0720
vn 0.8379 0.5436 -0.0494
vn 0.8265 0.5578 -0.0758
vn 0.4078 0.9047 -0.1235
vn 0.1116 0.9831 -0.1453
vn 0.8082 0.5832 -0.0812
vn 0.8382 0.5391 -0.0820
vn 0.8105 0.5802 -0.0802
vn 0.8538 0.5128 -0.0903
vn -0.0000 -0.1656 -0.9862
vn 0.0527 -0.1812 -0.9820
vn 0.1107 0.9832 -0.1452
vn 0.2401 -0.3158 -0.9180
vn 0.1929 -0.1705 -0.9663
vn 0.1489 -0.1824 -0.9719
vn 0.1252 -0.1886 -0.9740
vn 0.0788 0.9876 -0.1355
vn -0.0000 0.9934 -0.1144
vn -0.0000 0.9934 -0.1143
vn 0.3729 0.9198 -0.1219
vn 0.2297 0.9620 -0.1476
vn 0.2163 0.9649 -0.1490
vn 0.8438 0.5366 0.0005
vn 0.9067 0.3558 -0.2263
vn 0.9105 0.3310 -0.2477
vn 0.0790 0.9876 -0.1356
vn -0.0000 0.3105 -0.9506
vn 0.0986 0.3110 -0.9453
vn 0.1011 0.3108 -0.9451
vn 0.8583 0.4236 -0.2897
vn 0.8169 0.5253 -0.2381
vn 0.7846 0.5725 -0.2378
vn 0.8557 0.2634 -0.4454
vn 0.6429 0.2297 -0.7307
vn 0.8528 0.2548 -0.4558
vn -0.0000 0.8601 -0.5101
vn 0.0848 0.8577 -0.5071
vn 0.2201 0.3069 -0.9259
vn 0.2284 0.3057 -0.9243
vn 0.6873 0.6796 -0.2564
vn 0.3456 0.8812 -0.3224
vn 0.4740 0.8233 -0.3123
vn 0.2244 0.8836 -0.4110
vn 0.2080 0.8770 -0.4331
vn 0.0802 0.8463 -0.5267
vn -0.0000 0.7804 -0.6253
vn -0.0000 0.8427 -0.5384
vn -0.0000 0.6217 -0.7832
vn 0.0845 0.7799 -0.6202
vn 0.0901 0.6341 -0.7680
vn -0.0000 0.5177 -0.8555
vn 0.0928 0.5448 -0.8334
vn 0.2568 0.6666 -0.6998
vn 0.3014 0.6498 -0.6978
vn 0.2013 0.5990 -0.7751
vn 0.0862 0.8574 -0.5074
vn 0.0788 0.8556 -0.5116
vn -0.0000 0.8496 -0.5275
vn 0.2582 0.7609 -0.5953
vn 0.2600 0.8060 -0.5317
vn 0.3510 0.7379 -0.5764
vn 0.3626 0.6734 -0.6442
vn 0.1906 0.8342 -0.5174
vn 0.5189 0.2615 -0.8139
vn 0.1933 0.8325 -0.5192
vn 0.1641 0.8505 -0.4998
vn 0.1417 0.8616 -0.4874
vn -0.1606 0.9870 -0.0000
vn -0.0000 1.0000 -0.0000
vn -0.1832 0.9831 -0.0000
vn 0.0852 0.6607 -0.7458
vn -0.0000 0.3880 -0.9217
vn -0.0000 0.6736 -0.7391
vn 0.1559 0.1599 -0.9747
vn 0.1713 0.1654 -0.9712
vn 0.1855 0.1694 -0.9679
vn 0.2163 0.1743 -0.9606
vn 0.2748 0.1755 -0.9454
vn 0.4477 0.6806 -0.5800
vn 0.2314 0.6050 -0.7618
vn 0.3010 0.6639 -0.6846
vn 0.1610 0.6499 -0.7428
vn 0.1834 0.1676 -0.9687
vn 0.1139 0.3817 -0.9172
vn -0.0000 0.1621 -0.9868
vn 0.3347 0.1761 -0.9257
vn 0.1547 0.7176 -0.6790
vn 0.3721 0.7057 -0.6029
vn 0.4644 0.6906 -0.5544
vn 0.0734 0.7338 -0.6754
vn -0.0000 0.7447 -0.6674
vn 0.6719 0.4546 -0.5847
vn 0.7359 0.5792 -0.3507
vn 0.7354 0.6206 -0.2721
vn 0.4880 0.2808 -0.8264
vn 0.3989 0.2095 -0.8927
vn 0.4817 0.2757 -0.8319
vn 0.7029 0.7004 -0.1245
vn 0.6636 0.7455 -0.0624
vn 0.5387 0.6860 -0.4890
vn 0.6243 0.7096 -0.3268
vn 0.6095 0.6893 -0.3917
vn 0.6894 0.7029 -0.1751
vn 0.7569 0.6455 -0.1021
vn 0.7274 0.6835 -0.0609
vn 0.7526 0.6528 -0.0862
vn 0.1696 0.4457 -0.8790
vn 0.4458 0.2971 -0.8444
vn 0.3332 0.2526 -0.9084
vn 0.4497 -0.2485 -0.8579
vn 0.4360 -0.2695 -0.8586
vn 0.3776 0.5563 -0.7402
vn 0.2022 0.8812 -0.4274
vn 0.2421 0.8895 -0.3875
vn 0.4529 -0.0984 -0.8861
vn 0.6372 0.4180 -0.6475
vn 0.4626 0.8846 0.0583
vn 0.4437 0.8906 -0.0999
vn 0.3837 0.9158 -0.1187
vn 0.4078 0.9038 -0.1296
vn 0.3967 0.9086 -0.1304
vn 0.4076 0.9039 -0.1298
vn 0.4271 0.8988 -0.0985
vn 0.4270 0.8989 -0.0986
vn 0.3961 0.9089 -0.1302
vn 0.3918 0.9107 -0.1306
vn 0.9725 0.0699 -0.2222
vn 0.9701 0.0491 -0.2376
vn 0.9725 0.0692 -0.2222
vn 0.4627 0.8846 0.0586
vn 0.5187 0.8440 0.1362
vn 0.5898 0.7909 0.1633
vn 0.5242 0.8402 0.1390
vn 0.5889 0.7916 0.1631
vn 0.6302 0.7524 0.1916
vn 0.6287 0.7543 0.1891
vn 0.6989 0.6688 0.2534
vn 0.4618 0.8214 0.3347
vn 0.4524 0.8118 0.3692
vn 0.4616 0.8212 0.3355
vn 0.4787 0.8363 0.2675
vn 0.4715 0.8293 0.3001
vn 0.4712 0.8294 0.3001
vn 0.4795 0.8373 0.2628
vn 0.5002 0.8413 0.2049
vn 0.5016 0.8409 0.2031
vn 0.2700 0.9353 0.2288
vn 0.2548 0.9309 0.2619
vn 0.2411 0.9013 0.3598
vn 0.2414 0.8906 0.3855
vn 0.2409 0.8907 0.3856
vn 0.2216 0.8784 0.4234
vn 0.1991 0.8660 0.4586
vn 0.1598 0.9381 0.3074
vn 0.4983 0.8550 0.1435
vn 0.2407 0.9019 0.3587
vn 0.2340 0.9128 0.3346
vn 0.2341 0.9128 0.3346
vn -0.0000 0.9493 0.3145
vn 0.0747 0.9493 0.3054
vn 0.0746 0.9493 0.3053
vn 0.2204 0.9283 0.2993
vn 0.1542 0.9422 0.2975
vn 0.1835 0.9366 0.2984
vn 0.1322 0.9458 0.2966
vn 0.1327 0.9457 0.2966
vn 0.0686 0.9139 0.4000
vn -0.0000 0.9139 0.4060
vn -0.0000 0.9138 0.4063
vn -0.0000 0.8985 0.4389
vn -0.0000 0.8906 0.4549
vn 0.0649 0.9054 0.4195
vn -0.0000 0.9071 0.4209
vn -0.0000 0.9071 0.4210
vn 0.1291 0.9153 0.3816
vn 0.1318 0.9155 0.3802
vn 0.1318 0.8904 0.4357
vn 0.1250 0.9015 0.4142
vn 0.0636 0.8866 0.4582
vn 0.0660 0.8966 0.4379
vn 0.1642 0.8850 0.4357
vn 0.1766 0.8708 0.4589
vn 0.1539 0.8989 0.4102
vn 0.1568 0.9166 0.3678
vn 0.1564 0.9168 0.3675
vn 0.1113 0.9777 0.1782
vn 0.1861 0.8674 0.4615
vn 0.2134 0.0337 0.9764
vn -0.0000 0.0439 0.9990
vn 0.1180 0.0436 0.9921
vn 0.3395 0.0198 0.9404
vn 0.2111 0.0339 0.9769
vn 0.3640 0.0517 0.9300
vn 0.1100 -0.0049 0.9939
vn -0.0000 -0.1291 0.9916
vn -0.0000 -0.0912 0.9958
vn 0.1102 0.0427 0.9930
vn -0.0000 -0.0052 1.0000
vn -0.0000 -0.6831 0.7303
vn 0.1652 -0.6604 0.7325
vn -0.1658 -0.3219 0.9321
vn 0.1842 -0.6551 0.7328
vn -0.0415 0.6820 0.7302
vn -0.1207 0.6404 0.7585
vn -0.1294 0.6337 0.7627
vn 0.0288 0.7023 0.7113
vn -0.0362 0.6836 0.7290
vn -0.0000 0.7122 0.7019
vn 0.0316 0.7031 0.7104
vn -0.3388 0.3753 0.8628
vn -0.0863 -0.3895 0.9170
vn -0.3746 0.3164 0.8715
vn -0.0000 -0.9247 -0.3808
vn -0.0000 -0.9246 -0.3808
vn -0.0000 -0.7071 0.7071
vn -0.0041 0.0788 0.9969
vn -0.0023 -0.0591 0.9982
vn -0.0041 0.0787 0.9969
vn -0.0021 -0.0588 0.9983
vn -0.0000 -0.0810 0.9967
vn -0.0000 -0.3929 0.9196
vn -0.0000 0.0415 0.9991
vn -0.0000 -0.6562 -0.7545
vn -0.0000 -0.8832 -0.4689
vn 0.0005 -0.0271 -0.9996
vn 0.0004 -0.0198 -0.9998
vn 0.0002 -0.0206 -0.9998
vn -0.0000 -0.6563 -0.7545
vn -0.0000 -0.9292 0.3696
vn -0.0000 -0.7222 0.6917
vn -0.0000 -0.1049 -0.9945
vn -0.0000 -0.9997 -0.0258
vn 0.0167 -0.8405 -0.5415
vn 0.0166 -0.8407 -0.5413
vn 0.9996 -0.0236 0.0135
vn 0.9996 0.0262 0.0124
vn 0.9995 -0.0285 0.0143
vn 0.0444 -0.9964 -0.0719
vn 0.0148 -0.9931 -0.1166
vn 0.0229 -0.9982 -0.0551
vn 0.0293 -0.9919 -0.1233
vn 0.0141 -0.9912 -0.1318
vn 0.0475 -0.9982 0.0352
vn 0.0177 -0.9977 0.0651
vn 0.0354 -0.9963 0.0780
vn -0.0000 -0.9954 -0.0963
vn -0.0000 -0.9982 -0.0599
vn 0.0024 -0.9987 -0.0514
vn 0.0240 -0.9993 0.0284
vn -0.0000 -0.9986 0.0522
vn -0.0000 -0.9847 -0.1742
vn 0.0146 -0.9996 0.0247
vn -0.0000 -1.0000 -0.0037
vn -0.0000 -0.9991 -0.0435
vn -0.0000 -0.9939 -0.1102
vn -0.0000 -0.9749 -0.2225
vn 0.3274 0.0698 0.9423
vn 0.4234 0.0759 0.9028
vn 0.4261 0.0587 0.9028
vn 0.1771 0.2691 0.9467
vn 0.0895 0.0008 0.9960
vn 0.0917 0.0046 0.9958
vn 0.1026 0.0293 0.9943
vn 0.0535 -0.0820 0.9952
vn -0.0000 -0.0875 0.9962
vn 0.0990 0.9667 0.2362
vn 0.0840 0.9663 0.2434
vn 0.0662 0.9653 0.2525
vn -0.8838 0.4680 0.0004
vn 0.0344 0.9627 0.2683
vn -0.0000 0.9617 0.2740
vn 0.0442 -0.9985 0.0315
vn -0.0000 -0.9992 0.0391
vn -0.0000 -0.9998 0.0188
vn 0.0047 -0.9991 0.0427
vn 0.0202 -0.9990 0.0395
vn 0.3823 0.6394 0.6671
vn 0.3823 0.6392 0.6673
vn 0.3823 0.6393 0.6671
vn 0.2842 0.4954 0.8209
vn 0.3446 0.6232 0.7021
vn 0.2841 0.4953 0.8209
vn 0.3968 0.6537 0.6443
vn 0.4195 0.6405 0.6433
vn 0.3790 0.6679 0.6405
vn 0.4098 0.6901 0.5965
vn 0.4097 0.6901 0.5966
vn 0.2136 0.5476 0.8090
vn 0.2292 0.4958 0.8376
vn 0.3550 0.6758 0.6460
vn 0.3969 0.6537 0.6443
vn 0.3550 0.6757 0.6460
vn 0.2379 0.6574 0.7150
vn 0.3791 0.6680 0.6403
vn 0.2386 0.6571 0.7151
vn 0.2440 0.5137 0.8226
vn 0.3449 0.6224 0.7026
vn 0.2446 0.5146 0.8218
vn 0.3928 0.6582 0.6423
vn 0.4209 0.6400 0.6428
vn 0.3659 0.6986 0.6149
vn 0.4123 0.6912 0.5935
vn 0.4123 0.6912 0.5936
vn 0.1816 0.5565 0.8108
vn 0.1814 0.4887 0.8534
vn 0.3505 0.6807 0.6433
vn 0.3929 0.6582 0.6422
vn 0.3450 0.6223 0.7026
vn 0.2291 0.6777 0.6987
vn 0.2307 0.6782 0.6977
vn 0.0014 -0.9997 -0.0249
vn 0.0053 -0.9996 -0.0278
vn -0.0000 -0.9997 -0.0238
vn -0.0000 -0.9993 -0.0366
vn -0.0024 -0.9985 -0.0544
vn 0.0008 -0.9986 -0.0536
vn 0.0093 -0.9997 -0.0236
vn 0.9769 0.2136 -0.0081
vn 0.9607 0.2777 -0.0035
vn 0.9590 0.2835 -0.0032
vn 0.8854 0.4649 -0.0023
vn 0.8805 0.4741 -0.0016
vn 0.8369 0.5473 0.0042
vn 0.8340 0.5518 0.0052
vn 0.7928 0.6087 0.0295
vn 0.7939 0.6074 0.0281
vn 0.7853 0.6169 0.0520
vn 0.8558 0.5172 -0.0032
vn 0.8921 0.4518 0.0028
vn 0.8097 0.5869 -0.0015
vn 0.8621 0.5052 0.0399
vn 0.8607 0.5074 0.0415
vn 0.9969 -0.0782 0.0124
vn 0.9892 -0.1460 0.0111
vn 0.9802 -0.1976 0.0102
vn 0.2229 0.8797 0.4201
vn 0.1233 0.9016 0.4147
vn 0.1514 0.8994 0.4101
vn 0.8920 0.4520 0.0029
vn 0.9675 0.0210 -0.2521
vn 0.9702 0.0500 -0.2372
vn 0.9842 0.0380 -0.1729
vn 0.9977 0.0047 -0.0670
vn 0.9983 0.0033 -0.0588
vn 0.9846 0.0369 -0.1706
vn 1.0000 -0.0057 -0.0053
vn 0.7646 0.6445 0.0001
vn 0.8102 0.2767 -0.5167
vn 0.8243 0.2940 -0.4839
vn 0.7985 0.2630 -0.5415
vn 0.7822 0.2449 -0.5729
vn 0.8733 0.4862 0.0312
vn 0.8551 0.5109 0.0883
vn 0.8729 0.4867 0.0324
vn 0.8833 0.4687 -0.0067
vn 0.9710 -0.0636 0.2305
vn 0.9762 -0.1898 0.1052
vn 0.9753 -0.1991 0.0958
vn 0.6221 0.7823 -0.0326
vn 0.6215 0.7815 0.0544
vn 0.6211 0.7811 0.0646
vn 0.9477 -0.3177 -0.0318
vn 0.9477 -0.3176 -0.0317
vn 0.7874 0.2459 -0.5652
vn 0.7879 0.2458 -0.5646
vn 0.7871 0.2459 -0.5656
vn 0.6151 0.7737 0.1516
vn 0.8891 0.4574 -0.0171
vn 0.8891 0.4575 -0.0171
vn 0.4744 0.1827 -0.8611
vn 0.6014 0.1127 -0.7909
vn 0.4748 0.1802 -0.8615
vn 0.2406 0.6309 -0.7376
vn 0.2236 0.5510 -0.8040
vn 0.2401 0.6306 -0.7380
vn 0.3202 0.5063 -0.8007
vn 0.1371 0.8837 -0.4475
vn 0.1210 0.8601 -0.4955
vn 0.1349 0.8838 -0.4480
vn 0.3534 0.6407 -0.6816
vn 0.3201 0.5063 -0.8007
vn 0.2422 0.8326 -0.4980
vn 0.2436 0.8317 -0.4990
vn 0.5708 0.4950 -0.6551
vn 0.7274 0.5075 -0.4618
vn 0.7278 0.5074 -0.4614
vn 0.8181 0.4612 -0.3436
vn 0.8227 0.4515 -0.3455
vn 0.7883 0.3953 -0.4715
vn 0.6042 0.4373 -0.6662
vn 0.6197 0.4286 -0.6575
vn 0.3259 0.6676 -0.6695
vn 0.2966 0.6935 -0.6565
vn 0.1256 0.8446 -0.5205
vn 0.4765 0.3977 -0.7841
vn 0.4766 0.3979 -0.7839
vn 0.5708 0.4950 -0.6552
vn 0.5287 0.4562 -0.7158
vn 0.6028 0.1137 -0.7897
vn 0.5291 0.4557 -0.7158
vn 0.3537 0.6379 -0.6841
vn 0.3729 0.8156 0.4424
vn 0.6380 0.4662 0.6129
vn 0.7146 0.3788 0.5881
vn 0.7311 0.3575 0.5811
vn 0.0204 0.9880 0.1532
vn 0.0533 0.9769 0.2069
vn -0.0061 0.9957 0.0922
vn -0.8908 -0.0918 0.4450
vn -0.3478 -0.0000 -0.9376
vn 0.9764 0.0912 -0.1957
vn -0.0795 -0.0390 0.9961
vn 0.1605 -0.9813 0.1059
vn -0.0652 0.9834 0.1693
vn -0.0105 0.9855 0.1693
vn 0.1063 -0.9887 0.1057
vn 0.1064 -0.9887 0.1057
vn 0.6019 0.0266 0.7981
vn -0.0629 0.9980 -0.0049
vn -0.0583 0.9983 0.0019
vn -0.3966 -0.3660 -0.8419
vn -0.2998 -0.3579 -0.8843
vn -0.4197 -0.3673 -0.8300
vn 0.7610 -0.6310 0.1508
vn 0.6825 -0.7290 -0.0526
vn 0.6203 -0.7770 -0.1068
vn 0.8157 -0.3856 0.4312
vn 0.8175 -0.4631 0.3425
vn 0.7826 -0.5613 0.2692
vn 0.6684 -0.7438 -0.0059
vn 0.5885 -0.7975 -0.1326
vn -0.5613 -0.3701 -0.7403
vn -0.5612 -0.3700 -0.7404
vn -0.0212 0.9979 0.0606
vn -0.0552 0.9985 0.0062
vn 0.0323 0.9889 0.1452
vn 0.7961 0.2619 0.5456
vn 0.6987 0.6460 0.3073
vn 0.6988 0.6459 0.3073
vn -0.0000 -0.9997 0.0233
vn 0.9493 0.2991 -0.0969
vn 1.0000 -0.0092 -0.0003
vn 0.9999 -0.0111 0.0033
vn 0.9745 0.2242 -0.0055
vn 0.9774 0.2112 -0.0051
vn 0.9680 0.2384 0.0783
vn 0.9127 0.4046 0.0581
vn 0.9934 0.0100 -0.1143
vn 0.9819 0.1265 -0.1411
vn 0.9934 0.0100 -0.1140
vn -0.0000 0.9472 0.3207
vn 0.0650 0.9454 0.3194
vn 0.0732 0.9449 0.3191
vn 0.1125 0.9934 -0.0226
vn 0.1208 0.9924 -0.0247
vn 0.3515 0.8973 0.2670
vn 0.3111 0.9091 0.2772
vn 0.6806 0.7196 0.1375
vn 0.7114 0.6926 0.1191
vn 0.9121 0.4057 0.0580
vn 0.4516 0.8892 -0.0734
vn 0.5438 0.8351 -0.0828
vn 0.8469 0.5155 -0.1304
vn 0.9807 0.1334 -0.1426
vn 0.8963 0.4184 -0.1467
vn -0.0000 -0.0016 -1.0000
vn 0.0741 -0.0263 -0.9969
vn -0.0000 -0.0014 -1.0000
vn 0.0784 -0.6377 -0.7663
vn -0.0303 -0.6771 -0.7353
vn 0.0877 -0.6339 -0.7684
vn 0.2915 -0.4583 -0.8396
vn 0.2576 -0.1920 -0.9470
vn 0.2628 -0.1985 -0.9442
vn 0.0821 -0.0294 -0.9962
vn -0.0624 0.0124 0.9980
vn -0.0000 -0.0000 1.0000
vn -0.0685 0.0141 0.9976
vn -0.1078 -0.9942 0.0002
vn -0.0000 -1.0000 0.0001
vn -0.2133 0.1104 0.9707
vn -0.2206 0.1166 0.9684
vn -0.4108 -0.9113 0.0278
vn -0.1111 -0.9938 0.0001
vn -0.0923 0.7001 0.7080
vn -0.0000 0.7532 0.6578
vn -0.1455 0.6647 0.7328
vn -0.2814 0.4051 0.8699
vn -0.2809 0.4074 0.8690
vn 0.2850 -0.4678 -0.8366
vn -0.8013 -0.5880 0.1098
vn -0.9814 -0.1199 0.1497
vn -0.9711 -0.2002 0.1299
vn -0.3921 -0.9192 0.0362
vn -0.7950 -0.6000 0.0892
vn -0.3786 -0.9253 0.0194
vn -0.7791 -0.6154 0.1194
vn -0.9648 -0.2435 0.0989
vn -0.1033 -0.9946 -0.0000
vn -0.9883 -0.0038 0.1522
vn -0.9895 0.0210 0.1431
vn 0.0691 0.2603 -0.9631
vn -0.0000 0.2610 -0.9653
vn -0.0000 0.2694 -0.9630
vn 0.0717 0.1637 -0.9839
vn -0.0000 0.1643 -0.9864
vn -0.0000 0.1644 -0.9864
vn -0.7297 -0.6838 -0.0000
vn -0.0000 -1.0000 -0.0000
vn -0.5793 0.8151 -0.0065
vn -0.6365 0.7712 -0.0082
vn 0.1450 0.1698 -0.9747
vn 0.1752 0.1633 -0.9709
vn 0.1751 0.1613 -0.9713
vn 0.1208 0.1634 -0.9791
vn 0.0758 0.1642 -0.9835
vn 0.0695 0.2794 -0.9577
vn 0.0639 0.2920 -0.9543
vn 0.0697 0.2724 -0.9597
vn -0.0000 0.2781 -0.9605
vn -0.9900 0.1407 -0.0040
vn -0.6477 -0.7619 -0.0000
vn -0.8794 0.4759 -0.0122
vn -0.8962 0.4435 -0.0117
vn -0.9808 0.1951 -0.0055
vn 0.6838 0.4943 -0.5367
vn 0.5765 0.3719 -0.7275
vn 0.5972 0.4066 -0.6914
vn 0.5042 0.3175 -0.8031
vn 0.4101 0.2286 -0.8830
vn 0.7893 0.3959 -0.4694
vn 0.6934 0.5107 -0.5083
vn 0.7161 0.6030 -0.3517
vn 0.7174 0.5992 -0.3553
vn 0.6435 0.7270 -0.2394
vn 0.7102 0.6356 -0.3027
vn 0.7320 0.6328 -0.2524
vn 0.7641 0.6182 -0.1843
vn 0.7634 0.6369 -0.1073
vn 0.1008 0.1046 -0.9894
vn 0.1718 0.1456 -0.9743
vn 0.1832 0.1521 -0.9712
vn 0.2732 0.1709 -0.9467
vn 0.3977 0.2351 -0.8869
vn 0.3088 0.2480 -0.9182
vn 0.1421 0.1198 -0.9826
vn 0.3112 0.2499 -0.9169
vn 0.1596 0.1128 -0.9807
vn 0.2775 0.1601 -0.9473
vn 0.1599 0.1128 -0.9807
vn 0.3819 0.2249 -0.8964
vn 0.7592 0.6046 -0.2411
vn 0.7324 0.5663 -0.3780
vn 0.7324 0.5662 -0.3781
vn 0.5471 0.3306 -0.7690
vn 0.3820 0.2250 -0.8963
vn 0.6897 0.4669 -0.5535
vn 0.6898 0.4672 -0.5531
vn 0.6040 0.4293 -0.6715
vn 0.7195 0.5140 -0.4671
vn 0.7204 0.5146 -0.4650
vn 0.7240 0.6682 -0.1713
vn 0.7266 0.6146 -0.3072
vn 0.7235 0.6683 -0.1729
vn 0.7582 0.6496 -0.0552
vn 0.7582 0.6497 -0.0551
vn 0.7693 0.6287 -0.1139
vn 0.7693 0.6286 -0.1141
vn 0.7591 0.6046 -0.2414
vn 0.4887 0.3680 -0.7911
vn 0.4888 0.3680 -0.7910
vn 0.6039 0.4293 -0.6716
vn 0.0953 0.0937 -0.9910
vn 0.1420 0.1198 -0.9826
vn 0.5484 0.3314 -0.7678
vn 0.9998 -0.0188 0.0110
vn 0.9072 0.4206 0.0138
vn 0.9669 0.2550 0.0120
vn 0.9698 0.2437 0.0118
vn 0.9984 -0.0561 0.0116
vn 0.9996 -0.0233 0.0141
vn 0.9992 0.0371 0.0117
vn 0.9921 -0.1255 0.0060
vn 0.9813 0.1923 -0.0078
vn 0.9997 -0.0207 0.0114
vn 0.9998 -0.0166 0.0102
vn 0.9999 -0.0128 0.0069
vn 0.9815 0.1912 -0.0108
vn 0.9998 -0.0124 0.0134
vn 0.9998 -0.0164 0.0133
vn 0.0234 -0.9591 -0.2821
vn 0.1671 0.9484 0.2695
vn 0.0457 0.9609 0.2731
vn 0.1780 0.9466 0.2690
vn 0.0844 0.3770 -0.9224
vn 0.1055 0.3978 -0.9114
vn -0.0000 0.3775 -0.9260
vn 0.0670 0.3668 -0.9279
vn -0.0000 -0.9594 -0.2822
vn 0.0825 0.3750 -0.9233
vn 0.0430 0.9610 0.2731
vn -0.0000 0.9619 0.2734
vn 0.4020 0.8802 0.2523
vn 0.4142 0.8749 0.2509
vn 0.5382 0.8096 0.2343
vn -1.0000 -0.0000 -0.0000
vn -0.9996 0.0192 0.0211
vn -0.9711 -0.0628 -0.2304
vn -0.9642 -0.0126 -0.2647
vn -0.9607 -0.0358 -0.2753
vn -0.7069 0.1330 -0.6947
vn -0.7157 0.0632 -0.6956
vn -0.7070 0.1309 -0.6949
vn -0.9779 -0.0248 0.2076
vn -0.9781 -0.0170 0.2076
vn -0.9786 0.0026 0.2056
vn -0.9790 0.0237 0.2024
vn -0.9791 0.0260 0.2018
vn -0.9788 0.0670 0.1935
vn -0.9784 0.0818 0.1899
vn -0.9995 0.0202 0.0223
vn -0.9940 0.0513 0.0965
vn -0.9931 0.0532 0.1046
vn -0.9812 0.0740 0.1784
vn -0.9804 0.0505 0.1903
vn -0.9798 0.0349 0.1969
vn -0.8376 0.5263 0.1462
vn -0.9328 0.3320 0.1401
vn -0.8159 0.5633 0.1302
vn -1.0000 0.0022 -0.0088
vn -0.9994 0.0085 -0.0340
vn -0.9965 0.0047 -0.0834
vn -0.9958 0.0007 -0.0918
vn -0.9962 0.0001 -0.0868
vn -0.9976 0.0130 -0.0676
vn -0.9971 0.0134 -0.0747
vn -0.4525 -0.1075 -0.8853
vn -0.3361 -0.1142 -0.9349
vn -0.4524 -0.1075 -0.8853
vn -0.2414 -0.1516 0.9585
vn -0.1109 -0.0907 0.9897
vn -0.2425 -0.1005 0.9649
vn -0.2426 0.0258 0.9698
vn -0.1228 0.0704 0.9899
vn -0.2945 0.0931 0.9511
vn -0.2279 0.1900 0.9550
vn -0.2297 0.1898 0.9546
vn -0.3561 0.1319 0.9251
vn -0.5018 0.1518 0.8516
vn -0.5127 0.0031 0.8586
vn -0.3640 0.0517 0.9300
vn -0.5166 -0.0863 0.8519
vn -0.5145 -0.1310 0.8474
vn -0.6473 -0.0763 0.7584
vn -0.6439 -0.1120 0.7569
vn -0.6494 -0.0010 0.7605
vn -0.5084 0.0964 0.8557
vn -0.6433 0.0818 0.7612
vn -0.6379 0.1241 0.7601
vn -0.9783 -0.0083 0.2072
vn -0.9781 -0.0165 0.2074
vn -0.9962 -0.0203 -0.0849
vn -0.9970 0.0105 -0.0773
vn -0.9956 -0.0220 -0.0906
vn -0.9963 -0.0164 -0.0842
vn -0.9954 -0.0148 -0.0947
vn -0.9952 0.0016 -0.0983
vn -0.9984 0.0111 -0.0550
vn -0.0534 0.8753 -0.4807
vn -0.0821 0.6261 -0.7754
vn -0.0830 0.6263 -0.7751
vn -0.1012 -0.2926 -0.9509
vn -0.1015 -0.2931 -0.9507
vn -0.1753 -0.2956 -0.9391
vn -0.1757 -0.2965 -0.9387
vn -0.1422 0.6290 -0.7643
vn -0.1429 0.6294 -0.7638
vn -0.0736 0.8810 -0.4674
vn -0.0530 0.8752 -0.4809
vn -0.1947 0.9094 -0.3675
vn -0.2731 0.6129 -0.7415
vn -0.3667 0.5907 -0.7187
vn -0.4398 -0.2636 -0.8586
vn -0.3233 -0.2872 -0.9017
vn -0.4360 -0.2695 -0.8586
vn -0.7647 0.6444 -0.0000
vn -0.9653 0.2598 -0.0272
vn -0.9844 0.1727 0.0337
vn -0.9600 0.2771 -0.0395
vn -0.7182 0.6958 -0.0122
vn -0.9920 -0.0392 0.1199
vn -0.9957 -0.0498 0.0780
vn -0.9959 -0.0498 0.0758
vn -0.9829 0.0166 0.1832
vn -0.9831 0.0090 0.1827
vn -0.9834 0.0222 0.1800
vn -0.9833 0.0469 0.1756
vn -0.9834 0.0542 0.1732
vn -0.9817 0.1370 0.1321
vn -0.7856 0.6165 0.0527
vn -0.8109 0.5814 0.0660
vn -0.7853 0.6169 0.0520
vn -0.9868 -0.0403 -0.1567
vn -0.9647 0.0006 -0.2632
vn -0.9864 -0.0402 -0.1591
vn -0.9137 0.3248 -0.2442
vn -0.9075 0.2264 -0.3539
vn -0.8876 0.2775 -0.3676
vn -0.7901 0.1370 -0.5975
vn -0.9273 0.3359 -0.1652
vn -0.9394 0.2612 -0.2220
vn -0.9590 0.1986 -0.2022
vn -0.9255 0.3411 -0.1647
vn -0.8821 0.2484 -0.4002
vn -0.7789 0.1229 -0.6150
vn -0.8963 0.3110 -0.3161
vn -0.7842 0.4535 0.4235
vn -0.7842 0.4535 0.4236
vn -0.9912 0.0850 0.1013
vn -0.9836 0.0166 0.1794
vn -0.9916 0.0981 0.0848
vn -0.9439 0.3121 -0.1075
vn -0.8916 0.4162 -0.1783
vn -0.8206 0.1024 -0.5623
vn -0.9935 -0.0301 -0.1101
vn -0.9653 0.0041 -0.2612
vn -0.9996 -0.0110 0.0270
vn -0.9995 -0.0124 0.0304
vn -0.7824 0.1349 -0.6081
vn -0.9997 -0.0216 0.0138
vn -0.9997 -0.0189 0.0133
vn -0.9997 -0.0215 0.0138
vn -0.9997 0.0223 0.0057
vn -0.9999 0.0133 0.0110
vn -0.9999 -0.0076 0.0100
vn -0.8183 0.5734 -0.0395
vn -0.8609 0.5087 -0.0105
vn -0.8162 0.5764 -0.0404
vn -0.9920 -0.0507 0.1160
vn -0.9859 -0.0574 0.1571
vn -0.9794 0.0947 0.1786
vn -0.9811 0.0720 0.1796
vn -0.9781 -0.0176 0.2075
vn -0.9781 -0.0172 0.2076
vn -0.9786 -0.0012 0.2057
vn -0.9791 0.0175 0.2024
vn -0.9793 0.0186 0.2017
vn -0.9783 -0.0109 0.2071
vn -0.4973 -0.0119 0.8675
vn -0.4930 0.1307 0.8601
vn -0.4924 0.1396 0.8591
vn 0.4941 -0.1140 -0.8619
vn 0.4960 -0.0720 -0.8653
vn -0.9998 -0.0164 0.0076
vn -0.9998 -0.0185 0.0106
vn -0.4805 0.2579 0.8382
vn -0.4753 0.2944 0.8291
vn -0.9786 -0.0010 0.2058
vn -0.9865 0.0637 0.1510
vn -0.9864 0.0637 0.1512
vn 0.4961 -0.0700 -0.8655
vn 0.4972 0.0203 -0.8674
vn -0.1050 -0.1178 -0.9875
vn -0.1054 -0.1181 -0.9874
vn -0.9713 0.2217 0.0857
vn -0.9626 0.2335 0.1375
vn -0.9809 0.1941 -0.0085
vn -0.9805 0.1963 -0.0066
vn -0.9805 0.1963 -0.0065
vn -0.9747 0.1537 -0.1621
vn -0.0658 -0.9422 0.3284
vn -0.0657 -0.9423 0.3283
vn -0.9816 0.1909 -0.0104
vn -0.9842 0.1768 -0.0107
vn -0.9850 0.1721 -0.0141
vn -0.9996 -0.0227 0.0138
vn -0.9350 0.3546 -0.0028
vn -0.9049 0.4255 -0.0096
vn -0.9287 0.3707 -0.0043
vn -0.1449 0.8749 0.4622
vn -0.0681 0.8867 0.4573
vn -0.1423 0.8766 0.4596
vn -0.9988 -0.0470 0.0104
vn -0.9998 -0.0179 0.0083
vn -0.9997 -0.0207 0.0114
vn -0.7814 0.6201 -0.0697
vn -0.7569 0.6455 -0.1021
vn -0.8841 0.4671 0.0121
vn -0.8789 0.4766 -0.0202
vn -0.8805 0.4737 -0.0170
vn -0.8789 0.4766 -0.0201
vn -0.8809 0.4730 -0.0163
vn -0.8817 0.4715 -0.0147
vn -0.3865 0.8720 0.3004
vn -0.3203 0.9151 0.2448
vn -0.3699 0.8661 0.3362
vn -0.3201 0.9163 0.2408
vn -0.3666 0.9118 0.1850
vn -0.3570 0.9118 0.2031
vn -0.4844 0.8633 0.1416
vn -0.6031 0.7903 0.1076
vn -0.5313 0.8372 0.1300
vn -0.6032 0.7903 0.1076
vn -0.2808 0.9183 0.2789
vn -0.2016 0.9329 0.2984
vn -0.1818 0.9351 0.3042
vn -0.3825 0.8904 0.2468
vn -0.2863 0.9170 0.2777
vn -0.3866 0.8891 0.2449
vn -0.4356 0.8724 0.2217
vn -0.1525 0.9304 0.3333
vn -0.0734 0.8995 0.4307
vn -0.1057 0.9137 0.3924
vn -0.6522 0.5297 0.5423
vn -0.5523 0.6267 0.5497
vn -0.5795 0.6025 0.5488
vn -0.0044 0.8829 0.4696
vn 0.0130 0.8713 0.4906
vn 0.0129 0.8713 0.4906
vn 0.2772 0.9314 0.2358
vn 0.3531 0.9248 0.1417
vn 0.4178 0.9033 0.0977
vn 0.5655 0.8246 0.0138
vn 0.6122 0.7906 -0.0118
vn 0.7603 0.6377 -0.1238
vn 0.7851 0.6005 -0.1517
vn 0.8297 0.5178 -0.2084
vn -0.2402 0.9127 0.3306
vn -0.1847 0.9391 0.2899
vn -0.1799 0.9414 0.2853
vn 0.2377 0.9180 0.3175
vn 0.2194 0.9014 0.3733
vn 0.2208 0.9014 0.3725
vn -0.1577 0.9587 0.2368
vn -0.1555 0.9627 0.2213
vn -0.1509 0.9703 0.1892
vn -0.4136 0.7704 0.4852
vn 0.2364 0.9011 0.3634
vn -0.1770 0.2692 0.9467
vn -0.1346 0.5012 0.8548
vn -0.1544 0.4768 0.8654
vn 0.0014 0.0669 -0.9978
vn 0.0028 0.1006 -0.9949
vn 0.0014 0.0670 -0.9978
vn -0.3268 0.0789 0.9418
vn -0.2346 0.0716 0.9695
vn -0.1662 0.1600 0.9730
vn -0.4188 0.1037 0.9021
vn -0.4234 0.0759 0.9028
vn -0.4844 0.8318 0.2710
vn -0.4041 0.8751 0.2661
vn -0.3334 0.9148 0.2280
vn -0.3191 0.9161 0.2427
vn -0.4627 0.7465 0.4782
vn -0.5134 0.6229 0.5903
vn -0.4784 0.7593 0.4411
vn -0.4978 0.6520 0.5720
vn -0.5916 0.2678 0.7605
vn -0.5990 0.0832 0.7964
vn -0.9786 0.0004 0.2057
vn -0.9791 0.0204 0.2023
vn -0.9792 0.0222 0.2018
vn -0.9789 0.0450 0.1995
vn -0.9777 0.0686 0.1984
vn -0.9784 -0.0097 0.2067
vn -0.9784 -0.0096 0.2067
vn -0.9758 0.0943 0.1971
vn 0.4962 0.0675 -0.8656
vn -0.3101 -0.7818 0.5410
vn -0.4814 0.2507 0.8399
vn 0.2677 -0.8428 -0.4670
vn 0.2677 -0.8428 -0.4669
vn -0.0129 0.9997 0.0225
vn -0.4958 -0.0787 0.8649
vn -0.3267 0.8432 0.4269
vn -0.3267 0.8432 0.4270
vn -0.8836 0.4469 -0.1398
vn -0.8992 0.4108 -0.1505
vn -0.8794 0.4647 -0.1036
vn -0.8973 0.4313 -0.0934
vn -0.8778 0.4711 -0.0866
vn -0.9007 0.4246 -0.0921
vn -0.9040 0.4181 -0.0889
vn -0.9080 0.3812 -0.1740
vn -0.4616 0.8854 0.0541
vn -0.4423 0.8963 -0.0320
vn -0.4423 0.8963 -0.0327
vn -0.4959 0.8572 0.1391
vn -0.4616 0.8855 0.0540
vn -0.0740 0.9965 -0.0381
vn -0.0738 0.9927 0.0956
vn -0.1212 0.9919 -0.0375
vn -0.1203 0.9879 0.0979
vn -0.4271 0.8993 -0.0941
vn -0.4422 0.8964 -0.0322
vn -0.4422 0.8963 -0.0315
vn -0.8398 0.5408 -0.0479
vn -0.8604 0.5087 -0.0313
vn -0.8603 0.5087 -0.0313
vn -0.0708 0.9799 0.1864
vn -0.1154 0.9768 0.1806
vn -0.1821 -0.1188 -0.9761
vn -0.1825 -0.1191 -0.9760
vn 0.2837 0.7667 -0.5759
vn -0.2610 0.6152 -0.7439
vn -0.3186 -0.2876 -0.9032
vn -0.1946 0.8793 -0.4348
vn -0.1511 0.8666 -0.4756
vn -0.1510 0.8665 -0.4757
vn -0.3334 -0.1144 -0.9358
vn -0.4440 0.3083 -0.8413
vn -0.4442 0.3087 -0.8411
vn -0.4441 0.3085 -0.8412
vn -0.0999 0.2479 -0.9636
vn -0.1007 0.2472 -0.9637
vn -0.1809 0.2052 -0.9619
vn -0.3356 0.2536 -0.9072
vn -0.1805 0.2052 -0.9619
vn -0.6396 0.7383 0.2141
vn -0.6699 0.7042 0.2352
vn -0.6714 0.7025 0.2362
vn -0.8729 0.4879 -0.0043
vn -0.8852 0.4652 -0.0045
vn -0.8852 0.4651 -0.0045
vn -0.0701 0.9911 -0.1135
vn -0.0668 0.9869 -0.1472
vn -0.0679 0.9868 -0.1470
vn -0.3918 0.9116 -0.1244
vn -0.3964 0.9096 -0.1241
vn -0.3966 0.9095 -0.1242
vn -0.4079 0.9046 -0.1236
vn -0.4272 0.8993 -0.0939
vn -0.0683 0.9868 -0.1470
vn -0.1103 0.9832 -0.1455
vn -0.1107 0.9832 -0.1452
vn -0.8379 0.5436 -0.0494
vn -0.8128 0.5780 -0.0720
vn -0.8265 0.5578 -0.0758
vn -0.4078 0.9047 -0.1235
vn -0.1118 0.9831 -0.1449
vn -0.1151 0.9870 -0.1122
vn -0.8082 0.5832 -0.0812
vn -0.8382 0.5391 -0.0820
vn -0.8106 0.5800 -0.0808
vn -0.8538 0.5128 -0.0903
vn -0.0527 -0.1812 -0.9820
vn -0.2401 -0.3158 -0.9180
vn -0.1489 -0.1824 -0.9719
vn -0.1929 -0.1705 -0.9663
vn -0.1252 -0.1886 -0.9740
vn -0.0788 0.9876 -0.1355
vn -0.0790 0.9876 -0.1356
vn -0.3729 0.9198 -0.1219
vn -0.2297 0.9620 -0.1476
vn -0.3837 0.9158 -0.1187
vn -0.8438 0.5366 0.0005
vn -0.9067 0.3558 -0.2263
vn -0.9105 0.3310 -0.2477
vn -0.2163 0.9649 -0.1490
vn -0.0986 0.3110 -0.9453
vn -0.1011 0.3108 -0.9451
vn -0.8169 0.5253 -0.2381
vn -0.8583 0.4236 -0.2897
vn -0.7847 0.5725 -0.2379
vn -0.6429 0.2297 -0.7307
vn -0.8557 0.2634 -0.4454
vn -0.8528 0.2548 -0.4558
vn -0.0848 0.8577 -0.5071
vn -0.0863 0.8575 -0.5073
vn -0.2201 0.3069 -0.9259
vn -0.6873 0.6796 -0.2564
vn -0.4740 0.8233 -0.3123
vn -0.3457 0.8813 -0.3223
vn -0.2244 0.8836 -0.4110
vn -0.0802 0.8463 -0.5267
vn -0.0845 0.7799 -0.6202
vn -0.0901 0.6341 -0.7680
vn -0.3014 0.6498 -0.6978
vn -0.2568 0.6666 -0.6998
vn -0.2013 0.5990 -0.7751
vn -0.2080 0.8770 -0.4331
vn -0.0788 0.8556 -0.5116
vn -0.2582 0.7610 -0.5952
vn -0.2600 0.8060 -0.5317
vn -0.3510 0.7379 -0.5764
vn -0.3626 0.6734 -0.6442
vn -0.1906 0.8343 -0.5174
vn -0.5189 0.2615 -0.8139
vn -0.2284 0.3057 -0.9243
vn -0.0928 0.5448 -0.8334
vn -0.1933 0.8325 -0.5192
vn -0.1641 0.8505 -0.4998
vn -0.1417 0.8616 -0.4874
vn 0.1606 0.9870 -0.0000
vn -0.0851 0.6608 -0.7457
vn -0.1139 0.3817 -0.9172
vn -0.1559 0.1599 -0.9747
vn -0.1855 0.1694 -0.9679
vn -0.1713 0.1654 -0.9712
vn -0.2163 0.1743 -0.9606
vn -0.2748 0.1755 -0.9454
vn -0.4477 0.6806 -0.5800
vn -0.3010 0.6639 -0.6846
vn -0.2314 0.6050 -0.7618
vn -0.1610 0.6499 -0.7428
vn -0.1834 0.1676 -0.9687
vn -0.1208 0.1634 -0.9791
vn -0.1450 0.1699 -0.9747
vn -0.3347 0.1761 -0.9257
vn -0.1547 0.7176 -0.6790
vn -0.3721 0.7057 -0.6029
vn -0.4644 0.6906 -0.5544
vn -0.0734 0.7338 -0.6754
vn -0.6719 0.4546 -0.5847
vn -0.7359 0.5792 -0.3507
vn -0.6372 0.4180 -0.6475
vn -0.4880 0.2808 -0.8264
vn -0.3989 0.2095 -0.8927
vn -0.7354 0.6206 -0.2721
vn -0.7029 0.7004 -0.1245
vn -0.6636 0.7455 -0.0624
vn -0.6997 0.7145 0.0011
vn -0.5387 0.6860 -0.4890
vn -0.6095 0.6893 -0.3917
vn -0.6243 0.7096 -0.3268
vn -0.6894 0.7029 -0.1751
vn -0.7274 0.6835 -0.0609
vn -0.7526 0.6528 -0.0862
vn -0.1696 0.4457 -0.8790
vn -0.4458 0.2971 -0.8444
vn -0.4497 -0.2485 -0.8579
vn -0.3778 0.5564 -0.7401
vn -0.3776 0.5563 -0.7402
vn -0.2022 0.8812 -0.4274
vn -0.2421 0.8895 -0.3875
vn -0.4529 -0.0984 -0.8861
vn -0.4817 0.2757 -0.8319
vn -0.4626 0.8846 0.0583
vn -0.4437 0.8906 -0.0999
vn -0.3967 0.9086 -0.1304
vn -0.4078 0.9038 -0.1296
vn -0.4079 0.9038 -0.1296
vn -0.4271 0.8988 -0.0985
vn -0.4271 0.8988 -0.0986
vn -0.3918 0.9107 -0.1306
vn -0.3961 0.9089 -0.1302
vn -0.9725 0.0698 -0.2222
vn -0.9701 0.0491 -0.2376
vn -0.9702 0.0500 -0.2372
vn -0.5187 0.8441 0.1362
vn -0.4627 0.8846 0.0586
vn -0.5242 0.8402 0.1390
vn -0.5898 0.7909 0.1633
vn -0.5889 0.7916 0.1631
vn -0.6302 0.7524 0.1916
vn -0.6398 0.7381 0.2141
vn -0.6989 0.6688 0.2534
vn -0.4524 0.8118 0.3692
vn -0.4618 0.8214 0.3346
vn -0.4616 0.8212 0.3355
vn -0.4715 0.8293 0.3001
vn -0.4787 0.8363 0.2675
vn -0.4712 0.8294 0.3001
vn -0.5003 0.8412 0.2049
vn -0.4795 0.8373 0.2628
vn -0.5021 0.8406 0.2031
vn -0.2700 0.9353 0.2288
vn -0.2548 0.9309 0.2619
vn -0.2414 0.8906 0.3855
vn -0.2411 0.9014 0.3598
vn -0.2409 0.8907 0.3856
vn -0.2216 0.8784 0.4234
vn -0.1991 0.8660 0.4586
vn -0.2229 0.8797 0.4201
vn -0.4983 0.8550 0.1435
vn -0.6287 0.7543 0.1891
vn -0.2340 0.9128 0.3346
vn -0.2408 0.9019 0.3587
vn -0.2341 0.9128 0.3346
vn -0.0747 0.9493 0.3054
vn -0.0746 0.9493 0.3053
vn -0.2204 0.9283 0.2993
vn -0.1836 0.9366 0.2984
vn -0.1542 0.9422 0.2975
vn -0.1322 0.9458 0.2966
vn -0.1327 0.9457 0.2966
vn -0.0686 0.9139 0.4000
vn -0.0649 0.9054 0.4195
vn -0.1292 0.9153 0.3816
vn -0.0696 0.9139 0.4000
vn -0.1318 0.8904 0.4357
vn -0.1250 0.9015 0.4142
vn -0.0636 0.8865 0.4583
vn -0.0660 0.8966 0.4379
vn -0.1642 0.8850 0.4357
vn -0.1539 0.8989 0.4102
vn -0.1568 0.9166 0.3678
vn -0.1318 0.9155 0.3802
vn -0.1113 0.9777 0.1782
vn -0.1861 0.8674 0.4615
vn -0.1180 0.0436 0.9921
vn -0.1180 0.0435 0.9921
vn -0.2134 0.0337 0.9764
vn -0.3395 0.0198 0.9404
vn -0.2111 0.0339 0.9769
vn -0.1100 -0.0045 0.9939
vn -0.1102 0.0427 0.9930
vn -0.1652 -0.6604 0.7325
vn -0.1842 -0.6551 0.7328
vn 0.1658 -0.3219 0.9321
vn 0.1206 0.6404 0.7586
vn 0.0415 0.6820 0.7302
vn 0.1294 0.6337 0.7627
vn 0.0362 0.6836 0.7290
vn -0.0288 0.7023 0.7113
vn -0.0316 0.7031 0.7104
vn 0.3388 0.3753 0.8628
vn 0.3746 0.3164 0.8715
vn 0.0041 0.0787 0.9969
vn 0.0021 -0.0589 0.9983
vn 0.0021 -0.0588 0.9983
vn -0.0004 -0.0198 -0.9998
vn -0.0005 -0.0271 -0.9996
vn -0.0002 -0.0206 -0.9998
vn -0.0167 -0.8407 -0.5413
vn -0.0166 -0.8405 -0.5415
vn -0.0167 -0.8405 -0.5415
vn -0.9996 -0.0236 0.0136
vn -0.9996 0.0262 0.0124
vn -0.9992 0.0371 0.0117
vn -0.0444 -0.9964 -0.0719
vn -0.0148 -0.9931 -0.1166
vn -0.0293 -0.9919 -0.1233
vn -0.0141 -0.9912 -0.1318
vn -0.0282 -0.9918 -0.1244
vn -0.0475 -0.9982 0.0352
vn -0.0177 -0.9977 0.0651
vn -0.0240 -0.9993 0.0284
vn -0.0024 -0.9987 -0.0514
vn -0.0146 -0.9996 0.0247
vn -0.0229 -0.9982 -0.0551
vn -0.3274 0.0698 0.9423
vn -0.1771 0.2691 0.9467
vn -0.0895 0.0008 0.9960
vn -0.1026 0.0293 0.9943
vn -0.0917 0.0046 0.9958
vn -0.0535 -0.0820 0.9952
vn -0.0990 0.9667 0.2362
vn -0.0840 0.9663 0.2434
vn -0.0990 0.9667 0.2361
vn 0.8838 0.4680 0.0004
vn -0.0662 0.9653 0.2525
vn -0.0344 0.9627 0.2683
vn -0.0442 -0.9985 0.0315
vn -0.0047 -0.9991 0.0427
vn -0.3823 0.6393 0.6671
vn -0.3823 0.6392 0.6672
vn -0.3823 0.6392 0.6673
vn -0.2842 0.4954 0.8209
vn -0.3445 0.6232 0.7020
vn -0.3446 0.6232 0.7021
vn -0.4195 0.6405 0.6433
vn -0.3968 0.6537 0.6443
vn -0.4098 0.6901 0.5965
vn -0.3790 0.6679 0.6405
vn -0.4097 0.6901 0.5966
vn -0.2136 0.5476 0.8090
vn -0.2841 0.4953 0.8209
vn -0.3550 0.6758 0.6460
vn -0.3550 0.6757 0.6460
vn -0.2379 0.6574 0.7150
vn -0.2386 0.6571 0.7151
vn -0.2440 0.5137 0.8226
vn -0.3449 0.6223 0.7026
vn -0.3450 0.6223 0.7026
vn -0.4209 0.6400 0.6428
vn -0.3928 0.6582 0.6423
vn -0.4123 0.6912 0.5935
vn -0.3659 0.6986 0.6149
vn -0.4123 0.6912 0.5936
vn -0.1816 0.5565 0.8108
vn -0.2446 0.5146 0.8218
vn -0.3505 0.6807 0.6433
vn -0.2291 0.6777 0.6987
vn -0.2307 0.6782 0.6977
vn -0.0014 -0.9997 -0.0249
vn -0.0053 -0.9996 -0.0278
vn 0.0024 -0.9985 -0.0544
vn -0.0008 -0.9986 -0.0536
vn -0.0093 -0.9997 -0.0236
vn -0.9607 0.2777 -0.0035
vn -0.9769 0.2136 -0.0081
vn -0.9590 0.2835 -0.0032
vn -0.8805 0.4741 -0.0016
vn -0.8854 0.4649 -0.0023
vn -0.8369 0.5473 0.0042
vn -0.8340 0.5518 0.0052
vn -0.7928 0.6087 0.0295
vn -0.7939 0.6074 0.0281
vn -0.8558 0.5172 -0.0032
vn -0.8921 0.4518 0.0028
vn -0.8920 0.4520 0.0029
vn -0.8621 0.5052 0.0399
vn -0.8134 0.5779 0.0665
vn -0.8607 0.5074 0.0415
vn -0.9969 -0.0782 0.0124
vn -0.9802 -0.1976 0.0102
vn -0.9892 -0.1459 0.0117
vn -0.1233 0.9016 0.4147
vn -0.0664 0.9052 0.4197
vn -0.1514 0.8994 0.4101
vn -0.9675 0.0210 -0.2521
vn -0.9977 0.0047 -0.0670
vn -0.9842 0.0380 -0.1729
vn -0.9983 0.0033 -0.0588
vn -0.9725 0.0692 -0.2222
vn -1.0000 -0.0057 -0.0053
vn -0.7646 0.6445 0.0001
vn -0.8243 0.2940 -0.4839
vn -0.8102 0.2767 -0.5167
vn -0.7985 0.2630 -0.5415
vn -0.7822 0.2449 -0.5729
vn -0.8733 0.4862 0.0312
vn -0.8729 0.4867 0.0324
vn -0.8551 0.5109 0.0883
vn -0.8833 0.4687 -0.0067
vn -0.9762 -0.1898 0.1052
vn -0.9710 -0.0636 0.2305
vn -0.9753 -0.1991 0.0958
vn -0.6215 0.7815 0.0544
vn -0.6221 0.7823 -0.0326
vn -0.6211 0.7811 0.0646
vn -0.9477 -0.3176 -0.0317
vn -0.7874 0.2459 -0.5652
vn -0.7879 0.2458 -0.5646
vn -0.7878 0.2459 -0.5648
vn -0.6151 0.7737 0.1516
vn -0.8891 0.4575 -0.0171
vn -0.4744 0.1827 -0.8611
vn -0.6014 0.1127 -0.7909
vn -0.6028 0.1137 -0.7897
vn -0.2406 0.6309 -0.7376
vn -0.2236 0.5510 -0.8040
vn -0.3202 0.5063 -0.8007
vn -0.1371 0.8837 -0.4475
vn -0.1210 0.8601 -0.4955
vn -0.1256 0.8446 -0.5205
vn -0.3201 0.5063 -0.8007
vn -0.3533 0.6407 -0.6817
vn -0.2422 0.8326 -0.4981
vn -0.2436 0.8317 -0.4990
vn -0.7274 0.5075 -0.4618
vn -0.5708 0.4950 -0.6551
vn -0.7278 0.5074 -0.4614
vn -0.8181 0.4612 -0.3436
vn -0.6042 0.4373 -0.6662
vn -0.7883 0.3953 -0.4715
vn -0.6197 0.4286 -0.6574
vn -0.3259 0.6676 -0.6695
vn -0.2966 0.6935 -0.6565
vn -0.4765 0.3977 -0.7841
vn -0.4766 0.3979 -0.7839
vn -0.5287 0.4562 -0.7158
vn -0.2401 0.6306 -0.7380
vn -0.3537 0.6379 -0.6841
vn -0.2664 0.8994 0.3465
vn -0.3729 0.8156 0.4424
vn -0.7146 0.3788 0.5881
vn -0.6380 0.4662 0.6129
vn -0.7311 0.3575 0.5811
vn -0.0533 0.9769 0.2069
vn -0.0204 0.9880 0.1532
vn 0.0061 0.9957 0.0922
vn 0.8908 -0.0918 0.4450
vn 0.3478 -0.0000 -0.9376
vn -0.9764 0.0912 -0.1957
vn 0.0795 -0.0390 0.9961
vn -0.1605 -0.9813 0.1059
vn 0.0652 0.9834 0.1693
vn 0.0105 0.9855 0.1693
vn -0.1063 -0.9887 0.1057
vn -0.1064 -0.9887 0.1057
vn -0.6019 0.0266 0.7981
vn 0.0629 0.9980 -0.0049
vn 0.0582 0.9983 0.0020
vn 0.3966 -0.3660 -0.8418
vn 0.2998 -0.3579 -0.8843
vn -0.7610 -0.6310 0.1508
vn -0.6825 -0.7290 -0.0526
vn -0.8175 -0.4631 0.3425
vn -0.8157 -0.3856 0.4312
vn -0.8163 -0.3264 0.4766
vn -0.7826 -0.5613 0.2692
vn -0.6684 -0.7438 -0.0059
vn -0.6203 -0.7770 -0.1068
vn 0.5613 -0.3701 -0.7403
vn 0.4197 -0.3673 -0.8300
vn 0.0212 0.9979 0.0606
vn 0.0552 0.9985 0.0062
vn -0.0323 0.9889 0.1452
vn -0.7961 0.2619 0.5456
vn -0.6987 0.6461 0.3073
vn -0.6987 0.6460 0.3073
vn -0.6988 0.6460 0.3073
vn -0.9995 -0.0285 0.0143
vn -0.9493 0.2991 -0.0969
vn -1.0000 -0.0092 -0.0003
vn -0.9999 -0.0111 0.0033
vn -0.9745 0.2242 -0.0055
vn -0.9680 0.2384 0.0783
vn -0.9127 0.4046 0.0581
vn -0.9121 0.4058 0.0580
vn -0.9934 0.0100 -0.1143
vn -0.9819 0.1265 -0.1411
vn -0.9807 0.1334 -0.1426
vn -0.0650 0.9454 0.3194
vn -0.0732 0.9449 0.3191
vn -0.1125 0.9934 -0.0226
vn -0.3515 0.8973 0.2670
vn -0.3111 0.9091 0.2772
vn -0.6806 0.7196 0.1375
vn -0.7114 0.6926 0.1191
vn -0.4516 0.8892 -0.0734
vn -0.1208 0.9924 -0.0247
vn -0.8469 0.5155 -0.1304
vn -0.5438 0.8351 -0.0828
vn -0.8963 0.4184 -0.1467
vn -0.0741 -0.0263 -0.9969
vn -0.0821 -0.0294 -0.9962
vn 0.0303 -0.6771 -0.7353
vn -0.0784 -0.6377 -0.7663
vn -0.0877 -0.6339 -0.7684
vn -0.2576 -0.1920 -0.9470
vn -0.2915 -0.4583 -0.8396
vn -0.2628 -0.1984 -0.9442
vn 0.0624 0.0124 0.9980
vn 0.1078 -0.9942 0.0002
vn 0.2133 0.1104 0.9707
vn 0.2206 0.1166 0.9684
vn 0.4108 -0.9113 0.0278
vn 0.1111 -0.9938 0.0001
vn 0.3921 -0.9192 0.0362
vn 0.0923 0.7002 0.7080
vn 0.1455 0.6647 0.7328
vn 0.2814 0.4051 0.8699
vn 0.2809 0.4074 0.8690
vn -0.2850 -0.4678 -0.8366
vn 0.8013 -0.5880 0.1098
vn 0.9814 -0.1199 0.1497
vn 0.7950 -0.6000 0.0892
vn 0.7791 -0.6154 0.1194
vn 0.9712 -0.1912 0.1420
vn 0.3786 -0.9253 0.0195
vn 0.1033 -0.9946 -0.0000
vn 0.9921 -0.0271 0.1224
vn 0.9665 -0.2236 0.1260
vn 0.9923 -0.0619 0.1070
vn 0.9895 0.0210 0.1431
vn -0.0691 0.2602 -0.9631
vn -0.0718 0.1632 -0.9840
vn 0.7297 -0.6838 -0.0000
vn 0.5793 0.8151 -0.0066
vn 0.1832 0.9831 -0.0000
vn -0.1752 0.1633 -0.9709
vn -0.1751 0.1612 -0.9713
vn -0.0758 0.1642 -0.9835
vn -0.0695 0.2794 -0.9577
vn -0.0697 0.2724 -0.9597
vn -0.0639 0.2920 -0.9543
vn 0.9900 0.1407 -0.0039
vn 0.9808 0.1951 -0.0055
vn 0.8794 0.4759 -0.0122
vn 0.6365 0.7712 -0.0082
vn 0.8962 0.4435 -0.0117
vn -0.5765 0.3719 -0.7275
vn -0.6838 0.4943 -0.5367
vn -0.5972 0.4066 -0.6914
vn -0.5042 0.3175 -0.8031
vn -0.4101 0.2286 -0.8830
vn -0.8226 0.4516 -0.3455
vn -0.7161 0.6030 -0.3517
vn -0.6934 0.5107 -0.5083
vn -0.7174 0.5992 -0.3553
vn -0.6435 0.7270 -0.2394
vn -0.7102 0.6356 -0.3027
vn -0.7641 0.6182 -0.1843
vn -0.7320 0.6328 -0.2524
vn -0.7634 0.6369 -0.1073
vn -0.1008 0.1046 -0.9894
vn -0.1832 0.1521 -0.9712
vn -0.1718 0.1455 -0.9743
vn -0.2732 0.1709 -0.9467
vn -0.3977 0.2351 -0.8869
vn -0.3088 0.2480 -0.9182
vn -0.1421 0.1198 -0.9826
vn -0.1420 0.1198 -0.9826
vn -0.1596 0.1128 -0.9807
vn -0.2775 0.1601 -0.9473
vn -0.3819 0.2249 -0.8964
vn -0.7324 0.5663 -0.3780
vn -0.7592 0.6046 -0.2411
vn -0.7324 0.5662 -0.3781
vn -0.3820 0.2250 -0.8963
vn -0.5470 0.3306 -0.7691
vn -0.6897 0.4669 -0.5535
vn -0.7195 0.5140 -0.4671
vn -0.6040 0.4293 -0.6715
vn -0.7204 0.5146 -0.4650
vn -0.7240 0.6682 -0.1713
vn -0.7266 0.6146 -0.3072
vn -0.7582 0.6496 -0.0552
vn -0.7582 0.6496 -0.0551
vn -0.7693 0.6287 -0.1139
vn -0.7591 0.6046 -0.2414
vn -0.4887 0.3680 -0.7911
vn -0.4888 0.3680 -0.7910
vn -0.0953 0.0937 -0.9910
vn -0.1599 0.1128 -0.9807
vn -0.5484 0.3315 -0.7677
vn -0.9998 -0.0188 0.0111
vn -0.9072 0.4206 0.0138
vn -0.9698 0.2437 0.0118
vn -0.9669 0.2550 0.0120
vn -0.9984 -0.0561 0.0117
vn -0.9996 -0.0233 0.0141
vn -0.9921 -0.1255 0.0060
vn -0.9813 0.1923 -0.0078
vn -0.9774 0.2112 -0.0051
vn -0.9788 0.2047 -0.0054
vn -0.9998 -0.0166 0.0102
vn -0.9999 -0.0128 0.0069
vn -0.9811 0.1935 -0.0089
vn -0.9815 0.1912 -0.0108
vn -0.9815 0.1912 -0.0109
vn -0.9998 -0.0124 0.0134
vn -0.9998 -0.0164 0.0133
vn -0.8096 0.5870 -0.0013
vn -0.0234 -0.9591 -0.2821
vn -0.1671 0.9484 0.2695
vn -0.0457 0.9609 0.2731
vn -0.0430 0.9610 0.2731
vn -0.0844 0.3770 -0.9224
vn -0.1055 0.3978 -0.9114
vn -0.0825 0.3750 -0.9233
vn -0.0670 0.3668 -0.9279
vn -0.0670 0.3669 -0.9278
vn -0.4020 0.8802 0.2523
vn -0.1780 0.9466 0.2690
vn -0.5382 0.8096 0.2343
vn -0.4142 0.8749 0.2509
vn -0.9984 -0.0000 -0.0569
vn -0.0000 -0.0000 -1.0000
vn 0.9984 -0.0000 0.0569
vn 0.3827 -0.0000 -0.9239
vn 0.9239 -0.0000 -0.3827
vn 0.9239 -0.0000 0.3827
vn 0.3827 -0.0000 0.9239
vn -0.3827 -0.0000 0.9239
vn -0.9239 -0.0000 0.3827
vn 0.3722 0.2323 -0.8986
vn -0.9239 -0.0000 -0.3827
vn -0.3827 -0.0000 -0.9239
vn -0.3722 0.2323 -0.8986
vn -0.8986 0.2323 0.3722
vn 0.3722 0.2323 0.8986
vn 0.8986 0.2323 -0.3722
vn -0.8986 0.2323 -0.3722
vn -0.3722 0.2323 0.8986
vn 0.8986 0.2323 0.3722
vn 0.9984 -0.0000 -0.0569
vn -0.9984 -0.0000 0.0569
vn -0.9627 -0.0000 -0.2705
vn -0.1063 0.9847 0.1383
vn -0.1435 0.9894 -0.0201
vn -0.1435 0.9895 -0.0202
vn 0.9627 -0.0000 -0.2705
vn 0.1435 0.9894 -0.0201
vn 0.1435 0.9895 -0.0202
vn 0.1434 0.9895 -0.0202
vn 0.1063 0.9847 0.1383
vn 0.7071 -0.0315 -0.7064
vn 0.7071 0.0315 0.7064
vn 0.4852 0.7483 0.4523
vn -0.7071 0.0315 0.7064
vn -0.7071 -0.0315 -0.7064
vn 0.4852 0.7050 -0.5172
vn 0.4853 0.7050 -0.5172
vn -0.4852 0.7483 0.4523
vn -0.4853 0.7050 -0.5172
vn -0.0000 0.9990 -0.0446
vn 0.7029 -0.1151 -0.7019
vn 0.7101 0.0562 0.7019
vn 0.7101 0.0561 0.7019
vn 0.5220 0.7537 0.3992
vn 0.5220 0.7538 0.3992
vn -0.7029 0.1151 0.7019
vn -0.7101 -0.0562 -0.7019
vn 0.5171 0.6351 -0.5739
vn -0.4575 0.7946 0.3992
vn -0.4574 0.7946 0.3992
vn -0.4624 0.6759 -0.5739
vn 0.0414 0.9918 -0.1212
vn -0.7029 -0.1151 -0.7019
vn -0.7101 0.0562 0.7019
vn -0.5220 0.7537 0.3992
vn 0.7029 0.1151 0.7019
vn 0.7101 -0.0562 -0.7019
vn 0.7101 -0.0561 -0.7019
vn -0.5171 0.6351 -0.5739
vn 0.4574 0.7946 0.3992
vn 0.4575 0.7946 0.3992
vn 0.4624 0.6759 -0.5739
vn -0.0414 0.9918 -0.1212
vn 0.9311 0.3646 0.0110
vn 0.9311 0.3645 0.0111
vn 0.9310 0.3649 0.0107
vn 0.9932 0.1167 -0.0062
vn -0.9310 0.3649 0.0107
vn -0.9311 0.3647 0.0110
vn -0.9311 0.3645 0.0111
vn -0.9932 0.1167 -0.0062
vn 0.9961 0.0888 -0.0000
vn -0.9961 0.0888 -0.0000
vn 0.9811 0.0720 0.1796
vn 0.4524 -0.1075 -0.8853
vn 0.6379 0.1241 0.7601
vn 0.0530 0.8752 -0.4809
vn -0.0000 0.6260 -0.7798
vn 0.9864 -0.0402 -0.1591
vn 0.9864 0.0637 0.1512
vn 0.9805 0.1963 -0.0065
vn -0.0129 0.8713 0.4906
vn 0.1771 0.2692 0.9467
vn 0.1544 0.4768 0.8654
vn 0.1346 0.5012 0.8548
vn 0.9783 -0.0096 0.2067
vn 0.4441 0.3085 -0.8412
vn 0.6400 0.7379 0.2143
vn 0.1151 0.9870 -0.1121
vn 0.3919 0.9116 -0.1244
vn 0.0528 -0.1812 -0.9820
vn 0.1928 -0.1705 -0.9663
vn 0.8608 0.4133 -0.2971
vn 0.3918 0.9108 -0.1306
vn -0.0000 0.9492 0.3146
vn 0.0696 0.9139 0.4000
vn 0.0664 0.9052 0.4197
vn -0.0000 0.0436 0.9990
vn 0.1180 0.0435 0.9921
vn -0.0000 0.0430 0.9991
vn -0.0000 0.7122 0.7020
vn 0.0006 -0.0269 -0.9996
vn 0.0282 -0.9918 -0.1244
vn -0.0000 -0.9903 -0.1390
vn 0.0990 0.9667 0.2361
vn 0.3823 0.6392 0.6672
vn 0.3823 0.6393 0.6672
vn 0.3824 0.6394 0.6670
vn 0.9710 -0.0635 0.2304
vn 0.7876 0.2459 -0.5650
vn 0.0604 0.9718 0.2277
vn 0.8163 -0.3264 0.4766
vn 0.6987 0.6461 0.3073
vn -0.0000 0.9471 0.3210
vn -0.0304 -0.6771 -0.7353
vn 0.0691 0.2603 -0.9630
vn 0.9788 0.2047 -0.0054
vn 0.9815 0.1912 -0.0109
vn 0.0670 0.3669 -0.9278
vn -0.9786 0.0022 0.2060
vn -0.9993 0.0372 0.0085
vn -0.8622 0.5065 -0.0092
vn -0.9780 0.1029 0.1814
vn -0.4973 -0.0108 0.8675
vn 0.4972 0.0193 -0.8674
vn -0.9965 -0.0833 0.0069
vn -0.8818 0.4713 -0.0145
vn -0.0048 0.8832 0.4691
vn -0.3297 0.0883 0.9400
vn -0.9787 0.0007 0.2055
vn -0.3332 0.2526 -0.9084
vn -0.3919 0.9116 -0.1244
vn -0.0528 -0.1812 -0.9820
vn -0.1928 -0.1705 -0.9663
vn -0.8608 0.4133 -0.2971
vn -0.1612 0.9380 0.3070
vn -0.1766 0.8708 0.4589
vn -0.1564 0.9168 0.3675
vn 0.0863 -0.3895 0.9170
vn -0.0006 -0.0269 -0.9996
vn -0.0166 -0.8407 -0.5413
vn -0.0354 -0.9963 0.0780
vn -0.4261 0.0587 0.9028
vn -0.0202 -0.9990 0.0395
vn -0.3823 0.6393 0.6672
vn -0.3823 0.6394 0.6671
vn -0.3824 0.6394 0.6670
vn -0.3969 0.6537 0.6443
vn -0.3791 0.6680 0.6403
vn -0.2292 0.4958 0.8376
vn -0.3929 0.6582 0.6422
vn -0.1814 0.4887 0.8534
vn -0.9846 0.0370 -0.1706
vn -0.9710 -0.0635 0.2304
vn -0.7871 0.2459 -0.5656
vn -0.8891 0.4574 -0.0171
vn -0.4748 0.1802 -0.8615
vn -0.1350 0.8838 -0.4479
vn -0.7893 0.3959 -0.4694
vn -0.5291 0.4557 -0.7158
vn -0.0604 0.9718 0.2277
vn -0.5885 -0.7975 -0.1326
vn 0.5613 -0.3700 -0.7403
vn -0.9934 0.0100 -0.1140
vn 0.0304 -0.6771 -0.7353
vn 0.0685 0.0141 0.9976
vn -0.0691 0.2603 -0.9630
vn 0.6477 -0.7619 -0.0000
vn -0.3112 0.2499 -0.9169
vn -0.6898 0.4672 -0.5531
vn -0.6039 0.4293 -0.6716
vn -0.7235 0.6683 -0.1729
vn -0.7693 0.6286 -0.1141
vn -0.1434 0.9895 -0.0202
vn 0.0413 0.9918 -0.1212
vn -0.7101 0.0561 0.7019
vn -0.5220 0.7538 0.3992
vn -0.0413 0.9918 -0.1212
vn 0.9312 0.3643 0.0109
vn 0.9312 0.3642 0.0110
vn 0.9932 0.1166 -0.0062
vn 0.9932 0.1166 -0.0063
vn 0.9931 0.1167 -0.0062
vn -0.9311 0.3646 0.0110
vn -0.9310 0.3647 0.0109
vn -0.9932 0.1166 -0.0063
vn -0.9932 0.1166 -0.0062
vn -0.9931 0.1167 -0.0062
vn -0.9847 -0.0097 0.1740
vn -0.4852 0.7050 -0.5172
vt 0.330494 0.242694
vt 0.359719 0.244605
vt 0.330494 0.249948
vt 0.304057 0.237064
vt 0.300862 0.244157
vt 0.411567 0.146356
vt 0.397436 0.135074
vt 0.402036 0.131055
vt 0.395330 0.199361
vt 0.385576 0.227371
vt 0.380114 0.222134
vt 0.319136 0.238244
vt 0.334555 0.257540
vt 0.315691 0.256327
vt 0.400673 0.172499
vt 0.405234 0.187342
vt 0.398002 0.185930
vt 0.249264 0.141607
vt 0.227423 0.131193
vt 0.262574 0.131193
vt 0.260970 0.152406
vt 0.250498 0.187264
vt 0.248206 0.152406
vt 0.263221 0.187264
vt 0.253670 0.199361
vt 0.280844 0.222134
vt 0.274873 0.227918
vt 0.233226 0.199361
vt 0.253344 0.211819
vt 0.228685 0.199361
vt 0.803605 0.235274
vt 0.832922 0.237380
vt 0.803605 0.243212
vt 0.771990 0.227269
vt 0.767969 0.234003
vt 0.738754 0.191942
vt 0.724903 0.167094
vt 0.733411 0.165080
vt 0.741256 0.210581
vt 0.748164 0.206025
vt 0.725118 0.339025
vt 0.757602 0.313173
vt 0.757639 0.342015
vt 0.850778 0.217177
vt 0.830468 0.229931
vt 0.882051 0.144596
vt 0.873800 0.165080
vt 0.872934 0.144262
vt 0.876727 0.194742
vt 0.897653 0.203262
vt 0.861972 0.217177
vt 0.192097 0.356765
vt 0.269572 0.231881
vt 0.266639 0.356772
vt 0.539822 0.123033
vt 0.541197 0.173364
vt 0.287535 0.173364
vt 0.540960 0.225555
vt 0.549831 0.296151
vt 0.461090 0.263921
vt 0.526297 0.394028
vt 0.148424 0.452493
vt 0.148424 0.394028
vt 0.524593 0.452493
vt 0.645102 0.394028
vt 0.728940 0.225555
vt 0.729398 0.173364
vt 0.726744 0.123033
vt 0.940530 0.173364
vt 0.940530 0.123033
vt 0.940530 0.225555
vt 0.727464 0.394028
vt 0.940530 0.394028
vt 0.724055 0.452493
vt 0.248788 0.146462
vt 0.261329 0.141607
vt 0.894751 0.166423
vt 0.898765 0.200323
vt 0.883186 0.163804
vt 0.882879 0.165662
vt 0.898517 0.161721
vt 0.893551 0.145422
vt 0.868277 0.191812
vt 0.847072 0.438484
vt 0.606299 0.397808
vt 0.847072 0.397808
vt 0.627381 0.426413
vt 0.860181 0.443160
vt 0.628418 0.443160
vt 0.602733 0.207930
vt 0.773662 0.165304
vt 0.773662 0.207930
vt 0.472679 0.207930
vt 0.603992 0.165304
vt 0.450252 0.426413
vt 0.452256 0.443160
vt 0.461663 0.438484
vt 0.423076 0.397808
vt 0.249831 0.623939
vt 0.258181 0.574376
vt 0.270288 0.574376
vt 0.270229 0.426413
vt 0.345223 0.443160
vt 0.268932 0.443160
vt 0.340501 0.207930
vt 0.396749 0.165304
vt 0.393610 0.207930
vt 0.024384 0.071394
vt 0.024809 0.071394
vt 0.025625 0.073814
vt 0.224637 0.332598
vt 0.224637 0.337577
vt 0.188537 0.325543
vt 0.357341 0.237351
vt 0.801016 0.324392
vt 0.801005 0.346003
vt 0.637231 0.139044
vt 0.720841 0.148732
vt 0.637231 0.148600
vt 0.705135 0.231660
vt 0.621963 0.242610
vt 0.705015 0.214264
vt 0.630249 0.263760
vt 0.711645 0.264386
vt 0.634809 0.283282
vt 0.725058 0.284638
vt 0.343849 0.586396
vt 0.304235 0.571434
vt 0.307851 0.561565
vt 0.443310 0.136008
vt 0.429409 0.147264
vt 0.429409 0.133871
vt 0.291713 0.323712
vt 0.291742 0.305094
vt 0.328341 0.320946
vt 0.312245 0.274409
vt 0.261772 0.347708
vt 0.300345 0.356262
vt 0.260241 0.326089
vt 0.323407 0.206395
vt 0.339490 0.238244
vt 0.318003 0.210498
vt 0.282661 0.099874
vt 0.279287 0.018433
vt 0.282661 0.013345
vt 0.598327 0.224539
vt 0.598327 0.209129
vt 0.700186 0.209289
vt 0.345142 0.207502
vt 0.360140 0.224539
vt 0.346975 0.228506
vt 0.407131 0.149724
vt 0.408062 0.172499
vt 0.733234 0.152221
vt 0.732689 0.133390
vt 0.724804 0.152815
vt 0.402406 0.202184
vt 0.331460 0.276835
vt 0.025852 0.044604
vt 0.025597 0.048788
vt 0.024786 0.048772
vt 0.284774 0.332339
vt 0.652133 0.274853
vt 0.660384 0.344699
vt 0.444370 0.436645
vt 0.479144 0.381757
vt 0.477303 0.442779
vt 0.729469 0.129963
vt 0.256452 0.207570
vt 0.273982 0.211865
vt 0.231464 0.141607
vt 0.226178 0.141607
vt 0.230583 0.152406
vt 0.227086 0.187264
vt 0.225587 0.152406
vt 0.231640 0.187264
vt 0.231096 0.146113
vt 0.265627 0.199361
vt 0.489772 0.428665
vt 0.490934 0.293842
vt 0.499795 0.428665
vt 0.553845 0.293842
vt 0.557733 0.247055
vt 0.547710 0.247055
vt 0.024117 0.052940
vt 0.023974 0.062484
vt 0.023443 0.062467
vt 0.468642 0.247055
vt 0.467904 0.215306
vt 0.478665 0.247055
vt 0.557935 0.428665
vt 0.563868 0.293842
vt 0.561325 0.356771
vt 0.802170 0.231881
vt 0.802170 0.356770
vt 0.640065 0.331204
vt 0.023750 0.068871
vt 0.024307 0.068889
vt 0.329761 0.350595
vt 0.332695 0.362276
vt 0.020155 0.057935
vt 0.026283 0.057031
vt 0.020678 0.059433
vt 0.025893 0.065325
vt 0.030039 0.060617
vt 0.029030 0.066239
vt 0.041500 0.063174
vt 0.039992 0.055598
vt 0.040505 0.055612
vt 0.872707 0.395087
vt 0.857881 0.417747
vt 0.858272 0.395087
vt 0.246157 0.266225
vt 0.224490 0.237525
vt 0.249158 0.238022
vt 0.599363 0.400777
vt 0.566308 0.459014
vt 0.573870 0.399103
vt 0.386858 0.035913
vt 0.409763 0.032467
vt 0.408416 0.039079
vt 0.253094 0.209693
vt 0.237126 0.195076
vt 0.256324 0.189292
vt 0.400454 0.428466
vt 0.445279 0.378918
vt 0.563434 0.458822
vt 0.320583 0.069936
vt 0.298563 0.089757
vt 0.314056 0.041581
vt 0.295094 0.021227
vt 0.238400 0.095872
vt 0.235495 0.013892
vt 0.410579 0.328684
vt 0.576794 0.321020
vt 0.407023 0.377678
vt 0.443985 0.287438
vt 0.581221 0.272323
vt 0.488603 0.252612
vt 0.585343 0.233152
vt 0.590549 0.182502
vt 0.514370 0.228130
vt 0.552821 0.182502
vt 0.469549 0.286521
vt 0.453792 0.315370
vt 0.452956 0.286531
vt 0.461670 0.260169
vt 0.452189 0.260070
vt 0.451223 0.226728
vt 0.454628 0.344209
vt 0.481325 0.322993
vt 0.493802 0.355177
vt 0.480383 0.370896
vt 0.358702 0.447535
vt 0.405988 0.445365
vt 0.405605 0.447195
vt 0.504885 0.377501
vt 0.508127 0.396478
vt 0.493758 0.384073
vt 0.516553 0.123867
vt 0.541933 0.126782
vt 0.516151 0.125520
vt 0.542509 0.124759
vt 0.562022 0.127995
vt 0.562376 0.126843
vt 0.578924 0.129293
vt 0.579148 0.128775
vt 0.600539 0.130975
vt 0.541519 0.441776
vt 0.609727 0.445845
vt 0.540466 0.446480
vt 0.502506 0.124760
vt 0.610676 0.441983
vt 0.668110 0.445309
vt 0.668916 0.443106
vt 0.743399 0.444619
vt 0.451935 0.447372
vt 0.502496 0.125564
vt 0.488722 0.125405
vt 0.019180 0.050589
vt 0.026269 0.051031
vt 0.019259 0.051663
vt 0.437301 0.364100
vt 0.373025 0.322134
vt 0.441597 0.323004
vt 0.019344 0.052782
vt 0.026031 0.054938
vt 0.019804 0.056653
vt 0.237214 0.364100
vt 0.372279 0.364100
vt 0.610356 0.356993
vt 0.605493 0.311442
vt 0.596170 0.228994
vt 0.600631 0.265892
vt 0.411486 0.458221
vt 0.424631 0.538069
vt 0.576813 0.387032
vt 0.588068 0.469516
vt 0.636883 0.515884
vt 0.636883 0.544377
vt 0.055922 0.028256
vt 0.040022 0.062525
vt 0.038381 0.028594
vt 0.058774 0.062164
vt 0.041757 0.074282
vt 0.038760 0.022456
vt 0.061630 0.083794
vt 0.062069 0.073893
vt 0.064834 0.081873
vt 0.565971 0.453004
vt 0.567957 0.428665
vt 0.470352 0.207958
vt 0.457881 0.215306
vt 0.480911 0.293842
vt 0.480375 0.207958
vt 0.555949 0.453004
vt 0.497544 0.451653
vt 0.487521 0.451653
vt 0.736006 0.630371
vt 0.907882 0.580921
vt 0.925179 0.635993
vt 0.026058 0.055955
vt 0.026483 0.057891
vt 0.021222 0.060659
vt 0.846699 0.490783
vt 0.853882 0.566210
vt 0.824257 0.566210
vt 0.781667 0.490783
vt 0.796606 0.566210
vt 0.787035 0.439834
vt 0.738268 0.436641
vt 0.851547 0.444058
vt 0.277288 0.026135
vt 0.276488 0.037448
vt 0.276488 0.027241
vt 0.277288 0.037545
vt 0.275494 0.044256
vt 0.440040 0.567071
vt 0.464684 0.604369
vt 0.440040 0.604369
vt 0.423269 0.567071
vt 0.423269 0.604369
vt 0.464684 0.530348
vt 0.464684 0.567071
vt 0.435039 0.485803
vt 0.441862 0.440574
vt 0.441862 0.485803
vt 0.608511 0.635200
vt 0.747182 0.636576
vt 0.609022 0.651985
vt 0.464684 0.631929
vt 0.429225 0.629063
vt 0.438792 0.630712
vt 0.378062 0.356771
vt 0.562468 0.231881
vt 0.443039 0.449095
vt 0.342562 0.426413
vt 0.475066 0.165304
vt 0.312245 0.397808
vt 0.380271 0.231881
vt 0.258367 0.563906
vt 0.270314 0.563907
vt 0.860181 0.574376
vt 0.627313 0.563913
vt 0.860181 0.563912
vt 0.343326 0.574376
vt 0.450120 0.563913
vt 0.450433 0.574376
vt 0.627499 0.574376
vt 0.400818 0.616594
vt 0.414365 0.604412
vt 0.408043 0.619549
vt 0.035150 0.065466
vt 0.034606 0.059293
vt 0.036386 0.065062
vt 0.279600 0.016778
vt 0.268931 0.078461
vt 0.263190 0.016246
vt 0.440040 0.530421
vt 0.464684 0.514450
vt 0.440040 0.509598
vt 0.464684 0.509151
vt 0.435039 0.422100
vt 0.441862 0.415719
vt 0.441862 0.421933
vt 0.435039 0.440782
vt 0.441862 0.428147
vt 0.440040 0.520010
vt 0.464684 0.519749
vt 0.440040 0.514804
vt 0.423269 0.510742
vt 0.785404 0.628542
vt 0.746207 0.618932
vt 0.787499 0.597319
vt 0.435039 0.428327
vt 0.423269 0.520693
vt 0.804515 0.624526
vt 0.812901 0.593302
vt 0.823625 0.620509
vt 0.838304 0.589284
vt 0.622290 0.374331
vt 0.540200 0.305423
vt 0.621201 0.278396
vt 0.423269 0.515718
vt 0.475266 0.290643
vt 0.463808 0.339203
vt 0.454884 0.266994
vt 0.472146 0.362990
vt 0.481201 0.370920
vt 0.371471 0.439225
vt 0.175993 0.570429
vt 0.175993 0.446296
vt 0.525337 0.419499
vt 0.515228 0.531098
vt 0.504506 0.421157
vt 0.549639 0.417564
vt 0.575683 0.478167
vt 0.556193 0.509318
vt 0.911732 0.490783
vt 0.950891 0.441863
vt 0.374512 0.562653
vt 0.232185 0.086079
vt 0.276198 0.081490
vt 0.276445 0.085873
vt 0.318642 0.066275
vt 0.311474 0.040534
vt 0.313882 0.041238
vt 0.316924 0.082513
vt 0.311916 0.080583
vt 0.314842 0.077436
vt 0.232185 0.025572
vt 0.270955 0.028290
vt 0.232185 0.027728
vt 0.303103 0.085624
vt 0.303103 0.081237
vt 0.310291 0.037457
vt 0.307889 0.034952
vt 0.311429 0.033579
vt 0.301838 0.030318
vt 0.300813 0.033250
vt 0.275827 0.086911
vt 0.324699 0.058102
vt 0.324699 0.087510
vt 0.324699 0.032477
vt 0.272556 0.058225
vt 0.270765 0.032512
vt 0.324699 0.021669
vt 0.270065 0.021944
vt 0.233886 0.031241
vt 0.225727 0.023180
vt 0.236666 0.022288
vt 0.270955 0.026134
vt 0.276572 0.094365
vt 0.324699 0.095129
vt 0.233223 0.053590
vt 0.226276 0.077697
vt 0.221238 0.048641
vt 0.222095 0.027463
vt 0.237325 0.080277
vt 0.311916 0.084969
vt 0.227744 0.081885
vt 0.230726 0.085295
vt 0.239509 0.087612
vt 0.444756 0.519235
vt 0.824282 0.520604
vt 0.513100 0.443322
vt 0.737441 0.404383
vt 0.737441 0.442885
vt 0.507910 0.321743
vt 0.379535 0.330089
vt 0.358528 0.321743
vt 0.339288 0.254102
vt 0.337614 0.322538
vt 0.316690 0.443107
vt 0.340829 0.429969
vt 0.340869 0.442920
vt 0.375400 0.442986
vt 0.357641 0.243645
vt 0.505136 0.404383
vt 0.737441 0.362860
vt 0.323079 0.322907
vt 0.384776 0.475616
vt 0.340952 0.478164
vt 0.316046 0.487725
vt 0.517342 0.474644
vt 0.737441 0.473843
vt 0.872123 0.292675
vt 0.859681 0.332343
vt 0.836732 0.317288
vt 0.899956 0.292675
vt 0.907512 0.315754
vt 0.895671 0.318705
vt 0.844404 0.340678
vt 0.833731 0.349012
vt 0.309987 0.407813
vt 0.331490 0.377114
vt 0.323338 0.407813
vt 0.365431 0.407813
vt 0.400478 0.375162
vt 0.367314 0.422293
vt 0.367606 0.414272
vt 0.364308 0.404383
vt 0.342387 0.563914
vt 0.258239 0.426413
vt 0.256565 0.368357
vt 0.256286 0.443160
vt 0.338766 0.449095
vt 0.236667 0.397808
vt 0.879002 0.324261
vt 0.435039 0.531431
vt 0.536789 0.518514
vt 0.276485 0.011985
vt 0.277288 0.010425
vt 0.277288 0.011947
vt 0.276485 0.015035
vt 0.277288 0.014991
vt 0.276485 0.010460
vt 0.277288 0.008903
vt 0.288759 0.034747
vt 0.296757 0.045472
vt 0.288216 0.037284
vt 0.276485 0.026135
vt 0.441882 0.531898
vt 0.428757 0.558021
vt 0.421925 0.573275
vt 0.434650 0.559642
vt 0.427474 0.574772
vt 0.416557 0.585122
vt 0.421836 0.586522
vt 0.393116 0.626568
vt 0.400983 0.640023
vt 0.272490 0.059225
vt 0.270870 0.063983
vt 0.271839 0.058959
vt 0.273734 0.050853
vt 0.273442 0.055147
vt 0.272787 0.054906
vt 0.274395 0.051069
vt 0.274509 0.047951
vt 0.275182 0.048220
vt 0.454674 0.230292
vt 0.463701 0.260175
vt 0.058469 0.075338
vt 0.059095 0.066524
vt 0.060449 0.066861
vt 0.062429 0.058384
vt 0.062486 0.049983
vt 0.064601 0.047261
vt 0.276184 0.044595
vt 0.057125 0.074948
vt 0.056833 0.081258
vt 0.055420 0.080995
vt 0.242966 0.078906
vt 0.276918 0.020063
vt 0.282983 0.080820
vt 0.311150 0.029552
vt 0.314170 0.095453
vt 0.307505 0.027683
vt 0.292212 0.023873
vt 0.298577 0.088136
vt 0.388514 0.087240
vt 0.355496 0.097686
vt 0.355496 0.085697
vt 0.355496 0.052191
vt 0.355496 0.034495
vt 0.388256 0.070477
vt 0.355496 0.068944
vt 0.400009 0.100413
vt 0.401797 0.088366
vt 0.406437 0.055542
vt 0.404117 0.071954
vt 0.386239 0.026233
vt 0.355496 0.024871
vt 0.387998 0.053714
vt 0.422649 0.057655
vt 0.425382 0.042052
vt 0.418865 0.073843
vt 0.411802 0.101654
vt 0.415080 0.090032
vt 0.419658 0.627414
vt 0.422727 0.039202
vt 0.038990 0.050597
vt 0.088371 0.050569
vt 0.047857 0.065521
vt 0.023601 0.052133
vt 0.036325 0.061429
vt 0.645102 0.370129
vt 0.255295 0.225555
vt 0.148424 0.123033
vt 0.148424 0.173364
vt 0.254849 0.239222
vt 0.148424 0.225555
vt 0.953367 0.184680
vt 0.381322 0.157968
vt 0.954966 0.168370
vt 0.202295 0.197522
vt 0.379751 0.173433
vt 0.379157 0.481937
vt 0.270477 0.389057
vt 0.281379 0.378714
vt 0.640207 0.655600
vt 0.370128 0.495242
vt 0.780451 0.733831
vt 0.632791 0.669981
vt 0.185101 0.219310
vt 0.192199 0.183916
vt 0.198753 0.215317
vt 0.027287 0.059258
vt 0.023191 0.063428
vt 0.032186 0.066215
vt 0.033644 0.059874
vt 0.026133 0.052008
vt 0.031758 0.060522
vt 0.028485 0.060217
vt 0.040976 0.063282
vt 0.035652 0.058627
vt 0.037651 0.064618
vt 0.092158 0.054268
vt 0.086318 0.055144
vt 0.086391 0.052837
vt 0.086178 0.050791
vt 0.092516 0.052745
vt 0.080140 0.066239
vt 0.082279 0.060456
vt 0.083855 0.065884
vt 0.072414 0.064236
vt 0.076124 0.058114
vt 0.074174 0.064835
vt 0.078368 0.066031
vt 0.080359 0.060291
vt 0.089244 0.062026
vt 0.085751 0.057249
vt 0.090544 0.059900
vt 0.075443 0.065247
vt 0.079199 0.059933
vt 0.091606 0.056877
vt 0.083959 0.059816
vt 0.087189 0.064160
vt 0.085038 0.058643
vt 0.072038 0.064067
vt 0.074263 0.057056
vt 0.077177 0.058786
vt 0.026506 0.049633
vt 0.088652 0.050115
vt 0.088937 0.054317
vt 0.088008 0.050102
vt 0.045433 0.061479
vt 0.043635 0.055749
vt 0.045073 0.055792
vt 0.044071 0.062032
vt 0.063862 0.061522
vt 0.073910 0.057027
vt 0.081966 0.043392
vt 0.064207 0.056523
vt 0.072812 0.046739
vt 0.042362 0.045431
vt 0.041995 0.045364
vt 0.046267 0.045939
vt 0.044945 0.045780
vt 0.073139 0.046704
vt 0.373025 0.292928
vt 0.228713 0.320305
vt 0.228713 0.272216
vt 0.430806 0.288799
vt 0.059195 0.041713
vt 0.052594 0.044816
vt 0.053458 0.041731
vt 0.067282 0.041685
vt 0.088469 0.044766
vt 0.088469 0.041685
vt 0.709879 0.580921
vt 0.529272 0.607245
vt 0.527436 0.580921
vt 0.513905 0.202313
vt 0.530272 0.167683
vt 0.614259 0.145252
vt 0.435641 0.607245
vt 0.183365 0.580921
vt 0.183365 0.607245
vt 0.019181 0.047772
vt 0.027035 0.035704
vt 0.032832 0.041256
vt 0.022970 0.041060
vt 0.021198 0.043742
vt 0.392098 0.103068
vt 0.367967 0.100505
vt 0.386423 0.062062
vt 0.028712 0.037934
vt 0.041477 0.050224
vt 0.028030 0.038565
vt 0.080991 0.079007
vt 0.054703 0.060820
vt 0.055268 0.060085
vt 0.072409 0.043224
vt 0.082726 0.056827
vt 0.081849 0.057184
vt 0.023779 0.031210
vt 0.021958 0.030470
vt 0.086050 0.075366
vt 0.081074 0.080220
vt 0.085051 0.075046
vt 0.042071 0.049512
vt 0.035998 0.031636
vt 0.072991 0.042427
vt 0.035828 0.032553
vt 0.134296 0.042106
vt 0.152128 0.052406
vt 0.133566 0.043260
vt 0.204331 0.072695
vt 0.170189 0.060504
vt 0.170721 0.059251
vt 0.184133 0.037714
vt 0.199481 0.049400
vt 0.198368 0.050231
vt 0.128560 0.037279
vt 0.125804 0.037083
vt 0.208338 0.068699
vt 0.204895 0.074386
vt 0.206803 0.068611
vt 0.152708 0.051173
vt 0.140028 0.035009
vt 0.184665 0.036368
vt 0.140108 0.036149
vt 0.086954 0.045232
vt 0.089313 0.048089
vt 0.084784 0.041517
vt 0.092667 0.052074
vt 0.092867 0.051235
vt 0.091287 0.049598
vt 0.843714 0.416818
vt 0.827148 0.476399
vt 0.825425 0.415617
vt 0.577997 0.635447
vt 0.469001 0.651985
vt 0.469398 0.637904
vt 0.387403 0.624439
vt 0.390644 0.615256
vt 0.340591 0.596265
vt 0.198539 0.447505
vt 0.207655 0.490137
vt 0.177049 0.447505
vt 0.251922 0.527399
vt 0.257934 0.515489
vt 0.086862 0.045547
vt 0.086223 0.045537
vt 0.081757 0.041644
vt 0.061064 0.058101
vt 0.215696 0.476501
vt 0.308397 0.060407
vt 0.297300 0.042935
vt 0.309142 0.058127
vt 0.277657 0.025231
vt 0.259012 0.020778
vt 0.258972 0.017764
vt 0.277250 0.028067
vt 0.234768 0.021857
vt 0.233207 0.018574
vt 0.274873 0.011746
vt 0.276158 0.040871
vt 0.274639 0.040521
vt 0.273376 0.060524
vt 0.244596 0.058473
vt 0.274008 0.056631
vt 0.307105 0.053729
vt 0.265271 0.074171
vt 0.248250 0.055990
vt 0.271901 0.062139
vt 0.298092 0.061958
vt 0.307175 0.098619
vt 0.256018 0.043060
vt 0.262882 0.024450
vt 0.266620 0.035247
vt 0.283091 0.051909
vt 0.272472 0.051983
vt 0.279063 0.035650
vt 0.289010 0.025297
vt 0.257978 0.048214
vt 0.241380 0.033954
vt 0.304286 0.039206
vt 0.261405 0.088962
vt 0.341174 0.417149
vt 0.320762 0.581994
vt 0.338872 0.406509
vt 0.325732 0.642494
vt 0.327798 0.654757
vt 0.320471 0.657169
vt 0.338506 0.637765
vt 0.331899 0.639191
vt 0.526018 0.491546
vt 0.586293 0.428255
vt 0.525438 0.503622
vt 0.384594 0.611022
vt 0.334912 0.653637
vt 0.448477 0.576705
vt 0.454681 0.561606
vt 0.401373 0.304822
vt 0.455826 0.289055
vt 0.453553 0.304867
vt 0.535196 0.305550
vt 0.538614 0.289055
vt 0.616838 0.306233
vt 0.629956 0.317529
vt 0.623657 0.328051
vt 0.622577 0.355904
vt 0.628808 0.352888
vt 0.586757 0.422937
vt 0.369639 0.328903
vt 0.369430 0.343168
vt 0.403313 0.289055
vt 0.324449 0.623954
vt 0.325685 0.585196
vt 0.317562 0.631855
vt 0.382079 0.626950
vt 0.452824 0.442525
vt 0.241428 0.070730
vt 0.264549 0.053684
vt 0.263123 0.070630
vt 0.238698 0.083221
vt 0.259042 0.079451
vt 0.243686 0.073698
vt 0.229827 0.040460
vt 0.246054 0.046466
vt 0.407338 0.052409
vt 0.341885 0.094187
vt 0.338841 0.059185
vt 0.292303 0.044961
vt 0.251955 0.092458
vt 0.253240 0.052631
vt 0.266459 0.048186
vt 0.249994 0.044309
vt 0.318394 0.047423
vt 0.265471 0.087531
vt 0.286827 0.040472
vt 0.289582 0.069311
vt 0.275298 0.070499
vt 0.238220 0.042400
vt 0.242310 0.023958
vt 0.245082 0.085836
vt 0.228869 0.052146
vt 0.317059 0.081318
vt 0.319427 0.054087
vt 0.427285 0.050435
vt 0.410382 0.087411
vt 0.310638 0.036643
vt 0.317404 0.071136
vt 0.313324 0.067523
vt 0.292695 0.034401
vt 0.314026 0.032291
vt 0.235295 0.075242
vt 0.296072 0.073246
vt 0.231907 0.079594
vt 0.232609 0.044362
vt 0.228529 0.040749
vt 0.293041 0.038384
vt 0.295726 0.069264
vt 0.238751 0.082978
vt 0.257415 0.079696
vt 0.264504 0.038309
vt 0.266646 0.036949
vt 0.250532 0.029088
vt 0.250824 0.027751
vt 0.302476 0.053753
vt 0.297599 0.054943
vt 0.291839 0.056350
vt 0.293930 0.073275
vt 0.298844 0.072076
vt 0.305566 0.070434
vt 0.242085 0.039776
vt 0.064288 0.046805
vt 0.361397 0.207814
vt 0.262709 0.331613
vt 0.240645 0.330887
vt 0.842471 0.477421
vt 0.857794 0.478442
vt 0.542035 0.237855
vt 0.530113 0.369980
vt 0.539761 0.259151
vt 0.423826 0.178962
vt 0.415154 0.309832
vt 0.342627 0.243078
vt 0.177508 0.588510
vt 0.350906 0.563511
vt 0.356339 0.579569
vt 0.627529 0.443776
vt 0.522619 0.449027
vt 0.519320 0.443776
vt 0.453377 0.530307
vt 0.459488 0.544369
vt 0.502088 0.462788
vt 0.496656 0.470532
vt 0.534541 0.351512
vt 0.608541 0.412887
vt 0.506839 0.423102
vt 0.567058 0.354742
vt 0.485570 0.249986
vt 0.473632 0.375187
vt 0.686005 0.395586
vt 0.477886 0.360908
vt 0.686005 0.366160
vt 0.265080 0.196546
vt 0.281760 0.130238
vt 0.288659 0.193981
vt 0.296507 0.301301
vt 0.360399 0.338160
vt 0.347627 0.359446
vt 0.471407 0.390334
vt 0.602057 0.220142
vt 0.518009 0.214192
vt 0.602057 0.212070
vt 0.473725 0.173003
vt 0.429990 0.174108
vt 0.429990 0.174107
vt 0.647776 0.203263
vt 0.651726 0.212265
vt 0.497686 0.168383
vt 0.473724 0.173004
vt 0.682938 0.171244
vt 0.693598 0.147937
vt 0.688921 0.174230
vt 0.667413 0.192397
vt 0.672704 0.198085
vt 0.312554 0.290494
vt 0.507873 0.161884
vt 0.513504 0.137917
vt 0.515875 0.149515
vt 0.497513 0.168421
vt 0.508482 0.158202
vt 0.498426 0.168220
vt 0.507731 0.162767
vt 0.515809 0.151760
vt 0.473732 0.173002
vt 0.429990 0.174105
vt 0.517881 0.137422
vt 0.514954 0.124519
vt 0.447578 0.332278
vt 0.849510 0.330827
vt 0.849510 0.466824
vt 0.578184 0.268432
vt 0.737441 0.243645
vt 0.737441 0.267857
vt 0.255748 0.293105
vt 0.824282 0.294202
vt 0.340310 0.482216
vt 0.498872 0.363321
vt 0.382654 0.346527
vt 0.498862 0.346931
vt 0.509397 0.243645
vt 0.534356 0.283966
vt 0.247412 0.571757
vt 0.247387 0.530394
vt 0.270677 0.466824
vt 0.849510 0.570596
vt 0.255724 0.332163
vt 0.277287 0.392189
vt 0.277716 0.392189
vt 0.715397 0.075409
vt 0.731842 0.023287
vt 0.728182 0.075345
vt 0.735758 0.068472
vt 0.743222 0.018436
vt 0.621401 0.289055
vt 0.714726 0.032199
vt 0.695150 0.075480
vt 0.697396 0.044853
vt 0.344384 0.407813
vt 0.682796 0.057308
vt 0.675614 0.075645
vt 0.674639 0.069007
vt 0.674445 0.072888
vt 0.746748 0.020378
vt 0.746475 0.025349
vt 0.746444 0.017639
vt 0.744884 0.018196
vt 0.742607 0.055371
vt 0.200728 0.062984
vt 0.205801 0.027619
vt 0.200990 0.064733
vt 0.205543 0.018079
vt 0.203871 0.015695
vt 0.205786 0.014965
vt 0.201500 0.019029
vt 0.203586 0.018742
vt 0.125671 0.065290
vt 0.143572 0.048302
vt 0.143992 0.050467
vt 0.187218 0.024802
vt 0.201818 0.016009
vt 0.165740 0.035408
vt 0.165731 0.032829
vt 0.182626 0.086756
vt 0.166081 0.089531
vt 0.166581 0.086832
vt 0.116657 0.087113
vt 0.140721 0.089380
vt 0.115360 0.089229
vt 0.113242 0.084410
vt 0.115190 0.083832
vt 0.115434 0.079213
vt 0.113578 0.078259
vt 0.124705 0.063455
vt 0.192213 0.081072
vt 0.192134 0.078576
vt 0.182290 0.089541
vt 0.205924 0.021339
vt 0.205582 0.027255
vt 0.206185 0.019060
vt 0.187502 0.021916
vt 0.141174 0.086917
vt 0.024786 0.052954
vt 0.088546 0.070971
vt 0.090159 0.064662
vt 0.090772 0.064683
vt 0.633810 0.215576
vt 0.645863 0.246393
vt 0.089636 0.054332
vt 0.603658 0.189292
vt 0.875057 0.418875
vt 0.231069 0.209352
vt 0.219015 0.265648
vt 0.213532 0.329995
vt 0.027468 0.042501
vt 0.026571 0.044616
vt 0.192324 0.421648
vt 0.134265 0.063314
vt 0.122165 0.065309
vt 0.122165 0.063337
vt 0.298701 0.051551
vt 0.277024 0.044674
vt 0.298701 0.043684
vt 0.241743 0.031657
vt 0.235007 0.052581
vt 0.229102 0.031802
vt 0.313659 0.087467
vt 0.271380 0.031317
vt 0.313659 0.030833
vt 0.203102 0.063181
vt 0.162633 0.065231
vt 0.162633 0.063259
vt 0.241743 0.064616
vt 0.134265 0.065285
vt 0.277024 0.052541
vt 0.246099 0.048090
vt 0.303629 0.051049
vt 0.303629 0.043182
vt 0.307948 0.052739
vt 0.307948 0.043982
vt 0.190668 0.231881
vt 0.940530 0.452493
vt 0.615660 0.438484
vt 0.330468 0.165304
vt 0.442751 0.147521
vt 0.253228 0.209470
vt 0.514705 0.397725
vt 0.428628 0.214174
vt 0.404941 0.214174
vt 0.056379 0.022456
vt 0.423269 0.530643
vt 0.913867 0.292675
vt 0.215499 0.449095
vt 0.408032 0.602169
vt 0.388216 0.099172
vt 0.074652 0.068695
vt 0.723765 0.607244
vt 0.343148 0.084050
vt 0.276414 0.011054
vt 0.310866 0.057489
vt 0.270660 0.098132
vt 0.286053 0.105383
vt 0.290486 0.101270
vt 0.264092 0.075417
vt 0.313536 0.020737
vt 0.301626 0.045963
vt 0.430328 0.085437
vt 0.245163 0.053649
vt 0.630270 0.449027
vt 0.518009 0.222264
vt 0.518383 0.139633
vt 0.876622 0.479697
vt 0.171538 0.421648
vt 0.203102 0.065153
vt 0.271380 0.080670
vt 0.246099 0.055956
vt 0.269400 0.054278
vt 0.309661 0.023480
vt 0.269400 0.023480
vt 0.304638 0.079686
vt 0.245256 0.020304
vt 0.304638 0.020304
vt 0.229139 0.023480
vt 0.088213 0.094013
vt 0.013328 0.019129
vt 0.088213 0.019129
vt 0.000000 0.000000
vt 0.293653 0.054071
vt 0.261178 0.093583
vt 0.258927 0.054071
vt 0.241739 0.023377
vt 0.234578 0.097715
vt 0.234578 0.016217
vt 0.308916 0.023377
vt 0.316076 0.097715
vt 0.308916 0.090555
vt 0.316076 0.016217
vt 0.241739 0.090555
vt 0.265050 0.048896
vt 0.292071 0.023603
vt 0.265050 0.023603
vt 0.292071 0.048896
vt 0.303264 0.023603
vt 0.303264 0.048896
vt 0.238029 0.023603
vt 0.238029 0.048896
vt 0.226836 0.023603
vt 0.300606 0.069319
vt 0.272071 0.092249
vt 0.296413 0.092249
vt 0.226836 0.048896
vt 0.286972 0.061940
vt 0.272071 0.061940
vt 0.293144 0.061940
vt 0.292516 0.061940
vt 0.300985 0.061940
vt 0.251626 0.061940
vt 0.257170 0.061940
vt 0.243157 0.061940
vt 0.250998 0.061940
vt 0.278272 0.059727
vt 0.300762 0.082218
vt 0.278272 0.104708
vt 0.272071 0.069319
vt 0.247729 0.092249
vt 0.243536 0.069319
vt 0.237646 0.092249
vt 0.231717 0.069319
vt 0.306496 0.092249
vt 0.312425 0.069319
vt 0.261177 0.014558
vt 0.309661 0.054278
vt 0.229139 0.054278
vt 0.266424 0.047654
vt 0.320533 0.025941
vt 0.266424 0.018603
vt 0.267585 0.022758
vt 0.237383 0.061189
vt 0.237383 0.016090
vt 0.226003 0.041978
vt 0.226003 0.012928
vt 0.051200 0.042061
vt 0.019159 0.067734
vt 0.019159 0.038137
vt 0.298714 0.063634
vt 0.276417 0.093938
vt 0.276417 0.063634
vt 0.287318 0.023068
vt 0.276417 0.023068
vt 0.233101 0.068507
vt 0.227747 0.029091
vt 0.233101 0.031706
vt 0.312783 0.068507
vt 0.318137 0.029091
vt 0.318137 0.073236
vt 0.272942 0.033970
vt 0.272942 0.036585
vt 0.272942 0.078115
vt 0.272942 0.073386
vt 0.227747 0.073236
vt 0.312783 0.031706
vt 0.265516 0.023068
vt 0.254120 0.063634
vt 0.254120 0.093938
vt 0.083241 0.067734
vt 0.083241 0.038137
vt 0.297787 0.061189
vt 0.297787 0.016090
vt 0.292907 0.013316
vt 0.277155 0.075632
vt 0.277323 0.013273
vt 0.261738 0.013232
vt 0.236755 0.040643
vt 0.281739 0.055822
vt 0.263232 0.056648
vt 0.274460 0.033429
vt 0.273285 0.099478
vt 0.274570 0.099476
vt 0.280974 0.038670
vt 0.300246 0.054996
vt 0.325192 0.036696
vt 0.277941 0.033267
vt 0.255993 0.033267
vt 0.266967 0.022304
vt 0.275745 0.033427
vt 0.275856 0.099473
vt 0.273175 0.033431
vt 0.249466 0.027120
vt 0.239886 0.009487
vt 0.249180 0.009722
vt 0.230797 0.027423
vt 0.230511 0.010025
vt 0.318419 0.075929
vt 0.271274 0.064436
vt 0.290097 0.061350
vt 0.239805 0.010260
vt 0.240091 0.027659
vt 0.278214 0.017553
vt 0.280184 0.096493
vt 0.279606 0.017601
vt 0.273445 0.083302
vt 0.252450 0.065942
vt 0.271274 0.062856
vt 0.273445 0.079527
vt 0.228470 0.086900
vt 0.261124 0.084330
vt 0.261316 0.046684
vt 0.280166 0.065507
vt 0.281011 0.017533
vt 0.280197 0.096377
vt 0.279619 0.017485
vt 0.281589 0.096425
vt 0.278792 0.096445
vt 0.240172 0.026885
vt 0.182652 0.067484
vt 0.159938 0.073748
vt 0.205277 0.026996
vt 0.441666 0.410789
vt 0.376904 0.433106
vt 0.505794 0.252991
vt 0.114357 0.026996
vt 0.247764 0.236206
vt 0.202279 0.073960
vt 0.179985 0.083159
vt 0.179985 0.020349
vt 0.211514 0.051754
vt 0.148455 0.051754
vt 0.730246 0.193957
vt 0.860181 0.426413
vt 0.278916 0.096573
vt 0.316604 0.081632
vt 0.282571 0.078391
vt 0.435039 0.415872
vt 0.539999 0.396407
vt 0.232185 0.081693
vt 0.315532 0.061878
vt 0.276485 0.008935
vt 0.271445 0.064577
vt 0.235563 0.018312
vt 0.088469 0.068978
vt 0.023578 0.050571
vt 0.148424 0.236752
vt 0.773386 0.749695
vt 0.342510 0.096425
vt 0.332885 0.091732
vt 0.410818 0.073779
vt 0.434724 0.097767
vt 0.435884 0.105523
vt 0.235886 0.063559
vt 0.306514 0.104310
vt 0.254197 0.080817
vt 0.244373 0.065958
vt 0.242710 0.049046
vt 0.226479 0.078961
vt 0.177508 0.572452
vt 0.257239 0.125522
vt 0.687883 0.147937
vt 0.336966 0.371482
vt 0.245256 0.079686
vt 0.013328 0.094013
vt 0.291403 0.093583
vt 0.255781 0.082218
vt 0.262369 0.066315
vt 0.294175 0.066315
vt 0.294175 0.098121
vt 0.262369 0.098121
vt 0.291403 0.014558
vt 0.267585 0.067857
vt 0.051200 0.071657
vt 0.298714 0.093938
vt 0.320533 0.047654
vt 0.292739 0.075674
vt 0.261570 0.075590
vt 0.266967 0.044230
vt 0.242273 0.065507
vt 0.137192 0.067484
vt 0.120508 0.050372
vt 0.199247 0.050372
vt 0.312651 0.403522
vt 0.266123 0.329964
vt 0.489583 0.342550
vt 0.157690 0.073960
vt 0.157690 0.029547
vt 0.202279 0.029547
s 1
usemtl material
f 1278/1/1 1307/2/1 1306/3/1
f 1277/4/2 1306/3/1 1304/5/3
f 1409/6/4 1313/7/5 1311/8/6
f 1291/9/1 1315/10/1 1290/11/1
f 25/12/7 1396/13/8 104/14/9
f 1289/15/1 1317/16/1 1288/17/1
f 114/18/10 1323/19/11 1285/20/11
f 1284/21/12 1448/22/13 1447/23/14
f 1282/24/15 1449/25/16 1448/22/13
f 1279/26/17 1304/5/3 1325/27/18
f 1445/28/19 1326/29/20 1320/30/21
f 1294/31/1 1331/32/1 1330/33/1
f 1293/34/1 1330/33/1 36/35/1
f 1297/36/1 1332/37/1 1296/38/1
f 83/39/1 1297/36/1 1295/40/1
f 1335/41/22 1329/42/23 1336/43/24
f 1303/44/25 1331/32/1 1302/45/1
f 1354/46/26 1299/47/27 1300/48/28
f 214/49/29 1573/50/30 1338/51/31
f 1578/52/32 1371/53/33 219/54/34
f 1347/55/35 45/56/36 319/57/37
f 55/58/38 1693/59/39 1694/60/40
f 1342/61/41 1345/62/42 1343/63/42
f 1344/64/43 1342/61/41 1348/65/44
f 56/66/45 1693/59/39 55/58/38
f 50/67/46 1347/55/35 1341/68/47
f 1324/69/48 1341/68/47 1322/70/49
f 1321/71/50 51/72/51 56/66/45
f 1318/73/52 1349/74/53 51/72/51
f 1321/71/50 50/67/46 1324/69/48
f 56/66/45 45/56/36 50/67/46
f 55/58/38 319/57/37 45/56/36
f 1284/21/12 1450/75/54 1287/76/55
f 214/49/29 1357/77/56 1571/78/57
f 43/79/58 44/80/59 1299/47/27
f 1357/77/56 43/79/58 1355/81/60
f 1352/82/61 43/79/58 1354/46/26
f 1591/83/62 1338/51/31 1303/44/25
f 749/84/63 1583/85/64 760/86/63
f 1361/87/65 1360/88/66 1359/89/67
f 62/90/68 1364/91/69 1362/92/70
f 1366/93/71 1363/94/72 62/90/68
f 211/95/73 1359/89/67 1365/96/74
f 1583/85/64 1566/97/75 1588/98/75
f 42/99/76 1574/100/76 1575/101/76
f 1372/102/77 64/103/78 1370/104/77
f 1373/105/79 1570/106/80 65/107/81
f 1387/108/82 1376/109/82 1385/110/82
f 21/111/83 1390/112/84 1305/113/85
f 1315/10/1 1292/114/1 1290/11/1
f 1336/43/24 35/115/86 1417/116/87
f 1438/117/88 1436/118/89 97/119/90
f 39/120/91 1416/121/92 1334/122/93
f 1407/123/94 39/120/91 38/124/95
f 1406/125/96 38/124/95 1337/126/97
f 1601/127/98 151/128/99 1602/129/100
f 1399/130/101 1431/131/102 1398/132/103
f 94/133/104 27/134/105 1394/135/106
f 26/136/107 1394/135/106 27/134/105
f 1391/137/108 94/133/104 1392/138/109
f 1394/135/106 1392/138/109 94/133/104
f 23/139/110 1390/112/84 21/111/83
f 27/134/105 94/133/104 23/139/110
f 99/140/111 1433/141/112 98/142/113
f 1603/143/114 1759/144/114 1478/145/114
f 1414/146/115 1435/147/116 101/148/117
f 1416/121/92 101/148/117 1334/122/93
f 96/149/118 1310/150/119 1308/151/120
f 1433/141/112 25/12/7 98/142/113
f 1289/15/1 1408/152/121 1434/153/1
f 1308/151/120 99/140/111 96/149/118
f 1398/132/103 1409/6/4 1311/8/6
f 1298/154/122 1436/118/89 1412/155/123
f 102/156/124 1296/38/1 1332/37/1
f 1291/9/1 1317/16/1 1316/157/1
f 104/14/9 1397/158/125 26/136/107
f 74/159/126 513/160/127 105/161/128
f 1863/162/129 507/163/130 509/164/131
f 41/165/132 1490/166/133 130/167/134
f 1436/118/89 1410/168/135 1412/155/123
f 1326/29/20 1440/169/136 1281/170/137
f 1323/19/11 109/171/138 30/172/139
f 1444/173/140 29/174/141 54/175/142
f 1443/176/143 1320/30/21 29/174/141
f 109/171/138 1452/177/144 30/172/139
f 114/18/10 1285/20/11 1287/76/55
f 1283/178/145 1440/169/136 1449/25/16
f 112/179/146 186/180/147 184/181/148
f 111/182/149 1537/183/150 1446/184/150
f 1450/75/54 109/171/138 114/18/10
f 75/185/151 1420/186/152 1395/187/152
f 113/188/153 1441/189/154 182/190/155
f 1450/75/54 114/18/10 1287/76/55
f 1452/177/144 54/175/142 30/172/139
f 1325/27/18 1280/170/156 1279/26/17
f 110/191/157 1534/192/158 111/182/149
f 218/193/159 593/194/160 761/195/161
f 1401/196/162 1337/126/97 1335/41/22
f 1295/40/1 36/35/1 83/39/1
f 131/197/163 1422/186/164 514/198/165
f 1392/138/109 1393/199/166 1388/200/167
f 4/201/168 1552/202/169 33/203/169
f 1/204/170 1550/205/171 12/206/171
f 1312/207/172 1483/208/173 1547/209/174
f 1375/210/175 141/211/176 1378/212/177
f 139/213/178 1931/214/127 137/215/179
f 1476/216/180 1925/217/181 1403/218/182
f 307/219/183 1674/220/184 312/221/185
f 140/222/186 1309/223/187 88/224/188
f 90/225/189 1437/226/190 41/165/132
f 1490/166/133 1400/227/191 130/167/134
f 1494/228/192 1492/229/193 1495/230/194
f 1491/231/195 1424/232/196 1404/233/196
f 71/234/197 181/235/198 22/236/199
f 72/237/200 180/238/201 71/234/197
f 73/239/202 179/240/203 72/237/200
f 1456/241/204 67/242/205 1386/243/206
f 1511/244/207 1462/245/208 1509/246/209
f 1509/246/209 1510/247/210 1511/244/207
f 1508/248/211 1457/249/212 1510/247/210
f 1463/250/213 1512/251/214 1513/252/215
f 1468/253/216 1463/250/213 1513/252/215
f 1515/254/217 171/255/218 1518/256/219
f 1517/257/220 1466/258/221 1465/259/222
f 162/260/223 167/261/224 165/262/225
f 160/263/226 166/264/227 167/261/224
f 159/265/228 168/266/229 166/264/227
f 161/267/230 1459/268/231 168/266/229
f 1522/269/232 1519/270/233 1520/271/234
f 165/262/225 170/272/235 162/260/223
f 1523/273/236 1521/274/237 1519/270/233
f 1526/275/238 1458/276/239 1521/274/237
f 1517/257/220 1468/253/216 1513/252/215
f 171/255/218 1527/277/240 1518/256/219
f 170/272/235 1524/278/241 163/279/242
f 1286/280/243 1488/281/244 6/282/245
f 1529/283/246 177/284/247 1528/285/248
f 53/286/249 1710/287/250 5/288/250
f 1531/289/251 177/284/247 1533/290/252
f 1464/291/253 181/235/198 157/292/254
f 179/240/203 1456/241/204 158/293/255
f 180/238/201 157/292/254 181/235/198
f 179/240/203 156/294/256 180/238/201
f 181/235/198 32/295/257 22/236/199
f 1328/296/258 1507/297/259 1469/298/260
f 1469/298/260 1470/299/261 1328/296/258
f 1472/300/262 1328/296/258 1470/299/261
f 1538/301/263 187/302/264 185/303/265
f 1539/304/266 1536/305/267 187/302/264
f 1543/306/268 1538/301/263 185/303/265
f 1545/307/269 1540/308/270 1442/309/269
f 110/191/157 1544/310/271 1535/311/272
f 1455/312/273 191/189/273 119/313/273
f 115/314/274 182/190/155 186/180/147
f 108/184/275 190/315/276 118/312/276
f 117/316/277 1542/317/277 189/310/277
f 112/179/146 188/317/278 116/318/278
f 1474/319/279 28/320/279 34/321/280
f 5/288/250 1551/322/168 4/201/168
f 33/203/169 1711/323/281 3/324/281
f 196/325/282 1554/326/283 197/327/284
f 147/328/285 197/327/284 146/329/286
f 142/330/287 147/328/285 129/331/288
f 196/325/282 142/330/287 1427/332/289
f 1479/333/290 1662/334/291 1664/335/292
f 1480/336/293 1663/337/294 1662/334/291
f 200/338/295 738/339/296 201/340/297
f 198/341/298 201/340/297 199/342/299
f 200/338/295 743/343/300 737/344/301
f 1426/345/302 1668/346/303 281/347/304
f 1423/348/305 202/349/306 1425/350/307
f 1503/351/308 201/340/297 738/339/296
f 1504/352/309 201/340/297 1502/353/310
f 221/354/311 61/355/312 218/193/159
f 1567/97/313 1564/356/313 222/98/313
f 1374/357/314 1365/96/74 64/103/78
f 65/107/81 1367/358/315 1366/93/71
f 1563/356/316 220/359/317 1587/98/318
f 219/54/34 209/360/319 221/354/311
f 214/49/29 1571/78/57 1573/50/30
f 1577/101/320 1572/361/321 1579/362/321
f 1582/363/322 1584/364/323 1585/365/322
f 1589/366/324 1590/367/325 1586/368/326
f 217/369/327 1590/367/325 1584/364/323
f 1299/47/27 214/49/29 1591/83/62
f 1499/370/328 1672/371/329 1673/372/330
f 10/373/331 1487/374/332 103/375/332
f 76/376/333 1604/377/334 223/378/335
f 198/341/298 204/379/336 200/338/295
f 785/380/337 1617/381/338 1618/382/337
f 1622/383/339 1612/384/340 288/385/341
f 1558/386/342 287/387/343 1668/346/303
f 743/343/300 231/388/344 780/389/337
f 235/390/345 1620/391/346 1617/381/338
f 232/392/347 144/393/348 145/394/349
f 1624/395/350 288/385/341 287/387/343
f 780/389/337 235/390/345 785/380/337
f 204/379/336 1623/396/351 231/388/344
f 145/394/349 234/397/352 232/392/347
f 146/329/286 236/398/353 145/394/349
f 1615/399/354 236/398/353 1605/400/355
f 1605/400/355 197/327/284 1554/326/283
f 1625/401/356 1608/402/357 1609/403/356
f 231/388/344 1619/404/358 235/390/345
f 1610/405/359 1627/406/359 1606/407/359
f 1630/408/360 1611/405/361 1665/409/362
f 229/410/363 787/411/364 776/412/365
f 1608/402/357 1665/409/362 1611/405/361
f 1613/413/366 239/414/367 1621/415/368
f 1616/416/369 224/417/369 1629/418/369
f 1553/419/370 1427/332/289 1428/420/371
f 1621/415/368 237/421/372 229/410/363
f 1560/422/373 1631/423/374 1559/424/375
f 195/425/376 1634/426/377 194/427/378
f 1429/428/379 1635/429/380 1636/430/381
f 1636/430/381 195/425/376 1429/428/379
f 771/431/382 1637/432/383 1638/433/382
f 1642/434/384 1631/423/374 253/435/385
f 1639/436/386 1640/437/387 1607/438/388
f 226/439/389 1640/437/387 1641/440/390
f 194/427/378 1639/436/386 1607/438/388
f 251/441/391 802/442/392 806/443/393
f 804/444/394 249/445/395 250/446/396
f 791/447/397 250/446/396 241/448/398
f 255/449/399 240/450/400 1643/451/401
f 1641/440/390 225/452/402 226/439/389
f 245/453/403 806/443/393 797/454/404
f 255/449/399 249/445/395 254/455/405
f 254/455/405 242/456/406 243/457/407
f 244/458/408 254/455/405 243/457/407
f 249/445/395 256/459/409 254/455/405
f 1561/460/410 253/435/385 1635/429/380
f 250/446/396 1643/451/401 241/448/398
f 247/461/411 256/459/409 248/462/412
f 248/462/412 256/459/409 246/463/413
f 247/461/411 242/456/406 256/459/409
f 1896/464/414 1068/465/415 1903/464/416
f 266/466/417 748/467/418 822/468/419
f 246/463/413 251/441/391 245/453/403
f 1894/469/420 415/470/421 1647/471/422
f 1565/472/423 1647/471/422 1646/473/424
f 1654/474/425 1660/475/426 269/476/427
f 1660/475/426 267/477/428 269/476/427
f 208/478/429 1894/469/420 1647/471/422
f 257/479/430 1899/480/431 748/467/418
f 1646/473/424 1648/481/432 1565/472/423
f 269/476/427 252/482/433 205/483/434
f 1654/474/425 205/483/434 1430/484/435
f 266/466/417 252/482/433 267/477/428
f 206/485/436 822/468/419 745/486/437
f 1339/487/438 1651/488/439 37/489/440
f 128/490/441 1649/491/442 1652/492/443
f 37/489/440 1650/493/444 35/115/86
f 1418/494/445 35/115/86 1650/493/444
f 1655/495/446 93/496/447 1656/497/448
f 1658/498/449 93/496/447 106/499/450
f 1419/500/451 1659/501/452 90/225/189
f 106/499/450 1659/501/452 1658/498/449
f 257/479/430 267/477/428 1645/502/453
f 1589/366/324 280/362/454 1581/503/455
f 1356/504/456 1353/505/457 1373/102/79
f 58/504/458 1369/104/458 1358/506/458
f 1562/507/459 279/508/460 220/359/317
f 215/361/461 277/104/461 1580/362/461
f 128/490/441 1653/509/462 1339/487/438
f 281/347/304 1497/510/463 1426/345/302
f 227/416/464 289/511/465 1613/413/366
f 1666/512/466 233/513/467 230/514/468
f 285/515/469 230/514/468 203/516/470
f 1667/517/471 228/518/472 233/513/467
f 373/519/473 1764/520/474 1763/521/475
f 1664/522/292 203/516/470 1479/333/290
f 283/523/476 1496/524/477 1497/510/463
f 1498/525/478 282/526/479 301/527/480
f 1672/371/329 1501/528/481 1671/529/482
f 69/530/483 1673/372/330 1460/531/483
f 1675/532/484 1461/533/485 291/534/486
f 290/535/487 1676/536/488 379/537/489
f 1679/538/490 1670/539/491 1677/540/492
f 1505/541/493 164/542/494 120/249/493
f 295/543/495 377/544/496 378/545/497
f 296/546/498 1680/547/499 1506/548/500
f 1677/540/492 1663/337/294 1555/549/501
f 1671/529/482 1498/525/478 301/527/480
f 1685/550/502 1678/551/503 1683/552/504
f 687/553/505 1687/554/506 153/555/507
f 302/556/508 1556/557/509 1684/558/510
f 153/555/507 309/559/511 308/560/512
f 1690/561/513 862/562/514 1691/563/515
f 307/219/183 865/564/516 869/565/517
f 376/566/518 867/563/519 958/567/520
f 1689/568/521 1690/561/513 1692/569/522
f 376/566/518 311/570/523 384/571/524
f 292/572/525 869/565/517 849/573/517
f 305/574/526 312/221/185 311/570/523
f 1682/575/527 312/221/185 297/576/528
f 1681/577/529 311/570/523 1682/575/527
f 303/578/530 1692/569/522 1686/579/531
f 308/560/512 1684/558/510 1556/557/509
f 152/580/532 199/342/299 1504/352/309
f 312/221/185 293/581/533 297/576/528
f 1698/582/534 1699/583/535 1702/584/536
f 1705/585/537 1698/582/534 1701/586/538
f 1697/587/539 51/72/51 1348/65/44
f 1694/60/40 318/588/540 55/58/38
f 319/57/37 1346/589/541 1347/55/35
f 318/588/540 574/590/542 319/57/37
f 1695/591/543 586/592/544 318/588/540
f 885/593/545 320/594/546 573/595/545
f 314/596/547 320/594/546 47/597/548
f 315/598/549 322/599/550 313/600/551
f 316/601/552 323/602/553 315/598/549
f 883/603/554 324/604/555 316/601/552
f 314/596/547 325/605/556 321/606/557
f 313/600/551 325/605/556 317/607/558
f 3/324/281 1706/608/559 2/609/560
f 11/610/561 1486/611/331 10/373/331
f 6/282/245 1489/612/249 53/286/249
f 12/206/171 1707/613/561 11/610/561
f 2/609/560 1549/614/170 1/204/170
f 8/615/562 1481/616/563 1482/208/564
f 103/375/332 1481/616/563 9/617/565
f 18/618/566 1729/619/567 1718/620/566
f 18/618/566 1719/621/568 1301/622/568
f 82/623/569 1712/624/570 14/625/570
f 1413/626/571 1717/627/572 84/628/573
f 15/629/168 1714/630/574 82/623/569
f 20/631/575 1722/632/576 19/633/576
f 16/634/577 1716/635/168 15/629/168
f 19/633/576 1729/619/567 213/636/567
f 14/625/570 1713/637/578 13/638/578
f 13/638/578 1721/639/575 20/631/575
f 1411/640/579 1725/641/580 40/626/579
f 84/628/573 1715/642/577 16/634/577
f 1720/621/1 344/627/1 1727/641/1
f 339/620/1 337/642/1 344/627/1
f 334/637/1 335/624/1 341/639/1
f 343/630/1 341/639/1 335/624/1
f 343/630/1 340/632/1 341/639/1
f 1709/643/1 1484/208/1 192/281/1
f 192/281/1 1484/208/1 332/612/1
f 134/616/1 332/612/1 1484/208/1
f 134/616/1 333/374/1 193/287/1
f 133/611/1 193/287/1 333/374/1
f 133/611/1 331/202/1 327/322/1
f 127/205/1 331/202/1 132/613/1
f 328/323/1 127/205/1 329/608/1
f 326/614/1 329/608/1 127/205/1
f 346/619/1 336/635/1 337/642/1
f 86/644/581 1929/645/582 1927/646/583
f 87/647/584 348/648/585 349/649/586
f 81/650/587 1548/209/588 348/648/585
f 78/651/589 1724/652/590 107/640/591
f 1728/641/592 918/653/593 338/621/594
f 347/654/595 1735/655/596 1724/652/590
f 1485/208/597 1730/656/597 330/209/597
f 136/643/598 1733/657/599 135/208/599
f 348/648/585 923/658/600 349/649/586
f 1548/209/588 922/659/601 348/648/585
f 345/652/602 1736/660/602 342/641/602
f 1738/661/603 1473/662/604 1471/663/605
f 1475/664/606 177/284/247 1738/661/603
f 175/665/607 1530/666/608 173/667/609
f 175/665/607 172/668/610 1530/666/608
f 1592/669/611 172/668/610 709/670/611
f 1351/671/612 178/672/613 48/673/614
f 125/674/615 176/675/615 52/676/615
f 178/672/613 174/677/616 48/673/614
f 572/678/617 174/677/616 768/679/617
f 31/680/618 136/643/598 7/280/618
f 575/681/619 916/682/620 46/683/621
f 46/683/621 136/643/598 49/684/622
f 1751/685/623 1748/686/624 1753/687/625
f 1740/688/626 351/689/627 352/690/628
f 1741/691/629 354/692/630 1742/693/630
f 1744/694/631 355/695/632 1743/696/633
f 1745/697/634 352/690/628 357/698/635
f 1741/691/629 358/699/636 353/700/637
f 1746/701/638 355/695/632 358/699/636
f 1742/693/630 351/689/627 1739/702/627
f 1744/694/631 359/703/639 356/704/640
f 1745/697/634 359/703/639 1747/705/641
f 122/706/642 360/707/643 361/708/644
f 121/709/645 363/710/646 123/711/646
f 124/712/647 364/713/648 155/714/649
f 126/715/650 361/708/644 366/716/651
f 121/709/645 367/717/652 362/718/653
f 154/719/652 364/713/648 367/717/652
f 123/711/646 360/707/643 169/720/654
f 124/712/647 368/721/655 365/722/647
f 126/715/650 368/721/655 350/723/656
f 63/724/657 212/725/658 338/621/594
f 63/724/657 918/653/593 595/726/659
f 17/622/660 338/621/594 60/727/661
f 60/727/661 338/621/594 59/728/662
f 66/729/663 59/728/662 338/621/594
f 212/725/658 66/729/663 338/621/594
f 1669/730/664 446/731/665 1598/732/666
f 1604/733/334 143/348/667 92/350/668
f 148/734/669 1604/733/334 92/350/668
f 1761/735/670 149/736/671 1762/737/672
f 1762/737/672 300/738/673 1601/127/98
f 1381/739/674 150/740/675 1384/741/676
f 1602/129/100 381/742/677 1594/743/678
f 141/211/176 1669/730/664 1378/212/177
f 97/119/90 1399/130/101 1438/117/88
f 379/537/489 1675/532/484 291/534/486
f 85/744/679 1928/745/680 1415/746/681
f 378/545/497 299/747/682 296/546/498
f 305/574/526 958/567/520 865/564/516
f 310/569/683 376/566/518 384/571/524
f 298/579/684 384/571/524 1681/577/529
f 1593/748/685 381/742/677 150/740/675
f 78/651/589 349/649/586 347/654/595
f 1765/749/686 374/750/687 1595/751/686
f 372/752/688 1769/753/689 370/754/690
f 372/752/688 1763/521/475 1770/755/691
f 370/754/690 1758/756/692 369/757/692
f 1771/758/693 1477/759/693 1760/760/693
f 1773/761/694 1772/762/695 1776/763/696
f 1766/764/697 1773/761/694 1776/763/696
f 375/765/698 1383/766/699 1777/767/700
f 375/765/698 1774/768/701 380/769/701
f 1850/770/702 371/771/703 1855/772/704
f 1861/773/705 391/767/706 398/774/707
f 1856/775/708 371/771/703 1600/776/709
f 1860/773/710 284/776/711 392/768/712
f 1853/777/713 391/767/706 70/766/713
f 390/778/714 383/779/715 386/780/714
f 1779/781/716 1644/782/717 401/783/718
f 1781/784/719 402/785/720 403/786/721
f 1782/787/722 402/785/720 1780/788/720
f 1784/789/723 405/790/724 406/791/725
f 1785/792/726 404/793/727 1782/787/722
f 1784/789/723 408/794/728 1786/795/729
f 1787/796/730 410/797/731 1788/798/732
f 1789/799/733 410/797/731 487/800/734
f 1790/801/735 412/802/736 1791/803/737
f 1792/804/738 412/802/736 413/805/739
f 1783/806/740 413/805/739 405/790/724
f 1779/781/716 414/807/741 1793/808/742
f 1787/796/730 414/807/741 409/809/743
f 1794/810/744 1644/782/717 1778/811/745
f 1794/810/744 403/786/721 1661/812/746
f 1786/795/729 407/813/747 1785/792/726
f 1525/814/748 1520/271/234 1527/277/240
f 1852/815/749 444/816/750 445/817/751
f 1859/818/752 1847/817/753 440/819/754
f 1800/820/755 1795/821/755 1798/822/755
f 1830/823/756 1837/824/756 1839/825/756
f 1814/826/757 1819/827/757 1817/828/757
f 1822/829/758 1801/820/758 1799/822/758
f 1806/830/759 1818/831/759 1821/832/759
f 1809/833/760 417/834/760 1826/835/760
f 1808/833/761 1820/836/761 1811/837/761
f 1805/830/762 416/838/762 1796/839/763
f 421/840/764 426/829/764 420/841/764
f 1835/842/756 1828/843/756 1831/823/756
f 1836/844/756 1804/845/756 1834/846/756
f 418/844/756 1807/847/756 429/848/756
f 1838/849/756 1810/850/756 1813/851/756
f 1840/852/756 432/851/756 1816/853/756
f 422/852/756 430/847/756 424/854/756
f 419/846/756 431/850/756 425/855/756
f 1862/856/765 440/819/754 441/857/766
f 442/858/767 399/856/768 1841/857/769
f 443/859/770 396/860/771 1843/858/772
f 1845/816/773 397/861/774 443/859/770
f 1846/862/775 443/859/770 436/863/776
f 436/863/776 1843/858/772 1844/864/777
f 437/864/778 1841/857/769 1842/865/779
f 441/857/766 435/866/780 434/865/781
f 440/819/754 1848/867/782 435/866/780
f 445/817/751 439/862/783 438/867/783
f 1854/777/784 1379/868/784 1851/770/785
f 1927/646/583 85/744/679 86/644/581
f 349/649/586 921/869/786 347/654/595
f 1432/870/787 1414/146/115 1310/150/119
f 1767/871/788 139/213/178 1863/162/129
f 138/872/789 139/213/178 1767/871/788
f 446/731/665 1476/216/180 1598/732/666
f 447/873/790 141/211/176 1768/874/791
f 449/875/792 1867/876/793 1866/877/792
f 1864/878/794 1868/879/795 1865/880/796
f 1878/881/797 1874/882/798 462/883/799
f 1870/884/800 1039/885/415 1879/886/801
f 462/883/799 1877/887/802 1880/888/803
f 1881/889/804 1877/887/802 1876/890/805
f 452/891/806 1876/890/805 1867/876/793
f 1879/886/801 1872/892/807 1870/884/800
f 461/893/808 1873/894/809 1872/892/807
f 1869/895/810 460/896/811 1868/879/795
f 1030/897/812 1882/898/813 1883/899/814
f 451/900/815 1884/901/816 1885/902/817
f 455/903/818 1887/904/819 456/905/820
f 1887/904/819 454/906/821 456/905/820
f 457/907/822 1889/908/823 1888/909/824
f 473/910/825 1048/911/826 1054/912/826
f 457/907/822 1890/913/827 459/914/828
f 474/915/829 468/916/830 473/910/825
f 1892/917/831 450/918/832 453/919/833
f 1893/920/834 453/919/833 458/921/835
f 459/914/828 1893/920/834 458/921/835
f 451/900/815 1886/922/836 455/903/818
f 476/923/837 465/924/838 475/925/839
f 476/923/837 469/926/840 474/915/829
f 466/927/841 474/915/829 467/928/842
f 472/929/843 475/925/839 471/930/844
f 467/928/842 473/910/825 463/931/845
f 463/931/845 1054/912/826 1042/932/826
f 477/933/846 471/930/844 475/925/839
f 464/934/847 475/925/839 465/924/838
f 485/935/848 1904/936/849 1066/937/850
f 480/938/851 1569/939/852 1897/940/853
f 478/941/854 1065/942/855 1061/942/855
f 1895/943/856 1903/464/416 1902/943/857
f 1645/502/453 1900/944/858 257/479/430
f 1900/944/858 400/945/859 481/946/860
f 210/947/861 480/938/851 479/948/862
f 479/948/862 1894/469/420 210/947/861
f 1907/949/863 1905/950/864 1901/951/865
f 1906/952/866 1901/951/865 1066/937/850
f 478/941/854 486/953/867 483/941/868
f 259/954/869 1902/943/857 482/955/870
f 1898/953/871 482/955/870 486/953/867
f 481/946/860 415/470/421 1894/469/420
f 1918/956/872 1915/957/873 1917/958/874
f 1917/958/874 1915/957/873 1923/959/875
f 1912/960/876 1923/959/875 1915/957/873
f 1790/801/735 487/800/734 411/961/877
f 1916/962/878 1919/963/879 1914/964/880
f 93/496/447 1657/965/881 1656/497/448
f 1913/966/882 1919/963/879 1920/967/883
f 1913/966/882 1920/967/883 1922/968/884
f 1921/969/885 1922/968/884 1920/967/883
f 1924/970/886 1908/971/887 1911/972/888
f 1908/971/887 1910/973/889 1911/972/888
f 1910/973/889 1909/974/890 1912/960/876
f 258/975/891 489/976/892 490/977/893
f 260/978/894 491/979/895 492/980/896
f 262/981/897 491/979/895 261/982/895
f 273/983/898 495/984/899 263/985/900
f 264/986/901 493/987/902 262/981/897
f 265/988/903 495/984/899 497/989/904
f 268/990/905 499/991/906 270/992/907
f 271/993/908 500/994/909 501/995/910
f 271/993/908 502/996/911 272/997/912
f 89/998/913 502/996/911 503/999/914
f 89/998/913 494/1000/915 273/983/898
f 258/975/891 504/1001/916 274/1002/917
f 268/990/905 504/1001/916 498/1003/918
f 275/1004/919 489/976/892 276/1005/920
f 275/1004/919 492/980/896 505/1006/919
f 265/988/903 496/1007/921 264/986/901
f 488/1008/909 499/991/906 500/994/909
f 511/1009/922 105/161/128 513/160/127
f 1405/1010/923 1926/1011/924 77/1012/925
f 508/1013/926 137/215/179 140/222/186
f 506/1014/927 139/213/178 137/215/179
f 1926/1011/924 80/1015/928 77/1012/925
f 79/1016/929 140/222/186 88/224/188
f 1932/1017/930 1768/874/791 141/211/176
f 515/1018/931 137/215/179 1931/214/127
f 1930/1019/932 138/872/789 512/1020/933
f 514/198/165 1389/108/934 131/197/163
f 95/1021/935 1933/1022/936 74/159/126
f 1384/741/676 68/1023/82 1381/739/674
f 523/1024/937 1936/1025/937 1934/1026/937
f 525/1027/938 526/1028/939 527/1029/940
f 524/1030/941 1939/1031/942 1937/1032/942
f 1942/1033/943 1941/1034/944 1105/1035/943
f 1103/1036/945 521/1037/937 520/1038/937
f 1941/1034/944 1938/1039/946 524/1030/941
f 520/1038/937 1935/1040/937 523/1024/937
f 522/1041/947 1115/1042/948 526/1028/939
f 519/1043/949 527/1029/940 518/1044/950
f 517/1045/951 518/1044/950 516/1046/951
f 1945/1/952 1974/2/952 1959/114/952
f 1944/4/953 1973/3/952 1945/1/952
f 1980/7/954 2070/6/955 1978/8/956
f 1982/10/952 1958/9/952 1957/11/952
f 2057/13/957 552/12/958 639/14/959
f 1984/16/952 1956/15/952 1955/17/952
f 1990/19/960 649/18/961 1952/20/960
f 1951/21/962 2109/22/963 1949/24/964
f 1949/24/964 2110/25/965 1950/178/966
f 1971/5/967 1946/26/968 1992/27/969
f 1993/29/970 2106/28/971 1987/30/972
f 1961/31/952 1998/32/952 1969/45/952
f 1960/34/952 1997/33/952 1961/31/952
f 1999/37/952 1964/36/952 1963/38/952
f 1964/36/952 618/39/952 1962/40/952
f 1996/42/973 2002/41/974 2003/43/975
f 1970/44/976 1998/32/952 2005/51/977
f 1966/47/978 2018/46/979 1967/48/980
f 757/49/981 2005/51/977 2231/50/982
f 2236/52/983 2032/53/984 2029/1047/985
f 2011/55/986 882/57/987 576/56/988
f 587/58/989 2342/60/990 2341/59/991
f 2009/61/992 1345/62/42 2010/64/993
f 2012/65/994 2010/64/993 2013/74/995
f 588/66/996 2341/59/991 2344/587/997
f 2011/55/986 581/67/998 2008/68/999
f 2008/68/999 1991/69/1000 1989/70/1001
f 1988/71/1002 582/72/1003 1985/73/1004
f 1985/73/1004 2013/74/995 1986/1048/1005
f 581/67/998 1988/71/1002 1991/69/1000
f 576/56/988 588/66/996 581/67/998
f 882/57/987 587/58/989 576/56/988
f 2111/75/1006 1951/21/962 1954/76/1007
f 2021/77/1008 757/49/981 2229/78/1009
f 570/79/1010 1966/47/978 571/80/1011
f 570/79/1010 2021/77/1008 2019/81/1012
f 2016/82/1013 570/79/1010 2019/81/1012
f 2005/51/977 2247/83/1014 1970/44/976
f 2240/85/1015 749/84/63 760/86/63
f 1360/88/66 2024/87/1016 2023/89/1017
f 597/90/1018 1364/91/69 2025/94/1019
f 2027/93/1020 2025/94/1019 2028/358/1021
f 2023/89/1017 754/95/1022 2026/96/1023
f 2240/85/1015 2225/97/1024 2227/1049/1025
f 569/99/1026 2233/101/1026 2232/100/1026
f 599/103/1027 2033/102/1028 2031/104/1028
f 2034/105/1029 2228/106/1030 2017/1050/1031
f 2048/108/1032 2046/110/1032 2037/109/1032
f 548/111/1033 1972/113/1034 2051/112/1035
f 1982/10/952 1959/114/952 1974/2/952
f 2003/43/975 562/115/1036 1996/42/973
f 2097/118/1037 2099/117/1038 632/119/1039
f 566/120/1040 2001/122/1041 2077/121/1042
f 566/120/1040 2068/123/1043 565/124/1044
f 2067/125/1045 565/124/1044 2068/123/1043
f 2256/127/1046 686/128/1047 858/738/1048
f 2060/130/1049 2092/131/1050 635/1051/1051
f 629/133/1052 2055/135/1053 554/134/1054
f 2055/135/1053 553/136/1055 554/134/1054
f 629/133/1052 2052/137/1056 2053/138/1057
f 2055/135/1053 2053/138/1057 2054/199/1058
f 550/139/1059 2051/112/1035 2052/137/1056
f 554/134/1054 550/139/1059 629/133/1052
f 634/140/1060 2094/141/1061 1975/151/1062
f 2396/144/1063 2258/143/1064 2139/145/1064
f 2075/146/1065 636/148/1066 2096/147/1067
f 636/148/1066 2077/121/1042 2001/122/1041
f 1977/150/1068 631/149/1069 1975/151/1062
f 2094/141/1061 633/142/1070 552/12/958
f 1956/15/952 2069/152/1071 1980/7/954
f 1975/151/1062 631/149/1069 634/140/1060
f 2059/132/1072 2070/6/955 2092/131/1050
f 1965/154/1073 2097/118/1037 637/156/1074
f 637/156/1074 1963/38/952 1965/154/1073
f 1958/9/952 1984/16/952 1955/17/952
f 2058/158/1075 639/14/959 553/136/1055
f 1099/160/1076 609/159/1077 640/161/1078
f 2500/162/1079 1093/163/1080 674/213/1081
f 568/165/1082 2151/166/1083 2098/226/1084
f 2097/118/1037 2073/155/1085 2071/168/1086
f 1993/29/970 2101/169/1087 2115/1052/1088
f 1990/19/960 557/172/1089 644/171/1090
f 2105/173/1091 556/174/1092 2104/176/1093
f 2104/176/1093 1987/30/972 2106/28/971
f 644/171/1090 557/172/1089 2113/177/1094
f 649/18/961 1954/76/1007 1952/20/960
f 2101/169/1087 1950/178/966 2110/25/965
f 647/179/1095 723/180/1096 650/314/1097
f 2197/183/1098 646/182/1099 2107/184/1098
f 644/171/1090 2111/75/1006 649/18/961
f 2081/186/1100 610/185/1101 2056/187/1100
f 648/188/1102 2102/189/1103 2100/313/1103
f 2111/75/1006 1954/76/1007 649/18/961
f 585/175/1104 2113/177/1094 557/172/1089
f 1992/27/969 1947/170/1105 1994/29/1106
f 2194/192/1107 645/191/1108 646/182/1099
f 763/193/1109 593/194/160 596/355/1110
f 2062/196/1111 2004/126/1112 2067/125/1045
f 563/35/952 1962/40/952 618/39/952
f 666/197/1113 2083/186/1114 626/187/1115
f 2053/138/1057 2049/200/1116 2054/199/1058
f 2212/202/169 531/201/168 560/203/169
f 2210/205/171 528/204/170 539/206/171
f 1979/207/1117 2144/208/1118 1981/615/1117
f 676/211/1119 2036/210/1120 2039/212/1121
f 2559/214/1076 674/213/1081 672/215/1122
f 2137/216/1123 2064/218/1124 2553/217/1125
f 2324/220/1126 868/219/1127 874/221/1128
f 675/222/1129 1976/223/1130 1101/1018/1131
f 625/225/1132 2098/226/1084 641/499/1133
f 2151/166/1083 2061/227/1134 2063/218/1134
f 2156/230/1135 2153/229/1136 2155/228/1137
f 2152/231/1138 2085/232/1139 2153/229/1136
f 718/235/1140 606/234/1141 549/236/1142
f 717/238/1143 607/237/1144 606/234/1141
f 716/240/1145 608/239/1146 607/237/1144
f 602/242/1147 2117/241/1148 2047/243/1149
f 2171/244/1150 2123/245/1151 2172/251/1152
f 2170/247/1153 2169/246/1154 2171/244/1150
f 2168/248/1155 2170/247/1153 2118/249/1156
f 2124/250/1157 2172/251/1152 2123/245/1151
f 2129/253/1158 2173/252/1159 2124/250/1157
f 2175/254/1160 2178/256/1161 707/255/1162
f 2177/257/1163 2127/258/1164 2174/1053/1165
f 698/260/1166 703/261/1167 696/263/1168
f 696/263/1168 702/264/1169 695/265/1170
f 695/265/1170 704/266/1171 697/267/1172
f 697/267/1172 704/266/1171 2120/268/1173
f 2182/269/1174 2179/270/1175 2183/273/1176
f 701/262/1177 706/272/1178 2184/278/1179
f 2183/273/1176 2181/274/1180 2186/275/1181
f 2186/275/1181 2181/274/1180 2119/276/1182
f 2129/253/1158 2177/257/1163 2173/252/1159
f 2187/277/1183 707/255/1162 2178/256/1161
f 706/272/1178 699/279/1184 2184/278/1179
f 2136/664/1185 2176/1054/1186 2128/1055/1187
f 2149/281/1188 1953/280/1189 533/282/1190
f 714/284/1191 2189/283/1192 2188/285/1193
f 2355/287/250 584/286/249 532/288/250
f 2191/289/1194 714/284/1191 2134/662/1195
f 718/235/1140 2125/291/1196 693/292/1197
f 716/240/1145 694/293/1198 2117/241/1148
f 693/292/1197 717/238/1143 718/235/1140
f 692/294/1199 716/240/1145 717/238/1143
f 559/295/1200 718/235/1140 549/236/1142
f 1995/296/1201 2167/297/1202 559/295/1200
f 2130/298/1203 1995/296/1201 2131/299/1204
f 2133/300/1205 2131/299/1204 1995/296/1201
f 2198/301/1206 724/302/1207 2199/304/1208
f 2199/304/1208 2196/305/1209 2200/308/1210
f 2203/306/1211 2198/301/1206 2201/1056/1212
f 2200/308/1210 2205/307/1213 2103/309/1213
f 645/191/1108 2204/310/1214 2114/316/1214
f 728/189/1215 2116/312/1215 654/313/1215
f 650/314/1097 719/190/1216 648/188/1102
f 727/315/1217 643/184/1218 653/312/1217
f 652/316/1219 2202/317/1219 2112/318/1219
f 725/317/1220 647/179/1095 651/318/1220
f 555/320/1221 2135/319/1221 561/321/1222
f 2211/322/168 532/288/250 531/201/168
f 2356/323/281 560/203/169 530/324/281
f 2214/326/1223 733/325/1224 734/327/1225
f 734/327/1225 682/328/1226 681/329/1227
f 677/330/1228 664/331/1229 682/328/1226
f 677/330/1228 733/325/1224 2088/332/1230
f 2312/334/1231 2140/333/1232 2314/335/1233
f 2313/337/1234 2141/336/1235 2312/334/1231
f 738/339/296 739/338/1236 740/340/1237
f 740/340/1237 735/341/1238 736/342/1239
f 743/343/300 739/338/1236 737/344/301
f 2318/346/1240 2087/345/1241 838/347/1242
f 741/349/1243 2084/348/1244 2086/350/1245
f 1503/351/308 740/340/1237 2163/353/1246
f 2164/352/1247 740/340/1237 736/342/1239
f 766/354/1248 596/355/1110 752/360/1249
f 2226/97/1250 767/98/1250 2223/356/1250
f 2026/96/1023 2035/357/1251 599/103/1027
f 600/107/1252 2028/358/1021 2228/106/1030
f 765/359/1253 2222/356/1254 2243/98/1255
f 764/54/1256 752/360/1249 2032/53/984
f 757/49/981 2231/50/982 2229/78/1009
f 2235/101/1257 2230/361/1258 759/100/1259
f 1582/363/322 2241/364/1260 762/369/1261
f 2246/367/1262 2245/366/1263 2242/368/1264
f 762/369/1261 2246/367/1262 2242/368/1264
f 757/49/981 1966/47/978 2247/83/1014
f 2322/371/1265 2160/370/1266 2323/372/1267
f 2148/374/332 537/373/331 638/375/332
f 2259/377/1268 611/376/1269 769/378/1270
f 744/379/1271 735/341/1238 739/338/1236
f 785/380/337 2271/381/1272 784/390/1273
f 2266/384/1274 2275/383/1275 845/385/1276
f 844/387/1277 2218/386/1278 2318/346/1240
f 743/343/300 779/388/1279 744/379/1271
f 784/390/1273 2273/391/1280 2272/404/1281
f 679/393/1282 781/392/1283 680/394/1284
f 845/385/1276 2277/395/1285 844/387/1277
f 780/389/337 784/390/1273 779/388/1279
f 744/379/1271 2276/396/1286 2217/1057/1287
f 680/394/1284 783/397/1288 786/398/1289
f 786/398/1289 681/329/1227 680/394/1284
f 2269/399/1290 786/398/1289 783/397/1288
f 734/327/1225 2260/400/1291 2214/326/1223
f 2263/402/1292 1625/401/356 1609/403/356
f 779/388/1279 2272/404/1281 2276/396/1286
f 2264/405/1293 2261/407/1293 2279/406/1293
f 2265/405/1294 2282/408/1295 2315/409/1296
f 777/410/1297 787/411/364 788/421/1298
f 2315/409/1296 2263/402/1292 2265/405/1294
f 2267/413/1299 790/414/1300 846/511/1301
f 2270/416/1302 2281/418/1302 770/417/1302
f 2088/332/1230 2213/419/1303 2089/420/1304
f 2274/415/1305 788/421/1298 790/414/1300
f 2283/423/1306 1560/422/373 2219/424/1307
f 2285/426/1308 732/425/1309 731/427/1310
f 2286/429/1311 2090/428/1312 2287/430/1313
f 732/425/1309 2287/430/1313 2090/428/1312
f 771/431/382 2288/432/1314 772/452/1315
f 2292/434/1316 2283/423/1306 2219/424/1307
f 2289/436/1317 2262/438/1318 2290/437/1319
f 773/439/1320 2290/437/1319 2262/438/1318
f 2289/436/1317 731/427/1310 2262/438/1318
f 802/442/392 807/441/1321 806/443/393
f 804/444/394 803/445/1322 802/442/392
f 791/447/397 805/446/1323 804/444/394
f 792/450/1324 811/449/1325 2293/451/1326
f 2291/440/1327 772/452/1315 2288/432/1314
f 806/443/393 798/453/1328 797/454/404
f 803/445/1322 811/449/1325 810/455/1329
f 794/456/1330 810/455/1329 795/457/1331
f 810/455/1329 796/458/1332 795/457/1331
f 812/459/1333 803/445/1322 810/455/1329
f 2220/460/1334 809/435/1335 2292/434/1316
f 2293/451/1326 805/446/1323 793/448/1336
f 800/461/1337 801/462/1338 812/459/1333
f 801/462/1338 799/463/1339 812/459/1333
f 800/461/1337 812/459/1333 794/456/1330
f 2528/464/1340 1068/465/415 1059/465/415
f 823/466/1341 748/467/418 813/479/1342
f 807/441/1321 799/463/1339 798/453/1328
f 2526/469/1343 2297/471/1344 990/470/1345
f 2297/471/1344 2224/472/1346 2296/473/1347
f 2304/474/1348 826/476/1349 2310/475/1350
f 824/477/1351 2310/475/1350 826/476/1349
f 751/478/1352 2526/469/1343 753/947/1353
f 813/479/1342 1899/480/431 2530/944/1354
f 2296/473/1347 2224/472/1346 2298/481/1355
f 808/482/1356 826/476/1349 746/483/1357
f 746/483/1357 2304/474/1348 2091/484/1358
f 808/482/1356 823/466/1341 824/477/1351
f 747/485/1359 822/468/419 823/466/1341
f 2006/487/1360 2301/488/1361 2303/509/1362
f 663/490/1363 2299/491/1364 750/1058/1364
f 564/489/1365 2300/493/1366 2301/488/1361
f 2079/494/1367 562/115/1036 2078/116/1368
f 2305/495/1369 2306/497/1370 628/496/1371
f 628/496/1371 2308/498/1372 641/499/1133
f 2080/500/1373 625/225/1132 2309/501/1374
f 641/499/1133 2309/501/1374 625/225/1132
f 824/477/1351 813/479/1342 2295/502/1375
f 2245/366/1263 837/362/1376 2234/101/1376
f 2020/504/1377 2034/102/1029 2017/505/1031
f 2030/104/1378 590/504/1379 2022/506/1379
f 2221/507/1380 836/508/1381 2007/1059/1381
f 758/361/1382 834/104/1382 589/506/1382
f 663/490/1363 2303/509/1362 2302/492/1383
f 2158/510/1384 838/347/1242 2087/345/1241
f 774/416/1385 846/511/1301 789/418/1385
f 782/513/1386 2316/512/1387 778/514/1388
f 778/514/1388 842/515/1389 742/516/1390
f 775/518/1391 2317/517/1392 782/513/1386
f 947/519/1393 2401/520/1394 948/750/1395
f 742/516/1390 2314/522/1233 2140/333/1232
f 2157/524/1396 840/523/1397 2158/510/1384
f 839/526/1398 2159/525/1399 859/527/1400
f 2322/371/1265 2162/528/1401 2161/1060/1402
f 2323/372/1267 604/530/1403 2121/531/1403
f 2122/533/1404 2325/532/1405 848/534/1406
f 2326/536/1407 847/535/1408 953/537/1409
f 2320/539/1410 2329/538/1411 2327/540/1412
f 2165/541/1413 655/249/1413 700/542/1414
f 951/544/1415 853/543/1416 952/545/1417
f 854/546/1418 2330/547/1419 857/747/1420
f 2313/337/1234 2327/540/1412 2215/549/1421
f 2321/529/1422 2159/525/1399 2162/528/1401
f 2328/551/1423 2335/550/1424 2333/552/1425
f 2337/554/1426 687/553/505 689/555/1427
f 860/556/1428 2334/558/1429 2216/557/1430
f 871/559/1431 689/555/1427 870/560/1432
f 862/562/514 2339/561/1433 1691/563/515
f 865/564/516 868/219/1127 869/565/517
f 867/563/519 950/566/1434 958/567/520
f 2338/568/1435 2339/561/1433 863/1061/1436
f 873/570/1437 950/566/1434 959/571/1438
f 869/565/517 850/572/1439 849/573/517
f 874/221/1128 864/574/1440 873/570/1437
f 2332/575/1441 874/221/1128 873/570/1437
f 2331/577/1442 873/570/1437 959/571/1438
f 861/578/1443 2340/569/1444 2338/568/1435
f 2334/558/1429 870/560/1432 2216/557/1430
f 688/580/1445 2164/352/1247 736/342/1239
f 874/221/1128 851/581/1446 2324/220/1126
f 1699/583/535 2348/584/1447 2349/1062/1448
f 2345/582/1449 2350/585/1450 2347/586/1451
f 2344/587/997 582/72/1003 588/66/996
f 2342/60/990 881/588/1452 2343/591/1453
f 882/57/987 1346/589/541 574/590/542
f 574/590/542 881/588/1452 882/57/987
f 586/592/544 2343/591/1453 881/588/1452
f 885/593/545 884/594/1454 578/597/1455
f 884/594/1454 877/596/1456 578/597/1455
f 887/599/1457 878/598/1458 876/600/1459
f 888/602/1460 879/601/1461 878/598/1458
f 889/604/1462 883/603/554 879/601/1461
f 877/596/1456 890/605/1463 880/607/1464
f 890/605/1463 876/600/1459 880/607/1464
f 2351/608/559 530/324/281 529/609/560
f 2147/611/331 538/610/561 537/373/331
f 2150/612/249 533/282/1190 584/286/249
f 2352/613/561 539/206/171 538/610/561
f 2209/614/170 529/609/560 528/204/170
f 535/615/1465 2142/616/1466 536/617/1467
f 2142/616/1466 638/375/332 536/617/1467
f 545/618/566 2374/619/567 756/636/567
f 2364/621/568 545/618/566 1968/622/568
f 2357/624/570 617/623/569 541/625/570
f 2362/627/1468 2074/626/1469 619/628/1470
f 2359/630/574 542/629/168 617/623/569
f 2367/632/576 547/631/575 546/633/576
f 2361/635/168 543/634/577 542/629/168
f 2374/619/567 546/633/576 756/636/567
f 2358/637/578 541/625/570 540/638/578
f 2366/639/575 540/638/578 547/631/575
f 2370/641/1471 2072/640/1472 567/626/1473
f 2360/642/577 619/628/1470 543/634/577
f 2365/621/952 909/627/952 904/620/952
f 902/642/952 904/620/952 909/627/952
f 899/637/952 906/639/952 900/624/952
f 908/630/952 900/624/952 906/639/952
f 905/632/952 908/630/952 906/639/952
f 2354/643/952 729/281/952 2145/208/952
f 729/281/952 897/612/952 2145/208/952
f 669/616/952 897/612/952 730/287/952
f 669/616/952 730/287/952 898/374/952
f 668/611/952 730/287/952 892/322/952
f 896/202/952 668/611/952 892/322/952
f 662/205/952 896/202/952 893/323/952
f 893/323/952 894/608/952 662/205/952
f 891/614/952 662/205/952 894/608/952
f 901/635/952 911/619/952 902/642/952
f 621/644/1474 2557/645/1475 615/1015/1476
f 622/647/1477 913/648/1478 616/650/1479
f 616/650/1479 2208/209/1480 551/207/1481
f 613/651/1482 2369/652/1483 912/654/1484
f 918/653/593 2373/641/592 903/621/1485
f 1735/655/596 912/654/1484 2369/652/1483
f 917/656/597 2146/208/597 895/209/597
f 1733/657/599 671/643/1486 670/208/599
f 923/658/600 913/648/1478 914/649/1487
f 922/659/601 2208/209/1480 913/648/1478
f 919/660/602 910/652/602 907/641/602
f 2375/661/1488 2134/662/1195 714/284/1191
f 2136/664/1489 714/284/1191 2188/285/1193
f 712/665/1490 710/667/1491 2190/666/1492
f 712/665/1490 2190/666/1492 708/668/1493
f 708/668/1493 1592/669/611 709/670/611
f 2015/671/1494 715/672/1495 2192/1063/1496
f 660/674/1497 583/676/1497 713/675/1497
f 715/672/1495 579/673/1498 711/677/1499
f 572/678/617 711/677/1499 579/673/1498
f 671/643/1486 558/680/1500 534/280/1500
f 575/681/619 577/683/1501 916/682/620
f 577/683/1501 671/643/1486 916/682/620
f 2390/687/1502 2393/1064/1503 2385/686/1504
f 2377/688/1505 925/689/1506 2376/702/1507
f 928/692/1508 2378/691/1509 2379/693/1508
f 929/695/1510 2381/694/1511 2380/696/1512
f 2382/697/1513 926/690/1514 2377/688/1505
f 2378/691/1509 932/699/1515 2383/701/1516
f 2383/701/1516 929/695/1510 2380/696/1512
f 925/689/1506 2379/693/1508 2376/702/1507
f 2381/694/1511 933/703/1517 2384/705/1518
f 933/703/1517 2382/697/1513 2384/705/1518
f 657/706/1519 934/707/1520 705/720/1521
f 937/710/1522 656/709/1523 658/711/1522
f 938/713/1524 659/712/1525 691/714/1526
f 661/715/1527 935/708/1528 657/706/1519
f 656/709/1523 941/717/1529 690/719/1529
f 690/719/1529 938/713/1524 691/714/1526
f 934/707/1520 658/711/1522 705/720/1521
f 659/712/1525 942/721/1530 924/723/1531
f 942/721/1530 661/715/1527 924/723/1531
f 598/724/1532 903/621/1485 755/725/1533
f 598/724/1532 918/653/593 903/621/1485
f 544/622/660 592/727/1534 903/621/1485
f 592/727/1534 591/728/1535 903/621/1485
f 601/729/1536 903/621/1485 591/728/1535
f 755/725/1533 903/621/1485 601/729/1536
f 1021/731/1537 2319/730/1538 2253/732/1539
f 2259/733/1268 627/350/1540 678/348/1541
f 2259/733/1268 683/734/1542 627/350/1540
f 2398/735/1543 684/736/1544 683/734/1542
f 2399/737/1545 858/738/1048 684/736/1544
f 2042/739/1546 685/740/1547 2248/748/1548
f 955/742/1549 2257/129/1550 2249/743/1551
f 676/211/1119 2039/212/1121 2319/730/1538
f 632/119/1039 2060/130/1049 635/1051/1051
f 2325/532/1405 953/537/1409 848/534/1406
f 620/744/1552 2076/746/1553 2556/745/1554
f 857/747/1420 952/545/1417 854/546/1418
f 958/567/520 864/574/1440 865/564/516
f 872/569/1555 950/566/1434 866/561/1556
f 856/579/1557 959/571/1438 872/569/1555
f 2248/748/1548 955/742/1549 2249/743/1551
f 613/651/1482 914/649/1487 622/647/1477
f 2402/749/1558 948/750/1395 2401/520/1394
f 2406/753/1559 946/752/1560 944/754/1561
f 946/752/1560 2400/521/1562 947/519/1393
f 2395/756/1563 944/754/1561 943/757/1563
f 2408/758/1564 2138/759/1564 2252/1065/1564
f 2409/762/1565 2410/761/1566 2413/763/1567
f 2403/764/1568 2410/761/1566 2251/1066/1568
f 949/765/1569 2414/767/1570 2044/766/1571
f 2411/768/1572 949/765/1569 954/769/1572
f 945/771/1573 2487/770/1574 2492/772/1575
f 966/767/1576 2498/773/1577 973/774/1578
f 2493/775/1579 945/771/1573 2492/772/1575
f 2497/773/1580 841/776/1581 2494/775/1582
f 2490/777/1583 966/767/1576 973/774/1578
f 964/1067/1584 963/1068/1584 957/779/1584
f 2416/781/1585 2294/782/1586 2415/811/1587
f 2418/784/1588 977/785/1589 2417/788/1589
f 977/785/1589 2419/787/1590 2417/788/1589
f 2421/789/1591 980/790/1592 2420/806/1593
f 979/793/1594 2422/792/1595 2419/787/1590
f 983/794/1596 2421/789/1591 2423/795/1597
f 985/797/1598 2424/796/1599 2425/798/1600
f 2426/799/1601 985/797/1598 2425/798/1600
f 987/802/1602 2427/801/1603 2428/803/1604
f 2429/804/1605 987/802/1602 2428/803/1604
f 2420/806/1593 988/805/1606 2429/804/1605
f 989/807/1607 2416/781/1585 2430/808/1608
f 2424/796/1599 989/807/1607 2430/808/1608
f 2294/782/1586 2431/810/1609 2415/811/1587
f 2431/810/1609 978/786/1610 2418/784/1588
f 982/813/1611 2423/795/1597 2422/792/1595
f 2180/271/1612 2185/814/1613 2187/277/1183
f 1019/816/1614 2489/815/1615 1020/817/1616
f 2484/817/1617 2496/818/1618 1015/819/1619
f 2432/821/1620 2437/820/1620 2435/822/1620
f 2467/823/1621 2474/824/1621 2464/843/1621
f 2451/826/1622 2456/827/1622 2449/1069/1622
f 2459/829/1623 2438/820/1623 2461/1070/1623
f 2443/830/1624 2455/831/1624 2452/1071/1624
f 2446/833/1625 992/834/1625 2440/1072/1625
f 2457/836/1626 2445/833/1626 2448/837/1626
f 991/838/1627 2442/830/1627 2433/839/1628
f 1001/829/1629 996/840/1629 995/841/1629
f 2472/842/1621 2465/843/1621 2470/1073/1621
f 2441/845/1621 2473/844/1621 2471/846/1621
f 993/844/1621 2444/847/1621 2469/854/1621
f 2475/849/1621 2447/850/1621 2466/855/1621
f 2477/852/1621 1007/851/1621 998/849/1621
f 1005/847/1621 997/852/1621 999/854/1621
f 1006/850/1621 994/846/1621 1000/855/1621
f 1015/819/1619 2499/856/1630 1016/857/1631
f 1017/858/1632 974/856/1633 2495/860/1633
f 1018/859/1634 971/860/1635 972/861/1636
f 2482/816/1637 972/861/1636 969/1074/1638
f 2483/862/1639 1018/859/1634 2482/816/1637
f 1011/863/1640 2480/858/1641 1018/859/1634
f 1012/864/1642 2478/857/1643 1017/858/1632
f 1010/866/1644 1016/857/1631 1009/865/1645
f 2485/867/1646 1015/819/1619 1010/866/1644
f 1014/862/1647 1020/817/1616 1013/867/1647
f 2040/868/1648 2491/777/1649 2488/770/1650
f 620/744/1552 2555/646/1651 621/644/1474
f 921/869/786 914/649/1487 912/654/1484
f 2093/870/1652 2075/146/1065 2096/147/1067
f 2404/871/1653 2500/162/1079 674/213/1081
f 673/872/1654 2404/871/1653 674/213/1081
f 1021/731/1537 2137/216/1123 2553/217/1125
f 1022/873/1655 676/211/1119 2319/730/1538
f 1024/875/1656 2504/876/1657 1027/891/1658
f 2501/878/1659 2505/879/1660 2506/895/1661
f 2510/882/1662 1878/881/797 1040/883/1663
f 2507/884/1664 1039/885/415 1871/1075/415
f 2512/887/1665 1040/883/1663 2514/888/1666
f 2512/887/1665 2515/889/1667 2511/890/1668
f 2511/890/1668 1027/891/1658 2504/876/1657
f 2508/892/1669 2513/886/1670 2507/884/1664
f 2509/894/1671 1038/893/1672 2508/892/1669
f 1037/896/1673 2506/895/1661 2505/879/1660
f 1030/897/812 2516/898/1674 1029/906/1675
f 2517/901/1676 1026/900/1677 2518/902/1678
f 2520/904/1679 1031/903/1680 1032/905/1681
f 1029/906/1675 2520/904/1679 1032/905/1681
f 1033/907/1682 1889/908/823 1034/1076/823
f 1048/911/826 1053/910/1683 1054/912/826
f 2522/913/1684 1033/907/1682 1036/914/1685
f 1055/915/1686 1047/916/1687 1049/926/1688
f 1025/918/832 2524/917/1689 1028/919/1690
f 1028/919/1690 2525/920/1691 1035/921/1692
f 2525/920/1691 1036/914/1685 1035/921/1692
f 2519/922/1693 1026/900/1677 1031/903/1680
f 1057/923/1694 1044/924/1695 1045/927/1696
f 1057/923/1694 1049/926/1688 1052/929/1697
f 1045/927/1696 1055/915/1686 1057/923/1694
f 1052/929/1697 1056/925/1698 1057/923/1694
f 1046/928/1699 1053/910/1683 1055/915/1686
f 1054/912/826 1041/931/1700 1042/932/826
f 1058/933/1701 1051/930/1702 1050/1077/1703
f 1056/925/1698 1043/934/1704 1044/924/1695
f 1066/937/850 1904/936/849 1071/935/1705
f 1569/939/852 1063/938/1706 1897/940/853
f 1065/942/855 1060/941/1707 1061/942/855
f 2527/943/1708 2533/464/1709 2528/464/1340
f 2295/502/1375 813/479/1342 2530/944/1354
f 975/945/1710 2530/944/1354 1064/946/1711
f 753/947/1353 1062/948/1712 1063/938/1706
f 1062/948/1712 753/947/1353 2526/469/1343
f 2535/949/1713 2531/951/1714 2534/950/1715
f 1906/952/866 2531/951/1714 2535/949/1713
f 1060/941/1707 1072/953/1716 2529/953/1717
f 815/954/1718 2532/943/1719 2527/943/1708
f 2529/953/1717 1067/955/1720 815/954/1718
f 990/470/1345 1064/946/1711 2526/469/1343
f 2543/957/1721 2546/956/1722 2545/958/1723
f 2545/958/1723 2551/959/1724 2543/957/1721
f 2551/959/1724 2540/960/1725 2543/957/1721
f 2427/801/1603 1073/800/1726 2426/799/1601
f 2547/963/1727 2544/962/1728 2542/964/1729
f 628/496/1371 2306/497/1370 2307/965/1730
f 2541/966/1731 2547/963/1727 2542/964/1729
f 2541/966/1731 2550/968/1732 2548/967/1733
f 2549/969/1734 2548/967/1733 2550/968/1732
f 2552/970/1735 2539/972/1736 2536/971/1737
f 2536/971/1737 2538/973/1738 2537/974/1739
f 2538/973/1738 2540/960/1725 2537/974/1739
f 814/975/1740 1075/976/1741 833/1005/1742
f 816/978/1743 1077/979/1744 817/982/1744
f 1077/979/1744 818/981/1745 817/982/1744
f 1081/984/1746 830/983/1747 819/985/1748
f 1079/987/1749 820/986/1750 818/981/1745
f 821/988/1751 1081/984/1746 819/985/1748
f 1085/991/1752 825/990/1753 827/992/1754
f 828/993/1755 1086/994/1756 1074/1008/1756
f 1088/996/1757 828/993/1755 829/997/1758
f 624/998/1759 1088/996/1757 829/997/1758
f 1080/1000/1760 624/998/1759 830/983/1747
f 1090/1001/1761 814/975/1740 831/1002/1762
f 825/990/1753 1090/1001/1761 831/1002/1762
f 1075/976/1741 832/1004/1763 833/1005/1742
f 832/1004/1763 1078/980/1764 816/978/1743
f 1082/1007/1765 821/988/1751 820/986/1750
f 1074/1008/1756 1085/991/1752 827/992/1754
f 640/161/1078 1097/1009/1766 1099/160/1076
f 2066/1010/1767 612/1012/1768 2554/1011/1769
f 1094/1013/1770 672/215/1122 1092/1014/1771
f 1092/1014/1771 674/213/1081 1093/163/1080
f 2554/1011/1769 615/1015/1476 2557/645/1475
f 614/1016/1772 675/222/1129 1094/1013/1770
f 2560/1017/1773 2405/874/1774 2082/1078/1775
f 672/215/1122 1101/1018/1131 2559/214/1076
f 673/872/1654 2558/1019/1776 1098/1020/1777
f 1100/198/1778 2050/108/1779 1096/109/1780
f 630/1021/1781 609/159/1077 2561/1022/1782
f 2045/741/1783 603/1023/1032 2038/1079/1032
f 1112/1024/1784 2564/1025/1784 2563/1040/1784
f 1114/1027/1785 1116/1028/1786 1111/1041/1787
f 1113/1030/1788 2567/1031/1789 2566/1039/1790
f 2568/1034/1791 1942/1033/943 1105/1035/943
f 1103/1036/945 1110/1037/1784 1940/1080/945
f 2568/1034/1791 2566/1039/1790 2569/1081/1792
f 1109/1038/1784 2563/1040/1784 1110/1037/1784
f 1111/1041/1787 1115/1042/948 1108/1082/948
f 1107/1043/1793 1117/1029/1794 1114/1027/1785
f 1104/1045/1795 1106/1044/1796 1107/1043/1793
f 1163/1083/1797 1120/1084/1797 1162/1085/1797
f 1121/1086/1798 1124/1087/1798 1120/1088/1798
f 1165/1083/1799 1129/1089/1799 1164/1085/1799
f 1123/1090/823 1118/1091/823 1122/1092/823
f 1162/1093/855 1129/1093/855 1126/1093/855
f 1163/1094/415 1128/1095/415 1165/1096/415
f 1118/1097/823 1127/1098/823 1126/1099/823
f 1122/1100/823 1128/1101/823 1123/1102/823
f 1118/1097/823 1129/1103/823 1122/1100/823
f 1119/1104/823 1128/1101/823 1127/1098/823
f 1147/1105/1800 1132/1106/1800 1130/1107/1800
f 1146/1108/1801 1134/1109/1801 1132/1106/1801
f 1148/1110/1802 1136/1106/1802 1134/1109/1802
f 1149/1108/1803 1138/1107/1803 1136/1106/1803
f 1150/1105/1804 1140/1111/1804 1138/1107/1804
f 1151/1112/1805 1142/1113/1805 1140/1111/1805
f 1133/1114/1806 1155/1115/1806 1154/1116/1806
f 1152/1117/1807 1144/1111/1807 1142/1113/1807
f 1153/1112/1808 1130/1107/1808 1144/1111/1808
f 1133/1118/415 1147/1119/415 1131/1119/415
f 1135/1120/415 1146/1121/415 1133/1118/415
f 1137/1118/415 1148/1122/415 1135/1120/415
f 1139/1119/415 1149/1121/415 1137/1118/415
f 1139/1119/415 1151/1123/415 1150/1119/415
f 1141/1124/415 1152/1125/415 1151/1123/415
f 1145/1124/415 1152/1125/415 1143/1126/415
f 1131/1119/415 1153/1123/415 1145/1124/415
f 1155/1127/415 1160/1128/415 1158/1129/415
f 1131/1130/1809 1161/1131/1809 1155/1115/1809
f 1141/1132/1810 1160/1133/1810 1143/1134/1810
f 1137/1114/1811 1158/1115/1811 1139/1130/1811
f 1133/1114/1812 1156/1135/1812 1135/1136/1812
f 1145/1132/1813 1160/1133/1813 1161/1131/1813
f 1139/1130/1814 1159/1131/1814 1141/1132/1814
f 1137/1114/1815 1156/1135/1815 1157/1116/1815
f 1125/1137/415 1163/1094/415 1165/1096/415
f 1124/1093/855 1162/1093/855 1120/1093/855
f 1125/1138/1816 1164/1085/1816 1124/1084/1816
f 1127/1139/1817 1162/1085/1817 1126/1089/1817
f 1175/1140/1818 1168/1141/1818 1174/1142/1818
f 1182/1143/1798 1173/1144/1798 1172/1145/1798
f 1176/1142/1 1180/1146/1 1181/1147/1
f 1187/1148/823 1167/1149/823 1166/1150/823
f 1175/1151/1819 1185/1152/1819 1186/1153/1819
f 1169/1154/1820 1186/1153/1821 1183/1155/1820
f 1172/1141/1822 1177/1140/1822 1176/1142/1822
f 1179/1146/952 1174/1142/952 1178/1147/952
f 1167/1156/823 1178/1157/823 1166/1158/823
f 1171/1159/823 1181/1160/823 1180/1161/823
f 1166/1158/823 1184/1162/823 1187/1163/823
f 1171/1159/823 1185/1164/823 1188/1165/823
f 1167/1156/823 1185/1164/823 1179/1166/823
f 1170/1167/823 1184/1162/823 1181/1160/823
f 1173/1168/1823 1186/1153/1824 1177/1169/1825
f 1177/1169/1826 1185/1152/1826 1180/1170/1826
f 1171/1171/823 1187/1148/823 1170/1172/823
f 1169/1173/1798 1182/1143/1798 1168/1174/1798
f 1189/1175/1827 1192/1176/1827 1191/1177/1827
f 1192/1176/1828 1193/1178/1828 1191/1177/1828
f 1194/1179/1829 1198/1180/1829 1199/1181/1829
f 1193/1178/1830 1196/1176/1830 1195/1177/1830
f 1196/1176/1831 1189/1175/1831 1195/1177/1831
f 1200/1182/1830 1203/1183/1830 1204/1184/1830
f 1192/1185/1832 1197/1186/1833 1198/1180/1832
f 1194/1179/1834 1200/1180/1834 1196/1185/1834
f 1190/1187/1835 1200/1180/1835 1197/1186/1835
f 1202/1188/1836 1204/1189/1836 1203/1190/1836
f 1197/1191/1827 1202/1184/1827 1198/1182/1827
f 1197/1191/1831 1204/1184/1831 1201/1192/1831
f 1198/1182/1828 1203/1183/1828 1199/1193/1828
f 1206/1194/1837 1207/1195/1837 1205/1196/1837
f 1207/1195/1838 1210/1197/1838 1209/1198/1839
f 1210/1199/1840 1214/1200/1840 1215/1201/1841
f 1210/1197/1842 1211/1202/1842 1209/1198/1842
f 1212/1203/1843 1205/1196/1843 1211/1202/1843
f 1215/1204/1842 1220/1205/1842 1216/1206/1842
f 1208/1207/1844 1213/1208/1844 1214/1200/1844
f 1210/1199/1845 1216/1209/1846 1212/1210/1846
f 1212/1210/1847 1213/1208/1847 1206/1211/1847
f 1217/1212/1848 1219/1213/1848 1218/1214/1848
f 1213/1215/1837 1218/1216/1837 1214/1217/1837
f 1216/1206/1843 1217/1218/1843 1213/1215/1843
f 1214/1217/1838 1219/1219/1838 1215/1204/1838
f 1223/1195/1849 1222/1194/1849 1221/1196/1849
f 1223/1195/1850 1226/1197/1850 1224/1220/1850
f 1226/1199/1851 1230/1200/1851 1224/1207/1851
f 1227/1202/1852 1226/1197/1852 1225/1198/1852
f 1227/1202/1853 1222/1194/1853 1228/1203/1854
f 1236/1205/1852 1231/1204/1852 1232/1206/1852
f 1224/1207/1855 1229/1208/1855 1222/1211/1855
f 1232/1209/1856 1226/1199/1857 1228/1210/1856
f 1229/1208/1858 1228/1210/1858 1222/1211/1858
f 1235/1213/1859 1233/1212/1859 1234/1214/1859
f 1234/1216/1849 1229/1215/1849 1230/1217/1849
f 1233/1218/1853 1232/1206/1853 1229/1215/1853
f 1235/1219/1850 1230/1217/1850 1231/1204/1850
f 1243/1221/1860 1237/1222/1861 1241/1223/1862
f 1248/1224/1863 1244/1225/1863 1240/1226/1863
f 1253/1223/1864 1252/1227/1865 1249/1222/1866
f 1252/1226/1867 1253/1228/1867 1256/1225/1867
f 1268/1229/1868 1261/1230/1868 1265/1231/1868
f 1275/1232/1869 1273/1231/1869 1271/1233/1869
f 1278/1/1 1292/114/1 1307/2/1
f 1277/4/2 1278/1/1 1306/3/1
f 1409/6/4 1408/152/121 1313/7/5
f 1291/9/1 1316/157/1 1315/10/1
f 25/12/7 1433/141/112 1396/13/8
f 1289/15/1 1434/153/1 1317/16/1
f 114/18/10 109/171/138 1323/19/11
f 1284/21/12 1282/24/15 1448/22/13
f 1282/24/15 1283/178/145 1449/25/16
f 1279/26/17 1277/4/2 1304/5/3
f 1445/28/19 1454/1052/1870 1326/29/20
f 1294/31/1 1302/45/1 1331/32/1
f 1293/34/1 1294/31/1 1330/33/1
f 1297/36/1 1333/1234/1 1332/37/1
f 83/39/1 1333/1234/1 1297/36/1
f 1335/41/22 1337/126/97 1329/42/23
f 1303/44/25 1338/51/31 1331/32/1
f 1354/46/26 43/79/58 1299/47/27
f 1578/52/32 1368/1047/1871 1371/53/33
f 1342/61/41 1344/64/43 1345/62/42
f 1348/65/44 51/72/51 1349/74/53
f 1349/74/53 1344/64/43 1348/65/44
f 56/66/45 1697/587/539 1693/59/39
f 50/67/46 45/56/36 1347/55/35
f 1324/69/48 50/67/46 1341/68/47
f 1321/71/50 1318/73/52 51/72/51
f 1318/73/52 1319/1048/1872 1349/74/53
f 1321/71/50 56/66/45 50/67/46
f 56/66/45 55/58/38 45/56/36
f 55/58/38 318/588/540 319/57/37
f 1284/21/12 1447/23/14 1450/75/54
f 214/49/29 44/80/59 1357/77/56
f 1357/77/56 44/80/59 43/79/58
f 1352/82/61 1355/81/60 43/79/58
f 1591/83/62 214/49/29 1338/51/31
f 749/84/63 1568/1049/1873 1583/85/64
f 1361/87/65 594/1235/1874 1360/88/66
f 62/90/68 1363/94/72 1364/91/69
f 1366/93/71 1367/358/315 1363/94/72
f 211/95/73 1361/87/65 1359/89/67
f 1583/85/64 1568/1049/1873 1566/97/75
f 1372/102/77 1374/357/314 64/103/78
f 1373/105/79 1353/1050/457 1570/106/80
f 1315/10/1 1307/2/1 1292/114/1
f 1336/43/24 1329/42/23 35/115/86
f 1438/117/88 1410/168/135 1436/118/89
f 1407/123/94 1416/121/92 39/120/91
f 1406/125/96 1407/123/94 38/124/95
f 1601/127/98 300/738/673 151/128/99
f 1399/130/101 100/1051/1875 1431/131/102
f 26/136/107 1397/158/125 1394/135/106
f 1391/137/108 23/139/110 94/133/104
f 1394/135/106 1393/199/166 1392/138/109
f 23/139/110 1391/137/108 1390/112/84
f 99/140/111 1308/151/120 1433/141/112
f 1603/143/114 1757/1236/114 1759/144/114
f 1416/121/92 1414/146/115 101/148/117
f 96/149/118 1432/870/787 1310/150/119
f 1289/15/1 1313/7/5 1408/152/121
f 1398/132/103 1431/131/102 1409/6/4
f 1298/154/122 102/156/124 1436/118/89
f 102/156/124 1298/154/122 1296/38/1
f 1291/9/1 1288/17/1 1317/16/1
f 104/14/9 1396/13/8 1397/158/125
f 74/159/126 1933/1022/936 513/160/127
f 1863/162/129 139/213/178 507/163/130
f 41/165/132 1437/226/190 1490/166/133
f 1326/29/20 1454/1052/1870 1440/169/136
f 1444/173/140 1443/176/143 29/174/141
f 1443/176/143 1445/28/19 1320/30/21
f 1283/178/145 1281/170/137 1440/169/136
f 112/179/146 115/314/274 186/180/147
f 111/182/149 1534/192/158 1537/183/150
f 1450/75/54 1452/177/144 109/171/138
f 75/185/151 511/1009/922 1420/186/152
f 113/188/153 1439/313/154 1441/189/154
f 1452/177/144 1444/173/140 54/175/142
f 1325/27/18 1327/29/1876 1280/170/156
f 110/191/157 1535/311/272 1534/192/158
f 218/193/159 61/355/312 593/194/160
f 1401/196/162 1406/125/96 1337/126/97
f 1295/40/1 1293/34/1 36/35/1
f 131/197/163 91/187/1877 1422/186/164
f 4/201/168 1551/322/168 1552/202/169
f 1/204/170 1549/614/170 1550/205/171
f 1312/207/172 1314/615/172 1483/208/173
f 1375/210/175 1932/1017/930 141/211/176
f 139/213/178 1930/1019/932 1931/214/127
f 307/219/183 292/572/525 1674/220/184
f 140/222/186 515/1018/931 1309/223/187
f 90/225/189 106/499/450 1437/226/190
f 1490/166/133 1402/218/191 1400/227/191
f 1493/1237/194 1492/229/193 1494/228/192
f 1492/229/193 1491/231/195 1495/230/194
f 1491/231/195 1492/229/193 1424/232/196
f 71/234/197 180/238/201 181/235/198
f 72/237/200 179/240/203 180/238/201
f 73/239/202 1456/241/204 179/240/203
f 1456/241/204 73/239/202 67/242/205
f 1511/244/207 1512/251/214 1462/245/208
f 1509/246/209 1508/248/211 1510/247/210
f 1463/250/213 1462/245/208 1512/251/214
f 1517/257/220 1514/1053/1878 1466/258/221
f 162/260/223 160/263/226 167/261/224
f 160/263/226 159/265/228 166/264/227
f 159/265/228 161/267/230 168/266/229
f 1522/269/232 1523/273/236 1519/270/233
f 165/262/225 1524/278/241 170/272/235
f 1523/273/236 1526/275/238 1521/274/237
f 1517/257/220 1465/259/222 1468/253/216
f 171/255/218 1525/814/748 1527/277/240
f 1475/664/1879 1467/1055/1880 1516/1054/1881
f 1286/280/243 1708/643/243 1488/281/244
f 1529/283/246 1533/290/252 177/284/247
f 53/286/249 1489/612/249 1710/287/250
f 1531/289/251 1473/662/604 177/284/247
f 1464/291/253 1507/297/259 181/235/198
f 180/238/201 156/294/256 157/292/254
f 179/240/203 158/293/255 156/294/256
f 181/235/198 1507/297/259 32/295/257
f 1328/296/258 32/295/257 1507/297/259
f 1538/301/263 1539/304/266 187/302/264
f 1539/304/266 1540/308/270 1536/305/267
f 1543/306/268 1541/1056/1882 1538/301/263
f 1545/307/269 1536/305/267 1540/308/270
f 1455/312/273 1546/315/273 191/189/273
f 115/314/274 113/188/153 182/190/155
f 108/184/275 183/183/275 190/315/276
f 117/316/277 1451/318/277 1542/317/277
f 112/179/146 184/181/148 188/317/278
f 1474/319/279 1350/671/279 28/320/279
f 5/288/250 1710/287/250 1551/322/168
f 33/203/169 1552/202/169 1711/323/281
f 196/325/282 1553/419/370 1554/326/283
f 147/328/285 196/325/282 197/327/284
f 196/325/282 147/328/285 142/330/287
f 1479/333/290 1480/336/293 1662/334/291
f 1480/336/293 1555/549/501 1663/337/294
f 200/338/295 737/344/301 738/339/296
f 198/341/298 200/338/295 201/340/297
f 200/338/295 204/379/336 743/343/300
f 1426/345/302 1558/386/342 1668/346/303
f 1423/348/305 144/393/348 202/349/306
f 1503/351/308 1502/353/310 201/340/297
f 1504/352/309 199/342/299 201/340/297
f 221/354/311 209/360/319 61/355/312
f 1374/357/314 211/95/73 1365/96/74
f 65/107/81 1570/106/80 1367/358/315
f 1563/356/316 1562/507/459 220/359/317
f 219/54/34 1371/53/33 209/360/319
f 1577/101/320 216/100/1883 1572/361/321
f 1582/363/322 217/369/327 1584/364/323
f 1589/366/324 1581/503/455 1590/367/325
f 217/369/327 1586/368/326 1590/367/325
f 1299/47/27 44/80/59 214/49/29
f 1499/370/328 1500/1060/1884 1672/371/329
f 10/373/331 1486/611/331 1487/374/332
f 76/376/333 143/1238/667 1604/377/334
f 198/341/298 1557/1057/1885 204/379/336
f 785/380/337 235/390/345 1617/381/338
f 1622/383/339 1614/1239/1886 1612/384/340
f 1558/386/342 1624/395/350 287/387/343
f 743/343/300 204/379/336 231/388/344
f 235/390/345 1619/404/358 1620/391/346
f 232/392/347 202/349/306 144/393/348
f 1624/395/350 1622/383/339 288/385/341
f 780/389/337 231/388/344 235/390/345
f 204/379/336 1557/1057/1885 1623/396/351
f 145/394/349 236/398/353 234/397/352
f 146/329/286 197/327/284 236/398/353
f 1615/399/354 234/397/352 236/398/353
f 1605/400/355 236/398/353 197/327/284
f 1625/401/356 1626/1240/1887 1608/402/357
f 231/388/344 1623/396/351 1619/404/358
f 1630/408/360 1628/406/1888 1611/405/361
f 229/410/363 237/421/372 787/411/364
f 1608/402/357 1626/1240/1887 1665/409/362
f 1613/413/366 289/511/465 239/414/367
f 1553/419/370 196/325/282 1427/332/289
f 1621/415/368 239/414/367 237/421/372
f 1560/422/373 1632/1241/373 1631/423/374
f 195/425/376 1633/1242/1889 1634/426/377
f 1429/428/379 1561/460/410 1635/429/380
f 1636/430/381 1633/1242/1889 195/425/376
f 771/431/382 225/452/402 1637/432/383
f 1642/434/384 1559/424/375 1631/423/374
f 226/439/389 1607/438/388 1640/437/387
f 194/427/378 1634/426/377 1639/436/386
f 251/441/391 249/445/395 802/442/392
f 804/444/394 802/442/392 249/445/395
f 791/447/397 804/444/394 250/446/396
f 255/449/399 244/458/408 240/450/400
f 1641/440/390 1637/432/383 225/452/402
f 245/453/403 251/441/391 806/443/393
f 255/449/399 250/446/396 249/445/395
f 254/455/405 256/459/409 242/456/406
f 244/458/408 255/449/399 254/455/405
f 249/445/395 251/441/391 256/459/409
f 1561/460/410 1642/434/384 253/435/385
f 250/446/396 255/449/399 1643/451/401
f 266/466/417 257/479/430 748/467/418
f 246/463/413 256/459/409 251/441/391
f 1565/472/423 208/478/429 1647/471/422
f 1660/475/426 1645/502/453 267/477/428
f 208/478/429 210/947/861 1894/469/420
f 257/479/430 1900/944/858 1899/480/431
f 269/476/427 267/477/428 252/482/433
f 1654/474/425 269/476/427 205/483/434
f 266/466/417 206/485/436 252/482/433
f 206/485/436 266/466/417 822/468/419
f 1339/487/438 1653/509/462 1651/488/439
f 128/490/441 207/1058/442 1649/491/442
f 37/489/440 1651/488/439 1650/493/444
f 1418/494/445 1417/116/87 35/115/86
f 1658/498/449 1657/965/881 93/496/447
f 106/499/450 90/225/189 1659/501/452
f 257/479/430 266/466/417 267/477/428
f 1589/366/324 1576/101/454 280/362/454
f 58/504/458 278/102/458 1369/104/458
f 1562/507/459 1340/1059/460 279/508/460
f 215/361/461 57/506/461 277/104/461
f 128/490/441 1652/492/443 1653/509/462
f 281/347/304 283/523/476 1497/510/463
f 227/416/464 238/418/464 289/511/465
f 1666/512/466 1667/517/471 233/513/467
f 285/515/469 1666/512/466 230/514/468
f 1667/517/471 286/1243/1890 228/518/472
f 373/519/473 374/750/687 1764/520/474
f 1664/522/292 285/515/469 203/516/470
f 283/523/476 282/526/479 1496/524/477
f 1498/525/478 1496/524/477 282/526/479
f 1672/371/329 1500/1060/1884 1501/528/481
f 69/530/483 1499/370/328 1673/372/330
f 1675/532/484 294/1244/485 1461/533/485
f 290/535/487 1679/538/490 1676/536/488
f 1679/538/490 290/535/487 1670/539/491
f 295/543/495 1685/550/502 377/544/496
f 296/546/498 299/747/682 1680/547/499
f 1677/540/492 1670/539/491 1663/337/294
f 1671/529/482 1501/528/481 1498/525/478
f 1685/550/502 295/543/495 1678/551/503
f 687/553/505 1688/1245/1891 1687/554/506
f 153/555/507 1687/554/506 309/559/511
f 1690/561/513 304/1061/1892 862/562/514
f 307/219/183 305/574/526 865/564/516
f 376/566/518 306/561/1893 867/563/519
f 1689/568/521 304/1061/1892 1690/561/513
f 376/566/518 305/574/526 311/570/523
f 292/572/525 307/219/183 869/565/517
f 305/574/526 307/219/183 312/221/185
f 1682/575/527 311/570/523 312/221/185
f 1681/577/529 384/571/524 311/570/523
f 303/578/530 1689/568/521 1692/569/522
f 308/560/512 309/559/511 1684/558/510
f 312/221/185 1674/220/184 293/581/533
f 1699/583/535 1704/1246/1894 1703/1062/1895
f 1703/1062/1895 1702/584/536 1699/583/535
f 1702/584/536 1701/586/538 1698/582/534
f 1705/585/537 1700/1247/537 1698/582/534
f 1697/587/539 56/66/45 51/72/51
f 1694/60/40 1695/591/543 318/588/540
f 319/57/37 574/590/542 1346/589/541
f 318/588/540 586/592/544 574/590/542
f 1695/591/543 1696/1248/1896 586/592/544
f 885/593/545 47/597/548 320/594/546
f 314/596/547 321/606/557 320/594/546
f 315/598/549 323/602/553 322/599/550
f 316/601/552 324/604/555 323/602/553
f 883/603/554 875/1249/1897 324/604/555
f 314/596/547 317/607/558 325/605/556
f 313/600/551 322/599/550 325/605/556
f 3/324/281 1711/323/281 1706/608/559
f 11/610/561 1707/613/561 1486/611/331
f 6/282/245 1488/281/244 1489/612/249
f 12/206/171 1550/205/171 1707/613/561
f 2/609/560 1706/608/559 1549/614/170
f 8/615/562 9/617/565 1481/616/563
f 103/375/332 1487/374/332 1481/616/563
f 18/618/566 213/636/567 1729/619/567
f 18/618/566 1718/620/566 1719/621/568
f 82/623/569 1714/630/574 1712/624/570
f 1413/626/571 1726/641/1898 1717/627/572
f 15/629/168 1716/635/168 1714/630/574
f 20/631/575 1721/639/575 1722/632/576
f 16/634/577 1715/642/577 1716/635/168
f 19/633/576 1722/632/576 1729/619/567
f 14/625/570 1712/624/570 1713/637/578
f 13/638/578 1713/637/578 1721/639/575
f 1411/640/579 1723/652/580 1725/641/580
f 84/628/573 1717/627/572 1715/642/577
f 1720/621/1 339/620/1 344/627/1
f 339/620/1 346/619/1 337/642/1
f 343/630/1 336/635/1 340/632/1
f 134/616/1 193/287/1 332/612/1
f 133/611/1 327/322/1 193/287/1
f 133/611/1 132/613/1 331/202/1
f 127/205/1 328/323/1 331/202/1
f 346/619/1 340/632/1 336/635/1
f 86/644/581 80/1015/928 1929/645/582
f 87/647/584 81/650/587 348/648/585
f 81/650/587 24/207/1899 1548/209/588
f 78/651/589 347/654/595 1724/652/590
f 1728/641/592 1737/660/592 918/653/593
f 347/654/595 921/869/786 1735/655/596
f 1485/208/597 1732/657/597 1730/656/597
f 136/643/598 916/682/620 1733/657/599
f 348/648/585 922/659/601 923/658/600
f 1548/209/588 1731/656/1900 922/659/601
f 345/652/602 1734/655/602 1736/660/602
f 1738/661/603 177/284/247 1473/662/604
f 1475/664/606 1528/285/248 177/284/247
f 1592/669/611 1530/666/608 172/668/610
f 1351/671/612 1532/1063/1901 178/672/613
f 572/678/617 48/673/614 174/677/616
f 31/680/618 49/684/622 136/643/598
f 46/683/621 916/682/620 136/643/598
f 1748/686/624 1749/1250/1902 1756/1064/624
f 1749/1250/1902 1754/1251/1903 1756/1064/624
f 1756/1064/624 1753/687/625 1748/686/624
f 1753/687/625 1752/1252/1904 1751/685/623
f 1752/1252/1904 1755/1253/623 1750/1254/625
f 1751/685/623 1752/1252/1904 1750/1254/625
f 1740/688/626 1739/702/627 351/689/627
f 1741/691/629 353/700/637 354/692/630
f 1744/694/631 356/704/640 355/695/632
f 1745/697/634 1740/688/626 352/690/628
f 1741/691/629 1746/701/638 358/699/636
f 1746/701/638 1743/696/633 355/695/632
f 1742/693/630 354/692/630 351/689/627
f 1744/694/631 1747/705/641 359/703/639
f 1745/697/634 357/698/635 359/703/639
f 122/706/642 169/720/654 360/707/643
f 121/709/645 362/718/653 363/710/646
f 124/712/647 365/722/647 364/713/648
f 126/715/650 122/706/642 361/708/644
f 121/709/645 154/719/652 367/717/652
f 154/719/652 155/714/649 364/713/648
f 123/711/646 363/710/646 360/707/643
f 124/712/647 350/723/656 368/721/655
f 126/715/650 366/716/651 368/721/655
f 63/724/657 338/621/594 918/653/593
f 1669/730/664 447/873/790 446/731/665
f 148/734/669 1761/735/670 1604/733/334
f 1761/735/670 148/734/669 149/736/671
f 1762/737/672 149/736/671 300/738/673
f 1381/739/674 1593/748/685 150/740/675
f 1602/129/100 151/128/99 381/742/677
f 97/119/90 100/1051/1875 1399/130/101
f 379/537/489 1676/536/488 1675/532/484
f 378/545/497 377/544/496 299/747/682
f 305/574/526 376/566/518 958/567/520
f 310/569/683 306/561/1893 376/566/518
f 298/579/684 310/569/683 384/571/524
f 1593/748/685 1594/743/678 381/742/677
f 78/651/589 87/647/584 349/649/586
f 1765/749/686 1764/520/474 374/750/687
f 372/752/688 1770/755/691 1769/753/689
f 372/752/688 373/519/473 1763/521/475
f 370/754/690 1769/753/689 1758/756/692
f 1771/758/693 1597/1065/693 1477/759/693
f 1773/761/694 1599/1255/695 1772/762/695
f 1766/764/697 1596/1066/697 1773/761/694
f 375/765/698 1777/767/700 1774/768/701
f 1850/770/702 1380/868/1905 371/771/703
f 1861/773/705 1775/768/705 391/767/706
f 1856/775/708 1855/772/704 371/771/703
f 1860/773/710 1857/775/1906 284/776/711
f 1853/777/713 398/774/707 391/767/706
f 383/779/715 382/1256/714 388/1068/715
f 388/1068/715 389/1067/715 383/779/715
f 389/1067/715 386/780/714 383/779/715
f 386/780/714 387/1257/714 390/778/714
f 387/1257/714 385/1258/714 393/1259/714
f 390/778/714 387/1257/714 393/1259/714
f 1779/781/716 1778/811/745 1644/782/717
f 1781/784/719 1780/788/720 402/785/720
f 1782/787/722 404/793/727 402/785/720
f 1784/789/723 1783/806/740 405/790/724
f 1785/792/726 407/813/747 404/793/727
f 1784/789/723 406/791/725 408/794/728
f 1787/796/730 409/809/743 410/797/731
f 1789/799/733 1788/798/732 410/797/731
f 1790/801/735 411/961/877 412/802/736
f 1792/804/738 1791/803/737 412/802/736
f 1783/806/740 1792/804/738 413/805/739
f 1779/781/716 401/783/718 414/807/741
f 1787/796/730 1793/808/742 414/807/741
f 1794/810/744 1661/812/746 1644/782/717
f 1794/810/744 1781/784/719 403/786/721
f 1786/795/729 408/794/728 407/813/747
f 1525/814/748 1522/269/232 1520/271/234
f 1852/815/749 1849/1074/749 444/816/750
f 1859/818/752 395/815/1907 1847/817/753
f 1800/820/755 1802/1260/755 1795/821/755
f 1830/823/756 1827/843/756 1837/824/756
f 1814/826/757 1812/1069/757 1819/827/757
f 1822/829/758 1824/1070/758 1801/820/758
f 1806/830/759 1815/1071/759 1818/831/759
f 1809/833/760 1803/1072/760 417/834/760
f 1808/833/761 1825/835/761 1820/836/761
f 1805/830/762 1823/832/762 416/838/762
f 421/840/764 427/1070/764 426/829/764
f 1835/842/756 1833/1073/756 1828/843/756
f 1836/844/756 1797/848/756 1804/845/756
f 418/844/756 1832/854/756 1807/847/756
f 1838/849/756 1829/855/756 1810/850/756
f 1840/852/756 423/849/756 432/851/756
f 422/852/756 433/853/756 430/847/756
f 419/846/756 428/845/756 431/850/756
f 1862/856/765 1859/818/752 440/819/754
f 442/858/767 1858/860/768 399/856/768
f 443/859/770 397/861/774 396/860/771
f 1845/816/773 394/1074/1908 397/861/774
f 1846/862/775 1845/816/773 443/859/770
f 436/863/776 443/859/770 1843/858/772
f 437/864/778 442/858/767 1841/857/769
f 441/857/766 440/819/754 435/866/780
f 440/819/754 1847/817/753 1848/867/782
f 445/817/751 444/816/750 439/862/783
f 1854/777/784 1382/766/1909 1379/868/784
f 1927/646/583 1928/745/680 85/744/679
f 349/649/586 923/658/600 921/869/786
f 1432/870/787 1435/147/116 1414/146/115
f 446/731/665 1925/217/181 1476/216/180
f 447/873/790 1669/730/664 141/211/176
f 449/875/792 452/891/806 1867/876/793
f 1864/878/794 1869/895/810 1868/879/795
f 1878/881/797 1875/1261/1910 1874/882/798
f 1870/884/800 1871/1075/415 1039/885/415
f 462/883/799 1874/882/798 1877/887/802
f 1881/889/804 1880/888/803 1877/887/802
f 452/891/806 1881/889/804 1876/890/805
f 1879/886/801 461/893/808 1872/892/807
f 461/893/808 460/896/811 1873/894/809
f 1869/895/810 1873/894/809 460/896/811
f 1030/897/812 454/906/821 1882/898/813
f 451/900/815 448/1262/1911 1884/901/816
f 455/903/818 1886/922/836 1887/904/819
f 1887/904/819 1882/898/813 454/906/821
f 457/907/822 1034/1076/823 1889/908/823
f 473/910/825 468/916/830 1048/911/826
f 457/907/822 1888/909/824 1890/913/827
f 474/915/829 469/926/840 468/916/830
f 1892/917/831 1891/1263/832 450/918/832
f 1893/920/834 1892/917/831 453/919/833
f 459/914/828 1890/913/827 1893/920/834
f 451/900/815 1885/902/817 1886/922/836
f 476/923/837 466/927/841 465/924/838
f 476/923/837 472/929/843 469/926/840
f 466/927/841 476/923/837 474/915/829
f 472/929/843 476/923/837 475/925/839
f 467/928/842 474/915/829 473/910/825
f 463/931/845 473/910/825 1054/912/826
f 464/934/847 477/933/846 475/925/839
f 1066/937/850 1901/951/865 485/935/848
f 1901/951/865 484/1264/1912 485/935/848
f 480/938/851 210/947/861 1569/939/852
f 478/941/854 483/941/868 1065/942/855
f 1900/944/858 1645/502/453 400/945/859
f 1906/952/866 1907/949/863 1901/951/865
f 478/941/854 1898/953/871 486/953/867
f 259/954/869 1895/943/856 1902/943/857
f 1898/953/871 259/954/869 482/955/870
f 481/946/860 400/945/859 415/470/421
f 1918/956/872 1916/962/878 1915/957/873
f 1912/960/876 1909/974/890 1923/959/875
f 1790/801/735 1789/799/733 487/800/734
f 1916/962/878 1918/956/872 1919/963/879
f 1913/966/882 1914/964/880 1919/963/879
f 1908/971/887 1909/974/890 1910/973/889
f 258/975/891 276/1005/920 489/976/892
f 260/978/894 261/982/895 491/979/895
f 262/981/897 493/987/902 491/979/895
f 273/983/898 494/1000/915 495/984/899
f 264/986/901 496/1007/921 493/987/902
f 265/988/903 263/985/900 495/984/899
f 268/990/905 498/1003/918 499/991/906
f 271/993/908 488/1008/909 500/994/909
f 271/993/908 501/995/910 502/996/911
f 89/998/913 272/997/912 502/996/911
f 89/998/913 503/999/914 494/1000/915
f 258/975/891 490/977/893 504/1001/916
f 268/990/905 274/1002/917 504/1001/916
f 275/1004/919 505/1006/919 489/976/892
f 275/1004/919 260/978/894 492/980/896
f 265/988/903 497/989/904 496/1007/921
f 488/1008/909 270/992/907 499/991/906
f 511/1009/922 75/185/151 105/161/128
f 508/1013/926 506/1014/927 137/215/179
f 506/1014/927 507/163/130 139/213/178
f 1926/1011/924 1929/645/582 80/1015/928
f 79/1016/929 508/1013/926 140/222/186
f 1932/1017/930 1421/1078/1913 1768/874/791
f 515/1018/931 140/222/186 137/215/179
f 1930/1019/932 139/213/178 138/872/789
f 514/198/165 510/109/1914 1389/108/934
f 1384/741/676 1377/1079/82 68/1023/82
f 523/1024/937 1935/1040/937 1936/1025/937
f 525/1027/938 522/1041/947 526/1028/939
f 524/1030/941 1938/1039/946 1939/1031/942
f 1942/1033/943 1943/1081/1915 1941/1034/944
f 1103/1036/945 1940/1080/945 521/1037/937
f 1941/1034/944 1943/1081/1915 1938/1039/946
f 520/1038/937 521/1037/937 1935/1040/937
f 522/1041/947 1108/1082/948 1115/1042/948
f 519/1043/949 525/1027/938 527/1029/940
f 517/1045/951 519/1043/949 518/1044/950
f 1945/1/952 1973/3/952 1974/2/952
f 1944/4/953 1971/5/967 1973/3/952
f 1980/7/954 2069/152/1071 2070/6/955
f 1982/10/952 1983/157/952 1958/9/952
f 2057/13/957 2094/141/1061 552/12/958
f 1984/16/952 2095/153/952 1956/15/952
f 1990/19/960 644/171/1090 649/18/961
f 1951/21/962 2108/23/1916 2109/22/963
f 1949/24/964 2109/22/963 2110/25/965
f 1971/5/967 1944/4/953 1946/26/968
f 1993/29/970 2115/1052/1088 2106/28/971
f 1961/31/952 1997/33/952 1998/32/952
f 1960/34/952 563/35/952 1997/33/952
f 1999/37/952 2000/1234/952 1964/36/952
f 1964/36/952 2000/1234/952 618/39/952
f 1996/42/973 2004/126/1112 2002/41/974
f 1970/44/976 1969/45/952 1998/32/952
f 1966/47/978 570/79/1010 2018/46/979
f 2236/52/983 764/54/1256 2032/53/984
f 2009/61/992 1343/63/42 1345/62/42
f 2013/74/995 582/72/1003 2012/65/994
f 2012/65/994 2009/61/992 2010/64/993
f 588/66/996 587/58/989 2341/59/991
f 2011/55/986 576/56/988 581/67/998
f 2008/68/999 581/67/998 1991/69/1000
f 1988/71/1002 588/66/996 582/72/1003
f 1985/73/1004 582/72/1003 2013/74/995
f 581/67/998 588/66/996 1988/71/1002
f 576/56/988 587/58/989 588/66/996
f 882/57/987 881/588/1452 587/58/989
f 2111/75/1006 2108/23/1916 1951/21/962
f 2021/77/1008 571/80/1011 757/49/981
f 570/79/1010 571/80/1011 2021/77/1008
f 2016/82/1013 2018/46/979 570/79/1010
f 2005/51/977 757/49/981 2247/83/1014
f 2240/85/1015 2227/1049/1025 749/84/63
f 1360/88/66 594/1235/1874 2024/87/1016
f 597/90/1018 1362/92/70 1364/91/69
f 2027/93/1020 597/90/1018 2025/94/1019
f 2023/89/1017 2024/87/1016 754/95/1022
f 2240/85/1015 2244/98/1024 2225/97/1024
f 599/103/1027 2035/357/1251 2033/102/1028
f 2034/105/1029 600/107/1252 2228/106/1030
f 1982/10/952 1957/11/952 1959/114/952
f 2003/43/975 2078/116/1368 562/115/1036
f 2097/118/1037 2071/168/1086 2099/117/1038
f 566/120/1040 2077/121/1042 2068/123/1043
f 2067/125/1045 2004/126/1112 565/124/1044
f 2256/127/1046 2257/129/1550 686/128/1047
f 2060/130/1049 2059/132/1072 2092/131/1050
f 2055/135/1053 2058/158/1075 553/136/1055
f 629/133/1052 550/139/1059 2052/137/1056
f 2055/135/1053 629/133/1052 2053/138/1057
f 550/139/1059 548/111/1033 2051/112/1035
f 634/140/1060 633/142/1070 2094/141/1061
f 2396/144/1063 2394/1236/1064 2258/143/1064
f 636/148/1066 2075/146/1065 2077/121/1042
f 1977/150/1068 2093/870/1652 631/149/1069
f 1956/15/952 2095/153/952 2069/152/1071
f 2059/132/1072 1978/8/956 2070/6/955
f 1965/154/1073 2073/155/1085 2097/118/1037
f 637/156/1074 1999/37/952 1963/38/952
f 1958/9/952 1983/157/952 1984/16/952
f 2058/158/1075 2057/13/957 639/14/959
f 1099/160/1076 2561/1022/1782 609/159/1077
f 2500/162/1079 1095/164/1917 1093/163/1080
f 568/165/1082 665/167/1918 2151/166/1083
f 1993/29/970 1948/170/1919 2101/169/1087
f 2105/173/1091 585/175/1104 556/174/1092
f 2104/176/1093 556/174/1092 1987/30/972
f 2101/169/1087 1948/170/1919 1950/178/966
f 647/179/1095 721/181/1920 723/180/1096
f 2197/183/1098 2194/192/1107 646/182/1099
f 644/171/1090 2113/177/1094 2111/75/1006
f 2081/186/1100 1097/1009/1766 610/185/1101
f 648/188/1102 719/190/1216 2102/189/1103
f 585/175/1104 2105/173/1091 2113/177/1094
f 1992/27/969 1946/26/968 1947/170/1105
f 2194/192/1107 2195/311/1921 645/191/1108
f 763/193/1109 761/195/161 593/194/160
f 2062/196/1111 2002/41/974 2004/126/1112
f 563/35/952 1960/34/952 1962/40/952
f 666/197/1113 1100/198/1778 2083/186/1114
f 2212/202/169 2211/322/168 531/201/168
f 2210/205/171 2209/614/170 528/204/170
f 1979/207/1117 2207/209/1118 2144/208/1118
f 676/211/1119 2560/1017/1773 2036/210/1120
f 2559/214/1076 2558/1019/1776 674/213/1081
f 2324/220/1126 850/572/1439 868/219/1127
f 675/222/1129 623/224/1922 1976/223/1130
f 625/225/1132 568/165/1082 2098/226/1084
f 2151/166/1083 665/167/1918 2061/227/1134
f 2152/231/1138 2153/229/1136 2156/230/1135
f 2153/229/1136 2154/1237/1135 2155/228/1137
f 2152/231/1138 2065/233/1923 2085/232/1139
f 718/235/1140 717/238/1143 606/234/1141
f 717/238/1143 716/240/1145 607/237/1144
f 716/240/1145 2117/241/1148 608/239/1146
f 602/242/1147 608/239/1146 2117/241/1148
f 2171/244/1150 2169/246/1154 2123/245/1151
f 2170/247/1153 2168/248/1155 2169/246/1154
f 2124/250/1157 2173/252/1159 2172/251/1152
f 2177/257/1163 2126/259/1924 2127/258/1164
f 698/260/1166 701/262/1177 703/261/1167
f 696/263/1168 703/261/1167 702/264/1169
f 695/265/1170 702/264/1169 704/266/1171
f 2182/269/1174 2180/271/1612 2179/270/1175
f 701/262/1177 698/260/1166 706/272/1178
f 2183/273/1176 2179/270/1175 2181/274/1180
f 2129/253/1158 2126/259/1924 2177/257/1163
f 2187/277/1183 2185/814/1613 707/255/1162
f 2149/281/1188 2353/643/1189 1953/280/1189
f 714/284/1191 2193/290/1925 2189/283/1192
f 2355/287/250 2150/612/249 584/286/249
f 2191/289/1194 2193/290/1925 714/284/1191
f 718/235/1140 2167/297/1202 2125/291/1196
f 693/292/1197 692/294/1199 717/238/1143
f 692/294/1199 694/293/1198 716/240/1145
f 559/295/1200 2167/297/1202 718/235/1140
f 1995/296/1201 2130/298/1203 2167/297/1202
f 2198/301/1206 722/303/1926 724/302/1207
f 2199/304/1208 724/302/1207 2196/305/1209
f 2203/306/1211 722/303/1926 2198/301/1206
f 2200/308/1210 2196/305/1209 2205/307/1213
f 645/191/1108 2195/311/1921 2204/310/1214
f 728/189/1215 2206/315/1215 2116/312/1215
f 650/314/1097 723/180/1096 719/190/1216
f 727/315/1217 720/183/1218 643/184/1218
f 652/316/1219 726/310/1219 2202/317/1219
f 725/317/1220 721/181/1920 647/179/1095
f 555/320/1221 2014/671/1221 2135/319/1221
f 2211/322/168 2355/287/250 532/288/250
f 2356/323/281 2212/202/169 560/203/169
f 2214/326/1223 2213/419/1303 733/325/1224
f 734/327/1225 733/325/1224 682/328/1226
f 677/330/1228 682/328/1226 733/325/1224
f 2312/334/1231 2141/336/1235 2140/333/1232
f 2313/337/1234 2215/549/1421 2141/336/1235
f 738/339/296 737/344/301 739/338/1236
f 740/340/1237 739/338/1236 735/341/1238
f 743/343/300 744/379/1271 739/338/1236
f 2318/346/1240 2218/386/1278 2087/345/1241
f 741/349/1243 679/393/1282 2084/348/1244
f 1503/351/308 738/339/296 740/340/1237
f 2164/352/1247 2163/353/1246 740/340/1237
f 766/354/1248 763/193/1109 596/355/1110
f 2026/96/1023 754/95/1022 2035/357/1251
f 600/107/1252 2027/93/1020 2028/358/1021
f 765/359/1253 2221/507/1380 2222/356/1254
f 764/54/1256 766/354/1248 752/360/1249
f 2235/101/1257 2237/362/1259 2230/361/1258
f 1582/363/322 1585/365/322 2241/364/1260
f 2246/367/1262 2239/503/1927 2245/366/1263
f 762/369/1261 2241/364/1260 2246/367/1262
f 757/49/981 571/80/1011 1966/47/978
f 2322/371/1265 2161/1060/1402 2160/370/1266
f 2148/374/332 2147/611/331 537/373/331
f 2259/377/1268 678/1238/1541 611/376/1269
f 744/379/1271 2217/1057/1287 735/341/1238
f 785/380/337 1618/382/337 2271/381/1272
f 2266/384/1274 2268/1239/1928 2275/383/1275
f 844/387/1277 2277/395/1285 2218/386/1278
f 743/343/300 780/389/337 779/388/1279
f 784/390/1273 2271/381/1272 2273/391/1280
f 679/393/1282 741/349/1243 781/392/1283
f 845/385/1276 2275/383/1275 2277/395/1285
f 780/389/337 785/380/337 784/390/1273
f 744/379/1271 779/388/1279 2276/396/1286
f 680/394/1284 781/392/1283 783/397/1288
f 786/398/1289 734/327/1225 681/329/1227
f 2269/399/1290 2260/400/1291 786/398/1289
f 734/327/1225 786/398/1289 2260/400/1291
f 2263/402/1292 2278/1240/1929 1625/401/356
f 779/388/1279 784/390/1273 2272/404/1281
f 2265/405/1294 2280/406/1930 2282/408/1295
f 777/410/1297 776/412/365 787/411/364
f 2315/409/1296 2278/1240/1929 2263/402/1292
f 2267/413/1299 2274/415/1305 790/414/1300
f 2088/332/1230 733/325/1224 2213/419/1303
f 2274/415/1305 777/410/1297 788/421/1298
f 2283/423/1306 1632/1241/373 1560/422/373
f 2285/426/1308 2284/1242/1931 732/425/1309
f 2286/429/1311 2220/460/1334 2090/428/1312
f 732/425/1309 2284/1242/1931 2287/430/1313
f 771/431/382 1638/433/382 2288/432/1314
f 2292/434/1316 809/435/1335 2283/423/1306
f 773/439/1320 2291/440/1327 2290/437/1319
f 2289/436/1317 2285/426/1308 731/427/1310
f 802/442/392 803/445/1322 807/441/1321
f 804/444/394 805/446/1323 803/445/1322
f 791/447/397 793/448/1336 805/446/1323
f 792/450/1324 796/458/1332 811/449/1325
f 2291/440/1327 773/439/1320 772/452/1315
f 806/443/393 807/441/1321 798/453/1328
f 803/445/1322 805/446/1323 811/449/1325
f 794/456/1330 812/459/1333 810/455/1329
f 810/455/1329 811/449/1325 796/458/1332
f 812/459/1333 807/441/1321 803/445/1322
f 2220/460/1334 2286/429/1311 809/435/1335
f 2293/451/1326 811/449/1325 805/446/1323
f 823/466/1341 822/468/419 748/467/418
f 807/441/1321 812/459/1333 799/463/1339
f 2297/471/1344 751/478/1352 2224/472/1346
f 824/477/1351 2295/502/1375 2310/475/1350
f 751/478/1352 2297/471/1344 2526/469/1343
f 813/479/1342 748/467/418 1899/480/431
f 808/482/1356 824/477/1351 826/476/1349
f 746/483/1357 826/476/1349 2304/474/1348
f 808/482/1356 747/485/1359 823/466/1341
f 747/485/1359 745/486/437 822/468/419
f 2006/487/1360 564/489/1365 2301/488/1361
f 663/490/1363 2302/492/1383 2299/491/1364
f 564/489/1365 562/115/1036 2300/493/1366
f 2079/494/1367 2300/493/1366 562/115/1036
f 628/496/1371 2307/965/1730 2308/498/1372
f 641/499/1133 2308/498/1372 2309/501/1374
f 824/477/1351 823/466/1341 813/479/1342
f 2245/366/1263 2239/503/1927 837/362/1376
f 2030/104/1378 835/102/1379 590/504/1379
f 2221/507/1380 765/359/1253 836/508/1381
f 758/361/1382 2238/362/1382 834/104/1382
f 663/490/1363 2006/487/1360 2303/509/1362
f 2158/510/1384 840/523/1397 838/347/1242
f 774/416/1385 2267/413/1299 846/511/1301
f 782/513/1386 2317/517/1392 2316/512/1387
f 778/514/1388 2316/512/1387 842/515/1389
f 775/518/1391 843/1243/1391 2317/517/1392
f 947/519/1393 2400/521/1562 2401/520/1394
f 742/516/1390 842/515/1389 2314/522/1233
f 2157/524/1396 839/526/1398 840/523/1397
f 839/526/1398 2157/524/1396 2159/525/1399
f 2322/371/1265 2321/529/1422 2162/528/1401
f 2323/372/1267 2160/370/1266 604/530/1403
f 2122/533/1404 852/1244/1404 2325/532/1405
f 2326/536/1407 2329/538/1411 847/535/1408
f 2320/539/1410 847/535/1408 2329/538/1411
f 951/544/1415 2335/550/1424 853/543/1416
f 854/546/1418 2166/548/1932 2330/547/1419
f 2313/337/1234 2320/539/1410 2327/540/1412
f 2321/529/1422 859/527/1400 2159/525/1399
f 2328/551/1423 853/543/1416 2335/550/1424
f 2337/554/1426 1688/1245/1891 687/553/505
f 871/559/1431 2337/554/1426 689/555/1427
f 862/562/514 863/1061/1436 2339/561/1433
f 865/564/516 864/574/1440 868/219/1127
f 867/563/519 866/561/1556 950/566/1434
f 2338/568/1435 2340/569/1444 2339/561/1433
f 873/570/1437 864/574/1440 950/566/1434
f 869/565/517 868/219/1127 850/572/1439
f 874/221/1128 868/219/1127 864/574/1440
f 2332/575/1441 855/576/1933 874/221/1128
f 2331/577/1442 2332/575/1441 873/570/1437
f 861/578/1443 2336/579/1934 2340/569/1444
f 2334/558/1429 871/559/1431 870/560/1432
f 874/221/1128 855/576/1933 851/581/1446
f 2349/1062/1448 1704/1246/1894 1699/583/535
f 1699/583/535 2345/582/1449 2348/584/1447
f 2345/582/1449 2347/586/1451 2348/584/1447
f 2345/582/1449 2346/1247/1450 2350/585/1450
f 2344/587/997 2012/65/994 582/72/1003
f 2342/60/990 587/58/989 881/588/1452
f 882/57/987 2011/55/986 1346/589/541
f 574/590/542 586/592/544 881/588/1452
f 586/592/544 1696/1248/1896 2343/591/1453
f 885/593/545 573/595/545 884/594/1454
f 884/594/1454 886/606/1935 877/596/1456
f 887/599/1457 888/602/1460 878/598/1458
f 888/602/1460 889/604/1462 879/601/1461
f 889/604/1462 875/1249/1897 883/603/554
f 877/596/1456 886/606/1935 890/605/1463
f 890/605/1463 887/599/1457 876/600/1459
f 2351/608/559 2356/323/281 530/324/281
f 2147/611/331 2352/613/561 538/610/561
f 2150/612/249 2149/281/1188 533/282/1190
f 2352/613/561 2210/205/171 539/206/171
f 2209/614/170 2351/608/559 529/609/560
f 535/615/1465 2143/208/1465 2142/616/1466
f 2142/616/1466 2148/374/332 638/375/332
f 545/618/566 2363/620/566 2374/619/567
f 2364/621/568 2363/620/566 545/618/566
f 2357/624/570 2359/630/574 617/623/569
f 2362/627/1468 2371/641/1936 2074/626/1469
f 2359/630/574 2361/635/168 542/629/168
f 2367/632/576 2366/639/575 547/631/575
f 2361/635/168 2360/642/577 543/634/577
f 2374/619/567 2367/632/576 546/633/576
f 2358/637/578 2357/624/570 541/625/570
f 2366/639/575 2358/637/578 540/638/578
f 2370/641/1471 2368/652/1937 2072/640/1472
f 2360/642/577 2362/627/1468 619/628/1470
f 2365/621/952 2372/641/952 909/627/952
f 902/642/952 911/619/952 904/620/952
f 905/632/952 901/635/952 908/630/952
f 669/616/952 2145/208/952 897/612/952
f 668/611/952 898/374/952 730/287/952
f 896/202/952 667/613/952 668/611/952
f 662/205/952 667/613/952 896/202/952
f 901/635/952 905/632/952 911/619/952
f 621/644/1474 2555/646/1651 2557/645/1475
f 622/647/1477 914/649/1487 913/648/1478
f 616/650/1479 913/648/1478 2208/209/1480
f 613/651/1482 642/640/1938 2369/652/1483
f 918/653/593 1737/660/592 2373/641/592
f 1735/655/596 921/869/786 912/654/1484
f 917/656/597 915/657/597 2146/208/597
f 1733/657/599 916/682/620 671/643/1486
f 923/658/600 922/659/601 913/648/1478
f 922/659/601 1731/656/1900 2208/209/1480
f 919/660/602 920/655/602 910/652/602
f 2375/661/1488 2132/663/1939 2134/662/1195
f 2136/664/1489 2375/661/1488 714/284/1191
f 708/668/1493 2190/666/1492 1592/669/611
f 2015/671/1494 579/673/1498 715/672/1495
f 572/678/617 768/679/617 711/677/1499
f 671/643/1486 580/684/1940 558/680/1500
f 577/683/1501 580/684/1940 671/643/1486
f 2391/1251/1941 2386/1250/1503 2393/1064/1503
f 2386/1250/1503 2385/686/1504 2393/1064/1503
f 2385/686/1504 2388/685/1942 2390/687/1502
f 2388/685/1942 2387/1254/1502 2389/1252/1943
f 2387/1254/1502 2392/1253/1942 2389/1252/1943
f 2389/1252/1943 2390/687/1502 2388/685/1942
f 2377/688/1505 926/690/1514 925/689/1506
f 928/692/1508 927/700/1944 2378/691/1509
f 929/695/1510 930/704/1945 2381/694/1511
f 2382/697/1513 931/698/1946 926/690/1514
f 2378/691/1509 927/700/1944 932/699/1515
f 2383/701/1516 932/699/1515 929/695/1510
f 925/689/1506 928/692/1508 2379/693/1508
f 2381/694/1511 930/704/1945 933/703/1517
f 933/703/1517 931/698/1946 2382/697/1513
f 657/706/1519 935/708/1528 934/707/1520
f 937/710/1522 936/718/1947 656/709/1523
f 938/713/1524 939/722/1525 659/712/1525
f 661/715/1527 940/716/1948 935/708/1528
f 656/709/1523 936/718/1947 941/717/1529
f 690/719/1529 941/717/1529 938/713/1524
f 934/707/1520 937/710/1522 658/711/1522
f 659/712/1525 939/722/1525 942/721/1530
f 942/721/1530 940/716/1948 661/715/1527
f 598/724/1532 595/726/659 918/653/593
f 1021/731/1537 1022/873/1655 2319/730/1538
f 2259/733/1268 2398/735/1543 683/734/1542
f 2398/735/1543 2399/737/1545 684/736/1544
f 2399/737/1545 2256/127/1046 858/738/1048
f 2042/739/1546 2045/741/1783 685/740/1547
f 955/742/1549 686/128/1047 2257/129/1550
f 632/119/1039 2099/117/1038 2060/130/1049
f 2325/532/1405 2326/536/1407 953/537/1409
f 857/747/1420 951/544/1415 952/545/1417
f 958/567/520 950/566/1434 864/574/1440
f 872/569/1555 959/571/1438 950/566/1434
f 856/579/1557 2331/577/1442 959/571/1438
f 2248/748/1548 685/740/1547 955/742/1549
f 613/651/1482 912/654/1484 914/649/1487
f 2402/749/1558 2250/751/1558 948/750/1395
f 2406/753/1559 2407/755/1949 946/752/1560
f 946/752/1560 2407/755/1949 2400/521/1562
f 2395/756/1563 2406/753/1559 944/754/1561
f 2408/758/1564 2397/760/1564 2138/759/1564
f 2409/762/1565 2254/1255/1565 2410/761/1566
f 2403/764/1568 2413/763/1567 2410/761/1566
f 2411/768/1572 2414/767/1570 949/765/1569
f 945/771/1573 2041/868/1950 2487/770/1574
f 966/767/1576 2412/768/1577 2498/773/1577
f 2493/775/1579 2255/776/1579 945/771/1573
f 2497/773/1580 967/768/1951 841/776/1581
f 2490/777/1583 605/766/1583 966/767/1576
f 963/1068/1584 956/1256/1952 957/779/1584
f 957/779/1584 965/778/1952 961/780/1952
f 965/778/1952 968/1259/1952 962/1257/1952
f 968/1259/1952 960/1258/1952 962/1257/1952
f 962/1257/1952 961/780/1952 965/778/1952
f 961/780/1952 964/1067/1584 957/779/1584
f 2416/781/1585 976/783/1953 2294/782/1586
f 2418/784/1588 978/786/1610 977/785/1589
f 977/785/1589 979/793/1594 2419/787/1590
f 2421/789/1591 981/791/1954 980/790/1592
f 979/793/1594 982/813/1611 2422/792/1595
f 983/794/1596 981/791/1954 2421/789/1591
f 985/797/1598 984/809/1599 2424/796/1599
f 2426/799/1601 1073/800/1726 985/797/1598
f 987/802/1602 986/961/1955 2427/801/1603
f 2429/804/1605 988/805/1606 987/802/1602
f 2420/806/1593 980/790/1592 988/805/1606
f 989/807/1607 976/783/1953 2416/781/1585
f 2424/796/1599 984/809/1599 989/807/1607
f 2294/782/1586 2311/812/1956 2431/810/1609
f 2431/810/1609 2311/812/1956 978/786/1610
f 982/813/1611 983/794/1596 2423/795/1597
f 2180/271/1612 2182/269/1174 2185/814/1613
f 1019/816/1614 2486/1074/1615 2489/815/1615
f 2484/817/1617 970/815/1957 2496/818/1618
f 2432/821/1620 2439/1260/1620 2437/820/1620
f 2467/823/1621 2476/825/1621 2474/824/1621
f 2451/826/1622 2454/828/1622 2456/827/1622
f 2459/829/1623 2436/822/1623 2438/820/1623
f 2443/830/1624 2458/832/1624 2455/831/1624
f 2446/833/1625 2463/835/1625 992/834/1625
f 2457/836/1626 2462/835/1626 2445/833/1626
f 991/838/1627 2460/832/1627 2442/830/1627
f 1001/829/1629 1002/1070/1629 996/840/1629
f 2472/842/1621 2468/823/1621 2465/843/1621
f 993/844/1621 1004/848/1621 2444/847/1621
f 2475/849/1621 2450/851/1621 2447/850/1621
f 2477/852/1621 2453/853/1621 1007/851/1621
f 1005/847/1621 1008/853/1621 997/852/1621
f 1006/850/1621 1003/845/1621 994/846/1621
f 1015/819/1619 2496/818/1618 2499/856/1630
f 1017/858/1632 2478/857/1643 974/856/1633
f 1018/859/1634 2480/858/1641 971/860/1635
f 2482/816/1637 1018/859/1634 972/861/1636
f 2483/862/1639 1011/863/1640 1018/859/1634
f 1011/863/1640 2481/864/1958 2480/858/1641
f 1012/864/1642 2479/865/1959 2478/857/1643
f 1010/866/1644 1015/819/1619 1016/857/1631
f 2485/867/1646 2484/817/1617 1015/819/1619
f 1014/862/1647 1019/816/1614 1020/817/1616
f 2040/868/1648 2043/766/1648 2491/777/1649
f 620/744/1552 2556/745/1554 2555/646/1651
f 921/869/786 923/658/600 914/649/1487
f 2093/870/1652 1977/150/1068 2075/146/1065
f 1021/731/1537 2253/732/1539 2137/216/1123
f 1022/873/1655 2405/874/1774 676/211/1119
f 1024/875/1656 2503/877/1656 2504/876/1657
f 2501/878/1659 2502/880/1960 2505/879/1660
f 2510/882/1662 1875/1261/1910 1878/881/797
f 2507/884/1664 2513/886/1670 1039/885/415
f 2512/887/1665 2510/882/1662 1040/883/1663
f 2512/887/1665 2514/888/1666 2515/889/1667
f 2511/890/1668 2515/889/1667 1027/891/1658
f 2508/892/1669 1038/893/1672 2513/886/1670
f 2509/894/1671 1037/896/1673 1038/893/1672
f 1037/896/1673 2509/894/1671 2506/895/1661
f 1030/897/812 1883/899/814 2516/898/1674
f 2517/901/1676 1023/1262/1961 1026/900/1677
f 2520/904/1679 2519/922/1693 1031/903/1680
f 1029/906/1675 2516/898/1674 2520/904/1679
f 1033/907/1682 2521/909/1962 1889/908/823
f 1048/911/826 1047/916/1687 1053/910/1683
f 2522/913/1684 2521/909/1962 1033/907/1682
f 1055/915/1686 1053/910/1683 1047/916/1687
f 1025/918/832 2523/1263/832 2524/917/1689
f 1028/919/1690 2524/917/1689 2525/920/1691
f 2525/920/1691 2522/913/1684 1036/914/1685
f 2519/922/1693 2518/902/1678 1026/900/1677
f 1057/923/1694 1056/925/1698 1044/924/1695
f 1057/923/1694 1055/915/1686 1049/926/1688
f 1045/927/1696 1046/928/1699 1055/915/1686
f 1052/929/1697 1051/930/1702 1056/925/1698
f 1046/928/1699 1041/931/1700 1053/910/1683
f 1054/912/826 1053/910/1683 1041/931/1700
f 1058/933/1701 1056/925/1698 1051/930/1702
f 1056/925/1698 1058/933/1701 1043/934/1704
f 1070/1264/1963 2531/951/1714 1071/935/1705
f 2531/951/1714 1066/937/850 1071/935/1705
f 1569/939/852 753/947/1353 1063/938/1706
f 1065/942/855 1069/941/1964 1060/941/1707
f 975/945/1710 2295/502/1375 2530/944/1354
f 1906/952/866 1066/937/850 2531/951/1714
f 1060/941/1707 1069/941/1964 1072/953/1716
f 815/954/1718 1067/955/1720 2532/943/1719
f 2529/953/1717 1072/953/1716 1067/955/1720
f 990/470/1345 975/945/1710 1064/946/1711
f 2543/957/1721 2544/962/1728 2546/956/1722
f 2551/959/1724 2537/974/1739 2540/960/1725
f 2427/801/1603 986/961/1955 1073/800/1726
f 2547/963/1727 2546/956/1722 2544/962/1728
f 2541/966/1731 2548/967/1733 2547/963/1727
f 2536/971/1737 2539/972/1736 2538/973/1738
f 814/975/1740 1076/977/1965 1075/976/1741
f 816/978/1743 1078/980/1764 1077/979/1744
f 1077/979/1744 1079/987/1749 818/981/1745
f 1081/984/1746 1080/1000/1760 830/983/1747
f 1079/987/1749 1082/1007/1765 820/986/1750
f 821/988/1751 1083/989/1966 1081/984/1746
f 1085/991/1752 1084/1003/1967 825/990/1753
f 828/993/1755 1087/995/1968 1086/994/1756
f 1088/996/1757 1087/995/1968 828/993/1755
f 624/998/1759 1089/999/1969 1088/996/1757
f 1080/1000/1760 1089/999/1969 624/998/1759
f 1090/1001/1761 1076/977/1965 814/975/1740
f 825/990/1753 1084/1003/1967 1090/1001/1761
f 1075/976/1741 1091/1006/1763 832/1004/1763
f 832/1004/1763 1091/1006/1763 1078/980/1764
f 1082/1007/1765 1083/989/1966 821/988/1751
f 1074/1008/1756 1086/994/1756 1085/991/1752
f 640/161/1078 610/185/1101 1097/1009/1766
f 1094/1013/1770 675/222/1129 672/215/1122
f 1092/1014/1771 672/215/1122 674/213/1081
f 2554/1011/1769 612/1012/1768 615/1015/1476
f 614/1016/1772 623/224/1922 675/222/1129
f 2560/1017/1773 676/211/1119 2405/874/1774
f 672/215/1122 675/222/1129 1101/1018/1131
f 673/872/1654 674/213/1081 2558/1019/1776
f 1100/198/1778 666/197/1113 2050/108/1779
f 2045/741/1783 2042/739/1546 603/1023/1032
f 1112/1024/1784 2562/1026/1784 2564/1025/1784
f 1113/1030/1788 2565/1032/1789 2567/1031/1789
f 2568/1034/1791 2569/1081/1792 1942/1033/943
f 1103/1036/945 1109/1038/1784 1110/1037/1784
f 2568/1034/1791 1113/1030/1788 2566/1039/1790
f 1109/1038/1784 1112/1024/1784 2563/1040/1784
f 1111/1041/1787 1116/1028/1786 1115/1042/948
f 1107/1043/1793 1106/1044/1796 1117/1029/1794
f 1104/1045/1795 1102/1046/1795 1106/1044/1796
f 1163/1083/1797 1121/1138/1797 1120/1084/1797
f 1121/1086/1798 1125/1265/1798 1124/1087/1798
f 1165/1083/1799 1128/1139/1799 1129/1089/1799
f 1123/1090/823 1119/1266/823 1118/1091/823
f 1163/1094/415 1127/1267/415 1128/1095/415
f 1118/1097/823 1119/1104/823 1127/1098/823
f 1122/1100/823 1129/1103/823 1128/1101/823
f 1119/1104/823 1123/1102/823 1128/1101/823
f 1147/1105/1800 1146/1108/1800 1132/1106/1800
f 1146/1108/1801 1148/1110/1801 1134/1109/1801
f 1148/1110/1802 1149/1108/1802 1136/1106/1802
f 1149/1108/1803 1150/1105/1803 1138/1107/1803
f 1150/1105/1804 1151/1112/1804 1140/1111/1804
f 1151/1112/1805 1152/1117/1805 1142/1113/1805
f 1133/1114/1806 1131/1130/1806 1155/1115/1806
f 1133/1118/415 1146/1121/415 1147/1119/415
f 1135/1120/415 1148/1122/415 1146/1121/415
f 1137/1118/415 1149/1121/415 1148/1122/415
f 1139/1119/415 1150/1119/415 1149/1121/415
f 1139/1119/415 1141/1124/415 1151/1123/415
f 1141/1124/415 1143/1126/415 1152/1125/415
f 1131/1119/415 1147/1119/415 1153/1123/415
f 1156/1268/415 1154/1269/415 1155/1127/415
f 1155/1127/415 1161/1270/415 1160/1128/415
f 1160/1128/415 1159/1271/415 1158/1129/415
f 1158/1129/415 1157/1272/415 1156/1268/415
f 1156/1268/415 1155/1127/415 1158/1129/415
f 1141/1132/1810 1159/1131/1810 1160/1133/1810
f 1137/1114/1811 1157/1116/1811 1158/1115/1811
f 1133/1114/1812 1154/1116/1812 1156/1135/1812
f 1139/1130/1814 1158/1115/1814 1159/1131/1814
f 1137/1114/1815 1135/1136/1815 1156/1135/1815
f 1125/1137/415 1121/1273/415 1163/1094/415
f 1125/1138/1816 1165/1083/1816 1164/1085/1816
f 1127/1139/1817 1163/1083/1817 1162/1085/1817
f 1182/1143/1798 1183/1274/1798 1173/1144/1798
f 1176/1142/1 1177/1140/1 1180/1146/1
f 1187/1148/823 1188/1275/823 1167/1149/823
f 1175/1151/1819 1179/1276/1819 1185/1152/1819
f 1169/1154/1820 1175/1151/1970 1186/1153/1821
f 1172/1141/1822 1173/1277/1822 1177/1140/1822
f 1179/1146/952 1175/1140/952 1174/1142/952
f 1167/1156/823 1179/1166/823 1178/1157/823
f 1171/1159/823 1170/1167/823 1181/1160/823
f 1171/1159/823 1180/1161/823 1185/1164/823
f 1167/1156/823 1188/1165/823 1185/1164/823
f 1173/1168/1823 1183/1155/1823 1186/1153/1824
f 1177/1169/1826 1186/1153/1826 1185/1152/1826
f 1171/1171/823 1188/1275/823 1187/1148/823
f 1169/1173/1798 1183/1274/1798 1182/1143/1798
f 1189/1175/1827 1190/1278/1827 1192/1176/1827
f 1192/1176/1828 1194/1279/1828 1193/1178/1828
f 1194/1179/1829 1192/1185/1829 1198/1180/1829
f 1193/1178/1830 1194/1279/1830 1196/1176/1830
f 1200/1182/1830 1199/1193/1830 1203/1183/1830
f 1192/1185/1832 1190/1187/1833 1197/1186/1833
f 1194/1179/1834 1199/1181/1834 1200/1180/1834
f 1202/1188/1836 1201/1280/1836 1204/1189/1836
f 1197/1191/1827 1201/1192/1827 1202/1184/1827
f 1197/1191/1831 1200/1182/1831 1204/1184/1831
f 1198/1182/1828 1202/1184/1828 1203/1183/1828
f 1206/1194/1837 1208/1220/1837 1207/1195/1837
f 1207/1195/1838 1208/1220/1838 1210/1197/1838
f 1210/1199/1840 1208/1207/1840 1214/1200/1840
f 1210/1197/1842 1212/1203/1842 1211/1202/1842
f 1215/1204/1842 1219/1219/1842 1220/1205/1842
f 1208/1207/1844 1206/1211/1844 1213/1208/1844
f 1210/1199/1845 1215/1201/1845 1216/1209/1846
f 1217/1212/1848 1220/1281/1971 1219/1213/1848
f 1213/1215/1837 1217/1218/1837 1218/1216/1837
f 1216/1206/1843 1220/1205/1843 1217/1218/1843
f 1214/1217/1838 1218/1216/1838 1219/1219/1838
f 1223/1195/1849 1224/1220/1849 1222/1194/1849
f 1223/1195/1850 1225/1198/1972 1226/1197/1850
f 1226/1199/1851 1231/1201/1973 1230/1200/1851
f 1227/1202/1852 1228/1203/1852 1226/1197/1852
f 1227/1202/1853 1221/1196/1853 1222/1194/1853
f 1236/1205/1852 1235/1219/1852 1231/1204/1852
f 1224/1207/1855 1230/1200/1855 1229/1208/1855
f 1232/1209/1856 1231/1201/1857 1226/1199/1857
f 1229/1208/1858 1232/1209/1858 1228/1210/1858
f 1235/1213/1859 1236/1281/1974 1233/1212/1859
f 1234/1216/1849 1233/1218/1849 1229/1215/1849
f 1233/1218/1853 1236/1205/1853 1232/1206/1853
f 1235/1219/1850 1234/1216/1850 1230/1217/1850
f 1237/1222/1861 1238/1282/1975 1240/1227/1976
f 1238/1282/1975 1239/1283/1860 1240/1227/1976
f 1240/1227/1976 1241/1223/1862 1237/1222/1861
f 1241/1223/1862 1242/1284/1860 1243/1221/1860
f 1244/1225/1863 1245/1285/1977 1241/1228/1863
f 1245/1285/1977 1246/1286/1978 1241/1228/1863
f 1241/1228/1863 1240/1226/1863 1244/1225/1863
f 1240/1226/1863 1247/1287/1979 1248/1224/1863
f 1251/1283/1980 1250/1282/1980 1252/1227/1865
f 1250/1282/1980 1249/1222/1866 1252/1227/1865
f 1249/1222/1866 1255/1221/1981 1253/1223/1864
f 1255/1221/1981 1254/1284/1980 1253/1223/1864
f 1258/1286/1982 1257/1285/1983 1253/1228/1867
f 1257/1285/1983 1256/1225/1867 1253/1228/1867
f 1256/1225/1867 1260/1224/1867 1252/1226/1867
f 1260/1224/1867 1259/1287/1984 1252/1226/1867
f 1261/1230/1868 1262/1288/1868 1265/1231/1868
f 1262/1288/1868 1263/1233/1868 1265/1231/1868
f 1263/1233/1868 1264/1289/1868 1265/1231/1868
f 1265/1231/1868 1266/1290/1868 1267/1232/1868
f 1267/1232/1868 1268/1229/1868 1265/1231/1868
f 1271/1233/1869 1270/1288/1869 1275/1232/1869
f 1270/1288/1869 1269/1230/1869 1275/1232/1869
f 1269/1230/1869 1276/1229/1869 1275/1232/1869
f 1275/1232/1869 1274/1290/1869 1273/1231/1869
f 1273/1231/1869 1272/1289/1869 1271/1233/1869
f 2527/943/1708 2532/943/1719 2533/464/1709
f 1114/1027/1785 1117/1029/1794 1116/1028/1786
f 110/191/157 1453/316/271 1544/310/271
f 1896/464/414 1059/465/415 1068/465/415
f 477/933/846 470/1077/1985 471/930/844
f 1895/943/856 1896/464/414 1903/464/416
f 2528/464/1340 2533/464/1709 1068/465/415
f 2441/845/1621 2434/848/1621 2473/844/1621
f 1162/1093/855 1164/1093/855 1129/1093/855
f 1118/1097/823 1126/1099/823 1129/1103/823
f 1152/1117/1807 1153/1112/1807 1144/1111/1807
f 1153/1112/1808 1147/1105/1808 1130/1107/1808
f 1145/1124/415 1153/1123/415 1152/1125/415
f 1131/1130/1809 1145/1132/1809 1161/1131/1809
f 1145/1132/1813 1143/1134/1813 1160/1133/1813
f 1124/1093/855 1164/1093/855 1162/1093/855
f 1175/1140/1818 1169/1277/1818 1168/1141/1818
f 1166/1158/823 1178/1157/823 1184/1162/823
f 1170/1167/823 1187/1163/823 1184/1162/823
f 1196/1176/1831 1190/1278/1831 1189/1175/1831
f 1190/1187/1835 1196/1185/1986 1200/1180/1835
f 1212/1203/1843 1206/1194/1843 1205/1196/1843
f 1212/1210/1847 1216/1209/1847 1213/1208/1847
