# Blender 5.1.0
# www.blender.org
mtllib P6-7.mtl
g P6-7_P6-7
v 0.886645 0.776223 1.238630
v 0.886645 0.747094 1.375420
v 0.886645 0.669844 1.495533
v 0.886645 0.552012 1.574265
v 0.886645 0.489419 1.586716
v 0.886645 0.253177 1.596508
v 0.886645 0.199292 1.590063
v 0.886645 0.219376 0.892256
v 0.886645 0.413020 0.875507
v 0.886645 0.552012 0.903154
v 0.886645 0.669844 0.981887
v 0.886645 0.748576 1.099718
v 0.886645 0.737832 -1.209353
v 0.886645 0.696409 -1.045766
v 0.886645 0.513621 -0.873797
v 0.886645 0.374629 -0.846150
v 0.886645 0.266916 -1.568077
v 0.886645 0.374629 -1.572555
v 0.886645 0.644195 -1.453433
v 0.886645 0.710185 -1.348344
v 0.886645 0.813757 1.238630
v 0.886645 0.783793 1.391955
v 0.886645 0.786110 1.087417
v 0.886645 0.198581 0.868455
v 0.886645 0.413020 0.837278
v 0.886645 0.566618 0.866544
v 0.886645 0.696942 0.953623
v 0.848030 0.552012 1.765411
v 0.848030 0.489419 1.773688
v 0.848030 0.253177 1.778386
v 0.848030 0.199292 1.771941
v 0.881989 0.699770 1.526425
v 0.886645 0.616708 1.531037
v 0.868276 0.616472 1.637822
v 0.886645 0.778903 -1.209353
v 0.886645 0.731256 -1.024965
v 0.886645 0.748730 -1.361043
v 0.886645 0.524047 -0.829776
v 0.886645 0.385055 -0.802128
v 0.886645 0.210659 -0.842415
v 0.798925 0.853753 -1.025121
v 0.886645 0.644195 -1.511356
v 0.882006 0.368030 -1.621122
v 0.882581 0.377641 -1.619531
v 0.420504 0.253177 2.053384
v 0.419031 0.199292 2.044936
v 0.404642 0.481150 2.041619
v 0.402727 0.552012 2.037935
v 0.619150 0.199292 1.965142
v 0.621992 0.253177 1.972226
v 0.619921 0.489419 1.967062
v 0.616272 0.552012 1.957965
v 0.886645 0.309052 1.598362
v 0.848030 0.309052 1.781445
v 0.420250 0.309052 2.056098
v 0.621502 0.309052 1.975175
v 0.877268 0.381580 -1.680961
v 0.874431 0.357252 -1.700449
v 0.876863 0.272915 -1.674751
v 0.882935 0.268644 -1.615251
v 0.336678 0.381580 -1.819101
v 0.338184 0.357252 -1.838589
v 0.335694 0.272915 -1.812891
v 0.748070 0.381580 -1.745167
v 0.751936 0.357252 -1.764656
v 0.745725 0.272915 -1.738957
v 0.774660 0.939803 0.779690
v 0.774660 0.939803 0.710799
v 0.734548 0.987402 0.755287
v 0.734548 0.987402 0.692698
v 0.882936 0.834905 1.238630
v 0.848086 0.877932 1.080912
v 0.801540 0.914263 0.917085
v 0.803550 0.413020 0.750832
v 0.806610 0.576922 0.784934
v 0.751674 0.931487 -0.481993
v 0.809670 0.807836 -0.525763
v 0.803287 0.239916 -0.348493
v 0.803287 0.354813 -0.348493
v 0.825172 0.604304 -0.503440
v 0.848204 0.213147 0.726824
v 0.886645 0.586488 -0.922486
v 0.886645 0.610062 -0.886744
v 0.886645 0.308097 -0.845234
v 0.819804 0.431560 -0.448882
v 0.823750 0.521388 -0.484074
v 0.824981 0.224207 0.654893
v 0.803287 0.354813 0.663127
v 0.744838 0.884083 -1.361313
v 0.779738 0.870690 -1.209305
v 0.809670 0.764270 0.798184
v 0.524810 1.363823 -0.502845
v 0.600319 0.977015 -1.498546
v 0.855339 0.776017 0.953750
v 0.803460 0.371658 0.719040
v 0.848204 0.282450 0.726824
v 0.803287 0.289363 -0.348493
v 0.886645 0.295175 0.842091
v 0.868903 0.277750 0.819140
v 0.830229 0.283777 0.657789
v 0.882898 0.290041 -0.781110
v 0.886645 0.311171 -0.801617
v 0.886645 0.482516 0.889331
v 0.886645 0.489819 0.851911
v 0.805080 0.494971 0.771789
v 0.691449 0.981057 -1.209205
v 0.883143 0.192930 -0.825754
v 0.852776 0.552012 1.741914
v 0.853837 0.253177 1.751033
v 0.853482 0.309052 1.755593
v 0.852897 0.489419 1.750121
v 0.872715 0.309052 1.664404
v 0.874146 0.552012 1.636136
v 0.873391 0.253177 1.658933
v 0.873048 0.489419 1.652550
v 0.873087 0.278298 1.661393
v 0.853689 0.276491 1.752936
v 0.868628 0.604316 1.638424
v 0.872949 0.594485 1.621740
v 0.695190 0.987402 0.875547
v 0.674333 0.791548 1.601930
v 0.360363 0.665758 1.909206
v 0.527108 0.747353 1.755600
v 0.637678 0.650889 1.796286
v 0.646854 0.609892 1.805033
v 0.333993 0.635034 1.928616
v 0.533228 0.748576 1.099718
v 0.713594 0.644195 -1.629565
v 0.730198 0.967402 -0.879277
v 0.804973 0.841053 -0.886999
v 0.784555 0.890193 0.792151
v 0.533228 0.669844 0.981887
v 0.533228 0.552012 0.903154
v 0.533228 0.413020 0.875507
v 0.533228 0.182215 0.892256
v 0.533228 0.179602 1.590063
v 0.806331 0.496741 0.683998
v 0.809670 0.767211 0.708792
v 0.807938 0.578881 0.692737
v 0.804611 0.414230 0.672535
v 0.782413 0.892882 0.709158
v 0.713516 0.973281 -1.021310
v 0.541024 1.332924 -0.501355
v 0.546232 1.302976 -0.902400
v 0.566125 1.263190 -1.022663
v 0.596869 1.205922 -1.049187
v 0.671672 1.067070 -1.005676
v 0.524810 1.363824 -0.095029
v 0.556241 1.313114 0.142627
v 0.696015 1.065882 0.666147
v 0.617278 1.215540 0.384856
v 0.501647 1.342953 0.169451
v 0.288472 1.360520 0.206194
v 0.695179 0.773744 1.610461
v 0.684628 0.695157 1.702547
v 0.684672 0.900409 1.238507
v 0.679600 0.852891 1.413538
v 0.689326 0.938901 1.077906
v 0.583964 0.931428 1.238449
v 0.512496 0.875114 1.459803
v 0.631786 0.967480 1.078511
v 0.436766 0.812961 1.655137
v 0.309901 0.675491 1.913376
v 0.619461 0.959597 1.078543
v 0.417832 0.807708 1.658179
v 0.572115 0.922964 1.237178
v 0.489426 0.865006 1.465735
v 0.626211 0.958551 1.078526
v 0.446359 0.713726 1.835167
v 0.369500 0.740634 1.790631
v 0.362159 0.739936 1.787585
v 0.174563 0.608225 1.957544
v 0.288042 0.608225 1.946863
v 0.295283 0.582823 1.946863
v 0.240986 0.608225 1.951720
v 0.632525 0.582823 1.815458
v 0.403618 0.608762 1.918737
v 0.404877 0.582823 1.920473
v 0.700621 0.934564 1.078120
v 0.704921 0.893701 1.238519
v 0.709539 0.842899 1.410805
v 0.850754 0.552012 1.649544
v 0.829385 0.552012 1.755323
v 0.849324 0.309052 1.677813
v 0.830091 0.309052 1.769001
v 0.849657 0.489419 1.665958
v 0.829505 0.489419 1.763530
v 0.849696 0.278298 1.674801
v 0.830298 0.276491 1.766344
v 0.845236 0.604317 1.651832
v 0.849557 0.594485 1.635148
v 0.533228 0.253177 1.596508
v 0.533228 0.489419 1.586716
v 0.578768 1.205922 -1.216006
v 0.612493 1.067070 -1.384495
v 0.650127 1.067070 -1.195085
v 0.589544 1.205922 -1.129720
v 0.461418 1.396261 -0.502845
v 0.461418 1.394330 -0.087306
v 0.274561 1.419497 -0.502845
v 0.274561 1.417567 -0.087306
v 0.524810 1.335457 -0.905239
v 0.461418 1.364903 -0.908697
v 0.274561 1.385997 -0.911174
v 0.564838 0.963395 -1.555464
v 0.313552 0.958380 -1.609545
v 0.567208 0.644195 -1.688647
v 0.541062 0.629299 -1.695598
v 0.592586 0.381580 -1.779203
v 0.324871 0.629299 -1.733239
v 0.595497 0.357252 -1.798691
v 0.590774 0.272915 -1.772993
v 0.886645 0.512951 -1.543977
v 0.883222 0.528109 -1.587703
v 0.874244 0.556985 -1.701729
v 0.874514 0.572196 -1.695976
v 0.338013 0.572196 -1.835182
v 0.338283 0.556996 -1.839871
v 0.752191 0.556997 -1.765937
v 0.750826 0.572196 -1.761504
v 0.595688 0.556997 -1.799973
v 0.595234 0.572196 -1.798309
v 0.754434 0.928022 -0.375076
v 0.561391 1.248399 -1.170633
v 0.274662 1.289691 -1.222474
v 0.493448 1.266484 -1.194623
v 0.524810 1.305880 -1.127882
v 0.461418 1.332406 -1.130417
v 0.274561 1.351409 -1.143162
v 0.461418 1.348655 -1.019557
v 0.274561 1.368703 -1.027168
v 0.524810 1.320668 -1.016561
v 0.461418 1.340531 -1.074987
v 0.524810 1.313274 -1.072221
v 0.274561 1.360056 -1.085166
v 0.563758 1.255794 -1.096648
v 0.278833 1.341343 -1.230231
v 0.534016 1.291464 -1.192607
v 0.476478 1.313452 -1.207971
v 0.564838 0.987723 -1.547419
v 0.311799 0.982690 -1.601768
v 0.561709 1.209828 -1.267995
v 0.590460 1.091456 -1.411633
v 0.585570 1.005173 -1.512624
v 0.274662 1.277733 -1.242640
v 0.486185 1.250223 -1.224534
v 0.553329 1.226892 -1.244132
v 0.536311 1.240785 -1.227849
v 0.297582 1.130498 -1.471926
v 0.307804 1.025742 -1.574813
v 0.278914 1.247365 -1.292229
v 0.502407 0.959764 -1.576210
v 0.502407 0.984092 -1.568165
v 0.522058 1.111615 -1.434789
v 0.518277 1.020564 -1.536946
v 0.498647 1.220340 -1.275000
v 0.330941 0.858286 -1.693748
v 0.544203 0.849570 -1.654084
v 0.326990 0.740557 -1.714235
v 0.540715 0.754073 -1.670611
v 0.567415 0.755483 -1.663892
v 0.586939 0.756092 -1.656733
v 0.758602 0.822950 -1.459337
v 0.676149 0.768369 -1.607710
v 0.736669 0.790924 -1.533987
v 0.319596 0.913758 -1.656353
v 0.515763 0.913279 -1.622357
v 0.606434 0.900124 -1.591947
v 0.564956 0.913186 -1.607669
v 0.656892 0.900285 -1.536875
v 0.730233 0.900882 -1.365510
v 0.736762 0.893905 -1.360474
v 0.759808 0.854473 -1.396448
v 0.574599 0.882727 -1.624583
v 0.520683 0.761005 -1.671919
v 0.519152 0.773586 -1.670744
v 0.858897 0.381580 -1.690090
v 0.857013 0.357252 -1.709579
v 0.856927 0.572196 -1.705294
v 0.856890 0.556987 -1.710859
v 0.490676 1.381290 -0.502845
v 0.526760 1.329227 0.157112
v 0.490578 1.380297 -0.090859
v 0.778901 0.897294 0.573036
v 0.490676 1.351312 -0.907101
v 0.490676 1.320163 -1.129247
v 0.490676 1.335738 -1.018174
v 0.490676 1.327951 -1.073711
v 0.506762 1.306882 -1.199094
v 0.590864 1.235170 0.397367
v 0.659871 1.089212 0.692560
v 0.280293 1.003964 0.993721
v 0.612964 1.012422 0.875478
v 0.674245 0.988156 0.897177
v 0.566799 1.246108 0.405207
v 0.636172 1.099084 0.702275
v 0.637178 1.021383 0.849488
v 0.543250 1.249907 0.412044
v 0.612256 1.103070 0.707236
v 0.590421 1.261250 0.278969
v 0.562658 1.279332 0.292348
v 0.538132 1.291498 0.302168
v 0.513359 1.295894 0.306776
v 0.298317 1.319542 0.329403
v 0.296332 1.130255 0.743163
v 0.301039 1.271497 0.437498
v 0.285943 1.048450 0.905461
v 0.395059 1.351737 0.187822
v 0.405838 1.311009 0.318090
v 0.422144 1.263170 0.427227
v 0.464450 1.119935 0.726501
v 0.482489 1.039819 0.876596
v 0.425676 0.391819 2.035579
v 0.524064 0.481151 1.998173
v 0.332759 0.358222 2.055991
v 0.113314 0.331941 2.081483
v 0.524055 0.468289 1.998774
v 0.114417 0.309052 2.090012
v 0.148932 0.253177 2.083257
v 0.404551 0.489419 2.048919
v 0.531744 0.489419 2.002319
v 0.429747 0.384633 2.042324
v 0.334741 0.350127 2.063784
v 0.113939 0.323684 2.089436
v 0.531744 0.463833 2.003560
v 0.533228 0.776223 1.238630
v 0.533228 0.552012 1.574265
v 0.533228 0.669844 1.495533
v 0.533228 0.747094 1.375420
v 0.533228 0.186426 0.868455
v 0.533228 0.616708 1.531037
v 0.533228 0.309052 1.598362
v 0.533228 0.482516 0.889331
v 0.533228 0.737832 -1.209353
v 0.533228 0.696409 -1.045766
v 0.533228 0.513621 -0.873797
v 0.533228 0.374629 -0.846150
v 0.533228 0.266916 -1.568077
v 0.533228 0.374629 -1.572555
v 0.533228 0.644195 -1.453433
v 0.533228 0.710185 -1.348344
v 0.533228 0.196732 -0.842415
v 0.533228 0.586488 -0.922486
v 0.533228 0.308097 -0.845234
v 0.533228 0.192930 -0.825754
v 0.533228 0.512951 -1.543977
v 0.533228 0.217863 -0.348493
v 0.533228 0.206310 0.726824
v 0.533228 0.212175 0.654893
v 0.400439 0.636123 1.909745
v 0.437034 0.724048 1.830519
v 0.349825 0.675491 1.905805
v 0.674527 0.805372 1.588570
v 0.518210 0.757855 1.750540
v 0.697778 0.687987 1.702021
v 0.646854 0.639616 1.801929
v 0.306231 0.629366 1.939442
v 0.709519 0.774035 1.602114
v 0.403618 0.626814 1.918737
v 0.441175 0.719468 1.832585
v 0.354504 0.671173 1.907318
v 0.674441 0.799234 1.594499
v 0.522161 0.753196 1.752788
v 0.691938 0.691166 1.702251
v 0.642779 0.644618 1.799422
v 0.318567 0.631892 1.933738
v 0.703151 0.773900 1.605814
v 0.402207 0.631806 1.914746
v 0.540851 1.333379 -0.412482
v 0.542168 1.337902 -0.096186
v 0.780880 0.894808 0.649744
v 0.570706 1.296211 0.133189
v 0.604886 1.243082 0.269480
v 0.632553 1.197371 0.374325
v 0.707819 1.040780 0.642729
v 0.298490 1.194992 0.603063
v 0.580628 1.170372 0.571936
v 0.604375 1.166472 0.566115
v 0.628242 1.156111 0.557260
v 0.673321 1.112553 0.519708
v 0.659926 1.134477 0.537218
v 0.540462 1.315049 -0.393319
v 0.734894 0.949685 -0.360912
v 0.445060 1.185586 0.589330
v 0.670172 1.099821 0.510558
v 0.604497 1.228917 0.262814
v 0.632163 1.183207 0.367660
v 0.542461 1.321074 -0.095696
v 0.570317 1.280380 0.128189
v 0.760862 0.920212 0.554095
v 0.730932 1.005454 0.623266
v 0.726111 1.004923 0.546372
v 0.718032 1.004908 0.534743
v 0.779674 0.949445 0.669893
v 0.772278 0.964575 0.664140
v 0.790309 0.927690 0.602238
v 0.790888 0.926506 0.638767
v 0.766870 0.975638 0.621589
v 0.766975 0.975423 0.590412
v 0.505429 0.775865 -1.676745
v 0.531565 0.858286 -1.657436
v 0.569594 0.741690 -1.669244
v 0.539800 0.740557 -1.677056
v 0.590299 0.742216 -1.661658
v 0.787818 0.848073 -1.393627
v 0.799056 0.812675 -1.458512
v 0.682081 0.754751 -1.611367
v 0.755049 0.778349 -1.540571
v 0.599402 0.913451 -1.588726
v 0.650228 0.913451 -1.532736
v 0.725091 0.913451 -1.356193
v 0.740593 0.900078 -1.347071
v 0.756095 0.883471 -1.348296
v 0.565013 0.894736 -1.624631
v 0.509873 0.752447 -1.680157
v 0.835672 0.950851 0.600085
v 0.831620 0.997450 0.601589
v 0.813650 0.947954 0.540254
v 0.809096 1.000328 0.541944
v 0.961230 0.963892 0.534297
v 0.957178 1.010490 0.535800
v 0.945990 0.961045 0.491160
v 0.941436 1.013420 0.492849
v 0.843496 0.950906 0.529182
v 0.838942 1.003280 0.530872
v 0.870591 0.953794 0.602988
v 0.866538 1.000393 0.604492
v 0.802176 1.006456 0.544511
v 0.807905 0.940573 0.542386
v 0.844083 0.944152 0.528964
v 0.838354 1.010035 0.531090
v 0.947181 1.020800 0.490718
v 0.952910 0.954917 0.488593
v 0.820822 0.978949 0.558785
v 0.825694 0.978949 0.569123
v 0.828443 0.962634 0.574810
v 0.822732 0.962634 0.562697
v 0.832359 0.978949 0.583231
v 0.833278 0.962634 0.585136
v 0.786767 0.976758 0.608299
v 0.785188 0.976616 0.584171
v 0.801276 0.939510 0.593320
v 0.803591 0.938726 0.621591
v 0.797806 0.953906 0.645681
v 0.792600 0.969437 0.641230
v 0.809670 0.771441 0.580266
v 0.809670 0.769326 0.644529
v 0.602235 0.977015 -1.498546
v 0.614410 1.067070 -1.384495
v 0.610577 1.084639 -1.363200
v 0.591221 1.076774 -1.585270
v 0.601779 1.160831 -1.486365
v 0.594315 1.176066 -1.467898
v 0.301419 1.348965 -1.784662
v 0.547079 1.223911 -1.699726
v 0.475277 1.305580 -1.757991
v 0.292263 1.335718 -1.593245
v 0.537923 1.259016 -1.539965
v 0.464976 1.308327 -1.573428
v 0.547079 1.252627 -1.568501
v 0.475277 1.319927 -1.615144
v 0.301419 1.348965 -1.632673
v 0.292318 1.307634 -1.784662
v 0.567793 0.983639 -1.498546
v 0.558103 1.073171 -1.585270
v 0.524541 1.208732 -1.699726
v 0.457339 1.275682 -1.757991
v 0.292263 1.307649 -1.593245
v 0.451241 1.277023 -1.573428
v 0.590706 1.084639 -1.363200
v 0.573509 1.165683 -1.456008
v 0.519524 1.239237 -1.539965
v 0.292273 1.307646 -1.629473
v 0.452395 1.276770 -1.608359
v 0.573949 1.150680 -1.480473
v 0.520473 1.233338 -1.570202
v 0.587354 1.069863 -1.383001
v 0.339865 0.799789 -1.702441
v 0.289315 0.686739 -1.726391
v 0.226878 0.664610 -1.734569
v 0.339880 0.776440 -1.706957
v 0.326733 0.740557 -1.704326
v 0.339865 0.799789 -1.685320
v 0.289315 0.686739 -1.721248
v 0.226878 0.664610 -1.731771
v 0.339880 0.776440 -1.692465
v 0.687660 0.913451 -1.444464
v 0.694113 0.900466 -1.449663
v 0.512483 0.774361 -1.671496
v 0.538612 0.853288 -1.654982
v 0.567993 0.749001 -1.664871
v 0.539918 0.747450 -1.671446
v 0.587982 0.749671 -1.657826
v 0.764162 0.850570 -1.393132
v 0.763133 0.818346 -1.457893
v 0.678483 0.762231 -1.608685
v 0.740473 0.785441 -1.533956
v 0.603604 0.906046 -1.590795
v 0.654062 0.906025 -1.535158
v 0.690438 0.905704 -1.448108
v 0.726814 0.905383 -1.361058
v 0.736008 0.895136 -1.353788
v 0.747261 0.882054 -1.354940
v 0.570619 0.888035 -1.624854
v 0.514664 0.756158 -1.672815
v 0.823562 0.521121 -0.471415
v 0.824974 0.604011 -0.489678
v 0.819634 0.431366 -0.436311
v 0.809670 0.807439 -0.513709
v 0.774660 0.939803 0.771340
v 0.806799 0.577201 0.771789
v 0.809670 0.764613 0.787758
v 0.805307 0.495292 0.755843
v 0.784272 0.890548 0.781195
v 0.803742 0.413239 0.736683
v 0.339865 0.799789 -1.702441
v 0.339865 0.808068 -1.730591
v 0.316131 0.814956 -1.699868
v 0.316131 0.822143 -1.725156
v 0.169933 0.799461 -1.715431
v 0.169933 0.807740 -1.743581
v 0.169933 0.841170 -1.729953
v 0.289055 0.799691 -1.706325
v 0.289055 0.807970 -1.734475
v 0.289055 0.830295 -1.726772
v 0.169933 0.833982 -1.704665
v 0.289055 0.823108 -1.701484
v -0.886645 0.776223 1.238630
v -0.886645 0.747094 1.375420
v -0.886645 0.669844 1.495533
v -0.886645 0.552012 1.574265
v -0.886645 0.489419 1.586716
v -0.886645 0.253177 1.596508
v -0.886645 0.199292 1.590063
v -0.886645 0.219376 0.892256
v -0.886645 0.413020 0.875507
v -0.886645 0.552012 0.903154
v -0.886645 0.669844 0.981887
v -0.886645 0.748576 1.099718
v -0.886645 0.737832 -1.209353
v -0.886645 0.696409 -1.045766
v -0.886645 0.513621 -0.873797
v -0.886645 0.374629 -0.846150
v -0.886645 0.266916 -1.568077
v -0.886645 0.374629 -1.572555
v -0.886645 0.644195 -1.453433
v -0.886645 0.710185 -1.348344
v -0.886645 0.813757 1.238630
v -0.886645 0.783793 1.391955
v -0.886645 0.786110 1.087417
v -0.886645 0.198581 0.868455
v -0.886645 0.413020 0.837278
v -0.886645 0.566618 0.866544
v -0.886645 0.696942 0.953623
v -0.848030 0.552012 1.765411
v -0.848030 0.489419 1.773688
v -0.848030 0.253177 1.778386
v -0.848030 0.199292 1.771941
v -0.881989 0.699770 1.526425
v -0.886645 0.616708 1.531037
v -0.868276 0.616472 1.637822
v -0.886645 0.778903 -1.209353
v -0.886645 0.731256 -1.024965
v -0.886645 0.748730 -1.361043
v -0.886645 0.524047 -0.829776
v -0.886645 0.385055 -0.802128
v -0.886645 0.210659 -0.842415
v -0.798925 0.853753 -1.025121
v -0.886645 0.644195 -1.511356
v -0.882006 0.368030 -1.621122
v -0.882581 0.377641 -1.619531
v 0.000000 0.552012 2.080290
v 0.000000 0.489419 2.094943
v 0.000000 0.253177 2.099641
v 0.000000 0.199292 2.093196
v -0.420504 0.253177 2.053384
v -0.419031 0.199292 2.044936
v -0.404642 0.481150 2.041619
v -0.402727 0.552012 2.037935
v -0.619150 0.199292 1.965142
v -0.621992 0.253177 1.972226
v -0.619921 0.489419 1.967062
v -0.616272 0.552012 1.957965
v -0.886645 0.309052 1.598362
v -0.848030 0.309052 1.781445
v 0.000000 0.309052 2.102700
v -0.420250 0.309052 2.056098
v -0.621502 0.309052 1.975175
v -0.877268 0.381580 -1.680961
v -0.874431 0.357252 -1.700449
v -0.876863 0.272915 -1.674751
v -0.882935 0.268644 -1.615251
v 0.000000 0.381580 -1.838753
v 0.000000 0.357252 -1.858242
v 0.000000 0.272915 -1.832543
v -0.336678 0.381580 -1.819101
v -0.338184 0.357252 -1.838589
v -0.335694 0.272915 -1.812891
v -0.748070 0.381580 -1.745167
v -0.751936 0.357252 -1.764656
v -0.745725 0.272915 -1.738957
v -0.774660 0.939803 0.779690
v -0.774660 0.939803 0.710799
v -0.734548 0.987402 0.755287
v -0.734548 0.987402 0.692698
v -0.882936 0.834905 1.238630
v -0.848086 0.877932 1.080912
v -0.801540 0.914263 0.917085
v -0.803550 0.413020 0.750832
v -0.806610 0.576922 0.784934
v -0.751674 0.931487 -0.481993
v -0.809670 0.807836 -0.525763
v -0.803287 0.239916 -0.348493
v -0.803287 0.354813 -0.348493
v -0.825172 0.604304 -0.503440
v -0.848204 0.213147 0.726824
v -0.886645 0.586488 -0.922486
v -0.886645 0.610062 -0.886744
v -0.886645 0.308097 -0.845234
v -0.819804 0.431560 -0.448882
v -0.823750 0.521388 -0.484074
v -0.824981 0.224207 0.654893
v -0.803287 0.354813 0.663127
v -0.744838 0.884083 -1.361313
v -0.779738 0.870690 -1.209305
v -0.809670 0.764270 0.798184
v -0.524810 1.363823 -0.502845
v -0.600319 0.977015 -1.498546
v -0.855339 0.776017 0.953750
v -0.803460 0.371658 0.719040
v -0.848204 0.282450 0.726824
v -0.803287 0.289363 -0.348493
v -0.886645 0.295175 0.842091
v -0.868903 0.277750 0.819140
v -0.830229 0.283777 0.657789
v -0.882898 0.290041 -0.781110
v -0.886645 0.311171 -0.801617
v -0.886645 0.482516 0.889331
v -0.886645 0.489819 0.851911
v -0.805080 0.494971 0.771789
v -0.691449 0.981057 -1.209205
v -0.883143 0.192930 -0.825754
v -0.852776 0.552012 1.741914
v -0.853837 0.253177 1.751033
v -0.853482 0.309052 1.755593
v -0.852897 0.489419 1.750121
v -0.872715 0.309052 1.664404
v -0.874146 0.552012 1.636136
v -0.873391 0.253177 1.658933
v -0.873048 0.489419 1.652550
v -0.873087 0.278298 1.661393
v -0.853689 0.276491 1.752936
v -0.868628 0.604316 1.638424
v -0.872949 0.594485 1.621740
v -0.695190 0.987402 0.875547
v -0.674333 0.791548 1.601930
v -0.360363 0.665758 1.909206
v -0.527108 0.747353 1.755600
v -0.637678 0.650889 1.796286
v -0.646854 0.609892 1.805033
v -0.333993 0.635034 1.928616
v -0.533228 0.748576 1.099718
v -0.713594 0.644195 -1.629565
v -0.730198 0.967402 -0.879277
v -0.804973 0.841053 -0.886999
v -0.784555 0.890193 0.792151
v -0.533228 0.669844 0.981887
v -0.533228 0.552012 0.903154
v -0.533228 0.413020 0.875507
v -0.533228 0.182215 0.892256
v -0.533228 0.179602 1.590063
v -0.806331 0.496741 0.683998
v -0.809670 0.767211 0.708792
v -0.807938 0.578881 0.692737
v -0.804611 0.414230 0.672535
v -0.782413 0.892882 0.709158
v -0.713516 0.973281 -1.021310
v -0.541024 1.332924 -0.501355
v -0.546232 1.302976 -0.902400
v -0.566125 1.263190 -1.022663
v -0.596869 1.205922 -1.049187
v -0.671672 1.067070 -1.005676
v -0.524810 1.363824 -0.095029
v -0.556241 1.313114 0.142627
v -0.696015 1.065882 0.666147
v -0.617278 1.215540 0.384856
v 0.000000 1.365453 0.219746
v -0.501647 1.342953 0.169451
v -0.288472 1.360520 0.206194
v -0.695179 0.773744 1.610461
v -0.684628 0.695157 1.702547
v -0.684672 0.900409 1.238507
v -0.679600 0.852891 1.413538
v -0.689326 0.938901 1.077906
v -0.583964 0.931428 1.238449
v -0.512496 0.875114 1.459803
v -0.631786 0.967480 1.078511
v -0.436766 0.812961 1.655137
v -0.309901 0.675491 1.913376
v -0.619461 0.959597 1.078543
v -0.417832 0.807708 1.658179
v -0.572115 0.922964 1.237178
v -0.489426 0.865006 1.465735
v -0.626211 0.958551 1.078526
v -0.446359 0.713726 1.835167
v -0.369500 0.740634 1.790631
v -0.362159 0.739936 1.787585
v -0.174563 0.608225 1.957544
v 0.000000 0.608225 1.964248
v -0.288042 0.608225 1.946863
v -0.295283 0.582823 1.946863
v -0.240986 0.608225 1.951720
v -0.632525 0.582823 1.815458
v -0.403618 0.608762 1.918737
v -0.404877 0.582823 1.920473
v -0.700621 0.934564 1.078120
v -0.704921 0.893701 1.238519
v -0.709539 0.842899 1.410805
v -0.850754 0.552012 1.649544
v -0.829385 0.552012 1.755323
v -0.849324 0.309052 1.677813
v -0.830091 0.309052 1.769001
v -0.849657 0.489419 1.665958
v -0.829505 0.489419 1.763530
v -0.849696 0.278298 1.674801
v -0.830298 0.276491 1.766344
v -0.845236 0.604317 1.651832
v -0.849557 0.594485 1.635148
v -0.533228 0.253177 1.596508
v -0.533228 0.489419 1.586716
v -0.578768 1.205922 -1.216006
v -0.612493 1.067070 -1.384495
v -0.650127 1.067070 -1.195085
v -0.589544 1.205922 -1.129720
v -0.461418 1.396261 -0.502845
v -0.461418 1.394330 -0.087306
v 0.000000 1.427153 -0.502845
v 0.000000 1.425223 -0.087306
v -0.274561 1.419497 -0.502845
v -0.274561 1.417567 -0.087306
v -0.524810 1.335457 -0.905239
v -0.461418 1.364903 -0.908697
v 0.000000 1.392947 -0.911990
v -0.274561 1.385997 -0.911174
v 0.000000 0.957239 -1.622005
v -0.564838 0.963395 -1.555464
v -0.313552 0.958380 -1.609545
v 0.000000 0.858286 -1.718462
v 0.000000 0.629299 -1.757014
v -0.567208 0.644195 -1.688647
v -0.541062 0.629299 -1.695598
v -0.592586 0.381580 -1.779203
v -0.324871 0.629299 -1.733239
v -0.595497 0.357252 -1.798691
v -0.590774 0.272915 -1.772993
v -0.886645 0.512951 -1.543977
v -0.883222 0.528109 -1.587703
v -0.874244 0.556985 -1.701729
v -0.874514 0.572196 -1.695976
v 0.000000 0.572196 -1.855060
v 0.000000 0.556995 -1.859523
v -0.338013 0.572196 -1.835182
v -0.338283 0.556996 -1.839871
v -0.752191 0.556997 -1.765937
v -0.750826 0.572196 -1.761504
v -0.595688 0.556997 -1.799973
v -0.595234 0.572196 -1.798309
v 0.000000 0.582823 1.964269
v -0.754434 0.928022 -0.375076
v -0.561391 1.248399 -1.170633
v 0.000000 1.292807 -1.225660
v -0.274662 1.289691 -1.222474
v -0.493448 1.266484 -1.194623
v -0.524810 1.305880 -1.127882
v -0.461418 1.332406 -1.130417
v 0.000000 1.357670 -1.148150
v -0.274561 1.351409 -1.143162
v -0.461418 1.348655 -1.019557
v -0.274561 1.368703 -1.027168
v 0.000000 1.375308 -1.030070
v -0.524810 1.320668 -1.016561
v -0.461418 1.340531 -1.074987
v -0.524810 1.313274 -1.072221
v -0.274561 1.360056 -1.085166
v 0.000000 1.366489 -1.089110
v -0.563758 1.255794 -1.096648
v 0.000000 1.347567 -1.235716
v -0.278833 1.341343 -1.230231
v -0.534016 1.291464 -1.192607
v -0.476478 1.313452 -1.207971
v 0.000000 0.981567 -1.613960
v -0.564838 0.987723 -1.547419
v -0.311799 0.982690 -1.601768
v -0.561709 1.209828 -1.267995
v -0.590460 1.091456 -1.411633
v -0.585570 1.005173 -1.512624
v 0.000000 1.280849 -1.245826
v -0.274662 1.277733 -1.242640
v -0.486185 1.250223 -1.224534
v -0.553329 1.226892 -1.244132
v -0.536311 1.240785 -1.227849
v 0.000000 1.129997 -1.475255
v -0.297582 1.130498 -1.471926
v 0.000000 1.025603 -1.588373
v -0.307804 1.025742 -1.574813
v 0.000000 1.249809 -1.295040
v -0.278914 1.247365 -1.292229
v -0.502407 0.959764 -1.576210
v -0.502407 0.984092 -1.568165
v -0.522058 1.111615 -1.434789
v -0.518277 1.020564 -1.536946
v -0.498647 1.220340 -1.275000
v -0.330941 0.858286 -1.693748
v -0.544203 0.849570 -1.654084
v -0.326990 0.740557 -1.714235
v -0.540715 0.754073 -1.670611
v -0.567415 0.755483 -1.663892
v -0.586939 0.756092 -1.656733
v -0.758602 0.822950 -1.459337
v -0.676149 0.768369 -1.607710
v -0.736669 0.790924 -1.533987
v 0.000000 0.913135 -1.673935
v -0.319596 0.913758 -1.656353
v -0.515763 0.913279 -1.622357
v -0.606434 0.900124 -1.591947
v -0.564956 0.913186 -1.607669
v -0.656892 0.900285 -1.536875
v -0.730233 0.900882 -1.365510
v -0.736762 0.893905 -1.360474
v -0.759808 0.854473 -1.396448
v -0.574599 0.882727 -1.624583
v -0.520683 0.761005 -1.671919
v -0.519152 0.773586 -1.670744
v -0.858897 0.381580 -1.690090
v -0.857013 0.357252 -1.709579
v -0.856927 0.572196 -1.705294
v -0.856890 0.556987 -1.710859
v -0.490676 1.381290 -0.502845
v -0.526760 1.329227 0.157112
v -0.490578 1.380297 -0.090859
v -0.778901 0.897294 0.573036
v -0.490676 1.351312 -0.907101
v -0.490676 1.320163 -1.129247
v -0.490676 1.335738 -1.018174
v -0.490676 1.327951 -1.073711
v -0.506762 1.306882 -1.199094
v -0.590864 1.235170 0.397367
v -0.659871 1.089212 0.692560
v 0.000000 1.005551 1.006135
v -0.280293 1.003964 0.993721
v -0.612964 1.012422 0.875478
v -0.674245 0.988156 0.897177
v -0.566799 1.246108 0.405207
v -0.636172 1.099084 0.702275
v -0.637178 1.021383 0.849488
v -0.543250 1.249907 0.412044
v -0.612256 1.103070 0.707236
v -0.590421 1.261250 0.278969
v -0.562658 1.279332 0.292348
v -0.538132 1.291498 0.302168
v -0.513359 1.295894 0.306776
v 0.000000 1.324476 0.342955
v -0.298317 1.319542 0.329403
v -0.296332 1.130255 0.743163
v 0.000000 1.133919 0.757047
v -0.301039 1.271497 0.437498
v 0.000000 1.276141 0.451568
v -0.285943 1.048450 0.905461
v 0.000000 1.050769 0.918393
v -0.395059 1.351737 0.187822
v -0.405838 1.311009 0.318090
v -0.422144 1.263170 0.427227
v -0.464450 1.119935 0.726501
v -0.482489 1.039819 0.876596
v 0.000000 0.321040 2.102185
v -0.425676 0.391819 2.035579
v -0.524064 0.481151 1.998173
v -0.332759 0.358222 2.055991
v -0.113314 0.331941 2.081483
v -0.524055 0.468289 1.998774
v -0.114417 0.309052 2.090012
v -0.148932 0.253177 2.083257
v 0.000000 0.329502 2.093227
v -0.404551 0.489419 2.048919
v 0.000000 0.481151 2.086765
v -0.531744 0.489419 2.002319
v -0.429747 0.384633 2.042324
v -0.334741 0.350127 2.063784
v -0.113939 0.323684 2.089436
v -0.531744 0.463833 2.003560
v -0.533228 0.776223 1.238630
v -0.533228 0.552012 1.574265
v -0.533228 0.669844 1.495533
v -0.533228 0.747094 1.375420
v -0.533228 0.186426 0.868455
v -0.533228 0.616708 1.531037
v -0.533228 0.309052 1.598362
v -0.533228 0.482516 0.889331
v -0.533228 0.737832 -1.209353
v -0.533228 0.696409 -1.045766
v -0.533228 0.513621 -0.873797
v -0.533228 0.374629 -0.846150
v -0.533228 0.266916 -1.568077
v -0.533228 0.374629 -1.572555
v -0.533228 0.644195 -1.453433
v -0.533228 0.710185 -1.348344
v -0.533228 0.196732 -0.842415
v -0.533228 0.586488 -0.922486
v -0.533228 0.308097 -0.845234
v -0.533228 0.192930 -0.825754
v -0.533228 0.512951 -1.543977
v -0.533228 0.217863 -0.348493
v -0.533228 0.206310 0.726824
v -0.533228 0.212175 0.654893
v 0.000000 0.182215 0.892256
v 0.000000 0.179602 1.590063
v 0.000000 0.186426 0.868455
v 0.000000 0.266916 -1.568077
v 0.000000 0.196732 -0.842415
v 0.000000 0.192930 -0.825754
v 0.000000 0.217863 -0.348493
v 0.000000 0.206310 0.726824
v 0.000000 0.212175 0.654893
v -0.400439 0.636123 1.909745
v -0.437034 0.724048 1.830519
v -0.349825 0.675491 1.905805
v -0.674527 0.805372 1.588570
v -0.518210 0.757855 1.750540
v -0.697778 0.687987 1.702021
v -0.646854 0.639616 1.801929
v -0.306231 0.629366 1.939442
v -0.709519 0.774035 1.602114
v -0.403618 0.626814 1.918737
v -0.441175 0.719468 1.832585
v -0.354504 0.671173 1.907318
v -0.674441 0.799234 1.594499
v -0.522161 0.753196 1.752788
v -0.691938 0.691166 1.702251
v -0.642779 0.644618 1.799422
v -0.318567 0.631892 1.933738
v -0.703151 0.773900 1.605814
v -0.402207 0.631806 1.914746
v -0.540851 1.333379 -0.412482
v -0.542168 1.337902 -0.096186
v -0.780880 0.894808 0.649744
v -0.570706 1.296211 0.133189
v -0.604886 1.243082 0.269480
v -0.632553 1.197371 0.374325
v -0.707819 1.040780 0.642729
v -0.298490 1.194992 0.603063
v -0.580628 1.170372 0.571936
v -0.604375 1.166472 0.566115
v -0.628242 1.156111 0.557260
v -0.673321 1.112553 0.519708
v -0.659926 1.134477 0.537218
v -0.540462 1.315049 -0.393319
v -0.734894 0.949685 -0.360912
v 0.000000 1.199106 0.617032
v -0.445060 1.185586 0.589330
v -0.670172 1.099821 0.510558
v -0.604497 1.228917 0.262814
v -0.632163 1.183207 0.367660
v -0.542461 1.321074 -0.095696
v -0.570317 1.280380 0.128189
v -0.760862 0.920212 0.554095
v -0.730932 1.005454 0.623266
v -0.726111 1.004923 0.546372
v -0.718032 1.004908 0.534743
v -0.779674 0.949445 0.669893
v -0.772278 0.964575 0.664140
v -0.790309 0.927690 0.602238
v -0.790888 0.926506 0.638767
v -0.766870 0.975638 0.621589
v -0.766975 0.975423 0.590412
v -0.505429 0.775865 -1.676745
v -0.531565 0.858286 -1.657436
v -0.569594 0.741690 -1.669244
v -0.539800 0.740557 -1.677056
v -0.590299 0.742216 -1.661658
v -0.787818 0.848073 -1.393627
v -0.799056 0.812675 -1.458512
v -0.682081 0.754751 -1.611367
v -0.755049 0.778349 -1.540571
v -0.599402 0.913451 -1.588726
v -0.650228 0.913451 -1.532736
v -0.725091 0.913451 -1.356193
v -0.740593 0.900078 -1.347071
v -0.756095 0.883471 -1.348296
v -0.565013 0.894736 -1.624631
v -0.509873 0.752447 -1.680157
v -0.835672 0.950851 0.600085
v -0.831620 0.997450 0.601589
v -0.813650 0.947954 0.540254
v -0.809096 1.000328 0.541944
v -0.961230 0.963892 0.534297
v -0.957178 1.010490 0.535800
v -0.945990 0.961045 0.491160
v -0.941436 1.013420 0.492849
v -0.843496 0.950906 0.529182
v -0.838942 1.003280 0.530872
v -0.870591 0.953794 0.602988
v -0.866538 1.000393 0.604492
v -0.802176 1.006456 0.544511
v -0.807905 0.940573 0.542386
v -0.844083 0.944152 0.528964
v -0.838354 1.010035 0.531090
v -0.947181 1.020800 0.490718
v -0.952910 0.954917 0.488593
v -0.820822 0.978949 0.558785
v -0.825694 0.978949 0.569123
v -0.828443 0.962634 0.574810
v -0.822732 0.962634 0.562697
v -0.832359 0.978949 0.583231
v -0.833278 0.962634 0.585136
v -0.786767 0.976758 0.608299
v -0.785188 0.976616 0.584171
v -0.801276 0.939510 0.593320
v -0.803591 0.938726 0.621591
v -0.797806 0.953906 0.645681
v -0.792600 0.969437 0.641230
v -0.809670 0.771441 0.580266
v -0.809670 0.769326 0.644529
v -0.602235 0.977015 -1.498546
v -0.614410 1.067070 -1.384495
v -0.610577 1.084639 -1.363200
v -0.591221 1.076774 -1.585270
v -0.601779 1.160831 -1.486365
v -0.594315 1.176066 -1.467898
v -0.301419 1.348965 -1.784662
v 0.000000 1.356341 -1.788511
v -0.547079 1.223911 -1.699726
v -0.475277 1.305580 -1.757991
v -0.292263 1.335718 -1.593245
v 0.000000 1.343094 -1.598052
v -0.537923 1.259016 -1.539965
v -0.464976 1.308327 -1.573428
v -0.547079 1.252627 -1.568501
v -0.475277 1.319927 -1.615144
v 0.000000 1.356341 -1.637308
v -0.301419 1.348965 -1.632673
v -0.292318 1.307634 -1.784662
v 0.000000 1.315010 -1.788511
v -0.567793 0.983639 -1.498546
v -0.558103 1.073171 -1.585270
v -0.524541 1.208732 -1.699726
v -0.457339 1.275682 -1.757991
v -0.292263 1.307649 -1.593245
v 0.000000 1.315025 -1.598052
v -0.451241 1.277023 -1.573428
v -0.590706 1.084639 -1.363200
v -0.573509 1.165683 -1.456008
v -0.519524 1.239237 -1.539965
v -0.292273 1.307646 -1.629473
v 0.000000 1.315022 -1.634100
v -0.452395 1.276770 -1.608359
v -0.573949 1.150680 -1.480473
v -0.520473 1.233338 -1.570202
v -0.587354 1.069863 -1.383001
v 0.000000 0.663791 -1.751207
v -0.339865 0.799789 -1.702441
v 0.000000 0.799133 -1.728421
v -0.289315 0.686739 -1.726391
v -0.226878 0.664610 -1.734569
v -0.339880 0.776440 -1.706957
v 0.000000 0.799133 -1.711370
v 0.000000 0.740557 -1.727438
v -0.326733 0.740557 -1.704326
v 0.000000 0.663791 -1.748495
v -0.339865 0.799789 -1.685320
v -0.289315 0.686739 -1.721248
v -0.226878 0.664610 -1.731771
v -0.339880 0.776440 -1.692465
v -0.687660 0.913451 -1.444464
v -0.694113 0.900466 -1.449663
v -0.512483 0.774361 -1.671496
v -0.538612 0.853288 -1.654982
v -0.567993 0.749001 -1.664871
v -0.539918 0.747450 -1.671446
v -0.587982 0.749671 -1.657826
v -0.764162 0.850570 -1.393132
v -0.763133 0.818346 -1.457893
v -0.678483 0.762231 -1.608685
v -0.740473 0.785441 -1.533956
v -0.603604 0.906046 -1.590795
v -0.654062 0.906025 -1.535158
v -0.690438 0.905704 -1.448108
v -0.726814 0.905383 -1.361058
v -0.736008 0.895136 -1.353788
v -0.747261 0.882054 -1.354940
v -0.570619 0.888035 -1.624854
v -0.514664 0.756158 -1.672815
v -0.823562 0.521121 -0.471415
v -0.824974 0.604011 -0.489678
v -0.819634 0.431366 -0.436311
v -0.809670 0.807439 -0.513709
v -0.774660 0.939803 0.771340
v -0.806799 0.577201 0.771789
v -0.809670 0.764613 0.787758
v -0.805307 0.495292 0.755843
v -0.784272 0.890548 0.781195
v -0.803742 0.413239 0.736683
v -0.339865 0.799789 -1.702441
v 0.000000 0.799133 -1.728421
v -0.339865 0.808068 -1.730591
v 0.000000 0.807412 -1.756572
v -0.316131 0.814956 -1.699868
v -0.316131 0.822143 -1.725156
v 0.000000 0.845774 -1.740933
v -0.169933 0.799461 -1.715431
v -0.169933 0.807740 -1.743581
v -0.169933 0.841170 -1.729953
v -0.289055 0.799691 -1.706325
v -0.289055 0.807970 -1.734475
v -0.289055 0.830295 -1.726772
v 0.000000 0.838587 -1.715645
v -0.169933 0.833982 -1.704665
v -0.289055 0.823108 -1.701484
v 0.235077 1.366072 0.153973
v 0.235077 1.439115 0.153973
v 0.227291 1.358287 -0.077710
v 0.227291 1.446900 -0.077710
v 0.308119 1.366072 0.153973
v 0.308119 1.439115 0.153973
v 0.315904 1.358287 -0.077710
v 0.315904 1.446900 -0.077710
v 0.227291 1.358287 0.153973
v 0.227291 1.446900 0.153973
v 0.315904 1.446900 0.153973
v 0.315904 1.358287 0.153973
v 0.271598 1.435159 -0.060531
v 0.271598 1.459720 -0.050468
v 0.297837 1.435159 -0.049662
v 0.290721 1.459720 -0.042546
v 0.308706 1.435159 -0.023423
v 0.298642 1.459720 -0.023423
v 0.297837 1.435159 0.002816
v 0.290721 1.459720 -0.004300
v 0.271598 1.435159 0.013685
v 0.271598 1.459720 0.003622
v 0.245358 1.435159 0.002816
v 0.252474 1.459720 -0.004300
v 0.234490 1.435159 -0.023423
v 0.244553 1.459720 -0.023423
v 0.245358 1.435159 -0.049662
v 0.252474 1.459720 -0.042546
v 0.297837 1.459720 -0.049662
v 0.271598 1.459720 -0.060531
v 0.308706 1.459720 -0.023423
v 0.297837 1.459720 0.002816
v 0.271598 1.459720 0.013685
v 0.245358 1.459720 0.002816
v 0.234490 1.459720 -0.023423
v 0.245358 1.459720 -0.049662
v 0.287912 1.475088 -0.039737
v 0.271598 1.475088 -0.046494
v 0.294669 1.475088 -0.023423
v 0.287912 1.475088 -0.007109
v 0.271598 1.475088 -0.000352
v 0.255284 1.475088 -0.007109
v 0.248527 1.475088 -0.023423
v 0.255284 1.475088 -0.039737
v 0.220694 1.358287 0.038132
v 0.220694 1.446900 0.038132
v 0.322502 1.358287 0.038132
v 0.322502 1.446900 0.038132
v -0.090877 1.328036 0.206398
v -0.090877 1.411979 0.206398
v -0.050401 1.367179 -0.121264
v -0.050401 1.442438 -0.121264
v 0.090877 1.328036 0.206398
v 0.090877 1.411979 0.206398
v 0.050401 1.367179 -0.121264
v 0.050401 1.442438 -0.121264
v -0.103090 1.341744 0.066291
v -0.103090 1.442438 0.066291
v 0.103090 1.341744 0.066291
v 0.103090 1.442438 0.066291
v -0.103090 1.322071 0.206398
v -0.103090 1.422765 0.206398
v 0.103090 1.422765 0.206398
v 0.103090 1.322071 0.206398
v 0.000000 1.378306 -0.121264
v 0.000000 1.453565 -0.121264
v 0.000000 1.333199 0.206398
v 0.000000 1.433893 0.206398
v 0.000000 1.453565 0.066291
v 0.000000 1.339164 0.206398
v 0.000000 1.423107 0.206398
v 0.000000 1.413456 -0.573641
v 0.000000 1.472617 -0.576282
v 0.014800 1.414116 -0.558856
v 0.014800 1.473277 -0.561496
v 0.000000 1.414776 -0.544070
v 0.000000 1.473937 -0.546711
v -0.014800 1.414116 -0.558856
v -0.014800 1.473277 -0.561496
v 0.000000 1.478736 -0.567940
v 0.006194 1.479012 -0.561752
v 0.000000 1.479289 -0.555564
v -0.006194 1.479012 -0.561752
v 0.000000 1.796701 -0.582132
v 0.006194 1.796978 -0.575943
v 0.000000 1.797254 -0.569755
v -0.006194 1.796978 -0.575943
v 0.355736 1.354495 -0.993953
v 0.356877 1.381878 -0.997299
v 0.370598 1.355670 -0.979262
v 0.371740 1.383053 -0.982608
v 0.355885 1.358079 -0.964571
v 0.357027 1.385461 -0.967916
v 0.341023 1.356903 -0.979262
v 0.342165 1.384286 -0.982608
v 0.357163 1.388724 -0.989466
v 0.363383 1.389216 -0.983317
v 0.357225 1.390224 -0.977168
v 0.351005 1.389732 -0.983317
v 0.371627 1.735626 -1.031850
v 0.377847 1.736117 -1.025701
v 0.371690 1.737125 -1.019553
v 0.365469 1.736633 -1.025701
v -0.355736 1.354495 -0.993953
v -0.356877 1.381878 -0.997299
v -0.370598 1.355670 -0.979262
v -0.371740 1.383053 -0.982608
v -0.355885 1.358079 -0.964571
v -0.357027 1.385461 -0.967916
v -0.341023 1.356903 -0.979262
v -0.342165 1.384286 -0.982608
v -0.357163 1.388724 -0.989466
v -0.363383 1.389216 -0.983317
v -0.357225 1.390224 -0.977168
v -0.351005 1.389732 -0.983317
v -0.371627 1.735626 -1.031850
v -0.377847 1.736117 -1.025701
v -0.371690 1.737125 -1.019553
v -0.365469 1.736633 -1.025701
v 0.792809 0.847357 -0.337436
v 0.795175 0.840204 -0.300618
v 0.801680 0.822763 -0.273956
v 0.810581 0.799707 -0.264595
v 0.810720 0.803908 -0.412450
v 0.801751 0.826401 -0.402002
v 0.795216 0.842305 -0.374545
v 0.816336 0.754623 -0.338450
v 0.814949 0.762028 -0.375269
v 0.812210 0.780440 -0.401930
v 0.814031 0.777290 -0.273884
v 0.816000 0.760209 -0.301341
v -0.792809 0.847357 -0.337436
v -0.795175 0.840204 -0.300618
v -0.801680 0.822763 -0.273956
v -0.810581 0.799707 -0.264595
v -0.810720 0.803908 -0.412450
v -0.801751 0.826401 -0.402002
v -0.795216 0.842305 -0.374545
v -0.816336 0.754623 -0.338450
v -0.814949 0.762028 -0.375269
v -0.812210 0.780440 -0.401930
v -0.814031 0.777290 -0.273884
v -0.816000 0.760209 -0.301341
v 0.814456 0.747856 -0.386336
v 0.814907 0.742792 -0.374062
v 0.815997 0.730566 -0.368978
v 0.817086 0.718340 -0.374062
v 0.817538 0.713277 -0.386336
v 0.817086 0.718340 -0.398610
v 0.815997 0.730566 -0.403694
v 0.814907 0.742792 -0.398610
v -0.814456 0.747856 -0.386336
v -0.814907 0.742792 -0.374062
v -0.815997 0.730566 -0.368978
v -0.817086 0.718340 -0.374062
v -0.817538 0.713277 -0.386336
v -0.817086 0.718340 -0.398610
v -0.815997 0.730566 -0.403694
v -0.814907 0.742792 -0.398610
v 0.886645 0.747094 1.375420
v 0.886645 0.776223 1.238630
v 0.886645 0.669844 1.495533
v 0.886645 0.616708 1.531037
v 0.886645 0.616708 1.531037
v 0.886645 0.489419 1.586716
v 0.886645 0.552012 1.574265
v 0.886645 0.309052 1.598362
v 0.886645 0.199292 1.590063
v 0.886645 0.199292 1.590063
v 0.886645 0.253177 1.596508
v 0.886645 0.482516 0.889331
v 0.886645 0.413020 0.875507
v 0.886645 0.669844 0.981887
v 0.886645 0.552012 0.903154
v 0.886645 0.748576 1.099718
v 0.886645 0.696409 -1.045766
v 0.886645 0.737832 -1.209353
v 0.886645 0.586488 -0.922486
v 0.886645 0.374629 -0.846150
v 0.886645 0.513621 -0.873797
v 0.886645 0.308097 -0.845234
v 0.886645 0.374629 -1.572555
v 0.886645 0.266916 -1.568077
v 0.886645 0.266916 -1.568077
v 0.886645 0.710185 -1.348344
v 0.886645 0.644195 -1.453433
v 0.886645 0.783793 1.391955
v 0.886645 0.783793 1.391955
v 0.886645 0.813757 1.238630
v 0.886645 0.786110 1.087417
v 0.803460 0.371658 0.719040
v 0.803460 0.371658 0.719040
v 0.803287 0.354813 0.663127
v 0.886645 0.198581 0.868455
v 0.886645 0.198581 0.868455
v 0.886645 0.219376 0.892256
v 0.886645 0.219376 0.892256
v 0.886645 0.696942 0.953623
v 0.886645 0.566618 0.866544
v 0.886645 0.489819 0.851911
v 0.848030 0.489419 1.773688
v 0.848030 0.552012 1.765411
v 0.848030 0.552012 1.765411
v 0.848030 0.309052 1.781445
v 0.848030 0.199292 1.771941
v 0.848030 0.199292 1.771941
v 0.848030 0.253177 1.778386
v 0.881989 0.699770 1.526425
v 0.868276 0.616472 1.637822
v 0.868276 0.616472 1.637822
v 0.868276 0.616472 1.637822
v 0.886645 0.731256 -1.024965
v 0.886645 0.778903 -1.209353
v 0.886645 0.748730 -1.361043
v 0.886645 0.385055 -0.802128
v 0.886645 0.524047 -0.829776
v 0.886645 0.311171 -0.801617
v 0.804973 0.841053 -0.886999
v 0.798925 0.853753 -1.025121
v 0.886645 0.610062 -0.886744
v 0.886645 0.644195 -1.511356
v 0.886645 0.644195 -1.511356
v 0.886645 0.644195 -1.511356
v 0.619150 0.199292 1.965142
v 0.404551 0.489419 2.048919
v 0.000000 0.489419 2.094943
v 0.402727 0.552012 2.037935
v 0.000000 0.552012 2.080290
v 0.000000 0.199292 2.093196
v 0.419031 0.199292 2.044936
v 0.531744 0.489419 2.002319
v 0.616272 0.552012 1.957965
v 0.616272 0.552012 1.957965
v 0.616272 0.552012 1.957965
v 0.876863 0.272915 -1.674751
v 0.876863 0.272915 -1.674751
v 0.882935 0.268644 -1.615251
v 0.874431 0.357252 -1.700449
v 0.874431 0.357252 -1.700449
v 0.877268 0.381580 -1.680961
v 0.877268 0.381580 -1.680961
v 0.336678 0.381580 -1.819101
v 0.000000 0.381580 -1.838753
v 0.338184 0.357252 -1.838589
v 0.000000 0.357252 -1.858242
v 0.335694 0.272915 -1.812891
v 0.000000 0.272915 -1.832543
v 0.592586 0.381580 -1.779203
v 0.595497 0.357252 -1.798691
v 0.590774 0.272915 -1.772993
v 0.858897 0.381580 -1.690090
v 0.858897 0.381580 -1.690090
v 0.858897 0.381580 -1.690090
v 0.748070 0.381580 -1.745167
v 0.857013 0.357252 -1.709579
v 0.857013 0.357252 -1.709579
v 0.751936 0.357252 -1.764656
v 0.774660 0.939803 0.771340
v 0.774660 0.939803 0.771340
v 0.774660 0.939803 0.771340
v 0.774660 0.939803 0.710799
v 0.774660 0.939803 0.710799
v 0.774660 0.939803 0.710799
v 0.734548 0.987402 0.692698
v 0.734548 0.987402 0.692698
v 0.734548 0.987402 0.692698
v 0.734548 0.987402 0.755287
v 0.734548 0.987402 0.755287
v 0.734548 0.987402 0.755287
v 0.774660 0.939803 0.779690
v 0.774660 0.939803 0.779690
v 0.774660 0.939803 0.779690
v 0.882936 0.834905 1.238630
v 0.848086 0.877932 1.080912
v 0.801540 0.914263 0.917085
v 0.784555 0.890193 0.792151
v 0.809670 0.764270 0.798184
v 0.809670 0.764270 0.798184
v 0.805080 0.494971 0.771789
v 0.806610 0.576922 0.784934
v 0.848204 0.213147 0.726824
v 0.824981 0.224207 0.654893
v 0.809670 0.807836 -0.525763
v 0.809670 0.807836 -0.525763
v 0.751674 0.931487 -0.481993
v 0.751674 0.931487 -0.481993
v 0.751674 0.931487 -0.481993
v 0.751674 0.931487 -0.481993
v 0.825172 0.604304 -0.503440
v 0.823750 0.521388 -0.484074
v 0.886645 0.295175 0.842091
v 0.868903 0.277750 0.819140
v 0.883143 0.192930 -0.825754
v 0.883143 0.192930 -0.825754
v 0.886645 0.210659 -0.842415
v 0.886645 0.210659 -0.842415
v 0.803287 0.354813 -0.348493
v 0.803287 0.354813 -0.348493
v 0.819804 0.431560 -0.448882
v 0.779738 0.870690 -1.209305
v 0.756095 0.883471 -1.348296
v 0.756095 0.883471 -1.348296
v 0.809670 0.764613 0.787758
v 0.809670 0.764613 0.787758
v 0.809670 0.764613 0.787758
v 0.541024 1.332924 -0.501355
v 0.541024 1.332924 -0.501355
v 0.524810 1.363823 -0.502845
v 0.524810 1.363823 -0.502845
v 0.691449 0.981057 -1.209205
v 0.600319 0.977015 -1.498546
v 0.600319 0.977015 -1.498546
v 0.600319 0.977015 -1.498546
v 0.848204 0.282450 0.726824
v 0.830229 0.283777 0.657789
v 0.803550 0.413020 0.750832
v 0.886645 0.413020 0.837278
v 0.803287 0.289363 -0.348493
v 0.882898 0.290041 -0.781110
v 0.713516 0.973281 -1.021310
v 0.803287 0.239916 -0.348493
v 0.872949 0.594485 1.621740
v 0.872949 0.594485 1.621740
v 0.849557 0.594485 1.635148
v 0.849557 0.594485 1.635148
v 0.852897 0.489419 1.750121
v 0.853482 0.309052 1.755593
v 0.852776 0.552012 1.741914
v 0.852776 0.552012 1.741914
v 0.872715 0.309052 1.664404
v 0.873048 0.489419 1.652550
v 0.874146 0.552012 1.636136
v 0.873087 0.278298 1.661393
v 0.873087 0.278298 1.661393
v 0.853689 0.276491 1.752936
v 0.853689 0.276491 1.752936
v 0.868628 0.604316 1.638424
v 0.868628 0.604316 1.638424
v 0.695190 0.987402 0.875547
v 0.695190 0.987402 0.875547
v 0.695190 0.987402 0.875547
v 0.695190 0.987402 0.875547
v 0.695190 0.987402 0.875547
v 0.695190 0.987402 0.875547
v 0.679600 0.852891 1.413538
v 0.674527 0.805372 1.588570
v 0.674527 0.805372 1.588570
v 0.437034 0.724048 1.830519
v 0.349825 0.675491 1.905805
v 0.349825 0.675491 1.905805
v 0.518210 0.757855 1.750540
v 0.697778 0.687987 1.702021
v 0.646854 0.639616 1.801929
v 0.646854 0.639616 1.801929
v 0.646854 0.609892 1.805033
v 0.646854 0.609892 1.805033
v 0.646854 0.609892 1.805033
v 0.306231 0.629366 1.939442
v 0.754434 0.928022 -0.375076
v 0.754434 0.928022 -0.375076
v 0.754434 0.928022 -0.375076
v 0.461418 1.396261 -0.502845
v 0.461418 1.394330 -0.087306
v 0.533228 0.413020 0.875507
v 0.533228 0.182215 0.892256
v 0.533228 0.182215 0.892256
v 0.533228 0.182215 0.892256
v 0.533228 0.182215 0.892256
v 0.533228 0.552012 0.903154
v 0.533228 0.482516 0.889331
v 0.533228 0.253177 1.596508
v 0.533228 0.309052 1.598362
v 0.730198 0.967402 -0.879277
v 0.730198 0.967402 -0.879277
v 0.546232 1.302976 -0.902400
v 0.566125 1.263190 -1.022663
v 0.596869 1.205922 -1.049187
v 0.671672 1.067070 -1.005676
v 0.556241 1.313114 0.142627
v 0.524810 1.363824 -0.095029
v 0.590421 1.261250 0.278969
v 0.696015 1.065882 0.666147
v 0.659926 1.134477 0.537218
v 0.617278 1.215540 0.384856
v 0.288472 1.360520 0.206194
v 0.000000 1.365453 0.219746
v 0.395059 1.351737 0.187822
v 0.674245 0.988156 0.897177
v 0.674245 0.988156 0.897177
v 0.709519 0.774035 1.602114
v 0.689326 0.938901 1.077906
v 0.684672 0.900409 1.238507
v 0.631786 0.967480 1.078511
v 0.583964 0.931428 1.238449
v 0.512496 0.875114 1.459803
v 0.436766 0.812961 1.655137
v 0.309901 0.675491 1.913376
v 0.309901 0.675491 1.913376
v 0.309901 0.675491 1.913376
v 0.369500 0.740634 1.790631
v 0.356833 0.747273 1.786826
v 0.560736 0.925349 1.235957
v 0.474219 0.868140 1.467745
v 0.619461 0.959597 1.078543
v 0.489426 0.865006 1.465735
v 0.572115 0.922964 1.237178
v 0.362159 0.739936 1.787585
v 0.417832 0.807708 1.658179
v 0.626211 0.958551 1.078526
v 0.401805 0.813187 1.661319
v 0.288042 0.608225 1.946863
v 0.295283 0.582823 1.946863
v 0.295283 0.582823 1.946863
v 0.632525 0.582823 1.815458
v 0.632525 0.582823 1.815458
v 0.404877 0.582823 1.920473
v 0.829505 0.489419 1.763530
v 0.830091 0.309052 1.769001
v 0.829385 0.552012 1.755323
v 0.829385 0.552012 1.755323
v 0.849324 0.309052 1.677813
v 0.849657 0.489419 1.665958
v 0.850754 0.552012 1.649544
v 0.849696 0.278298 1.674801
v 0.849696 0.278298 1.674801
v 0.830298 0.276491 1.766344
v 0.830298 0.276491 1.766344
v 0.845236 0.604317 1.651832
v 0.845236 0.604317 1.651832
v 0.533228 0.186426 0.868455
v 0.533228 0.186426 0.868455
v 0.533228 0.776223 1.238630
v 0.533228 0.748576 1.099718
v 0.533228 0.552012 1.574265
v 0.533228 0.616708 1.531037
v 0.612493 1.067070 -1.384495
v 0.578768 1.205922 -1.216006
v 0.501647 1.342953 0.169451
v 0.501647 1.342953 0.169451
v 0.461418 1.364903 -0.908697
v 0.524810 1.335457 -0.905239
v 0.313552 0.958380 -1.609545
v 0.000000 0.957239 -1.622005
v 0.564838 0.963395 -1.555464
v 0.713594 0.644195 -1.629565
v 0.567208 0.644195 -1.688647
v 0.567208 0.644195 -1.688647
v 0.567208 0.644195 -1.688647
v 0.541062 0.629299 -1.695598
v 0.541062 0.629299 -1.695598
v 0.324871 0.629299 -1.733239
v 0.000000 0.629299 -1.757014
v 0.745725 0.272915 -1.738957
v 0.874244 0.556985 -1.701729
v 0.874244 0.556985 -1.701729
v 0.874514 0.572196 -1.695976
v 0.874514 0.572196 -1.695976
v 0.856927 0.572196 -1.705294
v 0.856927 0.572196 -1.705294
v 0.856927 0.572196 -1.705294
v 0.856890 0.556987 -1.710859
v 0.856890 0.556987 -1.710859
v 0.856890 0.556987 -1.710859
v 0.752191 0.556997 -1.765937
v 0.000000 0.572196 -1.855060
v 0.338013 0.572196 -1.835182
v 0.338283 0.556996 -1.839871
v 0.000000 0.556995 -1.859523
v 0.595234 0.572196 -1.798309
v 0.595234 0.572196 -1.798309
v 0.595234 0.572196 -1.798309
v 0.750826 0.572196 -1.761504
v 0.595688 0.556997 -1.799973
v 0.886645 0.512951 -1.543977
v 0.000000 0.582823 1.964269
v 0.707819 1.040780 0.642729
v 0.673321 1.112553 0.519708
v 0.673321 1.112553 0.519708
v 0.673321 1.112553 0.519708
v 0.778901 0.897294 0.573036
v 0.778901 0.897294 0.573036
v 0.778901 0.897294 0.573036
v 0.778901 0.897294 0.573036
v 0.604886 1.243082 0.269480
v 0.632553 1.197371 0.374325
v 0.540851 1.333379 -0.412482
v 0.540851 1.333379 -0.412482
v 0.561391 1.248399 -1.170633
v 0.561391 1.248399 -1.170633
v 0.561391 1.248399 -1.170633
v 0.274662 1.289691 -1.222474
v 0.000000 1.292807 -1.225660
v 0.493448 1.266484 -1.194623
v 0.493448 1.266484 -1.194623
v 0.490676 1.320163 -1.129247
v 0.490676 1.320163 -1.129247
v 0.524810 1.305880 -1.127882
v 0.524810 1.305880 -1.127882
v 0.524810 1.305880 -1.127882
v 0.274561 1.351409 -1.143162
v 0.000000 1.357670 -1.148150
v 0.461418 1.340531 -1.074987
v 0.461418 1.332406 -1.130417
v 0.461418 1.332406 -1.130417
v 0.524810 1.313274 -1.072221
v 0.461418 1.348655 -1.019557
v 0.524810 1.320668 -1.016561
v 0.000000 1.347567 -1.235716
v 0.278833 1.341343 -1.230231
v 0.534016 1.291464 -1.192607
v 0.534016 1.291464 -1.192607
v 0.534016 1.291464 -1.192607
v 0.506762 1.306882 -1.199094
v 0.311799 0.982690 -1.601768
v 0.000000 0.981567 -1.613960
v 0.590460 1.091456 -1.411633
v 0.561709 1.209828 -1.267995
v 0.564838 0.987723 -1.547419
v 0.585570 1.005173 -1.512624
v 0.274662 1.277733 -1.242640
v 0.000000 1.280849 -1.245826
v 0.553329 1.226892 -1.244132
v 0.536311 1.240785 -1.227849
v 0.486185 1.250223 -1.224534
v 0.502407 0.959764 -1.576210
v 0.502407 0.984092 -1.568165
v 0.505429 0.775865 -1.676745
v 0.531565 0.858286 -1.657436
v 0.569594 0.741690 -1.669244
v 0.539800 0.740557 -1.677056
v 0.590299 0.742216 -1.661658
v 0.590299 0.742216 -1.661658
v 0.787818 0.848073 -1.393627
v 0.799056 0.812675 -1.458512
v 0.682081 0.754751 -1.611367
v 0.755049 0.778349 -1.540571
v 0.599402 0.913451 -1.588726
v 0.599402 0.913451 -1.588726
v 0.650228 0.913451 -1.532736
v 0.687660 0.913451 -1.444464
v 0.725091 0.913451 -1.356193
v 0.740593 0.900078 -1.347071
v 0.565013 0.894736 -1.624631
v 0.509873 0.752447 -1.680157
v 0.490578 1.380297 -0.090859
v 0.526760 1.329227 0.157112
v 0.490676 1.381290 -0.502845
v 0.476478 1.313452 -1.207971
v 0.490676 1.335738 -1.018174
v 0.490676 1.327951 -1.073711
v 0.490676 1.351312 -0.907101
v 0.780880 0.894808 0.649744
v 0.562658 1.279332 0.292348
v 0.590864 1.235170 0.397367
v 0.628242 1.156111 0.557260
v 0.659871 1.089212 0.692560
v 0.494769 1.005441 0.936883
v 0.636172 1.099084 0.702275
v 0.604375 1.166472 0.566115
v 0.538132 1.291498 0.302168
v 0.538132 1.291498 0.302168
v 0.566799 1.246108 0.405207
v 0.637178 1.021383 0.849488
v 0.580628 1.170372 0.571936
v 0.612256 1.103070 0.707236
v 0.513359 1.295894 0.306776
v 0.513359 1.295894 0.306776
v 0.543250 1.249907 0.412044
v 0.543250 1.249907 0.412044
v 0.298317 1.319542 0.329403
v 0.000000 1.324476 0.342955
v 0.405838 1.311009 0.318090
v 0.301039 1.271497 0.437498
v 0.000000 1.276141 0.451568
v 0.422144 1.263170 0.427227
v 0.429747 0.384633 2.042324
v 0.334741 0.350127 2.063784
v 0.113939 0.323684 2.089436
v 0.000000 0.321040 2.102185
v 0.531744 0.463833 2.003560
v 0.404642 0.481150 2.041619
v 0.000000 0.481151 2.086765
v 0.524064 0.481151 1.998173
v 0.425676 0.391819 2.035579
v 0.332759 0.358222 2.055991
v 0.113314 0.331941 2.081483
v 0.000000 0.329502 2.093227
v 0.524055 0.468289 1.998774
v 0.533228 0.747094 1.375420
v 0.533228 0.669844 0.981887
v 0.533228 0.179602 1.590063
v 0.533228 0.179602 1.590063
v 0.533228 0.489419 1.586716
v 0.533228 0.669844 1.495533
v 0.533228 0.696409 -1.045766
v 0.533228 0.737832 -1.209353
v 0.533228 0.586488 -0.922486
v 0.533228 0.374629 -0.846150
v 0.533228 0.513621 -0.873797
v 0.533228 0.308097 -0.845234
v 0.533228 0.374629 -1.572555
v 0.533228 0.266916 -1.568077
v 0.533228 0.266916 -1.568077
v 0.533228 0.710185 -1.348344
v 0.533228 0.644195 -1.453433
v 0.533228 0.192930 -0.825754
v 0.533228 0.192930 -0.825754
v 0.533228 0.196732 -0.842415
v 0.533228 0.196732 -0.842415
v 0.533228 0.196732 -0.842415
v 0.533228 0.196732 -0.842415
v 0.533228 0.512951 -1.543977
v 0.000000 0.186426 0.868455
v 0.000000 0.186426 0.868455
v 0.000000 0.182215 0.892256
v 0.000000 0.182215 0.892256
v 0.000000 0.192930 -0.825754
v 0.000000 0.192930 -0.825754
v 0.000000 0.196732 -0.842415
v 0.000000 0.196732 -0.842415
v 0.403618 0.626814 1.918737
v 0.441175 0.719468 1.832585
v 0.354504 0.671173 1.907318
v 0.674441 0.799234 1.594499
v 0.522161 0.753196 1.752788
v 0.691938 0.691166 1.702251
v 0.642779 0.644618 1.799422
v 0.318567 0.631892 1.933738
v 0.703151 0.773900 1.605814
v 0.402207 0.631806 1.914746
v 0.446359 0.713726 1.835167
v 0.360363 0.665758 1.909206
v 0.674333 0.791548 1.601930
v 0.527108 0.747353 1.755600
v 0.684628 0.695157 1.702547
v 0.637678 0.650889 1.796286
v 0.333993 0.635034 1.928616
v 0.695179 0.773744 1.610461
v 0.400439 0.636123 1.909745
v 0.540462 1.315049 -0.393319
v 0.540462 1.315049 -0.393319
v 0.734894 0.949685 -0.360912
v 0.734894 0.949685 -0.360912
v 0.542168 1.337902 -0.096186
v 0.570706 1.296211 0.133189
v 0.604497 1.228917 0.262814
v 0.632163 1.183207 0.367660
v 0.670172 1.099821 0.510558
v 0.670172 1.099821 0.510558
v 0.809670 0.769326 0.644529
v 0.809670 0.767211 0.708792
v 0.542461 1.321074 -0.095696
v 0.570317 1.280380 0.128189
v 0.760862 0.920212 0.554095
v 0.760862 0.920212 0.554095
v 0.726111 1.004923 0.546372
v 0.726111 1.004923 0.546372
v 0.726111 1.004923 0.546372
v 0.718032 1.004908 0.534743
v 0.730932 1.005454 0.623266
v 0.512483 0.774361 -1.671496
v 0.538612 0.853288 -1.654982
v 0.567993 0.749001 -1.664871
v 0.539918 0.747450 -1.671446
v 0.587982 0.749671 -1.657826
v 0.764162 0.850570 -1.393132
v 0.763133 0.818346 -1.457893
v 0.678483 0.762231 -1.608685
v 0.740473 0.785441 -1.533956
v 0.603604 0.906046 -1.590795
v 0.654062 0.906025 -1.535158
v 0.690438 0.905704 -1.448108
v 0.726814 0.905383 -1.361058
v 0.736008 0.895136 -1.353788
v 0.747261 0.882054 -1.354940
v 0.570619 0.888035 -1.624854
v 0.514664 0.756158 -1.672815
v 0.807905 0.940573 0.542386
v 0.807905 0.940573 0.542386
v 0.807905 0.940573 0.542386
v 0.835672 0.950851 0.600085
v 0.835672 0.950851 0.600085
v 0.831620 0.997450 0.601589
v 0.831620 0.997450 0.601589
v 0.802176 1.006456 0.544511
v 0.802176 1.006456 0.544511
v 0.802176 1.006456 0.544511
v 0.844083 0.944152 0.528964
v 0.844083 0.944152 0.528964
v 0.844083 0.944152 0.528964
v 0.838354 1.010035 0.531090
v 0.838354 1.010035 0.531090
v 0.838354 1.010035 0.531090
v 0.947181 1.020800 0.490718
v 0.947181 1.020800 0.490718
v 0.947181 1.020800 0.490718
v 0.952910 0.954917 0.488593
v 0.952910 0.954917 0.488593
v 0.952910 0.954917 0.488593
v 0.961230 0.963892 0.534297
v 0.961230 0.963892 0.534297
v 0.957178 1.010490 0.535800
v 0.957178 1.010490 0.535800
v 0.870591 0.953794 0.602988
v 0.870591 0.953794 0.602988
v 0.870591 0.953794 0.602988
v 0.866538 1.000393 0.604492
v 0.866538 1.000393 0.604492
v 0.866538 1.000393 0.604492
v 0.838942 1.003280 0.530872
v 0.838942 1.003280 0.530872
v 0.838942 1.003280 0.530872
v 0.843496 0.950906 0.529182
v 0.843496 0.950906 0.529182
v 0.843496 0.950906 0.529182
v 0.809096 1.000328 0.541944
v 0.809096 1.000328 0.541944
v 0.813650 0.947954 0.540254
v 0.813650 0.947954 0.540254
v 0.941436 1.013420 0.492849
v 0.941436 1.013420 0.492849
v 0.945990 0.961045 0.491160
v 0.945990 0.961045 0.491160
v 0.785188 0.976616 0.584171
v 0.820822 0.978949 0.558785
v 0.801276 0.939510 0.593320
v 0.822732 0.962634 0.562697
v 0.797806 0.953906 0.645681
v 0.833278 0.962634 0.585136
v 0.792600 0.969437 0.641230
v 0.832359 0.978949 0.583231
v 0.779674 0.949445 0.669893
v 0.779674 0.949445 0.669893
v 0.779674 0.949445 0.669893
v 0.772278 0.964575 0.664140
v 0.772278 0.964575 0.664140
v 0.772278 0.964575 0.664140
v 0.790888 0.926506 0.638767
v 0.790309 0.927690 0.602238
v 0.790309 0.927690 0.602238
v 0.790309 0.927690 0.602238
v 0.766870 0.975638 0.621589
v 0.766975 0.975423 0.590412
v 0.766975 0.975423 0.590412
v 0.766975 0.975423 0.590412
v 0.809670 0.771441 0.580266
v 0.602235 0.977015 -1.498546
v 0.614410 1.067070 -1.384495
v 0.610577 1.084639 -1.363200
v 0.594315 1.176066 -1.467898
v 0.601779 1.160831 -1.486365
v 0.591221 1.076774 -1.585270
v 0.301419 1.348965 -1.784662
v 0.000000 1.356341 -1.788511
v 0.475277 1.305580 -1.757991
v 0.547079 1.223911 -1.699726
v 0.292263 1.335718 -1.593245
v 0.000000 1.343094 -1.598052
v 0.537923 1.259016 -1.539965
v 0.464976 1.308327 -1.573428
v 0.000000 1.356341 -1.637308
v 0.301419 1.348965 -1.632673
v 0.475277 1.319927 -1.615144
v 0.547079 1.252627 -1.568501
v 0.292318 1.307634 -1.784662
v 0.000000 1.315010 -1.788511
v 0.567793 0.983639 -1.498546
v 0.558103 1.073171 -1.585270
v 0.524541 1.208732 -1.699726
v 0.457339 1.275682 -1.757991
v 0.292263 1.307649 -1.593245
v 0.000000 1.315025 -1.598052
v 0.451241 1.277023 -1.573428
v 0.590706 1.084639 -1.363200
v 0.573509 1.165683 -1.456008
v 0.519524 1.239237 -1.539965
v 0.326990 0.740557 -1.714235
v 0.289315 0.686739 -1.726391
v 0.226878 0.664610 -1.734569
v 0.000000 0.663791 -1.751207
v 0.339880 0.776440 -1.706957
v 0.000000 0.799133 -1.728421
v 0.339865 0.799789 -1.702441
v 0.326733 0.740557 -1.704326
v 0.289315 0.686739 -1.721248
v 0.226878 0.664610 -1.731771
v 0.000000 0.663791 -1.748495
v 0.339880 0.776440 -1.692465
v 0.000000 0.799133 -1.711370
v 0.339865 0.799789 -1.685320
v 0.519152 0.773586 -1.670744
v 0.544203 0.849570 -1.654084
v 0.567415 0.755483 -1.663892
v 0.540715 0.754073 -1.670611
v 0.586939 0.756092 -1.656733
v 0.759808 0.854473 -1.396448
v 0.758602 0.822950 -1.459337
v 0.676149 0.768369 -1.607710
v 0.736669 0.790924 -1.533987
v 0.606434 0.900124 -1.591947
v 0.656892 0.900285 -1.536875
v 0.694113 0.900466 -1.449663
v 0.730233 0.900882 -1.365510
v 0.736762 0.893905 -1.360474
v 0.744838 0.884083 -1.361313
v 0.574599 0.882727 -1.624583
v 0.520683 0.761005 -1.671919
v 0.809670 0.807439 -0.513709
v 0.809670 0.807439 -0.513709
v 0.823562 0.521121 -0.471415
v 0.819634 0.431366 -0.436311
v 0.824974 0.604011 -0.489678
v 0.806799 0.577201 0.771789
v 0.805307 0.495292 0.755843
v 0.784272 0.890548 0.781195
v 0.803742 0.413239 0.736683
v 0.339865 0.799789 -1.702441
v 0.289055 0.807970 -1.734475
v 0.339865 0.808068 -1.730591
v 0.339865 0.808068 -1.730591
v 0.289055 0.830295 -1.726772
v 0.316131 0.822143 -1.725156
v 0.000000 0.807412 -1.756572
v 0.169933 0.807740 -1.743581
v 0.000000 0.845774 -1.740933
v 0.169933 0.841170 -1.729953
v -0.886645 0.747094 1.375420
v -0.886645 0.776223 1.238630
v -0.886645 0.669844 1.495533
v -0.886645 0.616708 1.531037
v -0.886645 0.616708 1.531037
v -0.886645 0.489419 1.586716
v -0.886645 0.552012 1.574265
v -0.886645 0.309052 1.598362
v -0.886645 0.199292 1.590063
v -0.886645 0.199292 1.590063
v -0.886645 0.253177 1.596508
v -0.886645 0.482516 0.889331
v -0.886645 0.413020 0.875507
v -0.886645 0.669844 0.981887
v -0.886645 0.552012 0.903154
v -0.886645 0.748576 1.099718
v -0.886645 0.696409 -1.045766
v -0.886645 0.737832 -1.209353
v -0.886645 0.586488 -0.922486
v -0.886645 0.374629 -0.846150
v -0.886645 0.513621 -0.873797
v -0.886645 0.308097 -0.845234
v -0.886645 0.374629 -1.572555
v -0.886645 0.266916 -1.568077
v -0.886645 0.266916 -1.568077
v -0.886645 0.710185 -1.348344
v -0.886645 0.644195 -1.453433
v -0.886645 0.783793 1.391955
v -0.886645 0.783793 1.391955
v -0.886645 0.813757 1.238630
v -0.886645 0.786110 1.087417
v -0.803460 0.371658 0.719040
v -0.803460 0.371658 0.719040
v -0.803287 0.354813 0.663127
v -0.886645 0.198581 0.868455
v -0.886645 0.198581 0.868455
v -0.886645 0.219376 0.892256
v -0.886645 0.219376 0.892256
v -0.886645 0.696942 0.953623
v -0.886645 0.566618 0.866544
v -0.886645 0.489819 0.851911
v -0.848030 0.489419 1.773688
v -0.848030 0.552012 1.765411
v -0.848030 0.552012 1.765411
v -0.848030 0.309052 1.781445
v -0.848030 0.199292 1.771941
v -0.848030 0.199292 1.771941
v -0.848030 0.253177 1.778386
v -0.881989 0.699770 1.526425
v -0.868276 0.616472 1.637822
v -0.868276 0.616472 1.637822
v -0.868276 0.616472 1.637822
v -0.886645 0.731256 -1.024965
v -0.886645 0.778903 -1.209353
v -0.886645 0.748730 -1.361043
v -0.886645 0.385055 -0.802128
v -0.886645 0.524047 -0.829776
v -0.886645 0.311171 -0.801617
v -0.804973 0.841053 -0.886999
v -0.798925 0.853753 -1.025121
v -0.886645 0.610062 -0.886744
v -0.886645 0.644195 -1.511356
v -0.886645 0.644195 -1.511356
v -0.886645 0.644195 -1.511356
v -0.619150 0.199292 1.965142
v -0.404551 0.489419 2.048919
v -0.402727 0.552012 2.037935
v -0.419031 0.199292 2.044936
v -0.531744 0.489419 2.002319
v -0.616272 0.552012 1.957965
v -0.616272 0.552012 1.957965
v -0.616272 0.552012 1.957965
v -0.876863 0.272915 -1.674751
v -0.876863 0.272915 -1.674751
v -0.882935 0.268644 -1.615251
v -0.874431 0.357252 -1.700449
v -0.874431 0.357252 -1.700449
v -0.877268 0.381580 -1.680961
v -0.877268 0.381580 -1.680961
v -0.336678 0.381580 -1.819101
v -0.338184 0.357252 -1.838589
v -0.335694 0.272915 -1.812891
v -0.592586 0.381580 -1.779203
v -0.595497 0.357252 -1.798691
v -0.590774 0.272915 -1.772993
v -0.858897 0.381580 -1.690090
v -0.858897 0.381580 -1.690090
v -0.858897 0.381580 -1.690090
v -0.748070 0.381580 -1.745167
v -0.857013 0.357252 -1.709579
v -0.857013 0.357252 -1.709579
v -0.751936 0.357252 -1.764656
v -0.774660 0.939803 0.771340
v -0.774660 0.939803 0.771340
v -0.774660 0.939803 0.771340
v -0.774660 0.939803 0.710799
v -0.774660 0.939803 0.710799
v -0.774660 0.939803 0.710799
v -0.734548 0.987402 0.692698
v -0.734548 0.987402 0.692698
v -0.734548 0.987402 0.692698
v -0.734548 0.987402 0.755287
v -0.734548 0.987402 0.755287
v -0.734548 0.987402 0.755287
v -0.774660 0.939803 0.779690
v -0.774660 0.939803 0.779690
v -0.774660 0.939803 0.779690
v -0.882936 0.834905 1.238630
v -0.848086 0.877932 1.080912
v -0.801540 0.914263 0.917085
v -0.784555 0.890193 0.792151
v -0.809670 0.764270 0.798184
v -0.809670 0.764270 0.798184
v -0.805080 0.494971 0.771789
v -0.806610 0.576922 0.784934
v -0.848204 0.213147 0.726824
v -0.824981 0.224207 0.654893
v -0.809670 0.807836 -0.525763
v -0.809670 0.807836 -0.525763
v -0.751674 0.931487 -0.481993
v -0.751674 0.931487 -0.481993
v -0.751674 0.931487 -0.481993
v -0.751674 0.931487 -0.481993
v -0.825172 0.604304 -0.503440
v -0.823750 0.521388 -0.484074
v -0.886645 0.295175 0.842091
v -0.868903 0.277750 0.819140
v -0.883143 0.192930 -0.825754
v -0.883143 0.192930 -0.825754
v -0.886645 0.210659 -0.842415
v -0.886645 0.210659 -0.842415
v -0.803287 0.354813 -0.348493
v -0.803287 0.354813 -0.348493
v -0.819804 0.431560 -0.448882
v -0.779738 0.870690 -1.209305
v -0.756095 0.883471 -1.348296
v -0.756095 0.883471 -1.348296
v -0.809670 0.764613 0.787758
v -0.809670 0.764613 0.787758
v -0.809670 0.764613 0.787758
v -0.541024 1.332924 -0.501355
v -0.541024 1.332924 -0.501355
v -0.524810 1.363823 -0.502845
v -0.524810 1.363823 -0.502845
v -0.691449 0.981057 -1.209205
v -0.600319 0.977015 -1.498546
v -0.600319 0.977015 -1.498546
v -0.600319 0.977015 -1.498546
v -0.848204 0.282450 0.726824
v -0.830229 0.283777 0.657789
v -0.803550 0.413020 0.750832
v -0.886645 0.413020 0.837278
v -0.803287 0.289363 -0.348493
v -0.882898 0.290041 -0.781110
v -0.713516 0.973281 -1.021310
v -0.803287 0.239916 -0.348493
v -0.872949 0.594485 1.621740
v -0.872949 0.594485 1.621740
v -0.849557 0.594485 1.635148
v -0.849557 0.594485 1.635148
v -0.852897 0.489419 1.750121
v -0.853482 0.309052 1.755593
v -0.852776 0.552012 1.741914
v -0.852776 0.552012 1.741914
v -0.872715 0.309052 1.664404
v -0.873048 0.489419 1.652550
v -0.874146 0.552012 1.636136
v -0.873087 0.278298 1.661393
v -0.873087 0.278298 1.661393
v -0.853689 0.276491 1.752936
v -0.853689 0.276491 1.752936
v -0.868628 0.604316 1.638424
v -0.868628 0.604316 1.638424
v -0.695190 0.987402 0.875547
v -0.695190 0.987402 0.875547
v -0.695190 0.987402 0.875547
v -0.695190 0.987402 0.875547
v -0.695190 0.987402 0.875547
v -0.695190 0.987402 0.875547
v -0.679600 0.852891 1.413538
v -0.674527 0.805372 1.588570
v -0.674527 0.805372 1.588570
v -0.437034 0.724048 1.830519
v -0.349825 0.675491 1.905805
v -0.349825 0.675491 1.905805
v -0.518210 0.757855 1.750540
v -0.697778 0.687987 1.702021
v -0.646854 0.639616 1.801929
v -0.646854 0.639616 1.801929
v -0.646854 0.609892 1.805033
v -0.646854 0.609892 1.805033
v -0.646854 0.609892 1.805033
v -0.306231 0.629366 1.939442
v -0.754434 0.928022 -0.375076
v -0.754434 0.928022 -0.375076
v -0.754434 0.928022 -0.375076
v -0.461418 1.396261 -0.502845
v -0.461418 1.394330 -0.087306
v -0.533228 0.413020 0.875507
v -0.533228 0.182215 0.892256
v -0.533228 0.182215 0.892256
v -0.533228 0.182215 0.892256
v -0.533228 0.182215 0.892256
v -0.533228 0.552012 0.903154
v -0.533228 0.482516 0.889331
v -0.533228 0.253177 1.596508
v -0.533228 0.309052 1.598362
v -0.730198 0.967402 -0.879277
v -0.730198 0.967402 -0.879277
v -0.546232 1.302976 -0.902400
v -0.566125 1.263190 -1.022663
v -0.596869 1.205922 -1.049187
v -0.671672 1.067070 -1.005676
v -0.556241 1.313114 0.142627
v -0.524810 1.363824 -0.095029
v -0.590421 1.261250 0.278969
v -0.696015 1.065882 0.666147
v -0.659926 1.134477 0.537218
v -0.617278 1.215540 0.384856
v -0.288472 1.360520 0.206194
v -0.395059 1.351737 0.187822
v -0.674245 0.988156 0.897177
v -0.674245 0.988156 0.897177
v -0.709519 0.774035 1.602114
v -0.689326 0.938901 1.077906
v -0.684672 0.900409 1.238507
v -0.631786 0.967480 1.078511
v -0.583964 0.931428 1.238449
v -0.512496 0.875114 1.459803
v -0.436766 0.812961 1.655137
v -0.309901 0.675491 1.913376
v -0.309901 0.675491 1.913376
v -0.309901 0.675491 1.913376
v -0.369500 0.740634 1.790631
v -0.356833 0.747273 1.786826
v -0.560736 0.925349 1.235957
v -0.474219 0.868140 1.467745
v -0.619461 0.959597 1.078543
v -0.489426 0.865006 1.465735
v -0.572115 0.922964 1.237178
v -0.362159 0.739936 1.787585
v -0.417832 0.807708 1.658179
v -0.626211 0.958551 1.078526
v -0.401805 0.813187 1.661319
v -0.288042 0.608225 1.946863
v -0.295283 0.582823 1.946863
v -0.295283 0.582823 1.946863
v -0.632525 0.582823 1.815458
v -0.632525 0.582823 1.815458
v -0.404877 0.582823 1.920473
v -0.829505 0.489419 1.763530
v -0.830091 0.309052 1.769001
v -0.829385 0.552012 1.755323
v -0.829385 0.552012 1.755323
v -0.849324 0.309052 1.677813
v -0.849657 0.489419 1.665958
v -0.850754 0.552012 1.649544
v -0.849696 0.278298 1.674801
v -0.849696 0.278298 1.674801
v -0.830298 0.276491 1.766344
v -0.830298 0.276491 1.766344
v -0.845236 0.604317 1.651832
v -0.845236 0.604317 1.651832
v -0.533228 0.186426 0.868455
v -0.533228 0.186426 0.868455
v -0.533228 0.776223 1.238630
v -0.533228 0.748576 1.099718
v -0.533228 0.552012 1.574265
v -0.533228 0.616708 1.531037
v -0.612493 1.067070 -1.384495
v -0.578768 1.205922 -1.216006
v -0.501647 1.342953 0.169451
v -0.501647 1.342953 0.169451
v -0.461418 1.364903 -0.908697
v -0.524810 1.335457 -0.905239
v -0.313552 0.958380 -1.609545
v -0.564838 0.963395 -1.555464
v -0.713594 0.644195 -1.629565
v -0.567208 0.644195 -1.688647
v -0.567208 0.644195 -1.688647
v -0.567208 0.644195 -1.688647
v -0.541062 0.629299 -1.695598
v -0.541062 0.629299 -1.695598
v -0.324871 0.629299 -1.733239
v -0.745725 0.272915 -1.738957
v -0.874244 0.556985 -1.701729
v -0.874244 0.556985 -1.701729
v -0.874514 0.572196 -1.695976
v -0.874514 0.572196 -1.695976
v -0.856927 0.572196 -1.705294
v -0.856927 0.572196 -1.705294
v -0.856927 0.572196 -1.705294
v -0.856890 0.556987 -1.710859
v -0.856890 0.556987 -1.710859
v -0.856890 0.556987 -1.710859
v -0.752191 0.556997 -1.765937
v -0.338013 0.572196 -1.835182
v -0.338283 0.556996 -1.839871
v -0.595234 0.572196 -1.798309
v -0.595234 0.572196 -1.798309
v -0.595234 0.572196 -1.798309
v -0.750826 0.572196 -1.761504
v -0.595688 0.556997 -1.799973
v -0.886645 0.512951 -1.543977
v -0.707819 1.040780 0.642729
v -0.673321 1.112553 0.519708
v -0.673321 1.112553 0.519708
v -0.673321 1.112553 0.519708
v -0.778901 0.897294 0.573036
v -0.778901 0.897294 0.573036
v -0.778901 0.897294 0.573036
v -0.778901 0.897294 0.573036
v -0.604886 1.243082 0.269480
v -0.632553 1.197371 0.374325
v -0.540851 1.333379 -0.412482
v -0.540851 1.333379 -0.412482
v -0.561391 1.248399 -1.170633
v -0.561391 1.248399 -1.170633
v -0.561391 1.248399 -1.170633
v -0.274662 1.289691 -1.222474
v -0.493448 1.266484 -1.194623
v -0.493448 1.266484 -1.194623
v -0.490676 1.320163 -1.129247
v -0.490676 1.320163 -1.129247
v -0.524810 1.305880 -1.127882
v -0.524810 1.305880 -1.127882
v -0.524810 1.305880 -1.127882
v -0.274561 1.351409 -1.143162
v -0.461418 1.340531 -1.074987
v -0.461418 1.332406 -1.130417
v -0.461418 1.332406 -1.130417
v -0.524810 1.313274 -1.072221
v -0.461418 1.348655 -1.019557
v -0.524810 1.320668 -1.016561
v -0.278833 1.341343 -1.230231
v -0.534016 1.291464 -1.192607
v -0.534016 1.291464 -1.192607
v -0.534016 1.291464 -1.192607
v -0.506762 1.306882 -1.199094
v -0.311799 0.982690 -1.601768
v -0.590460 1.091456 -1.411633
v -0.561709 1.209828 -1.267995
v -0.564838 0.987723 -1.547419
v -0.585570 1.005173 -1.512624
v -0.274662 1.277733 -1.242640
v -0.553329 1.226892 -1.244132
v -0.536311 1.240785 -1.227849
v -0.486185 1.250223 -1.224534
v -0.502407 0.959764 -1.576210
v -0.502407 0.984092 -1.568165
v -0.505429 0.775865 -1.676745
v -0.531565 0.858286 -1.657436
v -0.569594 0.741690 -1.669244
v -0.539800 0.740557 -1.677056
v -0.590299 0.742216 -1.661658
v -0.590299 0.742216 -1.661658
v -0.787818 0.848073 -1.393627
v -0.799056 0.812675 -1.458512
v -0.682081 0.754751 -1.611367
v -0.755049 0.778349 -1.540571
v -0.599402 0.913451 -1.588726
v -0.599402 0.913451 -1.588726
v -0.650228 0.913451 -1.532736
v -0.687660 0.913451 -1.444464
v -0.725091 0.913451 -1.356193
v -0.740593 0.900078 -1.347071
v -0.565013 0.894736 -1.624631
v -0.509873 0.752447 -1.680157
v -0.490578 1.380297 -0.090859
v -0.526760 1.329227 0.157112
v -0.490676 1.381290 -0.502845
v -0.476478 1.313452 -1.207971
v -0.490676 1.335738 -1.018174
v -0.490676 1.327951 -1.073711
v -0.490676 1.351312 -0.907101
v -0.780880 0.894808 0.649744
v -0.562658 1.279332 0.292348
v -0.590864 1.235170 0.397367
v -0.628242 1.156111 0.557260
v -0.659871 1.089212 0.692560
v -0.494769 1.005441 0.936883
v -0.636172 1.099084 0.702275
v -0.604375 1.166472 0.566115
v -0.538132 1.291498 0.302168
v -0.538132 1.291498 0.302168
v -0.566799 1.246108 0.405207
v -0.637178 1.021383 0.849488
v -0.580628 1.170372 0.571936
v -0.612256 1.103070 0.707236
v -0.513359 1.295894 0.306776
v -0.513359 1.295894 0.306776
v -0.543250 1.249907 0.412044
v -0.543250 1.249907 0.412044
v -0.298317 1.319542 0.329403
v -0.405838 1.311009 0.318090
v -0.301039 1.271497 0.437498
v -0.422144 1.263170 0.427227
v -0.429747 0.384633 2.042324
v -0.334741 0.350127 2.063784
v -0.113939 0.323684 2.089436
v -0.531744 0.463833 2.003560
v -0.404642 0.481150 2.041619
v -0.524064 0.481151 1.998173
v -0.425676 0.391819 2.035579
v -0.332759 0.358222 2.055991
v -0.113314 0.331941 2.081483
v -0.524055 0.468289 1.998774
v -0.533228 0.747094 1.375420
v -0.533228 0.669844 0.981887
v -0.533228 0.179602 1.590063
v -0.533228 0.179602 1.590063
v -0.533228 0.489419 1.586716
v -0.533228 0.669844 1.495533
v -0.533228 0.696409 -1.045766
v -0.533228 0.737832 -1.209353
v -0.533228 0.586488 -0.922486
v -0.533228 0.374629 -0.846150
v -0.533228 0.513621 -0.873797
v -0.533228 0.308097 -0.845234
v -0.533228 0.374629 -1.572555
v -0.533228 0.266916 -1.568077
v -0.533228 0.266916 -1.568077
v -0.533228 0.710185 -1.348344
v -0.533228 0.644195 -1.453433
v -0.533228 0.192930 -0.825754
v -0.533228 0.192930 -0.825754
v -0.533228 0.196732 -0.842415
v -0.533228 0.196732 -0.842415
v -0.533228 0.196732 -0.842415
v -0.533228 0.196732 -0.842415
v -0.533228 0.512951 -1.543977
v -0.403618 0.626814 1.918737
v -0.441175 0.719468 1.832585
v -0.354504 0.671173 1.907318
v -0.674441 0.799234 1.594499
v -0.522161 0.753196 1.752788
v -0.691938 0.691166 1.702251
v -0.642779 0.644618 1.799422
v -0.318567 0.631892 1.933738
v -0.703151 0.773900 1.605814
v -0.402207 0.631806 1.914746
v -0.446359 0.713726 1.835167
v -0.360363 0.665758 1.909206
v -0.674333 0.791548 1.601930
v -0.527108 0.747353 1.755600
v -0.684628 0.695157 1.702547
v -0.637678 0.650889 1.796286
v -0.333993 0.635034 1.928616
v -0.695179 0.773744 1.610461
v -0.400439 0.636123 1.909745
v -0.540462 1.315049 -0.393319
v -0.540462 1.315049 -0.393319
v -0.734894 0.949685 -0.360912
v -0.734894 0.949685 -0.360912
v -0.542168 1.337902 -0.096186
v -0.570706 1.296211 0.133189
v -0.604497 1.228917 0.262814
v -0.632163 1.183207 0.367660
v -0.670172 1.099821 0.510558
v -0.670172 1.099821 0.510558
v -0.809670 0.769326 0.644529
v -0.809670 0.767211 0.708792
v -0.542461 1.321074 -0.095696
v -0.570317 1.280380 0.128189
v -0.760862 0.920212 0.554095
v -0.760862 0.920212 0.554095
v -0.726111 1.004923 0.546372
v -0.726111 1.004923 0.546372
v -0.726111 1.004923 0.546372
v -0.718032 1.004908 0.534743
v -0.730932 1.005454 0.623266
v -0.512483 0.774361 -1.671496
v -0.538612 0.853288 -1.654982
v -0.567993 0.749001 -1.664871
v -0.539918 0.747450 -1.671446
v -0.587982 0.749671 -1.657826
v -0.764162 0.850570 -1.393132
v -0.763133 0.818346 -1.457893
v -0.678483 0.762231 -1.608685
v -0.740473 0.785441 -1.533956
v -0.603604 0.906046 -1.590795
v -0.654062 0.906025 -1.535158
v -0.690438 0.905704 -1.448108
v -0.726814 0.905383 -1.361058
v -0.736008 0.895136 -1.353788
v -0.747261 0.882054 -1.354940
v -0.570619 0.888035 -1.624854
v -0.514664 0.756158 -1.672815
v -0.807905 0.940573 0.542386
v -0.807905 0.940573 0.542386
v -0.807905 0.940573 0.542386
v -0.835672 0.950851 0.600085
v -0.835672 0.950851 0.600085
v -0.831620 0.997450 0.601589
v -0.831620 0.997450 0.601589
v -0.802176 1.006456 0.544511
v -0.802176 1.006456 0.544511
v -0.802176 1.006456 0.544511
v -0.844083 0.944152 0.528964
v -0.844083 0.944152 0.528964
v -0.844083 0.944152 0.528964
v -0.838354 1.010035 0.531090
v -0.838354 1.010035 0.531090
v -0.838354 1.010035 0.531090
v -0.947181 1.020800 0.490718
v -0.947181 1.020800 0.490718
v -0.947181 1.020800 0.490718
v -0.952910 0.954917 0.488593
v -0.952910 0.954917 0.488593
v -0.952910 0.954917 0.488593
v -0.961230 0.963892 0.534297
v -0.961230 0.963892 0.534297
v -0.957178 1.010490 0.535800
v -0.957178 1.010490 0.535800
v -0.870591 0.953794 0.602988
v -0.870591 0.953794 0.602988
v -0.870591 0.953794 0.602988
v -0.866538 1.000393 0.604492
v -0.866538 1.000393 0.604492
v -0.866538 1.000393 0.604492
v -0.838942 1.003280 0.530872
v -0.838942 1.003280 0.530872
v -0.838942 1.003280 0.530872
v -0.843496 0.950906 0.529182
v -0.843496 0.950906 0.529182
v -0.843496 0.950906 0.529182
v -0.809096 1.000328 0.541944
v -0.809096 1.000328 0.541944
v -0.813650 0.947954 0.540254
v -0.813650 0.947954 0.540254
v -0.941436 1.013420 0.492849
v -0.941436 1.013420 0.492849
v -0.945990 0.961045 0.491160
v -0.945990 0.961045 0.491160
v -0.785188 0.976616 0.584171
v -0.820822 0.978949 0.558785
v -0.801276 0.939510 0.593320
v -0.822732 0.962634 0.562697
v -0.797806 0.953906 0.645681
v -0.833278 0.962634 0.585136
v -0.792600 0.969437 0.641230
v -0.832359 0.978949 0.583231
v -0.779674 0.949445 0.669893
v -0.779674 0.949445 0.669893
v -0.779674 0.949445 0.669893
v -0.772278 0.964575 0.664140
v -0.772278 0.964575 0.664140
v -0.772278 0.964575 0.664140
v -0.790888 0.926506 0.638767
v -0.790309 0.927690 0.602238
v -0.790309 0.927690 0.602238
v -0.790309 0.927690 0.602238
v -0.766870 0.975638 0.621589
v -0.766975 0.975423 0.590412
v -0.766975 0.975423 0.590412
v -0.766975 0.975423 0.590412
v -0.809670 0.771441 0.580266
v -0.602235 0.977015 -1.498546
v -0.614410 1.067070 -1.384495
v -0.610577 1.084639 -1.363200
v -0.594315 1.176066 -1.467898
v -0.601779 1.160831 -1.486365
v -0.591221 1.076774 -1.585270
v -0.301419 1.348965 -1.784662
v -0.475277 1.305580 -1.757991
v -0.547079 1.223911 -1.699726
v -0.292263 1.335718 -1.593245
v -0.537923 1.259016 -1.539965
v -0.464976 1.308327 -1.573428
v -0.301419 1.348965 -1.632673
v -0.475277 1.319927 -1.615144
v -0.547079 1.252627 -1.568501
v -0.292318 1.307634 -1.784662
v -0.567793 0.983639 -1.498546
v -0.558103 1.073171 -1.585270
v -0.524541 1.208732 -1.699726
v -0.457339 1.275682 -1.757991
v -0.292263 1.307649 -1.593245
v -0.451241 1.277023 -1.573428
v -0.590706 1.084639 -1.363200
v -0.573509 1.165683 -1.456008
v -0.519524 1.239237 -1.539965
v -0.326990 0.740557 -1.714235
v -0.289315 0.686739 -1.726391
v -0.226878 0.664610 -1.734569
v -0.339880 0.776440 -1.706957
v -0.339865 0.799789 -1.702441
v -0.326733 0.740557 -1.704326
v -0.289315 0.686739 -1.721248
v -0.226878 0.664610 -1.731771
v -0.339880 0.776440 -1.692465
v -0.339865 0.799789 -1.685320
v -0.519152 0.773586 -1.670744
v -0.544203 0.849570 -1.654084
v -0.567415 0.755483 -1.663892
v -0.540715 0.754073 -1.670611
v -0.586939 0.756092 -1.656733
v -0.759808 0.854473 -1.396448
v -0.758602 0.822950 -1.459337
v -0.676149 0.768369 -1.607710
v -0.736669 0.790924 -1.533987
v -0.606434 0.900124 -1.591947
v -0.656892 0.900285 -1.536875
v -0.694113 0.900466 -1.449663
v -0.730233 0.900882 -1.365510
v -0.736762 0.893905 -1.360474
v -0.744838 0.884083 -1.361313
v -0.574599 0.882727 -1.624583
v -0.520683 0.761005 -1.671919
v -0.809670 0.807439 -0.513709
v -0.809670 0.807439 -0.513709
v -0.823562 0.521121 -0.471415
v -0.819634 0.431366 -0.436311
v -0.824974 0.604011 -0.489678
v -0.806799 0.577201 0.771789
v -0.805307 0.495292 0.755843
v -0.784272 0.890548 0.781195
v -0.803742 0.413239 0.736683
v -0.339865 0.799789 -1.702441
v -0.289055 0.807970 -1.734475
v -0.339865 0.808068 -1.730591
v -0.339865 0.808068 -1.730591
v -0.289055 0.830295 -1.726772
v -0.316131 0.822143 -1.725156
v -0.169933 0.807740 -1.743581
v -0.169933 0.841170 -1.729953
vn 1.0000 -0.0000 -0.0000
vn 0.9996 0.0192 0.0211
vn 0.9995 0.0202 0.0223
vn 0.9642 -0.0126 -0.2647
vn 0.9711 -0.0628 -0.2304
vn 0.9607 -0.0358 -0.2753
vn 0.7157 0.0632 -0.6956
vn 0.7069 0.1330 -0.6947
vn 0.7070 0.1309 -0.6950
vn 0.9781 -0.0170 0.2076
vn 0.9779 -0.0248 0.2076
vn 0.9785 0.0025 0.2062
vn 0.9790 0.0234 0.2026
vn 0.9786 0.0023 0.2058
vn 0.9792 0.0262 0.2014
vn 0.9788 0.0670 0.1935
vn 0.9940 0.0513 0.0965
vn 0.9931 0.0532 0.1046
vn 0.9804 0.0505 0.1903
vn 0.9812 0.0740 0.1784
vn 0.9798 0.0349 0.1969
vn 0.9328 0.3320 0.1401
vn 0.8376 0.5263 0.1462
vn 0.8159 0.5633 0.1302
vn 1.0000 0.0022 -0.0088
vn 0.9958 0.0008 -0.0915
vn 0.9965 0.0047 -0.0832
vn 0.9962 0.0001 -0.0868
vn 0.9976 0.0130 -0.0676
vn 0.9971 0.0134 -0.0747
vn 0.9994 0.0085 -0.0340
vn 0.4525 -0.1075 -0.8853
vn 0.3360 -0.1142 -0.9349
vn 0.3334 -0.1144 -0.9358
vn 0.2414 -0.1516 0.9585
vn 0.2425 -0.1006 0.9649
vn 0.1109 -0.0907 0.9897
vn 0.2426 0.0258 0.9698
vn 0.2945 0.0931 0.9511
vn 0.1228 0.0704 0.9899
vn 0.2279 0.1900 0.9550
vn -0.0000 0.2022 0.9793
vn 0.2297 0.1898 0.9546
vn 0.3561 0.1320 0.9251
vn 0.5128 0.0034 0.8585
vn 0.5166 -0.0863 0.8519
vn 0.5145 -0.1311 0.8474
vn 0.6473 -0.0763 0.7584
vn 0.6439 -0.1120 0.7568
vn 0.6494 -0.0009 0.7605
vn 0.5084 0.0964 0.8557
vn 0.6433 0.0818 0.7612
vn 0.5018 0.1518 0.8516
vn 0.9783 -0.0083 0.2072
vn 0.9781 -0.0165 0.2074
vn 0.9962 -0.0202 -0.0850
vn 0.9970 0.0105 -0.0773
vn 0.9956 -0.0220 -0.0906
vn 0.9963 -0.0164 -0.0842
vn 0.9954 -0.0148 -0.0948
vn 0.9951 0.0018 -0.0987
vn 0.9984 0.0111 -0.0550
vn -0.0000 0.8693 -0.4943
vn 0.0534 0.8753 -0.4807
vn 0.0821 0.6261 -0.7754
vn -0.0000 0.6260 -0.7799
vn 0.0830 0.6263 -0.7751
vn 0.1012 -0.2926 -0.9509
vn -0.0000 -0.2924 -0.9563
vn -0.0000 -0.2921 -0.9564
vn 0.1753 -0.2956 -0.9391
vn 0.1015 -0.2931 -0.9507
vn 0.1422 0.6290 -0.7643
vn 0.1429 0.6294 -0.7638
vn 0.0736 0.8810 -0.4674
vn 0.1947 0.9094 -0.3675
vn 0.3667 0.5907 -0.7187
vn 0.2730 0.6129 -0.7415
vn 0.4398 -0.2636 -0.8586
vn 0.3233 -0.2872 -0.9017
vn 0.3186 -0.2876 -0.9032
vn 0.7647 0.6444 -0.0000
vn 0.9653 0.2598 -0.0272
vn 0.9600 0.2771 -0.0395
vn 0.9844 0.1726 0.0337
vn 0.7182 0.6958 -0.0122
vn 0.6996 0.7145 0.0011
vn 0.9957 -0.0498 0.0780
vn 0.9920 -0.0392 0.1199
vn 0.9959 -0.0498 0.0758
vn 0.9829 0.0168 0.1832
vn 0.9834 0.0222 0.1800
vn 0.9831 0.0090 0.1827
vn 0.9833 0.0469 0.1756
vn 0.9834 0.0542 0.1732
vn 0.9817 0.1370 0.1321
vn 0.9626 0.2335 0.1375
vn 0.7856 0.6165 0.0527
vn 0.8109 0.5814 0.0660
vn 0.8134 0.5779 0.0665
vn 0.9868 -0.0403 -0.1567
vn 0.9647 0.0006 -0.2632
vn 0.9653 0.0041 -0.2612
vn 0.9137 0.3248 -0.2442
vn 0.8876 0.2775 -0.3676
vn 0.9075 0.2264 -0.3539
vn 0.7901 0.1370 -0.5975
vn 0.9273 0.3359 -0.1652
vn 0.9394 0.2612 -0.2220
vn 0.9255 0.3411 -0.1647
vn 0.8821 0.2484 -0.4002
vn 0.7789 0.1229 -0.6150
vn 0.8206 0.1024 -0.5623
vn 0.7842 0.4535 0.4236
vn 0.9912 0.0850 0.1012
vn 0.9916 0.0981 0.0848
vn 0.9836 0.0166 0.1794
vn 0.8916 0.4161 -0.1784
vn 0.9439 0.3122 -0.1075
vn 0.8963 0.3110 -0.3161
vn 0.9935 -0.0302 -0.1101
vn 0.9996 -0.0110 0.0270
vn 0.9920 -0.0507 0.1160
vn 0.9995 -0.0124 0.0304
vn 0.7823 0.1349 -0.6081
vn 0.9997 -0.0189 0.0133
vn 0.9997 -0.0216 0.0138
vn 0.9997 -0.0215 0.0138
vn 0.9997 0.0223 0.0057
vn 0.9999 0.0133 0.0110
vn 0.9993 0.0372 0.0085
vn 0.8183 0.5734 -0.0395
vn 0.8609 0.5087 -0.0105
vn 0.8622 0.5065 -0.0092
vn 0.9859 -0.0574 0.1571
vn 0.9794 0.0947 0.1786
vn 0.9780 0.1029 0.1814
vn 0.9781 -0.0177 0.2075
vn 0.9781 -0.0176 0.2075
vn 0.9785 -0.0010 0.2062
vn 0.9791 0.0175 0.2024
vn 0.9784 -0.0010 0.2065
vn 0.9793 0.0186 0.2017
vn 0.9783 -0.0109 0.2071
vn 0.9783 0.0815 0.1903
vn 0.4973 -0.0119 0.8675
vn 0.4930 0.1307 0.8601
vn 0.4973 -0.0108 0.8675
vn -0.4960 -0.0720 -0.8653
vn -0.4941 -0.1140 -0.8619
vn 0.9998 -0.0185 0.0106
vn 0.9998 -0.0164 0.0076
vn 0.4805 0.2579 0.8382
vn 0.4752 0.2944 0.8291
vn 0.4814 0.2507 0.8399
vn 0.9865 0.0637 0.1510
vn -0.4972 0.0203 -0.8674
vn -0.4961 -0.0700 -0.8654
vn 0.1050 -0.1178 -0.9875
vn -0.0000 -0.1177 -0.9930
vn -0.0000 -0.1176 -0.9931
vn 0.9713 0.2217 0.0857
vn 0.9809 0.1941 -0.0085
vn 0.9805 0.1963 -0.0066
vn 0.9811 0.1935 -0.0089
vn 0.9590 0.1986 -0.2022
vn 0.9747 0.1537 -0.1621
vn -0.0000 -0.3827 -0.9239
vn -0.0000 -0.5556 -0.8315
vn -0.0000 -1.0000 -0.0067
vn -0.0000 -0.9239 0.3827
vn 0.0658 -0.9422 0.3286
vn 0.0658 -0.9423 0.3283
vn 0.0657 -0.9423 0.3283
vn 0.9842 0.1768 -0.0107
vn 0.9816 0.1909 -0.0104
vn 0.9850 0.1721 -0.0141
vn 0.9999 -0.0076 0.0100
vn 0.9996 -0.0227 0.0138
vn 0.9350 0.3546 -0.0028
vn 0.9287 0.3707 -0.0043
vn 0.9049 0.4255 -0.0096
vn 0.0681 0.8867 0.4573
vn 0.1448 0.8748 0.4623
vn 0.1424 0.8767 0.4595
vn 0.9988 -0.0470 0.0104
vn 0.9998 -0.0177 0.0085
vn 0.9965 -0.0833 0.0069
vn 0.7814 0.6201 -0.0697
vn 0.8162 0.5764 -0.0404
vn 0.8841 0.4671 0.0121
vn 0.8789 0.4766 -0.0201
vn 0.8805 0.4737 -0.0170
vn 0.8789 0.4766 -0.0202
vn 0.8809 0.4730 -0.0162
vn 0.8818 0.4713 -0.0145
vn 0.3203 0.9151 0.2448
vn 0.3865 0.8720 0.3004
vn 0.3699 0.8661 0.3362
vn 0.3666 0.9118 0.1850
vn 0.3201 0.9163 0.2408
vn 0.4844 0.8633 0.1416
vn 0.3570 0.9118 0.2031
vn 0.5313 0.8372 0.1300
vn 0.6031 0.7904 0.1076
vn 0.6032 0.7903 0.1076
vn 0.2808 0.9183 0.2789
vn 0.2015 0.9329 0.2984
vn 0.2863 0.9170 0.2777
vn 0.3825 0.8904 0.2468
vn 0.3866 0.8891 0.2449
vn 0.4356 0.8724 0.2217
vn 0.1525 0.9304 0.3333
vn 0.1818 0.9351 0.3042
vn 0.1057 0.9137 0.3924
vn 0.0735 0.8993 0.4312
vn 0.6523 0.5296 0.5423
vn 0.5794 0.6026 0.5488
vn 0.5524 0.6267 0.5497
vn 0.0044 0.8829 0.4696
vn -0.0130 0.8713 0.4906
vn 0.0048 0.8831 0.4691
vn -0.2772 0.9314 0.2358
vn -0.3531 0.9248 0.1417
vn -0.2377 0.9180 0.3175
vn -0.4178 0.9033 0.0977
vn -0.5655 0.8246 0.0138
vn -0.6122 0.7906 -0.0118
vn -0.7603 0.6377 -0.1238
vn -0.7852 0.6003 -0.1518
vn -0.8298 0.5177 -0.2084
vn 0.2402 0.9127 0.3306
vn 0.1847 0.9391 0.2899
vn 0.2664 0.8994 0.3465
vn -0.2194 0.9014 0.3733
vn 0.1799 0.9414 0.2853
vn 0.1577 0.9587 0.2368
vn 0.1555 0.9627 0.2213
vn 0.1508 0.9703 0.1892
vn 0.4136 0.7704 0.4852
vn -0.2208 0.9014 0.3725
vn -0.2365 0.9011 0.3634
vn -0.0028 0.1006 -0.9949
vn -0.0014 0.0669 -0.9978
vn -0.0014 0.0670 -0.9978
vn 0.2346 0.0716 0.9695
vn 0.3268 0.0789 0.9418
vn 0.1662 0.1600 0.9730
vn -0.0000 -0.0157 -0.9999
vn -0.0000 -0.1300 -0.9915
vn 0.4188 0.1037 0.9021
vn 0.3297 0.0883 0.9400
vn 0.4844 0.8318 0.2710
vn 0.4041 0.8752 0.2661
vn 0.3334 0.9148 0.2280
vn 0.3191 0.9161 0.2427
vn 0.4627 0.7465 0.4782
vn 0.5134 0.6229 0.5903
vn 0.4784 0.7593 0.4411
vn 0.4978 0.6520 0.5720
vn 0.5916 0.2678 0.7604
vn 0.5990 0.0832 0.7964
vn 0.9786 0.0004 0.2057
vn 0.9791 0.0202 0.2024
vn 0.9787 0.0007 0.2055
vn 0.9792 0.0222 0.2017
vn 0.9788 0.0449 0.1996
vn 0.9784 -0.0097 0.2067
vn 0.9758 0.0943 0.1971
vn 0.9777 0.0686 0.1984
vn -0.4962 0.0675 -0.8656
vn -0.4972 0.0193 -0.8674
vn 0.3101 -0.7818 0.5410
vn 0.4924 0.1396 0.8591
vn -0.2677 -0.8428 -0.4670
vn 0.0129 0.9997 0.0225
vn 0.4958 -0.0787 0.8649
vn 0.3267 0.8432 0.4269
vn 0.3267 0.8432 0.4270
vn -0.0000 -0.7133 -0.7009
vn 0.8992 0.4108 -0.1505
vn 0.8836 0.4469 -0.1398
vn 0.8794 0.4647 -0.1036
vn 0.8974 0.4313 -0.0934
vn 0.8778 0.4711 -0.0866
vn 0.9007 0.4246 -0.0921
vn 0.9040 0.4181 -0.0889
vn 0.9080 0.3812 -0.1740
vn 0.4423 0.8963 -0.0320
vn 0.4616 0.8854 0.0541
vn 0.4423 0.8963 -0.0327
vn 0.4616 0.8855 0.0540
vn 0.4959 0.8572 0.1391
vn 0.0740 0.9965 -0.0381
vn -0.0000 0.9952 0.0981
vn 0.0738 0.9927 0.0956
vn 0.1211 0.9919 -0.0373
vn 0.1203 0.9879 0.0979
vn -0.0000 0.9934 -0.1151
vn -0.0000 0.9992 -0.0393
vn 0.4422 0.8964 -0.0322
vn 0.4271 0.8993 -0.0941
vn 0.4423 0.8963 -0.0315
vn 0.8604 0.5087 -0.0313
vn 0.8398 0.5408 -0.0479
vn -0.0000 0.9817 0.1903
vn 0.1152 0.9768 0.1806
vn 0.0708 0.9799 0.1864
vn 0.1818 -0.1185 -0.9762
vn 0.1054 -0.1181 -0.9874
vn -0.2837 0.7667 -0.5759
vn 0.2610 0.6153 -0.7438
vn 0.1757 -0.2965 -0.9387
vn 0.1511 0.8666 -0.4756
vn 0.1946 0.8793 -0.4347
vn 0.1510 0.8665 -0.4757
vn 0.1825 -0.1191 -0.9760
vn 0.4443 0.3088 -0.8410
vn 0.4440 0.3084 -0.8413
vn -0.0000 0.2887 -0.9574
vn 0.0999 0.2479 -0.9636
vn 0.3356 0.2536 -0.9072
vn 0.1809 0.2052 -0.9619
vn 0.1805 0.2051 -0.9620
vn 0.1007 0.2472 -0.9637
vn 0.6699 0.7042 0.2352
vn 0.6396 0.7383 0.2141
vn 0.6714 0.7025 0.2362
vn -0.0000 -0.3827 0.9239
vn -0.0000 -0.1951 0.9808
vn 0.8852 0.4652 -0.0045
vn 0.8729 0.4879 -0.0043
vn 0.8852 0.4652 -0.0046
vn 0.0697 0.9911 -0.1133
vn -0.0000 0.9890 -0.1477
vn 0.0668 0.9869 -0.1472
vn 0.3964 0.9096 -0.1241
vn 0.3918 0.9116 -0.1244
vn 0.3966 0.9096 -0.1242
vn 0.4272 0.8993 -0.0939
vn 0.4075 0.9047 -0.1242
vn 0.0683 0.9868 -0.1470
vn 0.0679 0.9868 -0.1470
vn 0.1104 0.9832 -0.1451
vn 0.8128 0.5780 -0.0720
vn 0.8379 0.5436 -0.0494
vn 0.8265 0.5578 -0.0758
vn 0.4078 0.9047 -0.1235
vn 0.1118 0.9831 -0.1449
vn 0.8082 0.5833 -0.0812
vn 0.8382 0.5391 -0.0820
vn 0.8105 0.5802 -0.0802
vn 0.8538 0.5128 -0.0903
vn -0.0000 -0.1656 -0.9862
vn 0.0527 -0.1812 -0.9820
vn 0.1107 0.9832 -0.1452
vn 0.2401 -0.3158 -0.9180
vn 0.1929 -0.1705 -0.9663
vn 0.1489 -0.1824 -0.9719
vn 0.1252 -0.1886 -0.9740
vn 0.0788 0.9876 -0.1355
vn -0.0000 0.9934 -0.1144
vn -0.0000 0.9934 -0.1146
vn 0.3729 0.9198 -0.1219
vn 0.2297 0.9620 -0.1476
vn 0.2163 0.9649 -0.1490
vn 0.8438 0.5366 0.0005
vn 0.9067 0.3558 -0.2263
vn 0.9105 0.3310 -0.2477
vn 0.0790 0.9876 -0.1356
vn -0.0000 0.3105 -0.9506
vn 0.0986 0.3109 -0.9453
vn 0.1011 0.3108 -0.9451
vn 0.8583 0.4236 -0.2897
vn 0.8169 0.5253 -0.2381
vn 0.7847 0.5724 -0.2379
vn 0.8557 0.2634 -0.4454
vn 0.6429 0.2297 -0.7307
vn 0.8528 0.2548 -0.4558
vn -0.0000 0.8601 -0.5100
vn 0.0848 0.8576 -0.5072
vn 0.2201 0.3063 -0.9261
vn 0.2284 0.3057 -0.9243
vn 0.6873 0.6796 -0.2564
vn 0.3457 0.8812 -0.3224
vn 0.4740 0.8233 -0.3123
vn 0.2244 0.8836 -0.4110
vn 0.2080 0.8770 -0.4331
vn 0.0802 0.8463 -0.5267
vn -0.0000 0.7804 -0.6253
vn -0.0000 0.8427 -0.5384
vn -0.0000 0.6217 -0.7832
vn 0.0845 0.7799 -0.6202
vn 0.0901 0.6341 -0.7680
vn -0.0000 0.5177 -0.8555
vn 0.0928 0.5448 -0.8334
vn 0.2568 0.6666 -0.6998
vn 0.3014 0.6498 -0.6978
vn 0.2013 0.5990 -0.7751
vn 0.0862 0.8574 -0.5074
vn 0.0788 0.8556 -0.5116
vn -0.0000 0.8496 -0.5275
vn 0.2582 0.7609 -0.5953
vn 0.2600 0.8060 -0.5317
vn 0.3510 0.7379 -0.5764
vn 0.3626 0.6734 -0.6442
vn 0.1906 0.8342 -0.5174
vn 0.5189 0.2615 -0.8139
vn 0.1933 0.8325 -0.5192
vn 0.1641 0.8505 -0.4998
vn 0.1417 0.8616 -0.4874
vn -0.1606 0.9870 -0.0000
vn -0.0000 1.0000 -0.0000
vn -0.1833 0.9831 -0.0000
vn 0.0852 0.6607 -0.7458
vn -0.0000 0.3880 -0.9217
vn -0.0000 0.6736 -0.7391
vn 0.1559 0.1599 -0.9747
vn 0.1713 0.1654 -0.9712
vn 0.1855 0.1694 -0.9679
vn 0.2163 0.1743 -0.9606
vn 0.2748 0.1755 -0.9453
vn 0.4477 0.6806 -0.5800
vn 0.2314 0.6050 -0.7618
vn 0.3010 0.6639 -0.6846
vn 0.1610 0.6499 -0.7428
vn 0.1834 0.1676 -0.9687
vn 0.1139 0.3817 -0.9172
vn -0.0000 0.1621 -0.9868
vn 0.3347 0.1760 -0.9257
vn 0.1547 0.7176 -0.6790
vn 0.3721 0.7057 -0.6029
vn 0.4644 0.6906 -0.5544
vn 0.0734 0.7338 -0.6754
vn -0.0000 0.7447 -0.6674
vn 0.6719 0.4546 -0.5847
vn 0.7359 0.5792 -0.3507
vn 0.7354 0.6206 -0.2721
vn 0.4880 0.2808 -0.8264
vn 0.3989 0.2095 -0.8927
vn 0.4817 0.2757 -0.8318
vn 0.7029 0.7003 -0.1245
vn 0.6636 0.7455 -0.0624
vn 0.5387 0.6860 -0.4890
vn 0.6243 0.7096 -0.3268
vn 0.6095 0.6893 -0.3917
vn 0.6894 0.7029 -0.1751
vn 0.7569 0.6455 -0.1021
vn 0.7274 0.6835 -0.0609
vn 0.7526 0.6528 -0.0862
vn 0.1696 0.4457 -0.8790
vn 0.4458 0.2971 -0.8444
vn 0.3332 0.2526 -0.9084
vn 0.4497 -0.2484 -0.8579
vn 0.4360 -0.2695 -0.8586
vn 0.3776 0.5563 -0.7402
vn 0.2022 0.8812 -0.4274
vn 0.2421 0.8895 -0.3875
vn 0.4529 -0.0984 -0.8861
vn 0.6372 0.4180 -0.6475
vn 0.4626 0.8846 0.0583
vn 0.4437 0.8906 -0.0999
vn 0.3837 0.9158 -0.1187
vn 0.4078 0.9038 -0.1296
vn 0.3968 0.9086 -0.1304
vn 0.4076 0.9039 -0.1298
vn 0.4271 0.8988 -0.0985
vn 0.4269 0.8989 -0.0986
vn 0.3959 0.9090 -0.1302
vn 0.3918 0.9107 -0.1306
vn 0.9725 0.0699 -0.2222
vn 0.9701 0.0491 -0.2376
vn 0.9725 0.0692 -0.2222
vn 0.4627 0.8846 0.0586
vn 0.5187 0.8440 0.1362
vn 0.5898 0.7909 0.1633
vn 0.5242 0.8402 0.1390
vn 0.5889 0.7916 0.1631
vn 0.6302 0.7524 0.1916
vn 0.6287 0.7543 0.1891
vn 0.6989 0.6688 0.2534
vn 0.4618 0.8214 0.3347
vn 0.4524 0.8118 0.3692
vn 0.4616 0.8212 0.3355
vn 0.4786 0.8363 0.2675
vn 0.4715 0.8293 0.3001
vn 0.4712 0.8294 0.3002
vn 0.4795 0.8373 0.2628
vn 0.5002 0.8413 0.2049
vn 0.5016 0.8409 0.2031
vn 0.2700 0.9353 0.2288
vn 0.2548 0.9309 0.2619
vn 0.2411 0.9013 0.3598
vn 0.2414 0.8906 0.3855
vn 0.2405 0.8907 0.3857
vn 0.2216 0.8784 0.4234
vn 0.1991 0.8660 0.4586
vn 0.1598 0.9381 0.3074
vn 0.4983 0.8550 0.1435
vn 0.2407 0.9019 0.3587
vn 0.2340 0.9128 0.3346
vn 0.2341 0.9128 0.3346
vn -0.0000 0.9493 0.3145
vn 0.0747 0.9493 0.3054
vn 0.0747 0.9494 0.3052
vn 0.2204 0.9283 0.2993
vn 0.1542 0.9422 0.2975
vn 0.1835 0.9366 0.2984
vn 0.1322 0.9458 0.2966
vn 0.1327 0.9457 0.2966
vn 0.0686 0.9139 0.4000
vn -0.0000 0.9137 0.4063
vn -0.0000 0.9138 0.4061
vn -0.0000 0.8985 0.4390
vn -0.0000 0.8906 0.4549
vn 0.0649 0.9054 0.4195
vn -0.0000 0.9069 0.4213
vn -0.0000 0.9070 0.4211
vn 0.1291 0.9153 0.3816
vn 0.1318 0.9155 0.3802
vn 0.1318 0.8904 0.4357
vn 0.1250 0.9015 0.4142
vn 0.0636 0.8866 0.4582
vn -0.0000 0.8905 0.4549
vn 0.0662 0.8967 0.4376
vn 0.1642 0.8850 0.4357
vn 0.1766 0.8708 0.4589
vn 0.1536 0.8990 0.4102
vn 0.1568 0.9166 0.3678
vn 0.1564 0.9168 0.3675
vn 0.1113 0.9777 0.1782
vn 0.1861 0.8674 0.4615
vn 0.2134 0.0337 0.9764
vn -0.0000 0.0439 0.9990
vn 0.1180 0.0436 0.9921
vn 0.3395 0.0198 0.9404
vn 0.2111 0.0339 0.9769
vn 0.3640 0.0517 0.9300
vn 0.1100 -0.0050 0.9939
vn -0.0000 -0.1291 0.9916
vn -0.0000 -0.0912 0.9958
vn 0.1102 0.0427 0.9930
vn -0.0000 -0.0059 1.0000
vn -0.0000 -0.6831 0.7303
vn 0.1652 -0.6604 0.7325
vn -0.1658 -0.3219 0.9321
vn 0.1842 -0.6551 0.7328
vn -0.0415 0.6820 0.7302
vn -0.1207 0.6404 0.7585
vn -0.1294 0.6337 0.7627
vn 0.0288 0.7023 0.7113
vn -0.0362 0.6836 0.7290
vn -0.0000 0.7123 0.7019
vn 0.0316 0.7031 0.7104
vn -0.3388 0.3753 0.8628
vn -0.0863 -0.3895 0.9170
vn -0.3746 0.3164 0.8715
vn -0.0000 -0.9247 -0.3808
vn -0.0000 -0.9246 -0.3808
vn -0.0000 -0.7071 0.7071
vn -0.0041 0.0788 0.9969
vn -0.0023 -0.0592 0.9982
vn -0.0041 0.0787 0.9969
vn -0.0021 -0.0588 0.9983
vn -0.0000 -0.0810 0.9967
vn -0.0000 -0.3929 0.9196
vn -0.0000 0.0415 0.9991
vn -0.0000 -0.6562 -0.7545
vn -0.0000 -0.8832 -0.4689
vn 0.0005 -0.0272 -0.9996
vn 0.0004 -0.0198 -0.9998
vn 0.0002 -0.0206 -0.9998
vn -0.0000 -0.6563 -0.7545
vn -0.0000 -0.9292 0.3696
vn -0.0000 -0.7222 0.6917
vn -0.0000 -0.1049 -0.9945
vn -0.0000 -0.9997 -0.0258
vn 0.0167 -0.8404 -0.5416
vn 0.0166 -0.8407 -0.5412
vn 0.0167 -0.8405 -0.5416
vn 0.9996 -0.0236 0.0136
vn 0.9996 0.0262 0.0124
vn 0.9995 -0.0285 0.0142
vn 0.0444 -0.9964 -0.0719
vn 0.0148 -0.9931 -0.1166
vn 0.0229 -0.9982 -0.0551
vn 0.0293 -0.9919 -0.1233
vn 0.0141 -0.9912 -0.1318
vn 0.0475 -0.9983 0.0352
vn 0.0177 -0.9977 0.0651
vn 0.0354 -0.9963 0.0780
vn -0.0000 -0.9954 -0.0963
vn -0.0000 -0.9982 -0.0599
vn 0.0024 -0.9987 -0.0514
vn 0.0240 -0.9993 0.0284
vn -0.0000 -0.9986 0.0522
vn -0.0000 -0.9847 -0.1742
vn 0.0146 -0.9996 0.0247
vn -0.0000 -1.0000 -0.0037
vn -0.0000 -0.9991 -0.0435
vn -0.0000 -0.9939 -0.1102
vn -0.0000 -0.9749 -0.2225
vn 0.3274 0.0698 0.9423
vn 0.4234 0.0759 0.9028
vn 0.4261 0.0587 0.9028
vn 0.1771 0.2691 0.9467
vn 0.0895 0.0008 0.9960
vn 0.0917 0.0046 0.9958
vn 0.1026 0.0293 0.9943
vn 0.0535 -0.0820 0.9952
vn -0.0000 -0.0875 0.9962
vn 0.0990 0.9667 0.2362
vn 0.0840 0.9663 0.2434
vn 0.0662 0.9653 0.2525
vn -0.8838 0.4680 0.0004
vn 0.0344 0.9627 0.2683
vn -0.0000 0.9617 0.2740
vn 0.0442 -0.9985 0.0315
vn -0.0000 -0.9992 0.0391
vn -0.0000 -0.9998 0.0188
vn 0.0047 -0.9991 0.0427
vn 0.0202 -0.9990 0.0395
vn 0.3823 0.6394 0.6671
vn 0.3823 0.6392 0.6673
vn 0.3823 0.6393 0.6671
vn 0.2842 0.4954 0.8209
vn 0.3446 0.6232 0.7021
vn 0.2841 0.4953 0.8209
vn 0.3968 0.6537 0.6443
vn 0.4195 0.6405 0.6433
vn 0.3790 0.6679 0.6405
vn 0.4098 0.6901 0.5965
vn 0.4097 0.6901 0.5966
vn 0.2136 0.5476 0.8090
vn 0.2292 0.4958 0.8376
vn 0.3550 0.6758 0.6460
vn 0.3969 0.6537 0.6443
vn 0.3550 0.6757 0.6460
vn 0.2379 0.6574 0.7150
vn 0.3791 0.6680 0.6403
vn 0.2386 0.6571 0.7151
vn 0.2440 0.5137 0.8226
vn 0.3449 0.6224 0.7026
vn 0.2446 0.5146 0.8218
vn 0.3928 0.6582 0.6423
vn 0.4209 0.6400 0.6428
vn 0.3659 0.6986 0.6149
vn 0.4123 0.6912 0.5935
vn 0.4123 0.6912 0.5936
vn 0.1816 0.5564 0.8108
vn 0.1814 0.4887 0.8534
vn 0.3505 0.6807 0.6433
vn 0.3929 0.6582 0.6422
vn 0.3450 0.6223 0.7026
vn 0.2291 0.6777 0.6987
vn 0.2307 0.6782 0.6977
vn 0.0014 -0.9997 -0.0249
vn 0.0053 -0.9996 -0.0278
vn -0.0000 -0.9997 -0.0238
vn -0.0000 -0.9993 -0.0366
vn -0.0024 -0.9985 -0.0544
vn 0.0008 -0.9986 -0.0536
vn 0.0093 -0.9997 -0.0236
vn 0.9769 0.2136 -0.0081
vn 0.9607 0.2777 -0.0035
vn 0.9590 0.2835 -0.0032
vn 0.8854 0.4649 -0.0023
vn 0.8805 0.4741 -0.0016
vn 0.8369 0.5473 0.0042
vn 0.8340 0.5518 0.0052
vn 0.7928 0.6087 0.0295
vn 0.7939 0.6074 0.0281
vn 0.7853 0.6169 0.0520
vn 0.8558 0.5172 -0.0032
vn 0.8921 0.4518 0.0028
vn 0.8097 0.5869 -0.0015
vn 0.8621 0.5052 0.0399
vn 0.8607 0.5074 0.0415
vn 0.9969 -0.0782 0.0123
vn 0.9892 -0.1460 0.0111
vn 0.9802 -0.1976 0.0102
vn 0.2229 0.8797 0.4201
vn 0.1231 0.9016 0.4147
vn 0.1514 0.8994 0.4101
vn 0.8920 0.4520 0.0029
vn 0.9675 0.0210 -0.2521
vn 0.9702 0.0500 -0.2372
vn 0.9842 0.0380 -0.1729
vn 0.9977 0.0047 -0.0670
vn 0.9983 0.0033 -0.0588
vn 0.9846 0.0369 -0.1706
vn 1.0000 -0.0057 -0.0053
vn 0.7646 0.6445 0.0001
vn 0.8102 0.2767 -0.5167
vn 0.8243 0.2940 -0.4839
vn 0.7985 0.2630 -0.5415
vn 0.7822 0.2449 -0.5729
vn 0.8733 0.4862 0.0312
vn 0.8551 0.5108 0.0883
vn 0.8730 0.4867 0.0324
vn 0.8833 0.4687 -0.0067
vn 0.9710 -0.0636 0.2305
vn 0.9762 -0.1898 0.1052
vn 0.9753 -0.1991 0.0958
vn 0.6221 0.7823 -0.0326
vn 0.6216 0.7814 0.0544
vn 0.6211 0.7811 0.0646
vn 0.9476 -0.3177 -0.0318
vn 0.9477 -0.3176 -0.0317
vn 0.7874 0.2459 -0.5652
vn 0.7879 0.2458 -0.5646
vn 0.7871 0.2459 -0.5656
vn 0.6151 0.7737 0.1516
vn 0.8891 0.4574 -0.0171
vn 0.8891 0.4575 -0.0171
vn 0.4744 0.1827 -0.8611
vn 0.6014 0.1127 -0.7909
vn 0.4748 0.1802 -0.8615
vn 0.2406 0.6309 -0.7376
vn 0.2236 0.5510 -0.8040
vn 0.2401 0.6306 -0.7380
vn 0.3202 0.5063 -0.8007
vn 0.1371 0.8837 -0.4475
vn 0.1210 0.8601 -0.4955
vn 0.1349 0.8838 -0.4480
vn 0.3534 0.6407 -0.6816
vn 0.3201 0.5064 -0.8007
vn 0.2422 0.8327 -0.4980
vn 0.2436 0.8317 -0.4990
vn 0.5708 0.4950 -0.6551
vn 0.7274 0.5075 -0.4618
vn 0.7278 0.5074 -0.4614
vn 0.8181 0.4612 -0.3436
vn 0.8227 0.4515 -0.3455
vn 0.7883 0.3953 -0.4715
vn 0.6042 0.4373 -0.6662
vn 0.6197 0.4286 -0.6575
vn 0.3259 0.6676 -0.6695
vn 0.2966 0.6935 -0.6565
vn 0.1256 0.8446 -0.5205
vn 0.4765 0.3977 -0.7841
vn 0.4766 0.3979 -0.7839
vn 0.5708 0.4950 -0.6552
vn 0.5287 0.4562 -0.7158
vn 0.6028 0.1137 -0.7897
vn 0.5291 0.4557 -0.7158
vn 0.3537 0.6379 -0.6841
vn 0.3729 0.8156 0.4424
vn 0.6380 0.4662 0.6129
vn 0.7146 0.3788 0.5881
vn 0.7311 0.3575 0.5811
vn 0.0204 0.9880 0.1532
vn 0.0533 0.9769 0.2069
vn -0.0061 0.9957 0.0922
vn -0.8908 -0.0918 0.4450
vn -0.3478 -0.0000 -0.9376
vn 0.9764 0.0912 -0.1957
vn -0.0795 -0.0391 0.9961
vn 0.1605 -0.9813 0.1059
vn -0.0652 0.9834 0.1693
vn -0.0105 0.9855 0.1693
vn 0.1063 -0.9887 0.1057
vn 0.1064 -0.9887 0.1057
vn 0.6019 0.0266 0.7981
vn -0.3479 -0.0000 -0.9375
vn -0.3478 -0.0001 -0.9376
vn -0.0629 0.9980 -0.0049
vn -0.0583 0.9983 0.0019
vn -0.3966 -0.3660 -0.8419
vn -0.2998 -0.3579 -0.8843
vn -0.4197 -0.3673 -0.8300
vn 0.7610 -0.6310 0.1508
vn 0.6825 -0.7290 -0.0526
vn 0.6203 -0.7770 -0.1068
vn 0.8157 -0.3856 0.4312
vn 0.8175 -0.4631 0.3425
vn 0.7826 -0.5613 0.2692
vn 0.6684 -0.7438 -0.0059
vn 0.5885 -0.7975 -0.1326
vn -0.5613 -0.3701 -0.7403
vn -0.5612 -0.3700 -0.7404
vn -0.0212 0.9979 0.0606
vn -0.0552 0.9985 0.0062
vn 0.0323 0.9889 0.1452
vn 0.7961 0.2619 0.5456
vn 0.6987 0.6460 0.3073
vn 0.6988 0.6459 0.3073
vn -0.0000 -0.9997 0.0233
vn 0.9493 0.2991 -0.0969
vn 1.0000 -0.0092 -0.0003
vn 0.9999 -0.0111 0.0033
vn 0.9745 0.2242 -0.0055
vn 0.9774 0.2112 -0.0051
vn 0.9680 0.2384 0.0783
vn 0.9127 0.4046 0.0581
vn 0.9934 0.0100 -0.1143
vn 0.9819 0.1265 -0.1411
vn 0.9934 0.0100 -0.1140
vn -0.0000 0.9471 0.3208
vn 0.0650 0.9454 0.3194
vn 0.0732 0.9449 0.3191
vn 0.1125 0.9934 -0.0226
vn 0.1208 0.9924 -0.0247
vn 0.3515 0.8973 0.2670
vn 0.3111 0.9091 0.2772
vn 0.6806 0.7196 0.1375
vn 0.7114 0.6926 0.1191
vn 0.9122 0.4057 0.0580
vn 0.4516 0.8892 -0.0734
vn 0.5438 0.8351 -0.0828
vn 0.8469 0.5155 -0.1304
vn 0.9807 0.1334 -0.1426
vn 0.8963 0.4184 -0.1467
vn -0.0000 -0.0016 -1.0000
vn 0.0741 -0.0263 -0.9969
vn -0.0000 -0.0014 -1.0000
vn 0.0784 -0.6377 -0.7663
vn -0.0303 -0.6771 -0.7353
vn 0.0877 -0.6339 -0.7684
vn 0.2915 -0.4583 -0.8396
vn 0.2576 -0.1920 -0.9470
vn 0.2628 -0.1985 -0.9442
vn 0.0821 -0.0294 -0.9962
vn -0.0624 0.0124 0.9980
vn -0.0000 -0.0000 1.0000
vn -0.0685 0.0141 0.9976
vn -0.1078 -0.9942 0.0002
vn -0.0000 -1.0000 0.0001
vn -0.2133 0.1104 0.9707
vn -0.2206 0.1166 0.9684
vn -0.4108 -0.9113 0.0278
vn -0.1111 -0.9938 0.0001
vn -0.0923 0.7001 0.7080
vn -0.0000 0.7532 0.6578
vn -0.1455 0.6647 0.7328
vn -0.2814 0.4051 0.8699
vn -0.2809 0.4074 0.8690
vn 0.2850 -0.4678 -0.8366
vn -0.8014 -0.5880 0.1098
vn -0.9814 -0.1199 0.1497
vn -0.9711 -0.2002 0.1299
vn -0.3921 -0.9192 0.0362
vn -0.7950 -0.6000 0.0892
vn -0.3786 -0.9253 0.0194
vn -0.7791 -0.6154 0.1194
vn -0.9648 -0.2435 0.0989
vn -0.1033 -0.9946 -0.0000
vn -0.9883 -0.0038 0.1522
vn -0.9895 0.0210 0.1431
vn 0.0691 0.2603 -0.9631
vn -0.0000 0.2610 -0.9653
vn -0.0000 0.2694 -0.9630
vn 0.0717 0.1637 -0.9839
vn -0.0000 0.1643 -0.9864
vn -0.0000 0.1644 -0.9864
vn -0.7297 -0.6838 -0.0000
vn -0.0000 -1.0000 -0.0000
vn -0.5793 0.8151 -0.0065
vn -0.6365 0.7712 -0.0082
vn 0.1450 0.1698 -0.9747
vn 0.1752 0.1633 -0.9709
vn 0.1751 0.1613 -0.9713
vn 0.1208 0.1634 -0.9791
vn 0.0758 0.1642 -0.9835
vn 0.0695 0.2794 -0.9577
vn 0.0638 0.2921 -0.9543
vn 0.0697 0.2724 -0.9597
vn -0.0000 0.2781 -0.9605
vn -0.9900 0.1407 -0.0040
vn -0.6477 -0.7619 -0.0000
vn -0.8794 0.4759 -0.0122
vn -0.8962 0.4435 -0.0117
vn -0.9808 0.1951 -0.0055
vn 0.6838 0.4943 -0.5367
vn 0.5765 0.3719 -0.7275
vn 0.5972 0.4066 -0.6914
vn 0.5042 0.3175 -0.8031
vn 0.4101 0.2286 -0.8829
vn 0.7893 0.3959 -0.4694
vn 0.6934 0.5107 -0.5083
vn 0.7161 0.6030 -0.3517
vn 0.7174 0.5992 -0.3553
vn 0.6435 0.7270 -0.2394
vn 0.7102 0.6356 -0.3027
vn 0.7320 0.6328 -0.2524
vn 0.7641 0.6182 -0.1843
vn 0.7634 0.6369 -0.1074
vn 0.1008 0.1047 -0.9894
vn 0.1718 0.1456 -0.9743
vn 0.1832 0.1521 -0.9712
vn 0.2732 0.1709 -0.9467
vn 0.3977 0.2351 -0.8869
vn 0.3088 0.2480 -0.9182
vn 0.1421 0.1198 -0.9826
vn 0.3112 0.2499 -0.9169
vn 0.1596 0.1128 -0.9807
vn 0.2775 0.1601 -0.9473
vn 0.1599 0.1128 -0.9807
vn 0.3819 0.2249 -0.8964
vn 0.7592 0.6046 -0.2411
vn 0.7324 0.5663 -0.3780
vn 0.7324 0.5662 -0.3781
vn 0.5471 0.3306 -0.7690
vn 0.3820 0.2250 -0.8963
vn 0.6897 0.4669 -0.5535
vn 0.6898 0.4672 -0.5531
vn 0.6040 0.4293 -0.6715
vn 0.7195 0.5140 -0.4671
vn 0.7204 0.5146 -0.4650
vn 0.7240 0.6682 -0.1713
vn 0.7266 0.6146 -0.3072
vn 0.7235 0.6683 -0.1729
vn 0.7582 0.6496 -0.0552
vn 0.7582 0.6497 -0.0551
vn 0.7693 0.6287 -0.1139
vn 0.7693 0.6286 -0.1141
vn 0.7591 0.6046 -0.2414
vn 0.4887 0.3680 -0.7911
vn 0.4888 0.3680 -0.7910
vn 0.6039 0.4293 -0.6716
vn 0.0953 0.0937 -0.9910
vn 0.1420 0.1198 -0.9826
vn 0.5484 0.3314 -0.7677
vn 0.9998 -0.0188 0.0110
vn 0.9072 0.4206 0.0139
vn 0.9669 0.2550 0.0120
vn 0.9698 0.2437 0.0118
vn 0.9984 -0.0561 0.0116
vn 0.9996 -0.0237 0.0141
vn 0.9992 0.0371 0.0117
vn 0.9921 -0.1255 0.0060
vn 0.9813 0.1923 -0.0078
vn 0.9997 -0.0207 0.0114
vn 0.9998 -0.0166 0.0102
vn 0.9999 -0.0128 0.0069
vn 0.9815 0.1912 -0.0108
vn 0.9998 -0.0125 0.0134
vn 0.9998 -0.0164 0.0133
vn 0.0234 -0.9591 -0.2821
vn 0.1671 0.9484 0.2695
vn 0.0457 0.9609 0.2731
vn 0.1780 0.9466 0.2690
vn 0.0844 0.3770 -0.9224
vn 0.1055 0.3978 -0.9114
vn -0.0000 0.3775 -0.9260
vn 0.0670 0.3668 -0.9279
vn -0.0000 -0.9594 -0.2821
vn 0.0825 0.3750 -0.9233
vn 0.0430 0.9610 0.2732
vn -0.0000 0.9619 0.2734
vn 0.4020 0.8802 0.2523
vn 0.4142 0.8749 0.2509
vn 0.5382 0.8096 0.2343
vn -1.0000 -0.0000 -0.0000
vn -0.9996 0.0192 0.0211
vn -0.9711 -0.0628 -0.2304
vn -0.9642 -0.0126 -0.2647
vn -0.9607 -0.0358 -0.2753
vn -0.7069 0.1330 -0.6947
vn -0.7157 0.0632 -0.6956
vn -0.7070 0.1309 -0.6950
vn -0.9779 -0.0248 0.2076
vn -0.9781 -0.0167 0.2077
vn -0.9785 0.0025 0.2062
vn -0.9790 0.0234 0.2026
vn -0.9791 0.0260 0.2018
vn -0.9788 0.0670 0.1935
vn -0.9784 0.0818 0.1899
vn -0.9995 0.0202 0.0223
vn -0.9940 0.0513 0.0965
vn -0.9931 0.0532 0.1046
vn -0.9812 0.0740 0.1784
vn -0.9804 0.0505 0.1903
vn -0.9798 0.0349 0.1969
vn -0.8376 0.5263 0.1462
vn -0.9328 0.3320 0.1401
vn -0.8159 0.5633 0.1302
vn -1.0000 0.0022 -0.0088
vn -0.9994 0.0085 -0.0340
vn -0.9965 0.0047 -0.0834
vn -0.9958 0.0008 -0.0915
vn -0.9962 0.0001 -0.0868
vn -0.9976 0.0130 -0.0676
vn -0.9971 0.0134 -0.0747
vn -0.4525 -0.1075 -0.8853
vn -0.3361 -0.1142 -0.9349
vn -0.4524 -0.1075 -0.8853
vn -0.2414 -0.1516 0.9585
vn -0.1109 -0.0907 0.9897
vn -0.2425 -0.1005 0.9649
vn -0.2426 0.0258 0.9698
vn -0.1228 0.0704 0.9899
vn -0.2945 0.0931 0.9511
vn -0.2279 0.1900 0.9550
vn -0.2297 0.1898 0.9546
vn -0.3561 0.1320 0.9251
vn -0.5018 0.1518 0.8516
vn -0.5127 0.0031 0.8586
vn -0.3640 0.0517 0.9300
vn -0.5166 -0.0863 0.8519
vn -0.5145 -0.1310 0.8474
vn -0.6473 -0.0763 0.7584
vn -0.6439 -0.1120 0.7569
vn -0.6494 -0.0011 0.7605
vn -0.5084 0.0964 0.8557
vn -0.6433 0.0818 0.7612
vn -0.6379 0.1241 0.7601
vn -0.9783 -0.0083 0.2072
vn -0.9781 -0.0165 0.2074
vn -0.9962 -0.0203 -0.0849
vn -0.9970 0.0105 -0.0773
vn -0.9956 -0.0220 -0.0906
vn -0.9963 -0.0164 -0.0842
vn -0.9954 -0.0148 -0.0947
vn -0.9951 0.0018 -0.0987
vn -0.9984 0.0111 -0.0550
vn -0.0534 0.8753 -0.4807
vn -0.0821 0.6261 -0.7754
vn -0.0830 0.6263 -0.7751
vn -0.1012 -0.2926 -0.9509
vn -0.1015 -0.2931 -0.9507
vn -0.1753 -0.2956 -0.9391
vn -0.1757 -0.2965 -0.9387
vn -0.1422 0.6290 -0.7643
vn -0.1429 0.6294 -0.7638
vn -0.0736 0.8810 -0.4674
vn -0.0530 0.8752 -0.4809
vn -0.1947 0.9094 -0.3675
vn -0.2731 0.6129 -0.7415
vn -0.3667 0.5907 -0.7187
vn -0.4398 -0.2636 -0.8586
vn -0.3233 -0.2872 -0.9017
vn -0.4360 -0.2695 -0.8586
vn -0.7647 0.6444 -0.0000
vn -0.9653 0.2598 -0.0272
vn -0.9844 0.1726 0.0337
vn -0.9600 0.2771 -0.0395
vn -0.7182 0.6958 -0.0122
vn -0.9920 -0.0392 0.1199
vn -0.9957 -0.0498 0.0780
vn -0.9959 -0.0498 0.0758
vn -0.9829 0.0168 0.1832
vn -0.9831 0.0090 0.1827
vn -0.9834 0.0222 0.1800
vn -0.9833 0.0469 0.1756
vn -0.9834 0.0542 0.1732
vn -0.9817 0.1370 0.1321
vn -0.7856 0.6165 0.0527
vn -0.8109 0.5814 0.0660
vn -0.7853 0.6169 0.0520
vn -0.9868 -0.0403 -0.1567
vn -0.9647 0.0006 -0.2632
vn -0.9864 -0.0402 -0.1591
vn -0.9137 0.3248 -0.2442
vn -0.9075 0.2264 -0.3539
vn -0.8876 0.2775 -0.3676
vn -0.7901 0.1370 -0.5975
vn -0.9273 0.3359 -0.1652
vn -0.9394 0.2612 -0.2220
vn -0.9590 0.1986 -0.2022
vn -0.9255 0.3411 -0.1647
vn -0.8821 0.2484 -0.4002
vn -0.7789 0.1229 -0.6150
vn -0.8963 0.3110 -0.3161
vn -0.7842 0.4535 0.4235
vn -0.7842 0.4535 0.4236
vn -0.9912 0.0850 0.1013
vn -0.9836 0.0166 0.1794
vn -0.9916 0.0981 0.0848
vn -0.9439 0.3121 -0.1075
vn -0.8916 0.4162 -0.1783
vn -0.8206 0.1024 -0.5623
vn -0.9935 -0.0301 -0.1101
vn -0.9653 0.0041 -0.2612
vn -0.9996 -0.0110 0.0270
vn -0.9995 -0.0124 0.0304
vn -0.7823 0.1349 -0.6081
vn -0.9997 -0.0216 0.0138
vn -0.9997 -0.0189 0.0133
vn -0.9997 -0.0215 0.0138
vn -0.9997 0.0223 0.0057
vn -0.9999 0.0133 0.0110
vn -0.9999 -0.0076 0.0100
vn -0.8183 0.5734 -0.0395
vn -0.8609 0.5087 -0.0105
vn -0.8162 0.5764 -0.0404
vn -0.9920 -0.0507 0.1160
vn -0.9859 -0.0574 0.1571
vn -0.9794 0.0947 0.1786
vn -0.9811 0.0720 0.1796
vn -0.9781 -0.0176 0.2075
vn -0.9781 -0.0177 0.2075
vn -0.9785 -0.0010 0.2062
vn -0.9791 0.0175 0.2024
vn -0.9793 0.0186 0.2017
vn -0.9783 -0.0109 0.2071
vn -0.4973 -0.0119 0.8675
vn -0.4930 0.1307 0.8601
vn -0.4924 0.1396 0.8591
vn 0.4941 -0.1140 -0.8619
vn 0.4960 -0.0720 -0.8653
vn -0.9998 -0.0164 0.0076
vn -0.9998 -0.0185 0.0106
vn -0.4805 0.2579 0.8382
vn -0.4752 0.2944 0.8291
vn -0.9786 -0.0010 0.2058
vn -0.9865 0.0637 0.1510
vn -0.9864 0.0637 0.1512
vn 0.4961 -0.0700 -0.8654
vn 0.4972 0.0203 -0.8674
vn -0.1050 -0.1178 -0.9875
vn -0.1054 -0.1181 -0.9874
vn -0.9713 0.2217 0.0857
vn -0.9626 0.2335 0.1375
vn -0.9809 0.1941 -0.0085
vn -0.9805 0.1963 -0.0066
vn -0.9805 0.1963 -0.0065
vn -0.9747 0.1537 -0.1621
vn -0.0658 -0.9422 0.3286
vn -0.0657 -0.9423 0.3283
vn -0.0658 -0.9422 0.3285
vn -0.9816 0.1909 -0.0104
vn -0.9842 0.1768 -0.0107
vn -0.9850 0.1721 -0.0141
vn -0.9996 -0.0227 0.0138
vn -0.9350 0.3546 -0.0028
vn -0.9049 0.4255 -0.0096
vn -0.9287 0.3707 -0.0043
vn -0.1449 0.8748 0.4623
vn -0.0681 0.8867 0.4573
vn -0.1423 0.8766 0.4596
vn -0.9988 -0.0470 0.0104
vn -0.9998 -0.0177 0.0085
vn -0.9997 -0.0207 0.0114
vn -0.7814 0.6201 -0.0697
vn -0.7569 0.6455 -0.1021
vn -0.8841 0.4671 0.0121
vn -0.8789 0.4766 -0.0202
vn -0.8805 0.4737 -0.0170
vn -0.8789 0.4766 -0.0201
vn -0.8809 0.4730 -0.0164
vn -0.8818 0.4714 -0.0146
vn -0.3865 0.8720 0.3004
vn -0.3203 0.9151 0.2448
vn -0.3699 0.8661 0.3362
vn -0.3201 0.9163 0.2408
vn -0.3666 0.9118 0.1850
vn -0.3570 0.9118 0.2031
vn -0.4844 0.8633 0.1416
vn -0.6032 0.7903 0.1076
vn -0.5313 0.8372 0.1300
vn -0.2808 0.9183 0.2789
vn -0.2016 0.9329 0.2984
vn -0.1818 0.9351 0.3042
vn -0.3825 0.8904 0.2468
vn -0.2863 0.9170 0.2777
vn -0.3866 0.8891 0.2449
vn -0.4356 0.8724 0.2217
vn -0.1524 0.9304 0.3333
vn -0.0734 0.8994 0.4309
vn -0.1057 0.9137 0.3924
vn -0.6523 0.5296 0.5423
vn -0.5524 0.6267 0.5497
vn -0.5795 0.6025 0.5488
vn -0.0044 0.8829 0.4696
vn 0.0130 0.8713 0.4906
vn 0.0129 0.8713 0.4906
vn 0.2772 0.9314 0.2358
vn 0.3531 0.9248 0.1417
vn 0.4178 0.9033 0.0977
vn 0.5655 0.8246 0.0138
vn 0.6122 0.7906 -0.0118
vn 0.7603 0.6377 -0.1238
vn 0.7851 0.6005 -0.1517
vn 0.8298 0.5177 -0.2084
vn -0.2402 0.9127 0.3306
vn -0.1847 0.9391 0.2899
vn -0.1799 0.9414 0.2853
vn 0.2377 0.9180 0.3175
vn 0.2194 0.9014 0.3733
vn 0.2208 0.9014 0.3725
vn -0.1577 0.9587 0.2368
vn -0.1555 0.9627 0.2213
vn -0.1508 0.9703 0.1892
vn -0.4136 0.7704 0.4852
vn 0.2365 0.9011 0.3634
vn -0.1770 0.2692 0.9467
vn -0.1346 0.5012 0.8548
vn -0.1544 0.4768 0.8654
vn 0.0014 0.0669 -0.9978
vn 0.0028 0.1006 -0.9949
vn 0.0014 0.0670 -0.9978
vn -0.3268 0.0789 0.9418
vn -0.2346 0.0716 0.9695
vn -0.1662 0.1600 0.9730
vn -0.4188 0.1037 0.9021
vn -0.4234 0.0759 0.9028
vn -0.4844 0.8318 0.2710
vn -0.4041 0.8752 0.2661
vn -0.3334 0.9148 0.2280
vn -0.3191 0.9161 0.2427
vn -0.4627 0.7465 0.4782
vn -0.5134 0.6229 0.5903
vn -0.4784 0.7593 0.4411
vn -0.4978 0.6520 0.5720
vn -0.5916 0.2678 0.7604
vn -0.5990 0.0832 0.7964
vn -0.9786 0.0004 0.2057
vn -0.9791 0.0204 0.2023
vn -0.9792 0.0222 0.2017
vn -0.9789 0.0450 0.1995
vn -0.9777 0.0686 0.1984
vn -0.9784 -0.0097 0.2067
vn -0.9784 -0.0096 0.2067
vn -0.9758 0.0943 0.1971
vn 0.4962 0.0675 -0.8656
vn -0.3101 -0.7818 0.5410
vn -0.4814 0.2507 0.8399
vn 0.2677 -0.8428 -0.4670
vn 0.2677 -0.8428 -0.4669
vn -0.0129 0.9997 0.0225
vn -0.4958 -0.0787 0.8649
vn -0.3267 0.8432 0.4269
vn -0.3267 0.8432 0.4270
vn -0.8836 0.4469 -0.1398
vn -0.8992 0.4108 -0.1505
vn -0.8794 0.4647 -0.1036
vn -0.8974 0.4313 -0.0934
vn -0.8778 0.4711 -0.0866
vn -0.9007 0.4246 -0.0921
vn -0.9040 0.4181 -0.0889
vn -0.9080 0.3812 -0.1740
vn -0.4616 0.8854 0.0541
vn -0.4423 0.8963 -0.0320
vn -0.4423 0.8963 -0.0327
vn -0.4959 0.8572 0.1391
vn -0.4616 0.8855 0.0540
vn -0.0740 0.9965 -0.0381
vn -0.0738 0.9927 0.0956
vn -0.1212 0.9919 -0.0375
vn -0.1203 0.9879 0.0979
vn -0.4271 0.8993 -0.0941
vn -0.4422 0.8963 -0.0322
vn -0.4423 0.8963 -0.0315
vn -0.8398 0.5408 -0.0479
vn -0.8604 0.5087 -0.0313
vn -0.0708 0.9799 0.1864
vn -0.1152 0.9768 0.1806
vn -0.1821 -0.1188 -0.9761
vn -0.1825 -0.1191 -0.9760
vn 0.2837 0.7667 -0.5759
vn -0.2610 0.6152 -0.7439
vn -0.3186 -0.2876 -0.9032
vn -0.1946 0.8793 -0.4348
vn -0.1511 0.8666 -0.4756
vn -0.1510 0.8665 -0.4757
vn -0.3334 -0.1144 -0.9358
vn -0.4440 0.3083 -0.8413
vn -0.4443 0.3087 -0.8410
vn -0.4441 0.3085 -0.8412
vn -0.0999 0.2479 -0.9636
vn -0.1007 0.2472 -0.9637
vn -0.1809 0.2052 -0.9619
vn -0.3356 0.2536 -0.9072
vn -0.1805 0.2052 -0.9619
vn -0.6396 0.7383 0.2141
vn -0.6699 0.7042 0.2352
vn -0.6714 0.7025 0.2362
vn -0.8729 0.4879 -0.0043
vn -0.8852 0.4652 -0.0045
vn -0.8852 0.4651 -0.0045
vn -0.0701 0.9911 -0.1135
vn -0.0668 0.9869 -0.1472
vn -0.0679 0.9868 -0.1470
vn -0.3918 0.9116 -0.1244
vn -0.3964 0.9096 -0.1241
vn -0.3966 0.9095 -0.1242
vn -0.4075 0.9047 -0.1242
vn -0.4272 0.8993 -0.0939
vn -0.0683 0.9868 -0.1470
vn -0.1103 0.9832 -0.1453
vn -0.1107 0.9832 -0.1452
vn -0.8379 0.5436 -0.0494
vn -0.8128 0.5780 -0.0720
vn -0.8265 0.5578 -0.0758
vn -0.4078 0.9047 -0.1235
vn -0.1119 0.9832 -0.1445
vn -0.1151 0.9870 -0.1122
vn -0.8082 0.5833 -0.0812
vn -0.8382 0.5391 -0.0820
vn -0.8106 0.5800 -0.0810
vn -0.8538 0.5128 -0.0903
vn -0.0527 -0.1812 -0.9820
vn -0.2401 -0.3158 -0.9180
vn -0.1489 -0.1824 -0.9719
vn -0.1929 -0.1705 -0.9663
vn -0.1252 -0.1886 -0.9740
vn -0.0788 0.9876 -0.1355
vn -0.0790 0.9876 -0.1356
vn -0.3729 0.9198 -0.1219
vn -0.2297 0.9620 -0.1476
vn -0.3837 0.9158 -0.1187
vn -0.8438 0.5366 0.0005
vn -0.9067 0.3558 -0.2263
vn -0.9105 0.3310 -0.2477
vn -0.2163 0.9649 -0.1490
vn -0.0986 0.3108 -0.9453
vn -0.1011 0.3107 -0.9451
vn -0.8169 0.5253 -0.2381
vn -0.8583 0.4236 -0.2897
vn -0.7847 0.5724 -0.2379
vn -0.6429 0.2297 -0.7307
vn -0.8557 0.2634 -0.4454
vn -0.8528 0.2548 -0.4558
vn -0.0848 0.8576 -0.5072
vn -0.0863 0.8575 -0.5073
vn -0.2201 0.3063 -0.9261
vn -0.6873 0.6796 -0.2564
vn -0.4740 0.8233 -0.3123
vn -0.3457 0.8813 -0.3223
vn -0.2244 0.8836 -0.4110
vn -0.0802 0.8463 -0.5267
vn -0.0845 0.7799 -0.6202
vn -0.0901 0.6341 -0.7680
vn -0.3014 0.6498 -0.6978
vn -0.2568 0.6666 -0.6998
vn -0.2013 0.5990 -0.7751
vn -0.2080 0.8770 -0.4331
vn -0.0788 0.8556 -0.5116
vn -0.2582 0.7609 -0.5952
vn -0.2600 0.8060 -0.5317
vn -0.3510 0.7379 -0.5764
vn -0.3626 0.6734 -0.6442
vn -0.1906 0.8343 -0.5174
vn -0.5189 0.2615 -0.8139
vn -0.2284 0.3057 -0.9243
vn -0.0928 0.5448 -0.8334
vn -0.1933 0.8325 -0.5192
vn -0.1641 0.8505 -0.4998
vn -0.1417 0.8616 -0.4874
vn 0.1606 0.9870 -0.0000
vn -0.0851 0.6608 -0.7457
vn -0.1139 0.3817 -0.9172
vn -0.1559 0.1599 -0.9747
vn -0.1855 0.1694 -0.9679
vn -0.1713 0.1654 -0.9712
vn -0.2163 0.1743 -0.9606
vn -0.2748 0.1755 -0.9453
vn -0.4477 0.6806 -0.5800
vn -0.3010 0.6639 -0.6846
vn -0.2314 0.6050 -0.7618
vn -0.1610 0.6499 -0.7428
vn -0.1834 0.1676 -0.9687
vn -0.1208 0.1634 -0.9791
vn -0.1450 0.1701 -0.9747
vn -0.3347 0.1760 -0.9257
vn -0.1547 0.7176 -0.6790
vn -0.3721 0.7057 -0.6029
vn -0.4644 0.6906 -0.5544
vn -0.0734 0.7338 -0.6754
vn -0.6719 0.4546 -0.5847
vn -0.7359 0.5792 -0.3507
vn -0.6372 0.4180 -0.6475
vn -0.4880 0.2808 -0.8264
vn -0.3989 0.2095 -0.8927
vn -0.7354 0.6206 -0.2721
vn -0.7029 0.7003 -0.1245
vn -0.6636 0.7455 -0.0624
vn -0.6996 0.7145 0.0011
vn -0.5387 0.6860 -0.4890
vn -0.6095 0.6893 -0.3917
vn -0.6243 0.7096 -0.3268
vn -0.6894 0.7029 -0.1751
vn -0.7274 0.6835 -0.0609
vn -0.7526 0.6528 -0.0862
vn -0.1696 0.4457 -0.8790
vn -0.4458 0.2971 -0.8444
vn -0.4497 -0.2484 -0.8579
vn -0.3777 0.5564 -0.7401
vn -0.3776 0.5563 -0.7402
vn -0.2022 0.8812 -0.4274
vn -0.2421 0.8895 -0.3875
vn -0.4529 -0.0984 -0.8861
vn -0.4817 0.2757 -0.8318
vn -0.4626 0.8846 0.0583
vn -0.4437 0.8906 -0.0999
vn -0.3968 0.9086 -0.1304
vn -0.4078 0.9038 -0.1296
vn -0.4079 0.9038 -0.1296
vn -0.4271 0.8988 -0.0985
vn -0.4271 0.8988 -0.0986
vn -0.3918 0.9107 -0.1306
vn -0.3961 0.9089 -0.1302
vn -0.9725 0.0698 -0.2222
vn -0.9701 0.0491 -0.2376
vn -0.9702 0.0500 -0.2372
vn -0.5187 0.8440 0.1362
vn -0.4627 0.8846 0.0586
vn -0.5242 0.8402 0.1390
vn -0.5898 0.7909 0.1633
vn -0.5889 0.7916 0.1631
vn -0.6302 0.7524 0.1916
vn -0.6400 0.7379 0.2142
vn -0.6989 0.6688 0.2534
vn -0.4524 0.8118 0.3692
vn -0.4618 0.8214 0.3346
vn -0.4616 0.8212 0.3355
vn -0.4715 0.8293 0.3001
vn -0.4786 0.8363 0.2675
vn -0.4712 0.8294 0.3002
vn -0.5003 0.8412 0.2049
vn -0.4795 0.8373 0.2628
vn -0.5021 0.8406 0.2031
vn -0.2700 0.9353 0.2288
vn -0.2548 0.9309 0.2619
vn -0.2414 0.8906 0.3855
vn -0.2411 0.9014 0.3598
vn -0.2407 0.8907 0.3856
vn -0.2216 0.8784 0.4234
vn -0.1991 0.8660 0.4586
vn -0.2229 0.8797 0.4201
vn -0.4983 0.8550 0.1435
vn -0.6287 0.7543 0.1891
vn -0.2340 0.9128 0.3346
vn -0.2408 0.9019 0.3587
vn -0.2341 0.9128 0.3346
vn -0.0747 0.9493 0.3054
vn -0.0748 0.9494 0.3050
vn -0.2204 0.9283 0.2993
vn -0.1836 0.9366 0.2984
vn -0.1542 0.9422 0.2975
vn -0.1322 0.9458 0.2966
vn -0.1327 0.9457 0.2966
vn -0.0686 0.9139 0.4000
vn -0.0649 0.9054 0.4195
vn -0.1292 0.9153 0.3816
vn -0.0696 0.9139 0.4000
vn -0.1318 0.8904 0.4357
vn -0.1250 0.9015 0.4142
vn -0.0636 0.8865 0.4583
vn -0.0660 0.8966 0.4379
vn -0.1642 0.8850 0.4357
vn -0.1539 0.8989 0.4102
vn -0.1568 0.9166 0.3678
vn -0.1318 0.9155 0.3802
vn -0.1113 0.9777 0.1782
vn -0.1861 0.8674 0.4615
vn -0.1180 0.0436 0.9921
vn -0.1180 0.0435 0.9921
vn -0.2134 0.0337 0.9764
vn -0.3395 0.0198 0.9404
vn -0.2111 0.0339 0.9769
vn -0.1100 -0.0046 0.9939
vn -0.1102 0.0427 0.9930
vn -0.1652 -0.6604 0.7325
vn -0.1842 -0.6551 0.7328
vn 0.1658 -0.3219 0.9321
vn 0.1206 0.6404 0.7585
vn 0.0415 0.6820 0.7302
vn 0.1294 0.6337 0.7627
vn 0.0362 0.6836 0.7290
vn -0.0288 0.7023 0.7113
vn -0.0316 0.7031 0.7104
vn 0.3388 0.3753 0.8628
vn 0.3746 0.3164 0.8715
vn 0.0041 0.0787 0.9969
vn 0.0020 -0.0588 0.9983
vn 0.0021 -0.0588 0.9983
vn -0.0004 -0.0198 -0.9998
vn -0.0005 -0.0272 -0.9996
vn -0.0002 -0.0206 -0.9998
vn -0.0167 -0.8407 -0.5412
vn -0.0166 -0.8405 -0.5416
vn -0.0167 -0.8405 -0.5416
vn -0.9996 -0.0235 0.0140
vn -0.9996 0.0262 0.0124
vn -0.9992 0.0371 0.0117
vn -0.0444 -0.9964 -0.0719
vn -0.0148 -0.9931 -0.1166
vn -0.0293 -0.9919 -0.1233
vn -0.0141 -0.9912 -0.1318
vn -0.0282 -0.9918 -0.1244
vn -0.0475 -0.9983 0.0352
vn -0.0177 -0.9977 0.0651
vn -0.0240 -0.9993 0.0284
vn -0.0024 -0.9987 -0.0514
vn -0.0146 -0.9996 0.0247
vn -0.0229 -0.9982 -0.0551
vn -0.3274 0.0698 0.9423
vn -0.1771 0.2691 0.9467
vn -0.0895 0.0008 0.9960
vn -0.1026 0.0293 0.9943
vn -0.0917 0.0046 0.9958
vn -0.0535 -0.0820 0.9952
vn -0.0990 0.9667 0.2362
vn -0.0840 0.9663 0.2434
vn -0.0990 0.9667 0.2361
vn 0.8838 0.4680 0.0004
vn -0.0662 0.9653 0.2525
vn -0.0344 0.9627 0.2683
vn -0.0442 -0.9985 0.0315
vn -0.0047 -0.9991 0.0427
vn -0.3823 0.6393 0.6671
vn -0.3823 0.6392 0.6673
vn -0.2842 0.4954 0.8209
vn -0.3445 0.6232 0.7021
vn -0.3446 0.6232 0.7021
vn -0.4195 0.6405 0.6433
vn -0.3968 0.6537 0.6443
vn -0.4098 0.6901 0.5965
vn -0.3790 0.6679 0.6405
vn -0.4097 0.6901 0.5966
vn -0.2136 0.5476 0.8090
vn -0.2841 0.4953 0.8209
vn -0.3550 0.6758 0.6460
vn -0.3550 0.6757 0.6460
vn -0.2379 0.6574 0.7150
vn -0.2386 0.6571 0.7151
vn -0.2440 0.5137 0.8226
vn -0.3449 0.6223 0.7027
vn -0.3450 0.6223 0.7026
vn -0.4209 0.6400 0.6428
vn -0.3928 0.6582 0.6423
vn -0.4123 0.6912 0.5935
vn -0.3659 0.6986 0.6149
vn -0.4123 0.6912 0.5936
vn -0.1816 0.5564 0.8108
vn -0.2446 0.5146 0.8218
vn -0.3505 0.6807 0.6433
vn -0.2291 0.6777 0.6987
vn -0.2307 0.6782 0.6977
vn -0.0014 -0.9997 -0.0249
vn -0.0053 -0.9996 -0.0278
vn 0.0024 -0.9985 -0.0544
vn -0.0008 -0.9986 -0.0536
vn -0.0093 -0.9997 -0.0236
vn -0.9607 0.2777 -0.0035
vn -0.9769 0.2136 -0.0081
vn -0.9590 0.2835 -0.0032
vn -0.8805 0.4741 -0.0016
vn -0.8854 0.4649 -0.0023
vn -0.8369 0.5473 0.0042
vn -0.8340 0.5518 0.0052
vn -0.7928 0.6087 0.0295
vn -0.7939 0.6074 0.0281
vn -0.8558 0.5172 -0.0032
vn -0.8921 0.4518 0.0028
vn -0.8920 0.4520 0.0029
vn -0.8621 0.5052 0.0399
vn -0.8134 0.5779 0.0665
vn -0.8607 0.5074 0.0415
vn -0.9969 -0.0782 0.0123
vn -0.9802 -0.1976 0.0102
vn -0.9892 -0.1459 0.0117
vn -0.1231 0.9016 0.4147
vn -0.0665 0.9053 0.4196
vn -0.1514 0.8994 0.4101
vn -0.9675 0.0210 -0.2521
vn -0.9977 0.0047 -0.0670
vn -0.9842 0.0380 -0.1729
vn -0.9983 0.0033 -0.0588
vn -0.9725 0.0692 -0.2222
vn -1.0000 -0.0057 -0.0053
vn -0.7646 0.6445 0.0001
vn -0.8243 0.2940 -0.4839
vn -0.8102 0.2767 -0.5167
vn -0.7985 0.2630 -0.5415
vn -0.7822 0.2449 -0.5729
vn -0.8733 0.4862 0.0312
vn -0.8730 0.4867 0.0324
vn -0.8551 0.5108 0.0883
vn -0.8833 0.4687 -0.0067
vn -0.9762 -0.1898 0.1052
vn -0.9710 -0.0636 0.2305
vn -0.9753 -0.1991 0.0958
vn -0.6216 0.7814 0.0544
vn -0.6221 0.7823 -0.0326
vn -0.6211 0.7811 0.0646
vn -0.9477 -0.3175 -0.0316
vn -0.7874 0.2459 -0.5652
vn -0.7879 0.2458 -0.5646
vn -0.7878 0.2459 -0.5647
vn -0.6151 0.7737 0.1516
vn -0.8891 0.4575 -0.0171
vn -0.8890 0.4575 -0.0171
vn -0.4744 0.1827 -0.8611
vn -0.6014 0.1127 -0.7909
vn -0.6028 0.1137 -0.7897
vn -0.2406 0.6309 -0.7376
vn -0.2236 0.5510 -0.8040
vn -0.3202 0.5063 -0.8007
vn -0.1371 0.8837 -0.4475
vn -0.1210 0.8601 -0.4955
vn -0.1256 0.8446 -0.5205
vn -0.3201 0.5064 -0.8007
vn -0.3533 0.6407 -0.6817
vn -0.2422 0.8326 -0.4981
vn -0.2436 0.8317 -0.4990
vn -0.7274 0.5075 -0.4618
vn -0.5708 0.4950 -0.6551
vn -0.7278 0.5074 -0.4614
vn -0.8181 0.4612 -0.3436
vn -0.6042 0.4373 -0.6662
vn -0.7883 0.3953 -0.4715
vn -0.6197 0.4286 -0.6574
vn -0.3259 0.6676 -0.6695
vn -0.2966 0.6935 -0.6565
vn -0.4765 0.3977 -0.7841
vn -0.4766 0.3979 -0.7839
vn -0.5287 0.4562 -0.7158
vn -0.2401 0.6306 -0.7380
vn -0.3537 0.6379 -0.6841
vn -0.2664 0.8994 0.3465
vn -0.3729 0.8156 0.4424
vn -0.7146 0.3788 0.5881
vn -0.6380 0.4662 0.6129
vn -0.7311 0.3575 0.5811
vn -0.0533 0.9769 0.2069
vn -0.0204 0.9880 0.1532
vn 0.0061 0.9957 0.0922
vn 0.8908 -0.0918 0.4450
vn 0.3478 -0.0000 -0.9376
vn -0.9764 0.0912 -0.1957
vn 0.0795 -0.0391 0.9961
vn -0.1605 -0.9813 0.1059
vn 0.0652 0.9834 0.1693
vn 0.0105 0.9855 0.1693
vn -0.1063 -0.9887 0.1057
vn -0.1064 -0.9887 0.1057
vn -0.6019 0.0266 0.7981
vn 0.3479 -0.0000 -0.9375
vn 0.3478 -0.0001 -0.9376
vn 0.0629 0.9980 -0.0049
vn 0.0582 0.9983 0.0020
vn 0.3966 -0.3660 -0.8418
vn 0.2998 -0.3579 -0.8843
vn -0.7610 -0.6310 0.1508
vn -0.6825 -0.7290 -0.0526
vn -0.8175 -0.4631 0.3425
vn -0.8157 -0.3856 0.4312
vn -0.8163 -0.3264 0.4766
vn -0.7826 -0.5613 0.2692
vn -0.6684 -0.7438 -0.0059
vn -0.6203 -0.7770 -0.1068
vn 0.5613 -0.3701 -0.7403
vn 0.4197 -0.3673 -0.8300
vn 0.0212 0.9979 0.0606
vn 0.0552 0.9985 0.0062
vn -0.0323 0.9889 0.1452
vn -0.7961 0.2619 0.5456
vn -0.6987 0.6461 0.3073
vn -0.6987 0.6460 0.3073
vn -0.6988 0.6460 0.3073
vn -0.9995 -0.0285 0.0142
vn -0.9493 0.2991 -0.0969
vn -1.0000 -0.0092 -0.0003
vn -0.9999 -0.0111 0.0033
vn -0.9745 0.2242 -0.0055
vn -0.9680 0.2384 0.0783
vn -0.9127 0.4046 0.0581
vn -0.9121 0.4058 0.0580
vn -0.9934 0.0100 -0.1143
vn -0.9819 0.1265 -0.1411
vn -0.9807 0.1334 -0.1426
vn -0.0650 0.9454 0.3194
vn -0.0732 0.9449 0.3191
vn -0.1125 0.9934 -0.0226
vn -0.3515 0.8973 0.2670
vn -0.3111 0.9091 0.2772
vn -0.6806 0.7196 0.1375
vn -0.7114 0.6926 0.1191
vn -0.4516 0.8892 -0.0734
vn -0.1208 0.9924 -0.0247
vn -0.8469 0.5155 -0.1304
vn -0.5438 0.8351 -0.0828
vn -0.8963 0.4184 -0.1467
vn -0.0741 -0.0263 -0.9969
vn -0.0821 -0.0294 -0.9962
vn 0.0303 -0.6771 -0.7353
vn -0.0784 -0.6377 -0.7663
vn -0.0877 -0.6339 -0.7684
vn -0.2576 -0.1920 -0.9470
vn -0.2915 -0.4583 -0.8396
vn -0.2628 -0.1984 -0.9442
vn 0.0624 0.0124 0.9980
vn 0.1078 -0.9942 0.0002
vn 0.2133 0.1104 0.9707
vn 0.2206 0.1166 0.9684
vn 0.4108 -0.9113 0.0278
vn 0.1111 -0.9938 0.0001
vn 0.3921 -0.9192 0.0362
vn 0.0923 0.7002 0.7080
vn 0.1455 0.6647 0.7328
vn 0.2814 0.4051 0.8699
vn 0.2809 0.4074 0.8690
vn -0.2850 -0.4678 -0.8366
vn 0.8014 -0.5880 0.1098
vn 0.9814 -0.1199 0.1497
vn 0.7950 -0.6000 0.0892
vn 0.7791 -0.6154 0.1194
vn 0.9712 -0.1912 0.1420
vn 0.3786 -0.9253 0.0195
vn 0.1033 -0.9946 -0.0000
vn 0.9921 -0.0271 0.1224
vn 0.9665 -0.2236 0.1260
vn 0.9923 -0.0619 0.1070
vn 0.9895 0.0210 0.1431
vn -0.0691 0.2602 -0.9631
vn -0.0718 0.1632 -0.9840
vn 0.7297 -0.6838 -0.0000
vn 0.5793 0.8151 -0.0066
vn 0.1833 0.9831 -0.0000
vn -0.1752 0.1633 -0.9709
vn -0.1751 0.1612 -0.9713
vn -0.0758 0.1642 -0.9835
vn -0.0695 0.2794 -0.9577
vn -0.0697 0.2724 -0.9597
vn -0.0638 0.2921 -0.9543
vn 0.9900 0.1407 -0.0039
vn 0.9808 0.1951 -0.0055
vn 0.8794 0.4759 -0.0122
vn 0.6365 0.7712 -0.0082
vn 0.8962 0.4435 -0.0117
vn -0.5765 0.3719 -0.7275
vn -0.6838 0.4943 -0.5367
vn -0.5972 0.4066 -0.6914
vn -0.5042 0.3175 -0.8031
vn -0.4101 0.2286 -0.8829
vn -0.8226 0.4516 -0.3455
vn -0.7161 0.6030 -0.3517
vn -0.6934 0.5107 -0.5083
vn -0.7174 0.5992 -0.3553
vn -0.6435 0.7270 -0.2394
vn -0.7102 0.6356 -0.3027
vn -0.7641 0.6182 -0.1843
vn -0.7320 0.6328 -0.2524
vn -0.7634 0.6369 -0.1074
vn -0.1008 0.1047 -0.9894
vn -0.1832 0.1521 -0.9712
vn -0.1718 0.1455 -0.9743
vn -0.2732 0.1709 -0.9467
vn -0.3977 0.2351 -0.8869
vn -0.3088 0.2480 -0.9182
vn -0.1421 0.1198 -0.9826
vn -0.1420 0.1198 -0.9826
vn -0.1596 0.1128 -0.9807
vn -0.2775 0.1601 -0.9473
vn -0.3819 0.2249 -0.8964
vn -0.7324 0.5663 -0.3780
vn -0.7592 0.6046 -0.2411
vn -0.7324 0.5662 -0.3781
vn -0.3820 0.2250 -0.8963
vn -0.5470 0.3306 -0.7691
vn -0.6897 0.4669 -0.5535
vn -0.7195 0.5140 -0.4671
vn -0.6040 0.4293 -0.6715
vn -0.7204 0.5146 -0.4650
vn -0.7240 0.6682 -0.1713
vn -0.7266 0.6146 -0.3072
vn -0.7582 0.6496 -0.0552
vn -0.7582 0.6496 -0.0551
vn -0.7693 0.6287 -0.1139
vn -0.7591 0.6046 -0.2414
vn -0.4887 0.3680 -0.7911
vn -0.4888 0.3680 -0.7910
vn -0.0953 0.0937 -0.9910
vn -0.1599 0.1128 -0.9807
vn -0.5484 0.3315 -0.7677
vn -0.9998 -0.0188 0.0111
vn -0.9072 0.4206 0.0139
vn -0.9698 0.2437 0.0118
vn -0.9669 0.2550 0.0120
vn -0.9984 -0.0561 0.0117
vn -0.9996 -0.0237 0.0141
vn -0.9921 -0.1255 0.0060
vn -0.9813 0.1923 -0.0078
vn -0.9774 0.2112 -0.0051
vn -0.9788 0.2047 -0.0054
vn -0.9998 -0.0166 0.0102
vn -0.9999 -0.0128 0.0069
vn -0.9811 0.1935 -0.0089
vn -0.9815 0.1912 -0.0108
vn -0.9815 0.1912 -0.0109
vn -0.9998 -0.0125 0.0134
vn -0.9998 -0.0164 0.0133
vn -0.8096 0.5870 -0.0012
vn -0.0234 -0.9591 -0.2821
vn -0.1671 0.9484 0.2695
vn -0.0457 0.9609 0.2731
vn -0.0430 0.9610 0.2732
vn -0.0844 0.3770 -0.9224
vn -0.1055 0.3978 -0.9114
vn -0.0825 0.3750 -0.9233
vn -0.0670 0.3668 -0.9279
vn -0.0670 0.3669 -0.9278
vn -0.4020 0.8802 0.2523
vn -0.1780 0.9466 0.2690
vn -0.5382 0.8096 0.2343
vn -0.4142 0.8749 0.2509
vn -0.9984 -0.0000 -0.0569
vn -0.0000 -0.0000 -1.0000
vn 0.9984 -0.0000 0.0569
vn 0.3827 -0.0000 -0.9239
vn 0.9239 -0.0000 -0.3827
vn 0.9239 -0.0000 0.3827
vn 0.3827 -0.0000 0.9239
vn -0.3827 -0.0000 0.9239
vn -0.9239 -0.0000 0.3827
vn 0.3722 0.2323 -0.8986
vn -0.9239 -0.0000 -0.3827
vn -0.3827 -0.0000 -0.9239
vn -0.3722 0.2323 -0.8986
vn -0.3722 0.2324 -0.8986
vn -0.8986 0.2324 0.3722
vn 0.3722 0.2323 0.8986
vn 0.3722 0.2324 0.8986
vn 0.8986 0.2323 -0.3722
vn -0.8986 0.2323 -0.3722
vn -0.8986 0.2324 -0.3722
vn -0.3722 0.2323 0.8986
vn 0.8986 0.2323 0.3722
vn 0.9984 -0.0000 -0.0569
vn -0.9984 -0.0000 0.0569
vn -0.9627 -0.0000 -0.2705
vn -0.1063 0.9847 0.1383
vn -0.1435 0.9894 -0.0201
vn -0.1435 0.9894 -0.0202
vn 0.9627 -0.0000 -0.2705
vn 0.1435 0.9894 -0.0201
vn 0.1435 0.9894 -0.0202
vn 0.1434 0.9895 -0.0202
vn 0.1063 0.9847 0.1383
vn 0.7071 -0.0315 -0.7064
vn 0.7071 0.0315 0.7064
vn 0.4853 0.7483 0.4523
vn 0.4854 0.7482 0.4523
vn -0.7071 0.0315 0.7064
vn -0.7071 -0.0315 -0.7064
vn 0.4852 0.7051 -0.5172
vn -0.4853 0.7483 0.4523
vn -0.4852 0.7483 0.4523
vn -0.4852 0.7051 -0.5172
vn -0.4852 0.7051 -0.5171
vn -0.0000 0.9990 -0.0446
vn 0.7072 -0.0315 -0.7063
vn -0.7072 -0.0315 -0.7063
vn 0.7029 -0.1151 -0.7019
vn 0.7101 0.0561 0.7019
vn 0.5220 0.7538 0.3992
vn -0.7029 0.1151 0.7019
vn -0.7101 -0.0562 -0.7019
vn -0.7029 0.1151 0.7020
vn 0.5171 0.6351 -0.5739
vn 0.5171 0.6351 -0.5738
vn -0.4575 0.7945 0.3992
vn -0.4575 0.7946 0.3992
vn -0.4624 0.6759 -0.5739
vn -0.4624 0.6759 -0.5738
vn 0.0413 0.9918 -0.1211
vn 0.0414 0.9918 -0.1211
vn 0.7030 -0.1151 -0.7019
vn 0.7101 0.0562 0.7019
vn -0.7029 -0.1151 -0.7019
vn -0.7101 0.0561 0.7019
vn -0.7101 0.0562 0.7019
vn -0.5220 0.7538 0.3992
vn 0.7029 0.1151 0.7019
vn 0.7101 -0.0562 -0.7019
vn 0.7029 0.1151 0.7020
vn -0.5171 0.6351 -0.5739
vn -0.5171 0.6350 -0.5739
vn 0.4575 0.7946 0.3992
vn 0.4575 0.7945 0.3992
vn 0.4624 0.6759 -0.5739
vn 0.4624 0.6759 -0.5738
vn -0.0413 0.9918 -0.1211
vn -0.0414 0.9918 -0.1211
vn -0.7030 -0.1151 -0.7019
vn 0.9310 0.3648 0.0109
vn 0.9311 0.3645 0.0111
vn 0.9308 0.3653 0.0105
vn 0.9931 0.1167 -0.0062
vn -0.9310 0.3647 0.0110
vn -0.9313 0.3642 0.0110
vn -0.9311 0.3645 0.0111
vn -0.9931 0.1167 -0.0062
vn 0.9961 0.0888 -0.0000
vn 0.9961 0.0887 -0.0000
vn -0.9961 0.0888 -0.0000
vn -0.9961 0.0887 -0.0000
vn 0.9811 0.0720 0.1796
vn 0.4524 -0.1075 -0.8853
vn 0.6379 0.1241 0.7601
vn 0.0530 0.8752 -0.4809
vn -0.0000 0.6260 -0.7798
vn 0.9864 -0.0402 -0.1591
vn 0.9864 0.0637 0.1512
vn 0.9805 0.1963 -0.0065
vn 0.0658 -0.9422 0.3285
vn -0.0129 0.8713 0.4906
vn 0.1771 0.2692 0.9467
vn 0.1544 0.4768 0.8654
vn 0.1346 0.5012 0.8548
vn 0.9784 -0.0096 0.2067
vn 0.4441 0.3085 -0.8412
vn 0.6399 0.7380 0.2143
vn 0.1151 0.9870 -0.1121
vn 0.3919 0.9116 -0.1244
vn 0.0528 -0.1812 -0.9820
vn 0.1928 -0.1705 -0.9663
vn 0.8608 0.4133 -0.2971
vn -0.0000 0.9492 0.3146
vn 0.0696 0.9139 0.4000
vn 0.0664 0.9052 0.4197
vn -0.0000 0.0436 0.9991
vn 0.1180 0.0435 0.9921
vn -0.0000 0.0429 0.9991
vn -0.0000 0.7122 0.7020
vn 0.0006 -0.0269 -0.9996
vn 0.0166 -0.8408 -0.5412
vn 0.0282 -0.9918 -0.1244
vn -0.0000 -0.9903 -0.1390
vn 0.0990 0.9667 0.2361
vn 0.3824 0.6394 0.6670
vn 0.9710 -0.0635 0.2304
vn 0.7876 0.2459 -0.5650
vn 0.8890 0.4575 -0.0171
vn 0.0604 0.9718 0.2277
vn 0.8163 -0.3264 0.4766
vn 0.6987 0.6461 0.3073
vn -0.0000 0.9471 0.3210
vn -0.0304 -0.6771 -0.7353
vn 0.0691 0.2603 -0.9630
vn 0.9788 0.2047 -0.0054
vn 0.9815 0.1912 -0.0109
vn 0.0670 0.3669 -0.9278
vn -0.9786 0.0021 0.2060
vn -0.9993 0.0372 0.0085
vn -0.8622 0.5065 -0.0092
vn -0.9780 0.1029 0.1814
vn -0.4973 -0.0108 0.8675
vn 0.4972 0.0193 -0.8674
vn -0.9965 -0.0833 0.0069
vn -0.8818 0.4713 -0.0145
vn -0.0048 0.8831 0.4691
vn -0.3297 0.0883 0.9400
vn -0.9787 0.0007 0.2055
vn -0.3332 0.2526 -0.9084
vn -0.3919 0.9116 -0.1244
vn -0.0528 -0.1812 -0.9820
vn -0.1928 -0.1705 -0.9663
vn -0.8608 0.4133 -0.2971
vn -0.1612 0.9380 0.3070
vn -0.1766 0.8708 0.4589
vn -0.1564 0.9168 0.3675
vn 0.0863 -0.3895 0.9170
vn -0.0006 -0.0269 -0.9996
vn -0.0166 -0.8408 -0.5412
vn -0.0354 -0.9963 0.0780
vn -0.4261 0.0587 0.9028
vn -0.0202 -0.9990 0.0395
vn -0.3823 0.6394 0.6671
vn -0.3824 0.6394 0.6670
vn -0.3969 0.6537 0.6443
vn -0.3791 0.6680 0.6403
vn -0.2292 0.4958 0.8376
vn -0.3929 0.6582 0.6422
vn -0.1814 0.4887 0.8534
vn -0.9846 0.0370 -0.1706
vn -0.9710 -0.0635 0.2304
vn -0.9477 -0.3176 -0.0317
vn -0.7871 0.2459 -0.5656
vn -0.8891 0.4574 -0.0171
vn -0.4748 0.1802 -0.8615
vn -0.1350 0.8838 -0.4479
vn -0.7893 0.3959 -0.4694
vn -0.5291 0.4557 -0.7158
vn -0.0604 0.9718 0.2277
vn -0.5885 -0.7975 -0.1326
vn 0.5613 -0.3700 -0.7403
vn -0.9934 0.0100 -0.1140
vn 0.0304 -0.6771 -0.7353
vn 0.0685 0.0141 0.9976
vn -0.0691 0.2603 -0.9630
vn 0.6477 -0.7619 -0.0000
vn -0.3112 0.2499 -0.9169
vn -0.6898 0.4672 -0.5531
vn -0.6039 0.4293 -0.6716
vn -0.7235 0.6683 -0.1729
vn -0.7693 0.6286 -0.1141
vn 0.3722 0.2324 -0.8986
vn -0.8986 0.2323 0.3722
vn -0.3722 0.2324 0.8986
vn -0.1434 0.9895 -0.0202
vn 0.4852 0.7483 0.4523
vn 0.4852 0.7051 -0.5171
vn -0.4854 0.7482 0.4523
vn -0.0000 0.9990 -0.0444
vn 0.5171 0.6350 -0.5739
vn 0.0412 0.9918 -0.1211
vn 0.7100 -0.0562 -0.7019
vn -0.5171 0.6351 -0.5738
vn -0.0412 0.9918 -0.1211
vn 0.9312 0.3644 0.0109
vn 0.9312 0.3643 0.0111
vn 0.9312 0.3643 0.0109
vn 0.9311 0.3645 0.0110
vn 0.9312 0.3642 0.0110
vn 0.9311 0.3646 0.0110
vn 0.9932 0.1166 -0.0062
vn 0.9932 0.1166 -0.0063
vn -0.9311 0.3646 0.0110
vn -0.9311 0.3645 0.0110
vn -0.9309 0.3650 0.0107
vn -0.9310 0.3647 0.0109
vn -0.9310 0.3649 0.0107
vn -0.9932 0.1166 -0.0063
vn -0.9932 0.1166 -0.0062
vn 0.9960 0.0890 -0.0002
vn 0.9960 0.0889 0.0001
vn -0.9960 0.0888 -0.0000
vn -0.9960 0.0889 0.0001
vn -0.9961 0.0887 0.0001
vn -0.9847 -0.0097 0.1740
vt 0.134919 0.282521
vt 0.137444 0.282686
vt 0.134919 0.283148
vt 0.132636 0.282034
vt 0.132360 0.282647
vt 0.141925 0.274197
vt 0.140703 0.273222
vt 0.141101 0.272875
vt 0.140521 0.278777
vt 0.139678 0.281197
vt 0.139206 0.280744
vt 0.090533 0.832456
vt 0.091865 0.834124
vt 0.090235 0.834019
vt 0.140983 0.276456
vt 0.141377 0.277738
vt 0.140752 0.277616
vt 0.127900 0.273786
vt 0.126013 0.272887
vt 0.129050 0.272887
vt 0.128912 0.274719
vt 0.128008 0.277731
vt 0.127809 0.274719
vt 0.129106 0.277731
vt 0.128282 0.278777
vt 0.130629 0.280744
vt 0.130113 0.281244
vt 0.126515 0.278777
vt 0.128253 0.279853
vt 0.126123 0.278777
vt 0.132393 0.832200
vt 0.134926 0.832382
vt 0.132393 0.832886
vt 0.129661 0.831508
vt 0.129314 0.832090
vt 0.126790 0.828456
vt 0.125593 0.826309
vt 0.126328 0.826135
vt 0.127006 0.830066
vt 0.127603 0.829672
vt 0.125611 0.841164
vt 0.128418 0.838930
vt 0.128421 0.841423
vt 0.136469 0.830636
vt 0.134714 0.831738
vt 0.139171 0.824365
vt 0.138458 0.826135
vt 0.138383 0.824336
vt 0.138711 0.828697
vt 0.140519 0.829434
vt 0.137436 0.830636
vt 0.079556 0.842697
vt 0.086250 0.831906
vt 0.085997 0.842698
vt 0.153006 0.272181
vt 0.153125 0.276530
vt 0.131207 0.276530
vt 0.153104 0.281040
vt 0.153872 0.287140
vt 0.146203 0.284355
vt 0.151837 0.295597
vt 0.119188 0.300648
vt 0.119188 0.295597
vt 0.151690 0.300648
vt 0.162104 0.295597
vt 0.169347 0.281040
vt 0.169387 0.276530
vt 0.169158 0.272181
vt 0.187629 0.276530
vt 0.187629 0.272181
vt 0.187629 0.281040
vt 0.169219 0.295597
vt 0.187629 0.295597
vt 0.168925 0.300648
vt 0.127860 0.274206
vt 0.128944 0.273786
vt 0.140269 0.826251
vt 0.140615 0.829180
vt 0.139269 0.826024
vt 0.139243 0.826185
vt 0.140594 0.825844
vt 0.140165 0.824436
vt 0.137981 0.828444
vt 0.136149 0.849758
vt 0.115345 0.846243
vt 0.136149 0.846243
vt 0.117166 0.848715
vt 0.137281 0.850162
vt 0.117256 0.850162
vt 0.115037 0.829837
vt 0.129806 0.826154
vt 0.129806 0.829837
vt 0.103799 0.829837
vt 0.115146 0.826154
vt 0.101862 0.848715
vt 0.102035 0.850162
vt 0.102848 0.849758
vt 0.099513 0.846243
vt 0.084544 0.865782
vt 0.085266 0.861500
vt 0.086312 0.861500
vt 0.086307 0.848715
vt 0.092787 0.850162
vt 0.086195 0.850162
vt 0.092379 0.829837
vt 0.097239 0.826154
vt 0.096967 0.829837
vt 0.065065 0.818040
vt 0.065101 0.818040
vt 0.065172 0.818249
vt 0.125773 0.290289
vt 0.125773 0.290719
vt 0.122653 0.289679
vt 0.137239 0.282059
vt 0.132169 0.839900
vt 0.132168 0.841767
vt 0.118017 0.823885
vt 0.125242 0.824722
vt 0.118017 0.824711
vt 0.123885 0.831887
vt 0.116698 0.832834
vt 0.123874 0.830384
vt 0.117414 0.834661
vt 0.124447 0.834715
vt 0.117808 0.836348
vt 0.125606 0.836465
vt 0.092668 0.862538
vt 0.089245 0.861246
vt 0.089557 0.860393
vt 0.101262 0.823623
vt 0.100061 0.824595
vt 0.143467 0.273118
vt 0.131568 0.289521
vt 0.131572 0.287912
vt 0.134733 0.289282
vt 0.133343 0.285261
vt 0.128982 0.291594
vt 0.132315 0.292334
vt 0.128850 0.289727
vt 0.090902 0.829704
vt 0.092291 0.832456
vt 0.090435 0.830059
vt 0.087381 0.820500
vt 0.087089 0.813463
vt 0.087381 0.813024
vt 0.114656 0.831272
vt 0.114656 0.829941
vt 0.123457 0.829954
vt 0.092780 0.829800
vt 0.094076 0.831272
vt 0.092938 0.831615
vt 0.141541 0.274488
vt 0.141622 0.276456
vt 0.126313 0.825023
vt 0.126266 0.823396
vt 0.125584 0.825075
vt 0.141133 0.279021
vt 0.091597 0.835791
vt 0.065191 0.815725
vt 0.065169 0.816086
vt 0.065099 0.816085
vt 0.087564 0.840587
vt 0.119305 0.835619
vt 0.120018 0.841654
vt 0.101353 0.849599
vt 0.104358 0.844857
vt 0.104199 0.850129
vt 0.125987 0.823100
vt 0.128522 0.279486
vt 0.130037 0.279857
vt 0.126363 0.273786
vt 0.125906 0.273786
vt 0.126287 0.274719
vt 0.125984 0.277731
vt 0.125854 0.274719
vt 0.126377 0.277731
vt 0.126330 0.274176
vt 0.129314 0.278777
vt 0.148681 0.298590
vt 0.148782 0.286940
vt 0.149547 0.298590
vt 0.110813 0.837260
vt 0.111149 0.833218
vt 0.110282 0.833218
vt 0.065041 0.816445
vt 0.065029 0.817270
vt 0.064983 0.817268
vt 0.146856 0.282898
vt 0.146793 0.280154
vt 0.147722 0.282898
vt 0.111166 0.848910
vt 0.111679 0.837260
vt 0.111459 0.842698
vt 0.132269 0.831906
vt 0.132269 0.842698
vt 0.118262 0.840488
vt 0.065010 0.817822
vt 0.065058 0.817823
vt 0.134856 0.291844
vt 0.135109 0.292853
vt 0.108104 0.266557
vt 0.108635 0.266479
vt 0.108149 0.266686
vt 0.108600 0.267195
vt 0.108958 0.266788
vt 0.108871 0.267274
vt 0.109948 0.267009
vt 0.109818 0.266355
vt 0.066457 0.816676
vt 0.138364 0.846008
vt 0.137083 0.847966
vt 0.137117 0.846008
vt 0.084227 0.834874
vt 0.082355 0.832394
vt 0.084486 0.832437
vt 0.114746 0.846500
vt 0.111889 0.851532
vt 0.112543 0.846355
vt 0.366088 0.592780
vt 0.337508 0.630803
vt 0.334165 0.624159
vt 0.084826 0.829989
vt 0.083446 0.828726
vt 0.085105 0.828227
vt 0.097559 0.848892
vt 0.101432 0.844611
vt 0.111641 0.851515
vt 0.090658 0.817914
vt 0.088755 0.819626
vt 0.090094 0.815464
vt 0.088455 0.813705
vt 0.083557 0.820155
vt 0.083306 0.813071
vt 0.141840 0.289951
vt 0.156200 0.289288
vt 0.141531 0.294184
vt 0.144726 0.286387
vt 0.156583 0.285081
vt 0.148580 0.283378
vt 0.156940 0.281696
vt 0.157389 0.277320
vt 0.150807 0.281262
vt 0.110724 0.827640
vt 0.146934 0.286308
vt 0.145572 0.288800
vt 0.145500 0.286308
vt 0.146253 0.284031
vt 0.145434 0.284022
vt 0.145351 0.281141
vt 0.145645 0.291292
vt 0.147951 0.289459
vt 0.149031 0.292240
vt 0.147870 0.293598
vt 0.137356 0.300220
vt 0.141442 0.300033
vt 0.141409 0.300191
vt 0.149987 0.294169
vt 0.150267 0.295808
vt 0.149026 0.294737
vt 0.150995 0.272254
vt 0.153188 0.272505
vt 0.150961 0.272396
vt 0.153239 0.272331
vt 0.154924 0.272610
vt 0.154956 0.272511
vt 0.156384 0.272722
vt 0.156404 0.272678
vt 0.158252 0.272868
vt 0.153153 0.299722
vt 0.159047 0.300074
vt 0.153062 0.300129
vt 0.149782 0.272331
vt 0.159128 0.299740
vt 0.164091 0.300028
vt 0.164160 0.299837
vt 0.170597 0.299968
vt 0.145413 0.300206
vt 0.149781 0.272400
vt 0.148591 0.272386
vt 0.108020 0.265922
vt 0.108633 0.265960
vt 0.108027 0.266015
vt 0.144148 0.293011
vt 0.138594 0.289385
vt 0.144519 0.289460
vt 0.108034 0.266111
vt 0.108612 0.266298
vt 0.108074 0.266446
vt 0.126859 0.293011
vt 0.138529 0.293011
vt 0.159101 0.292397
vt 0.158680 0.288461
vt 0.157875 0.281337
vt 0.158260 0.284525
vt 0.141917 0.301143
vt 0.143054 0.308043
vt 0.156202 0.294992
vt 0.157175 0.302119
vt 0.161392 0.306126
vt 0.161392 0.308588
vt 0.111196 0.263992
vt 0.109821 0.266953
vt 0.109679 0.264021
vt 0.111441 0.266922
vt 0.109971 0.267969
vt 0.109712 0.263491
vt 0.111688 0.268791
vt 0.111726 0.267936
vt 0.111965 0.268625
vt 0.111860 0.851013
vt 0.112032 0.848910
vt 0.147004 0.279519
vt 0.145927 0.280154
vt 0.147916 0.286940
vt 0.104464 0.829839
vt 0.103598 0.829839
vt 0.154399 0.300693
vt 0.149354 0.300576
vt 0.155265 0.300693
vt 0.148487 0.300576
vt 0.169957 0.316018
vt 0.184808 0.311745
vt 0.186303 0.316504
vt 0.108615 0.266386
vt 0.108651 0.266553
vt 0.108196 0.266792
vt 0.136117 0.854277
vt 0.136737 0.860794
vt 0.134177 0.860794
vt 0.130497 0.854277
vt 0.131788 0.860794
vt 0.130961 0.849875
vt 0.126748 0.849599
vt 0.136535 0.850240
vt 0.086917 0.814129
vt 0.086848 0.815107
vt 0.086848 0.814225
vt 0.086917 0.815115
vt 0.086762 0.815695
vt 0.100979 0.860869
vt 0.103109 0.864091
vt 0.100979 0.864091
vt 0.099530 0.860869
vt 0.099530 0.864091
vt 0.103109 0.857695
vt 0.103109 0.860869
vt 0.100547 0.853847
vt 0.101137 0.849939
vt 0.101137 0.853847
vt 0.115536 0.866755
vt 0.127518 0.866874
vt 0.115580 0.868205
vt 0.103109 0.866473
vt 0.100045 0.866225
vt 0.100871 0.866367
vt 0.095624 0.842698
vt 0.111558 0.831906
vt 0.101238 0.850675
vt 0.092557 0.848715
vt 0.104006 0.826154
vt 0.089937 0.846243
vt 0.095815 0.831906
vt 0.085282 0.860595
vt 0.086314 0.860595
vt 0.137281 0.861500
vt 0.117161 0.860596
vt 0.137281 0.860596
vt 0.092623 0.861500
vt 0.101850 0.860596
vt 0.101877 0.861500
vt 0.117177 0.861500
vt 0.097590 0.865148
vt 0.098761 0.864095
vt 0.098215 0.865403
vt 0.109400 0.267207
vt 0.109353 0.266674
vt 0.109508 0.267172
vt 0.087116 0.813321
vt 0.086195 0.818650
vt 0.085699 0.813275
vt 0.100979 0.857702
vt 0.103109 0.856322
vt 0.100979 0.855903
vt 0.103109 0.855864
vt 0.100547 0.848342
vt 0.101137 0.847791
vt 0.101137 0.848328
vt 0.100547 0.849957
vt 0.101137 0.848865
vt 0.100979 0.856802
vt 0.103109 0.856780
vt 0.100979 0.856352
vt 0.099530 0.856001
vt 0.130820 0.866180
vt 0.127434 0.865350
vt 0.131001 0.863482
vt 0.100547 0.848880
vt 0.099530 0.856861
vt 0.132472 0.865833
vt 0.133196 0.863135
vt 0.134123 0.865486
vt 0.135391 0.862788
vt 0.116727 0.844215
vt 0.109634 0.838261
vt 0.116632 0.835926
vt 0.099530 0.856431
vt 0.104023 0.836984
vt 0.103033 0.841180
vt 0.102262 0.834940
vt 0.103753 0.843235
vt 0.104536 0.843920
vt 0.095055 0.849822
vt 0.078164 0.861159
vt 0.078164 0.850433
vt 0.108349 0.848118
vt 0.107476 0.857760
vt 0.106549 0.848261
vt 0.110449 0.847950
vt 0.112699 0.853187
vt 0.111015 0.855878
vt 0.141736 0.854277
vt 0.145119 0.850050
vt 0.095317 0.860487
vt 0.083020 0.819308
vt 0.086823 0.818912
vt 0.086844 0.819291
vt 0.090490 0.817597
vt 0.089871 0.815373
vt 0.090079 0.815434
vt 0.090341 0.819000
vt 0.089909 0.818834
vt 0.090162 0.818562
vt 0.083020 0.814080
vt 0.086369 0.814315
vt 0.083020 0.814267
vt 0.089147 0.819269
vt 0.089147 0.818890
vt 0.089768 0.815107
vt 0.089561 0.814891
vt 0.089867 0.814772
vt 0.089038 0.814490
vt 0.088949 0.814744
vt 0.086790 0.819380
vt 0.091013 0.816891
vt 0.091013 0.819432
vt 0.091013 0.814677
vt 0.086508 0.816902
vt 0.086353 0.814680
vt 0.091013 0.813743
vt 0.086293 0.813767
vt 0.083167 0.814570
vt 0.082462 0.813874
vt 0.083407 0.813797
vt 0.086369 0.814129
vt 0.086855 0.820024
vt 0.091013 0.820090
vt 0.083109 0.816501
vt 0.082509 0.818584
vt 0.082074 0.816074
vt 0.082148 0.814244
vt 0.083464 0.818807
vt 0.089909 0.819213
vt 0.082636 0.818946
vt 0.082893 0.819241
vt 0.083652 0.819441
vt 0.101387 0.856735
vt 0.134180 0.856854
vt 0.107292 0.850176
vt 0.126676 0.846811
vt 0.126676 0.850138
vt 0.106844 0.839671
vt 0.095751 0.840392
vt 0.093936 0.839671
vt 0.092274 0.833826
vt 0.092129 0.839740
vt 0.090321 0.850157
vt 0.092407 0.849022
vt 0.092410 0.850141
vt 0.095394 0.850147
vt 0.093860 0.832923
vt 0.106604 0.846811
vt 0.126676 0.843224
vt 0.090873 0.839772
vt 0.096204 0.852966
vt 0.092418 0.853187
vt 0.090266 0.854013
vt 0.107659 0.852882
vt 0.126676 0.852813
vt 0.138313 0.837159
vt 0.137238 0.840587
vt 0.135255 0.839286
vt 0.140718 0.837159
vt 0.141371 0.839154
vt 0.140348 0.839409
vt 0.135918 0.841307
vt 0.134996 0.842027
vt 0.089742 0.847108
vt 0.091600 0.844455
vt 0.090896 0.847108
vt 0.094533 0.847108
vt 0.097561 0.844287
vt 0.094695 0.848359
vt 0.094721 0.847666
vt 0.094436 0.846811
vt 0.092542 0.860596
vt 0.085271 0.848715
vt 0.085126 0.843699
vt 0.085102 0.850162
vt 0.092229 0.850675
vt 0.083407 0.846243
vt 0.138908 0.839889
vt 0.100547 0.857789
vt 0.109339 0.856673
vt 0.086847 0.812906
vt 0.086917 0.812772
vt 0.086917 0.812903
vt 0.086847 0.813170
vt 0.086917 0.813166
vt 0.086847 0.812775
vt 0.086917 0.812640
vt 0.087908 0.814873
vt 0.088599 0.815800
vt 0.087861 0.815092
vt 0.086847 0.814129
vt 0.101138 0.857829
vt 0.100004 0.860087
vt 0.099414 0.861405
vt 0.100514 0.860227
vt 0.099893 0.861534
vt 0.098950 0.862428
vt 0.099406 0.862549
vt 0.096925 0.866009
vt 0.097605 0.867172
vt 0.086502 0.816988
vt 0.086362 0.817399
vt 0.086446 0.816965
vt 0.086610 0.816265
vt 0.086584 0.816636
vt 0.086528 0.816615
vt 0.086667 0.816283
vt 0.086677 0.816014
vt 0.086735 0.816037
vt 0.145649 0.281449
vt 0.146429 0.284031
vt 0.068010 0.818380
vt 0.068064 0.817619
vt 0.068181 0.817648
vt 0.068352 0.816916
vt 0.068357 0.816190
vt 0.068539 0.815954
vt 0.086821 0.815724
vt 0.067894 0.818347
vt 0.067868 0.818892
vt 0.067746 0.818869
vt 0.083951 0.818689
vt 0.086885 0.813604
vt 0.087409 0.818854
vt 0.089843 0.814424
vt 0.090103 0.820118
vt 0.089528 0.814263
vt 0.088206 0.813933
vt 0.088756 0.819486
vt 0.323594 0.560059
vt 0.360498 0.501481
vt 0.369896 0.509726
vt 0.396159 0.532768
vt 0.410030 0.544938
vt 0.337086 0.571186
vt 0.383028 0.521247
vt 0.297570 0.568893
vt 0.304572 0.579961
vt 0.323964 0.609757
vt 0.314268 0.594859
vt 0.374521 0.598473
vt 0.417574 0.551557
vt 0.350578 0.582312
vt 0.300167 0.633539
vt 0.308665 0.648523
vt 0.292646 0.616516
vt 0.280492 0.586396
vt 0.285125 0.599491
vt 0.099218 0.866082
vt 0.314525 0.646350
vt 0.109732 0.265923
vt 0.113999 0.265920
vt 0.110498 0.267212
vt 0.108402 0.266055
vt 0.109501 0.266859
vt 0.162104 0.293532
vt 0.128421 0.281040
vt 0.119188 0.272181
vt 0.119188 0.276530
vt 0.128383 0.282221
vt 0.119188 0.281040
vt 0.188738 0.277508
vt 0.139311 0.275200
vt 0.188877 0.276099
vt 0.123842 0.278618
vt 0.139176 0.276536
vt 0.139124 0.303193
vt 0.129734 0.295167
vt 0.130675 0.294274
vt 0.161680 0.318198
vt 0.138344 0.304342
vt 0.173797 0.324957
vt 0.161040 0.319440
vt 0.122357 0.280500
vt 0.122970 0.277442
vt 0.123536 0.280155
vt 0.108720 0.266671
vt 0.108366 0.267031
vt 0.109144 0.267272
vt 0.109270 0.266724
vt 0.108621 0.266045
vt 0.109107 0.266780
vt 0.108824 0.266754
vt 0.109903 0.267019
vt 0.109443 0.266616
vt 0.109616 0.267134
vt 0.070921 0.816560
vt 0.070416 0.816636
vt 0.070422 0.816436
vt 0.070404 0.816259
vt 0.070951 0.816428
vt 0.069882 0.817594
vt 0.070067 0.817095
vt 0.070203 0.817564
vt 0.069215 0.817421
vt 0.069535 0.816892
vt 0.069367 0.817473
vt 0.069729 0.817576
vt 0.069901 0.817080
vt 0.070669 0.817230
vt 0.070367 0.816817
vt 0.070781 0.817046
vt 0.069476 0.817508
vt 0.069801 0.817049
vt 0.070873 0.816785
vt 0.070212 0.817039
vt 0.070491 0.817415
vt 0.070305 0.816938
vt 0.069182 0.817407
vt 0.069374 0.816801
vt 0.069626 0.816950
vt 0.108653 0.265839
vt 0.070618 0.816201
vt 0.070642 0.816564
vt 0.070562 0.816200
vt 0.066883 0.817183
vt 0.066728 0.816688
vt 0.066852 0.816692
vt 0.066766 0.817231
vt 0.068476 0.817187
vt 0.069344 0.816798
vt 0.070040 0.815620
vt 0.068505 0.816755
vt 0.069249 0.815909
vt 0.066413 0.816675
vt 0.066618 0.815796
vt 0.065248 0.816159
vt 0.066586 0.815791
vt 0.066955 0.815840
vt 0.066841 0.815826
vt 0.069277 0.815906
vt 0.138594 0.286861
vt 0.126125 0.289227
vt 0.126125 0.285072
vt 0.143586 0.286504
vt 0.111477 0.265155
vt 0.110907 0.265423
vt 0.110982 0.265157
vt 0.112176 0.265153
vt 0.114008 0.265419
vt 0.114008 0.265153
vt 0.167700 0.311745
vt 0.152094 0.314020
vt 0.151937 0.311745
vt 0.150768 0.279032
vt 0.152182 0.276039
vt 0.159438 0.274101
vt 0.144004 0.314020
vt 0.122206 0.311745
vt 0.122206 0.314020
vt 0.064615 0.815999
vt 0.064615 0.816242
vt 0.065294 0.814956
vt 0.065794 0.815436
vt 0.064942 0.815419
vt 0.064789 0.815650
vt 0.096837 0.820776
vt 0.094752 0.820555
vt 0.096346 0.817233
vt 0.065439 0.815148
vt 0.066541 0.816210
vt 0.065380 0.815203
vt 0.069956 0.818697
vt 0.067684 0.817126
vt 0.067733 0.817062
vt 0.069214 0.815606
vt 0.070106 0.816781
vt 0.070030 0.816812
vt 0.065012 0.814568
vt 0.064855 0.814504
vt 0.070393 0.818383
vt 0.069963 0.818802
vt 0.070306 0.818355
vt 0.066593 0.816149
vt 0.066068 0.814604
vt 0.069264 0.815537
vt 0.066053 0.814684
vt 0.074561 0.815509
vt 0.076102 0.816399
vt 0.074498 0.815609
vt 0.080613 0.818152
vt 0.077663 0.817099
vt 0.077709 0.816990
vt 0.078868 0.815130
vt 0.080194 0.816139
vt 0.080098 0.816211
vt 0.074066 0.815092
vt 0.073828 0.815075
vt 0.080959 0.817807
vt 0.080662 0.818298
vt 0.080826 0.817799
vt 0.076152 0.816292
vt 0.075057 0.814896
vt 0.078914 0.815013
vt 0.075064 0.814994
vt 0.070471 0.815779
vt 0.070675 0.816026
vt 0.070283 0.815458
vt 0.070965 0.816370
vt 0.070982 0.816298
vt 0.070845 0.816156
vt 0.135859 0.847886
vt 0.134427 0.853034
vt 0.134278 0.847782
vt 0.112899 0.866777
vt 0.103482 0.868205
vt 0.103516 0.866989
vt 0.096431 0.865825
vt 0.096711 0.865032
vt 0.092386 0.863391
vt 0.080112 0.850537
vt 0.080900 0.854221
vt 0.078256 0.850537
vt 0.084725 0.857441
vt 0.085244 0.856412
vt 0.070463 0.815806
vt 0.070408 0.815805
vt 0.070022 0.815469
vt 0.068234 0.816891
vt 0.081595 0.853043
vt 0.089605 0.817090
vt 0.088646 0.815581
vt 0.089669 0.816893
vt 0.086949 0.814051
vt 0.085338 0.813666
vt 0.085334 0.813406
vt 0.086913 0.814296
vt 0.083243 0.813759
vt 0.083108 0.813476
vt 0.086708 0.812886
vt 0.086819 0.815402
vt 0.086688 0.815372
vt 0.086579 0.817100
vt 0.084092 0.816923
vt 0.086633 0.816764
vt 0.089493 0.816513
vt 0.085878 0.818280
vt 0.084408 0.816709
vt 0.086451 0.817240
vt 0.088714 0.817224
vt 0.089499 0.820392
vt 0.085079 0.815591
vt 0.085672 0.813983
vt 0.085995 0.814916
vt 0.087418 0.816356
vt 0.086501 0.816362
vt 0.087070 0.814951
vt 0.087930 0.814057
vt 0.085248 0.816037
vt 0.083814 0.814805
vt 0.089249 0.815258
vt 0.085544 0.819558
vt 0.092437 0.847915
vt 0.090673 0.862158
vt 0.092238 0.846995
vt 0.091102 0.867385
vt 0.091281 0.868445
vt 0.090648 0.868653
vt 0.092206 0.866977
vt 0.091635 0.867100
vt 0.108408 0.854343
vt 0.113616 0.848874
vt 0.108358 0.855386
vt 0.096188 0.864666
vt 0.091896 0.868348
vt 0.101708 0.861701
vt 0.102244 0.860396
vt 0.097638 0.838209
vt 0.102343 0.836847
vt 0.102147 0.838213
vt 0.109201 0.838272
vt 0.109497 0.836847
vt 0.116255 0.838331
vt 0.117389 0.839307
vt 0.116845 0.840216
vt 0.116751 0.842623
vt 0.117290 0.842362
vt 0.113656 0.848415
vt 0.094896 0.840290
vt 0.094878 0.841522
vt 0.097806 0.836847
vt 0.090992 0.865784
vt 0.091098 0.862435
vt 0.090397 0.866466
vt 0.095971 0.866042
vt 0.145489 0.299787
vt 0.083818 0.817982
vt 0.085816 0.816509
vt 0.085693 0.817974
vt 0.083582 0.819062
vt 0.085340 0.818736
vt 0.084013 0.818239
vt 0.082816 0.815367
vt 0.084218 0.815886
vt 0.098154 0.816399
vt 0.092498 0.820009
vt 0.092235 0.816985
vt 0.088214 0.815756
vt 0.084728 0.819860
vt 0.084839 0.816418
vt 0.085981 0.816034
vt 0.084558 0.815699
vt 0.090468 0.815968
vt 0.085896 0.819434
vt 0.087741 0.815368
vt 0.087979 0.817860
vt 0.086745 0.817962
vt 0.083541 0.815534
vt 0.083894 0.813941
vt 0.084134 0.819287
vt 0.082733 0.816377
vt 0.090353 0.818897
vt 0.090558 0.816544
vt 0.099877 0.816229
vt 0.098417 0.819424
vt 0.089798 0.815037
vt 0.090383 0.818017
vt 0.090030 0.817705
vt 0.088248 0.814843
vt 0.090091 0.814661
vt 0.083288 0.818372
vt 0.088540 0.818200
vt 0.082996 0.818748
vt 0.083056 0.815704
vt 0.082704 0.815392
vt 0.088278 0.815187
vt 0.088510 0.817856
vt 0.083587 0.819041
vt 0.085200 0.818757
vt 0.085812 0.815181
vt 0.085997 0.815063
vt 0.084605 0.814384
vt 0.084630 0.814269
vt 0.089093 0.816515
vt 0.088672 0.816618
vt 0.088174 0.816740
vt 0.088355 0.818202
vt 0.088779 0.818099
vt 0.089360 0.817957
vt 0.083875 0.815308
vt 0.068512 0.815915
vt 0.094184 0.829827
vt 0.085657 0.840524
vt 0.083751 0.840461
vt 0.135751 0.853122
vt 0.137075 0.853211
vt 0.109792 0.832423
vt 0.108762 0.843839
vt 0.109596 0.834263
vt 0.099578 0.827334
vt 0.098829 0.838642
vt 0.092562 0.832874
vt 0.078295 0.862721
vt 0.093278 0.860561
vt 0.093747 0.861948
vt 0.117179 0.850215
vt 0.108114 0.850669
vt 0.107829 0.850215
vt 0.102132 0.857692
vt 0.102660 0.858907
vt 0.106340 0.851858
vt 0.105871 0.852527
vt 0.109145 0.842243
vt 0.115539 0.847546
vt 0.106751 0.848429
vt 0.111954 0.842522
vt 0.104913 0.833471
vt 0.103882 0.844289
vt 0.122232 0.846051
vt 0.104249 0.843055
vt 0.122232 0.843509
vt 0.085862 0.828853
vt 0.087303 0.823124
vt 0.087899 0.828632
vt 0.088577 0.837905
vt 0.094098 0.841089
vt 0.092994 0.842929
vt 0.103689 0.845598
vt 0.114978 0.830892
vt 0.107716 0.830378
vt 0.114978 0.830195
vt 0.103890 0.826819
vt 0.100111 0.826915
vt 0.100111 0.826914
vt 0.118929 0.829434
vt 0.119270 0.830212
vt 0.105960 0.826420
vt 0.121967 0.826667
vt 0.122888 0.824653
vt 0.122484 0.826925
vt 0.120625 0.828495
vt 0.121083 0.828986
vt 0.089964 0.836971
vt 0.106840 0.825858
vt 0.107327 0.823788
vt 0.107532 0.824790
vt 0.105945 0.826423
vt 0.106893 0.825540
vt 0.106024 0.826406
vt 0.106828 0.825935
vt 0.107526 0.824984
vt 0.107705 0.823745
vt 0.107452 0.822630
vt 0.101631 0.840581
vt 0.136359 0.840456
vt 0.136359 0.852207
vt 0.112916 0.835065
vt 0.126676 0.832923
vt 0.126676 0.835015
vt 0.085056 0.837197
vt 0.134180 0.837291
vt 0.092362 0.853537
vt 0.106063 0.843264
vt 0.096021 0.841812
vt 0.106062 0.841847
vt 0.106972 0.832923
vt 0.109129 0.836407
vt 0.084335 0.861273
vt 0.084333 0.857699
vt 0.086345 0.852207
vt 0.136359 0.861173
vt 0.085053 0.840571
vt 0.086917 0.845758
vt 0.086954 0.845758
vt 0.124771 0.818387
vt 0.126192 0.813883
vt 0.125876 0.818381
vt 0.126531 0.817787
vt 0.127176 0.813464
vt 0.116650 0.836847
vt 0.124713 0.814653
vt 0.123022 0.818393
vt 0.123216 0.815746
vt 0.092714 0.847108
vt 0.121955 0.816823
vt 0.121334 0.818407
vt 0.121250 0.817833
vt 0.121233 0.818169
vt 0.127480 0.813632
vt 0.127457 0.814061
vt 0.127454 0.813395
vt 0.127319 0.813443
vt 0.127123 0.816655
vt 0.080302 0.817313
vt 0.080740 0.814257
vt 0.080324 0.817464
vt 0.080718 0.813433
vt 0.080573 0.813227
vt 0.080739 0.813164
vt 0.080368 0.813515
vt 0.080548 0.813490
vt 0.073816 0.817512
vt 0.075363 0.816044
vt 0.075399 0.816231
vt 0.079134 0.814014
vt 0.080396 0.813254
vt 0.077278 0.814930
vt 0.077278 0.814707
vt 0.078737 0.819367
vt 0.077308 0.819607
vt 0.077351 0.819374
vt 0.073037 0.819398
vt 0.075117 0.819594
vt 0.072925 0.819581
vt 0.072742 0.819164
vt 0.072911 0.819114
vt 0.072932 0.818715
vt 0.072771 0.818633
vt 0.073733 0.817354
vt 0.079566 0.818876
vt 0.079559 0.818660
vt 0.078708 0.819608
vt 0.080750 0.813715
vt 0.080721 0.814226
vt 0.080773 0.813518
vt 0.079159 0.813764
vt 0.075156 0.819381
vt 0.065099 0.816446
vt 0.070608 0.818003
vt 0.070748 0.817458
vt 0.070801 0.817460
vt 0.117722 0.830498
vt 0.118763 0.833160
vt 0.070703 0.816565
vt 0.115117 0.828227
vt 0.138567 0.848064
vt 0.082923 0.829960
vt 0.081882 0.834824
vt 0.081408 0.840384
vt 0.065331 0.815543
vt 0.065254 0.815726
vt 0.079575 0.848303
vt 0.074559 0.817341
vt 0.073513 0.817514
vt 0.073513 0.817343
vt 0.088767 0.816325
vt 0.086894 0.815731
vt 0.088767 0.815645
vt 0.083845 0.814606
vt 0.083263 0.816414
vt 0.082753 0.814619
vt 0.090059 0.819428
vt 0.086406 0.814577
vt 0.090059 0.814535
vt 0.080507 0.817330
vt 0.077010 0.817507
vt 0.077010 0.817337
vt 0.083845 0.817454
vt 0.074559 0.817512
vt 0.086894 0.816411
vt 0.084222 0.816026
vt 0.089193 0.816282
vt 0.089193 0.815602
vt 0.089566 0.816428
vt 0.089566 0.815671
vt 0.079432 0.831906
vt 0.187629 0.300648
vt 0.116154 0.849758
vt 0.091512 0.826154
vt 0.101213 0.824617
vt 0.128244 0.279650
vt 0.154554 0.282898
vt 0.154218 0.286940
vt 0.153687 0.282898
vt 0.155084 0.286940
vt 0.154572 0.298590
vt 0.066543 0.817329
vt 0.066498 0.817339
vt 0.154130 0.277320
vt 0.150836 0.295916
vt 0.143398 0.280057
vt 0.141353 0.280057
vt 0.111234 0.263491
vt 0.099530 0.857721
vt 0.141920 0.837159
vt 0.081578 0.850675
vt 0.098214 0.863901
vt 0.314649 0.551389
vt 0.112814 0.267486
vt 0.168900 0.314020
vt 0.092607 0.819133
vt 0.111089 0.266806
vt 0.113361 0.268377
vt 0.086841 0.812826
vt 0.089818 0.816838
vt 0.086344 0.820350
vt 0.087674 0.820976
vt 0.088057 0.820621
vt 0.085776 0.818387
vt 0.090049 0.813663
vt 0.089020 0.815842
vt 0.100140 0.819253
vt 0.084141 0.816506
vt 0.117416 0.850669
vt 0.107716 0.831075
vt 0.107748 0.823936
vt 0.138702 0.853319
vt 0.077779 0.848303
vt 0.080507 0.817500
vt 0.086406 0.818841
vt 0.084222 0.816706
vt 0.086235 0.816561
vt 0.089714 0.813900
vt 0.086235 0.813900
vt 0.089280 0.818756
vt 0.084149 0.813625
vt 0.089280 0.813625
vt 0.082756 0.813900
vt 0.070580 0.819994
vt 0.064109 0.813524
vt 0.070580 0.813524
vt 0.000000 0.000000
vt 0.088331 0.816543
vt 0.085525 0.819957
vt 0.085330 0.816543
vt 0.083845 0.813891
vt 0.083226 0.820314
vt 0.083226 0.813272
vt 0.089649 0.813891
vt 0.090268 0.820314
vt 0.089649 0.819695
vt 0.090268 0.813272
vt 0.083845 0.819695
vt 0.085859 0.816096
vt 0.088194 0.813910
vt 0.085859 0.813910
vt 0.088194 0.816096
vt 0.089161 0.813910
vt 0.089161 0.816096
vt 0.083525 0.813910
vt 0.083525 0.816096
vt 0.082557 0.813910
vt 0.088931 0.817860
vt 0.086466 0.819842
vt 0.088569 0.819842
vt 0.082557 0.816096
vt 0.087753 0.817223
vt 0.086466 0.817223
vt 0.088287 0.817223
vt 0.088232 0.817223
vt 0.088964 0.817223
vt 0.084699 0.817223
vt 0.085178 0.817223
vt 0.083968 0.817223
vt 0.084645 0.817223
vt 0.087002 0.817032
vt 0.088945 0.818975
vt 0.087002 0.820918
vt 0.086466 0.817860
vt 0.084363 0.819842
vt 0.084000 0.817860
vt 0.083491 0.819842
vt 0.082979 0.817860
vt 0.089440 0.819842
vt 0.089953 0.817860
vt 0.085525 0.813129
vt 0.089714 0.816561
vt 0.082756 0.816561
vt 0.085978 0.815988
vt 0.090653 0.814112
vt 0.085978 0.813478
vt 0.086078 0.813837
vt 0.083469 0.817158
vt 0.083469 0.813261
vt 0.082485 0.815498
vt 0.082485 0.812988
vt 0.067382 0.815505
vt 0.064613 0.817723
vt 0.064613 0.815166
vt 0.088768 0.817369
vt 0.086841 0.819988
vt 0.086841 0.817369
vt 0.087783 0.813864
vt 0.086841 0.813864
vt 0.083099 0.817790
vt 0.082636 0.814384
vt 0.083099 0.814610
vt 0.089984 0.817790
vt 0.090446 0.814384
vt 0.090446 0.818199
vt 0.086541 0.814806
vt 0.086541 0.815032
vt 0.086541 0.818620
vt 0.086541 0.818212
vt 0.082636 0.818199
vt 0.089984 0.814610
vt 0.085900 0.813864
vt 0.084915 0.817369
vt 0.084915 0.819988
vt 0.070150 0.817723
vt 0.070150 0.815166
vt 0.088688 0.817158
vt 0.088688 0.813261
vt 0.088266 0.813021
vt 0.086905 0.818406
vt 0.086920 0.813018
vt 0.085573 0.813014
vt 0.083414 0.815383
vt 0.087301 0.816694
vt 0.085702 0.816765
vt 0.086672 0.814759
vt 0.086571 0.820466
vt 0.086682 0.820466
vt 0.087235 0.815212
vt 0.088900 0.816623
vt 0.091056 0.815042
vt 0.086973 0.814745
vt 0.085077 0.814745
vt 0.086025 0.813798
vt 0.086783 0.814759
vt 0.086793 0.820466
vt 0.086561 0.814759
vt 0.084513 0.814214
vt 0.083685 0.812691
vt 0.084488 0.812711
vt 0.082900 0.814240
vt 0.082875 0.812737
vt 0.090471 0.818431
vt 0.086397 0.817438
vt 0.088023 0.817172
vt 0.083678 0.812757
vt 0.083703 0.814261
vt 0.086997 0.813388
vt 0.087167 0.820208
vt 0.087117 0.813392
vt 0.086585 0.819069
vt 0.084771 0.817569
vt 0.086397 0.817302
vt 0.086585 0.818742
vt 0.082699 0.819379
vt 0.085520 0.819157
vt 0.085537 0.815905
vt 0.087165 0.817531
vt 0.087238 0.813386
vt 0.087168 0.820198
vt 0.087118 0.813382
vt 0.087288 0.820202
vt 0.087047 0.820204
vt 0.083710 0.814194
vt 0.078740 0.817702
vt 0.076777 0.818243
vt 0.080695 0.814203
vt 0.101120 0.847365
vt 0.095524 0.849293
vt 0.106661 0.833730
vt 0.072839 0.814203
vt 0.084366 0.832280
vt 0.080436 0.818261
vt 0.078509 0.819056
vt 0.078509 0.813629
vt 0.081233 0.816343
vt 0.075785 0.816343
vt 0.126054 0.828630
vt 0.137281 0.848715
vt 0.087057 0.820215
vt 0.090314 0.818924
vt 0.097947 0.830377
vt 0.099993 0.830377
vt 0.147869 0.279519
vt 0.087373 0.818644
vt 0.100547 0.847804
vt 0.109616 0.846122
vt 0.083020 0.818929
vt 0.090221 0.817217
vt 0.086847 0.812643
vt 0.086412 0.817451
vt 0.083311 0.813453
vt 0.114008 0.267511
vt 0.108400 0.265920
vt 0.119188 0.282007
vt 0.173187 0.326328
vt 0.092552 0.820202
vt 0.091721 0.819797
vt 0.098454 0.818246
vt 0.100520 0.820318
vt 0.100620 0.820989
vt 0.083339 0.817363
vt 0.089442 0.820884
vt 0.084922 0.818854
vt 0.084073 0.817570
vt 0.083929 0.816109
vt 0.082527 0.818693
vt 0.078295 0.861333
vt 0.085184 0.822717
vt 0.122394 0.824653
vt 0.092073 0.843969
vt 0.155437 0.298590
vt 0.113368 0.268482
vt 0.084149 0.818756
vt 0.064109 0.819994
vt 0.088136 0.819957
vt 0.085058 0.818975
vt 0.085628 0.817601
vt 0.088376 0.817601
vt 0.088376 0.820349
vt 0.085628 0.820349
vt 0.088136 0.813129
vt 0.086078 0.817734
vt 0.067382 0.818062
vt 0.088768 0.819988
vt 0.090653 0.815988
vt 0.088252 0.818409
vt 0.085559 0.818402
vt 0.086025 0.815692
vt 0.083891 0.817531
vt 0.074812 0.817702
vt 0.073370 0.816223
vt 0.080174 0.816223
vt 0.089972 0.846737
vt 0.085952 0.840381
vt 0.105260 0.841469
vt 0.076583 0.818261
vt 0.076583 0.814424
vt 0.080436 0.814424
vt 0.110994 0.851013
s 1
g off
g P6-7_material
usemtl material
f 1278/1/1 1307/2/1 1306/3/1
f 1277/4/2 1306/3/1 1304/5/3
f 1409/6/4 1313/7/5 1311/8/6
f 1291/9/1 1315/10/1 1290/11/1
s 2
f 25/12/7 1396/13/8 104/14/9
s 1
f 1289/15/1 1317/16/1 1288/17/1
s 3
f 114/18/10 1323/19/11 1285/20/11
f 1284/21/12 1448/22/13 1447/23/14
f 1282/24/15 1449/25/16 1448/22/13
s 1
f 1279/26/17 1304/5/3 1325/27/18
s 3
f 1445/28/19 1326/29/20 1320/30/21
s 1
f 1294/31/1 1331/32/1 1330/33/1
f 1293/34/1 1330/33/1 36/35/1
f 1297/36/1 1332/37/1 1296/38/1
f 83/39/1 1297/36/1 1295/40/1
s 2
f 1335/41/22 1329/42/23 1336/43/24
s 1
f 1303/44/25 1331/32/1 1302/45/1
f 1354/46/26 1299/47/27 1300/48/28
f 214/49/29 1573/50/30 1338/51/31
s 4
f 1578/52/32 1371/53/33 219/54/34
s 5
f 1347/55/35 45/56/36 319/57/37
f 55/58/38 1693/59/39 1694/60/40
f 1342/61/41 1345/62/42 1343/63/42
f 1344/64/43 1342/61/41 1348/65/44
f 56/66/45 1693/59/39 55/58/38
f 50/67/46 1347/55/35 1341/68/47
f 1324/69/48 1341/68/47 1322/70/49
f 1321/71/50 51/72/51 56/66/45
f 1318/73/52 1349/74/53 51/72/51
f 1321/71/50 50/67/46 1324/69/48
f 56/66/45 45/56/36 50/67/46
f 55/58/38 319/57/37 45/56/36
s 3
f 1284/21/12 1450/75/54 1287/76/55
s 1
f 214/49/29 1357/77/56 1571/78/57
f 43/79/58 44/80/59 1299/47/27
f 1357/77/56 43/79/58 1355/81/60
f 1352/82/61 43/79/58 1354/46/26
f 1591/83/62 1338/51/31 1303/44/25
s 6
f 749/84/63 1583/85/64 760/86/63
s 7
f 1361/87/65 1360/88/66 1359/89/67
s 8
f 62/90/68 1364/91/69 1362/92/70
f 1366/93/71 1363/94/72 62/90/68
s 7
f 211/95/73 1359/89/67 1365/96/74
s 6
f 1583/85/64 1566/97/75 1588/98/75
s 9
f 42/99/76 1574/100/76 1575/101/76
s 7
f 1372/102/77 64/103/78 1370/104/77
s 8
f 1373/105/79 1570/106/80 65/107/81
s 10
f 1387/108/82 1376/109/82 1385/110/82
s 2
f 21/111/83 1390/112/84 1305/113/85
s 1
f 1315/10/1 1292/114/1 1290/11/1
s 2
f 1336/43/24 35/115/86 1417/116/87
s 1
f 1438/117/88 1436/118/89 97/119/90
s 2
f 39/120/91 1416/121/92 1334/122/93
f 1407/123/94 39/120/91 38/124/95
f 1406/125/96 38/124/95 1337/126/97
s 11
f 1601/127/98 151/128/99 1602/129/100
s 1
f 1399/130/101 1431/131/102 1398/132/103
s 2
f 94/133/104 27/134/105 1394/135/106
f 26/136/107 1394/135/106 27/134/105
f 1391/137/108 94/133/104 1392/138/109
f 1394/135/106 1392/138/109 94/133/104
f 23/139/110 1390/112/84 21/111/83
f 27/134/105 94/133/104 23/139/110
f 99/140/111 1433/141/112 98/142/113
s 12
f 1603/143/114 1759/144/114 1478/145/114
s 2
f 1414/146/115 1435/147/116 101/148/117
f 1416/121/92 101/148/117 1334/122/93
f 96/149/118 1310/150/119 1308/151/120
f 1433/141/112 25/12/7 98/142/113
s 1
f 1289/15/1 1408/152/121 1434/153/1
s 2
f 1308/151/120 99/140/111 96/149/118
s 1
f 1398/132/103 1409/6/4 1311/8/6
f 1298/154/122 1436/118/89 1412/155/123
f 102/156/124 1296/38/1 1332/37/1
f 1291/9/1 1317/16/1 1316/157/1
s 2
f 104/14/9 1397/158/125 26/136/107
s 13
f 74/159/126 513/160/127 105/161/128
s 14
f 1863/162/129 507/163/130 509/164/131
s 15
f 41/165/132 1490/166/133 130/167/134
s 1
f 1436/118/89 1410/168/135 1412/155/123
s 3
f 1326/29/20 1440/169/136 1281/170/137
f 1323/19/11 109/171/138 30/172/139
f 1444/173/140 29/174/141 54/175/142
f 1443/176/143 1320/30/21 29/174/141
f 109/171/138 1452/177/144 30/172/139
f 114/18/10 1285/20/11 1287/76/55
f 1283/178/145 1440/169/136 1449/25/16
s 16
f 112/179/146 186/180/147 184/181/148
s 17
f 111/182/149 1537/183/150 1446/184/150
s 3
f 1450/75/54 109/171/138 114/18/10
s 13
f 75/185/151 1420/186/152 1395/187/152
s 16
f 113/188/153 1441/189/154 182/190/155
s 3
f 1450/75/54 114/18/10 1287/76/55
f 1452/177/144 54/175/142 30/172/139
s 1
f 1325/27/18 1280/170/156 1279/26/17
s 17
f 110/191/157 1534/192/158 111/182/149
s 4
f 218/193/159 593/194/160 761/195/161
s 2
f 1401/196/162 1337/126/97 1335/41/22
s 1
f 1295/40/1 36/35/1 83/39/1
s 18
f 131/197/163 1422/186/164 514/198/165
s 2
f 1392/138/109 1393/199/166 1388/200/167
s 19
f 4/201/168 1552/202/169 33/203/169
f 1/204/170 1550/205/171 12/206/171
s 20
f 1312/207/172 1483/208/173 1547/209/174
s 21
f 1375/210/175 141/211/176 1378/212/177
s 14
f 139/213/178 1931/214/127 137/215/179
s 21
f 1476/216/180 1925/217/181 1403/218/182
s 22
f 307/219/183 1674/220/184 312/221/185
s 14
f 140/222/186 1309/223/187 88/224/188
s 15
f 90/225/189 1437/226/190 41/165/132
f 1490/166/133 1400/227/191 130/167/134
s 23
f 1494/228/192 1492/229/193 1495/230/194
f 1491/231/195 1424/232/196 1404/233/196
s 24
f 71/234/197 181/235/198 22/236/199
f 72/237/200 180/238/201 71/234/197
f 73/239/202 179/240/203 72/237/200
f 1456/241/204 67/242/205 1386/243/206
s 25
f 1511/244/207 1462/245/208 1509/246/209
f 1509/246/209 1510/247/210 1511/244/207
f 1508/248/211 1457/249/212 1510/247/210
f 1463/250/213 1512/251/214 1513/252/215
f 1468/253/216 1463/250/213 1513/252/215
s 26
f 1515/254/217 171/255/218 1518/256/219
s 25
f 1517/257/220 1466/258/221 1465/259/222
s 27
f 162/260/223 167/261/224 165/262/225
f 160/263/226 166/264/227 167/261/224
f 159/265/228 168/266/229 166/264/227
f 161/267/230 1459/268/231 168/266/229
s 26
f 1522/269/232 1519/270/233 1520/271/234
s 27
f 165/262/225 170/272/235 162/260/223
s 26
f 1523/273/236 1521/274/237 1519/270/233
f 1526/275/238 1458/276/239 1521/274/237
s 25
f 1517/257/220 1468/253/216 1513/252/215
s 26
f 171/255/218 1527/277/240 1518/256/219
s 27
f 170/272/235 1524/278/241 163/279/242
s 19
f 1286/280/243 1488/281/244 6/282/245
s 28
f 1529/283/246 177/284/247 1528/285/248
s 19
f 53/286/249 1710/287/250 5/288/250
s 28
f 1531/289/251 177/284/247 1533/290/252
s 24
f 1464/291/253 181/235/198 157/292/254
f 179/240/203 1456/241/204 158/293/255
f 180/238/201 157/292/254 181/235/198
f 179/240/203 156/294/256 180/238/201
f 181/235/198 32/295/257 22/236/199
f 1328/296/258 1507/297/259 1469/298/260
f 1469/298/260 1470/299/261 1328/296/258
f 1472/300/262 1328/296/258 1470/299/261
s 29
f 1538/301/263 187/302/264 185/303/265
f 1539/304/266 1536/305/267 187/302/264
f 1543/306/268 1538/301/263 185/303/265
f 1545/307/269 1540/308/270 1442/309/269
s 17
f 110/191/157 1544/310/271 1535/311/272
s 30
f 1455/312/273 191/189/273 119/313/273
s 16
f 115/314/274 182/190/155 186/180/147
s 31
f 108/184/275 190/315/275 118/316/275
s 32
f 117/317/276 1542/318/276 189/319/276
s 16
f 112/179/146 188/318/277 116/320/277
s 33
f 1474/321/278 28/322/278 34/323/279
s 19
f 5/288/250 1551/324/168 4/201/168
f 33/203/169 1711/325/280 3/326/280
s 34
f 196/327/281 1554/328/282 197/329/283
f 147/330/284 197/329/283 146/331/285
f 142/332/286 147/330/284 129/333/287
f 196/327/281 142/332/286 1427/334/288
s 35
f 1479/335/289 1662/336/290 1664/337/291
f 1480/338/292 1663/339/293 1662/336/290
s 36
f 200/340/294 738/341/295 201/342/296
f 198/343/297 201/342/296 199/344/298
f 200/340/294 743/345/299 737/346/300
s 37
f 1426/347/301 1668/348/302 281/349/303
s 34
f 1423/350/304 202/351/305 1425/352/304
s 36
f 1503/353/306 201/342/296 738/341/295
f 1504/354/307 201/342/296 1502/355/308
s 4
f 221/356/309 61/357/310 218/193/159
s 38
f 1567/97/311 1564/358/311 222/98/311
s 7
f 1374/359/312 1365/96/74 64/103/78
s 8
f 65/107/81 1367/360/313 1366/93/71
s 39
f 1563/358/314 220/361/315 1587/98/316
s 4
f 219/54/34 209/362/317 221/356/309
s 1
f 214/49/29 1571/78/57 1573/50/30
s 40
f 1577/101/318 1572/363/319 1579/364/319
s 41
f 1582/365/320 1584/366/321 1585/367/320
f 1589/368/322 1590/369/323 1586/370/324
f 217/371/325 1590/369/323 1584/366/321
s 1
f 1299/47/27 214/49/29 1591/83/62
s 37
f 1499/372/326 1672/373/327 1673/374/328
s 19
f 10/375/329 1487/376/330 103/377/330
s 11
f 76/378/331 1604/379/332 223/380/333
s 36
f 198/343/297 204/381/334 200/340/294
f 785/382/335 1617/383/336 1618/384/335
s 37
f 1622/385/337 1612/386/338 288/387/339
f 1558/388/340 287/389/341 1668/348/302
s 36
f 743/345/299 231/390/342 780/391/335
f 235/392/343 1620/393/344 1617/383/336
s 34
f 232/394/345 144/395/346 145/396/347
s 37
f 1624/397/348 288/387/339 287/389/341
s 36
f 780/391/335 235/392/343 785/382/335
f 204/381/334 1623/398/349 231/390/342
s 34
f 145/396/347 234/399/350 232/394/345
f 146/331/285 236/400/351 145/396/347
f 1615/401/352 236/400/351 1605/402/353
f 1605/402/353 197/329/283 1554/328/282
s 42
f 1625/403/354 1608/404/355 1609/405/354
s 36
f 231/390/342 1619/406/356 235/392/343
s 43
f 1610/407/357 1627/408/357 1606/409/357
s 42
f 1630/410/358 1611/407/359 1665/411/360
s 44
f 229/412/361 787/413/362 776/414/363
s 42
f 1608/404/355 1665/411/360 1611/407/359
s 44
f 1613/415/364 239/416/365 1621/417/366
s 45
f 1616/418/367 224/419/367 1629/420/367
s 34
f 1553/421/368 1427/334/288 1428/422/369
s 44
f 1621/417/366 237/423/370 229/412/361
s 46
f 1560/424/371 1631/425/372 1559/426/373
f 195/427/374 1634/428/375 194/429/376
f 1429/430/377 1635/431/378 1636/432/379
f 1636/432/379 195/427/374 1429/430/377
f 771/433/380 1637/434/381 1638/435/380
f 1642/436/382 1631/425/372 253/437/383
f 1639/438/384 1640/439/385 1607/440/386
f 226/441/387 1640/439/385 1641/442/388
f 194/429/376 1639/438/384 1607/440/386
s 47
f 251/443/389 802/444/390 806/445/391
f 804/446/392 249/447/393 250/448/394
f 791/449/395 250/448/394 241/450/396
f 255/451/397 240/452/398 1643/453/399
s 46
f 1641/442/388 225/454/400 226/441/387
s 47
f 245/455/401 806/445/391 797/456/402
f 255/451/397 249/447/393 254/457/403
f 254/457/403 242/458/404 243/459/405
f 244/460/406 254/457/403 243/459/405
f 249/447/393 256/461/407 254/457/403
s 46
f 1561/462/408 253/437/383 1635/431/378
s 47
f 250/448/394 1643/453/399 241/450/396
f 247/463/409 256/461/407 248/464/410
f 248/464/410 256/461/407 246/465/411
f 247/463/409 242/458/404 256/461/407
s 48
f 1896/466/412 1068/467/413 1903/466/414
s 49
f 266/468/415 748/469/416 822/470/417
s 47
f 246/465/411 251/443/389 245/455/401
s 49
f 1894/471/418 415/472/419 1647/473/420
f 1565/474/421 1647/473/420 1646/475/422
f 1654/476/423 1660/477/424 269/478/425
f 1660/477/424 267/479/426 269/478/425
f 208/480/427 1894/471/418 1647/473/420
f 257/481/428 1899/482/429 748/469/416
f 1646/475/422 1648/483/430 1565/474/421
f 269/478/425 252/484/431 205/485/432
f 1654/476/423 205/485/432 1430/486/433
f 266/468/415 252/484/431 267/479/426
f 206/487/434 822/470/417 745/488/435
s 2
f 1339/489/436 1651/490/437 37/491/438
f 128/492/439 1649/493/440 1652/494/441
f 37/491/438 1650/495/442 35/115/86
f 1418/496/443 35/115/86 1650/495/442
s 15
f 1655/497/444 93/498/445 1656/499/446
f 1658/500/447 93/498/445 106/501/448
f 1419/502/449 1659/503/450 90/225/189
f 106/501/448 1659/503/450 1658/500/447
s 49
f 257/481/428 267/479/426 1645/504/451
s 41
f 1589/368/322 280/364/452 1581/505/453
s 8
f 1356/506/454 1353/507/455 1373/102/79
s 50
f 58/506/456 1369/104/456 1358/508/456
s 39
f 1562/509/457 279/510/458 220/361/315
s 51
f 215/363/459 277/104/459 1580/364/459
s 2
f 128/492/439 1653/511/460 1339/489/436
s 37
f 281/349/303 1497/512/461 1426/347/301
s 44
f 227/418/462 289/513/463 1613/415/364
s 35
f 1666/514/464 233/515/465 230/516/466
f 285/517/467 230/516/466 203/518/468
f 1667/519/469 228/520/470 233/515/465
s 52
f 373/521/471 1764/522/472 1763/523/473
s 35
f 1664/524/291 203/518/468 1479/335/289
s 37
f 283/525/474 1496/526/475 1497/512/461
f 1498/527/476 282/528/477 301/529/478
f 1672/373/327 1501/530/479 1671/531/480
f 69/532/481 1673/374/328 1460/533/481
s 35
f 1675/534/482 1461/535/483 291/536/484
f 290/537/485 1676/538/486 379/539/487
f 1679/540/488 1670/541/489 1677/542/490
s 53
f 1505/543/491 164/544/492 120/249/491
s 54
f 295/545/493 377/546/494 378/547/495
f 296/548/496 1680/549/497 1506/550/498
s 35
f 1677/542/490 1663/339/293 1555/551/499
s 37
f 1671/531/480 1498/527/476 301/529/478
s 54
f 1685/552/500 1678/553/501 1683/554/502
s 55
f 687/555/503 1687/556/504 153/557/505
f 302/558/506 1556/559/507 1684/560/508
f 153/557/505 309/561/509 308/562/510
s 56
f 1690/563/511 862/564/512 1691/565/513
s 22
f 307/219/183 865/566/514 869/567/515
f 376/568/516 867/565/517 958/569/518
s 56
f 1689/570/519 1690/563/511 1692/571/520
s 22
f 376/568/516 311/572/521 384/573/522
f 292/574/523 869/567/515 849/575/524
f 305/576/525 312/221/185 311/572/521
f 1682/577/526 312/221/185 297/578/527
f 1681/579/528 311/572/521 1682/577/526
s 56
f 303/580/529 1692/571/520 1686/581/530
s 55
f 308/562/510 1684/560/508 1556/559/507
s 36
f 152/582/531 199/344/298 1504/354/307
s 22
f 312/221/185 293/583/532 297/578/527
s 57
f 1698/584/533 1699/585/534 1702/586/535
f 1705/587/536 1698/584/533 1701/588/537
s 5
f 1697/589/538 51/72/51 1348/65/44
f 1694/60/40 318/590/539 55/58/38
f 319/57/37 1346/591/540 1347/55/35
f 318/590/539 574/592/541 319/57/37
f 1695/593/542 586/594/543 318/590/539
s 58
f 885/595/544 320/596/545 573/597/544
f 314/598/546 320/596/545 47/599/547
f 315/600/548 322/601/549 313/602/550
f 316/603/551 323/604/552 315/600/548
f 883/605/553 324/606/554 316/603/551
f 314/598/546 325/607/555 321/608/556
f 313/602/550 325/607/555 317/609/557
s 19
f 3/326/280 1706/610/558 2/611/559
f 11/612/560 1486/613/329 10/375/329
f 6/282/245 1489/614/249 53/286/249
f 12/206/171 1707/615/560 11/612/560
f 2/611/559 1549/616/170 1/204/170
f 8/617/561 1481/618/562 1482/208/563
f 103/377/330 1481/618/562 9/619/564
s 59
f 18/620/565 1729/621/566 1718/622/565
f 18/620/565 1719/623/567 1301/624/567
f 82/625/568 1712/626/569 14/627/569
f 1413/628/570 1717/629/571 84/630/572
f 15/631/168 1714/632/573 82/625/568
f 20/633/574 1722/634/575 19/635/575
f 16/636/576 1716/637/168 15/631/168
f 19/635/575 1729/621/566 213/638/566
f 14/627/569 1713/639/577 13/640/577
f 13/640/577 1721/641/574 20/633/574
s 60
f 1411/642/578 1725/643/579 40/628/580
s 59
f 84/630/572 1715/644/576 16/636/576
s 61
f 1720/623/1 344/629/1 1727/643/1
f 339/622/1 337/644/1 344/629/1
f 334/639/1 335/626/1 341/641/1
f 343/632/1 341/641/1 335/626/1
f 343/632/1 340/634/1 341/641/1
s 62
f 1709/645/1 1484/208/1 192/281/1
f 192/281/1 1484/208/1 332/614/1
f 134/618/1 332/614/1 1484/208/1
f 134/618/1 333/376/1 193/287/1
f 133/613/1 193/287/1 333/376/1
f 133/613/1 331/202/1 327/324/1
f 127/205/1 331/202/1 132/615/1
f 328/325/1 127/205/1 329/610/1
f 326/616/1 329/610/1 127/205/1
s 61
f 346/621/1 336/637/1 337/644/1
s 63
f 86/646/581 1929/647/582 1927/648/583
s 64
f 87/649/584 348/650/585 349/651/586
f 81/652/587 1548/209/588 348/650/585
f 78/653/589 1724/654/590 107/642/591
s 65
f 1728/643/592 918/655/593 338/623/594
s 64
f 347/656/595 1735/657/596 1724/654/590
s 66
f 1485/658/597 1730/659/597 330/209/597
s 67
f 136/660/598 1733/661/599 135/658/599
s 64
f 348/650/585 923/662/600 349/651/586
f 1548/209/588 922/663/601 348/650/585
s 68
f 345/654/602 1736/664/602 342/643/602
s 28
f 1738/665/603 1473/666/604 1471/667/605
f 1475/668/606 177/284/247 1738/665/603
s 69
f 175/669/607 1530/670/608 173/671/609
f 175/669/607 172/672/610 1530/670/608
f 1592/673/611 172/672/610 709/674/611
s 70
f 1351/675/612 178/676/613 48/677/614
s 71
f 125/678/615 176/679/615 52/680/615
s 70
f 178/676/613 174/681/616 48/677/614
f 572/682/617 174/681/616 768/683/617
s 67
f 31/684/618 136/660/598 7/685/618
f 575/686/619 916/687/620 46/688/621
f 46/688/621 136/660/598 49/689/622
s 72
f 1751/690/623 1748/691/624 1753/692/625
s 73
f 1740/693/626 351/694/627 352/695/628
f 1741/696/629 354/697/630 1742/698/630
f 1744/699/631 355/700/632 1743/701/633
f 1745/702/634 352/695/628 357/703/635
f 1741/696/629 358/704/636 353/705/637
f 1746/706/638 355/700/632 358/704/636
f 1742/698/630 351/694/627 1739/707/627
f 1744/699/631 359/708/639 356/709/640
f 1745/702/634 359/708/639 1747/710/641
s 74
f 122/711/642 360/712/643 361/713/644
f 121/714/645 363/715/646 123/716/646
f 124/717/647 364/718/648 155/719/649
f 126/720/650 361/713/644 366/721/651
f 121/714/645 367/722/652 362/723/653
f 154/724/652 364/718/648 367/722/652
f 123/716/646 360/712/643 169/725/654
f 124/717/647 368/726/655 365/727/647
f 126/720/650 368/726/655 350/728/656
s 65
f 63/729/657 212/730/658 338/623/594
f 63/729/657 918/655/593 595/731/659
f 17/624/660 338/623/594 60/732/661
f 60/732/661 338/623/594 59/733/662
f 66/734/663 59/733/662 338/623/594
f 212/730/658 66/734/663 338/623/594
s 21
f 1669/735/664 446/736/665 1598/737/666
s 11
f 1604/738/332 143/350/667 92/352/668
f 148/739/669 1604/738/332 92/352/668
f 1761/740/670 149/741/671 1762/742/672
f 1762/742/672 300/743/673 1601/127/98
f 1381/744/674 150/745/675 1384/746/676
f 1602/129/100 381/747/677 1594/748/678
s 21
f 141/211/176 1669/735/664 1378/212/177
s 1
f 97/119/90 1399/130/101 1438/117/88
s 35
f 379/539/487 1675/534/482 291/536/484
s 63
f 85/749/679 1928/750/680 1415/751/681
s 54
f 378/547/495 299/752/682 296/548/496
s 22
f 305/576/525 958/569/518 865/566/514
f 310/571/683 376/568/516 384/573/522
f 298/581/684 384/573/522 1681/579/528
s 11
f 1593/753/685 381/747/677 150/745/675
s 64
f 78/653/589 349/651/586 347/656/595
s 52
f 1765/754/686 374/755/687 1595/756/686
f 372/757/688 1769/758/689 370/759/690
f 372/757/688 1763/523/473 1770/760/691
f 370/759/690 1758/761/692 369/762/692
s 75
f 1771/763/693 1477/764/693 1760/765/693
s 76
f 1773/766/694 1772/767/695 1776/768/696
f 1766/769/697 1773/766/694 1776/768/696
s 77
f 375/770/698 1383/771/699 1777/772/700
f 375/770/698 1774/773/701 380/774/701
s 78
f 1850/775/702 371/776/703 1855/777/704
s 79
f 1861/778/705 391/772/706 398/779/707
s 78
f 1856/780/708 371/776/703 1600/781/709
s 80
f 1860/778/710 284/781/711 392/773/712
s 79
f 1853/782/713 391/772/706 70/771/713
s 81
f 390/783/714 383/784/715 386/785/714
s 82
f 1779/786/716 1644/787/717 401/788/718
f 1781/789/719 402/790/720 403/791/721
f 1782/792/722 402/790/720 1780/793/720
f 1784/794/723 405/795/724 406/796/725
f 1785/797/726 404/798/727 1782/792/722
f 1784/794/723 408/799/728 1786/800/729
f 1787/801/730 410/802/731 1788/803/732
f 1789/804/733 410/802/731 487/805/734
f 1790/806/735 412/807/736 1791/808/737
f 1792/809/738 412/807/736 413/810/739
f 1783/811/740 413/810/739 405/795/724
f 1779/786/716 414/812/741 1793/813/742
f 1787/801/730 414/812/741 409/814/743
f 1794/815/744 1644/787/717 1778/816/745
f 1794/815/744 403/791/721 1661/817/746
f 1786/800/729 407/818/747 1785/797/726
s 26
f 1525/819/748 1520/271/234 1527/277/240
s 83
f 1852/820/749 444/821/750 445/822/751
s 84
f 1859/823/752 1847/822/753 440/824/754
s 85
f 1800/825/755 1795/826/755 1798/827/755
s 86
f 1830/828/756 1837/829/756 1839/830/756
s 87
f 1814/831/757 1819/832/757 1817/833/757
s 88
f 1822/834/758 1801/825/758 1799/827/758
s 89
f 1806/835/759 1818/836/759 1821/837/759
s 90
f 1809/838/760 417/839/760 1826/840/760
s 91
f 1808/838/761 1820/841/761 1811/842/761
s 92
f 1805/835/762 416/843/762 1796/844/763
s 93
f 421/845/764 426/834/764 420/846/764
s 94
f 1835/847/756 1828/848/756 1831/828/756
s 95
f 1836/849/765 1804/850/756 1834/851/756
s 96
f 418/849/766 1807/852/756 429/853/766
s 97
f 1838/854/756 1810/855/756 1813/856/756
s 98
f 1840/857/756 432/856/756 1816/858/756
s 99
f 422/857/756 430/852/756 424/859/756
s 100
f 419/851/756 431/855/756 425/860/756
s 84
f 1862/861/767 440/824/754 441/862/768
s 101
f 442/863/769 399/861/770 1841/862/771
s 102
f 443/864/772 396/865/773 1843/863/774
f 1845/821/775 397/866/776 443/864/772
f 1846/867/777 443/864/772 436/868/778
f 436/868/778 1843/863/774 1844/869/779
s 101
f 437/869/780 1841/862/771 1842/870/781
s 84
f 441/862/768 435/871/782 434/870/783
f 440/824/754 1848/872/784 435/871/782
s 83
f 445/822/751 439/867/785 438/872/785
s 103
f 1854/782/786 1379/873/786 1851/775/787
s 63
f 1927/648/583 85/749/679 86/646/581
s 64
f 349/651/586 921/874/788 347/656/595
s 2
f 1432/875/789 1414/146/115 1310/150/119
s 14
f 1767/876/790 139/213/178 1863/162/129
f 138/877/791 139/213/178 1767/876/790
s 21
f 446/736/665 1476/216/180 1598/737/666
f 447/878/792 141/211/176 1768/879/793
s 104
f 449/880/794 1867/881/795 1866/882/794
s 105
f 1864/883/796 1868/884/797 1865/885/798
s 104
f 1878/886/799 1874/887/800 462/888/801
s 105
f 1870/889/802 1039/890/413 1879/891/803
s 104
f 462/888/801 1877/892/804 1880/893/805
f 1881/894/806 1877/892/804 1876/895/807
f 452/896/808 1876/895/807 1867/881/795
s 105
f 1879/891/803 1872/897/809 1870/889/802
f 461/898/810 1873/899/811 1872/897/809
f 1869/900/812 460/901/813 1868/884/797
s 106
f 1030/902/814 1882/903/815 1883/904/816
f 451/905/817 1884/906/818 1885/907/819
f 455/908/820 1887/909/821 456/910/822
f 1887/909/821 454/911/823 456/910/822
s 107
f 457/912/824 1889/913/825 1888/914/826
s 108
f 473/915/827 1048/916/828 1054/917/828
s 107
f 457/912/824 1890/918/829 459/919/830
s 108
f 474/920/831 468/915/832 473/915/827
s 107
f 1892/921/833 450/922/834 453/923/835
f 1893/924/836 453/923/835 458/925/837
f 459/919/830 1893/924/836 458/925/837
s 106
f 451/905/817 1886/926/838 455/908/820
s 108
f 476/927/839 465/928/840 475/929/841
f 476/927/839 469/930/842 474/920/831
f 466/931/843 474/920/831 467/932/844
f 472/933/845 475/929/841 471/934/846
f 467/932/844 473/915/827 463/915/847
f 463/915/847 1054/917/828 1042/917/828
f 477/935/848 471/934/846 475/929/841
f 464/936/849 475/929/841 465/928/840
s 109
f 485/937/850 1904/938/851 1066/939/852
s 49
f 480/940/853 1569/941/854 1897/942/855
s 48
f 478/943/856 1065/944/857 1061/944/857
f 1895/945/858 1903/466/414 1902/945/859
s 49
f 1645/504/451 1900/946/860 257/481/428
f 1900/946/860 400/947/861 481/948/862
f 210/949/863 480/940/853 479/950/864
f 479/950/864 1894/471/418 210/949/863
s 109
f 1907/951/865 1905/952/866 1901/953/867
f 1906/954/868 1901/953/867 1066/939/852
s 48
f 478/943/856 486/955/869 483/943/870
f 259/956/871 1902/945/859 482/957/872
f 1898/955/873 482/957/872 486/955/869
s 49
f 481/948/862 415/472/419 1894/471/418
s 110
f 1918/958/874 1915/959/875 1917/960/876
f 1917/960/876 1915/959/875 1923/961/877
f 1912/962/878 1923/961/877 1915/959/875
s 82
f 1790/806/735 487/805/734 411/963/879
s 110
f 1916/964/880 1919/965/881 1914/966/882
s 15
f 93/498/445 1657/967/883 1656/499/446
s 110
f 1913/968/884 1919/965/881 1920/969/885
f 1913/968/884 1920/969/885 1922/970/886
f 1921/971/887 1922/970/886 1920/969/885
f 1924/972/888 1908/973/889 1911/974/890
f 1908/973/889 1910/975/891 1911/974/890
f 1910/975/891 1909/976/892 1912/962/878
s 111
f 258/977/893 489/978/894 490/979/895
f 260/980/896 491/981/897 492/982/898
f 262/983/899 491/981/897 261/984/897
f 273/985/900 495/986/901 263/987/902
f 264/988/903 493/989/904 262/983/899
f 265/990/905 495/986/901 497/991/906
f 268/992/907 499/993/908 270/994/909
f 271/995/910 500/996/911 501/997/912
f 271/995/910 502/998/913 272/999/914
f 89/1000/915 502/998/913 503/1001/916
f 89/1000/915 494/1002/917 273/985/900
f 258/977/893 504/1003/918 274/1004/919
f 268/992/907 504/1003/918 498/1005/920
f 275/1006/921 489/978/894 276/1007/922
f 275/1006/921 492/982/898 505/1008/921
f 265/990/905 496/1009/923 264/988/903
f 488/1010/911 499/993/908 500/996/911
s 13
f 511/1011/924 105/161/128 513/160/127
s 63
f 1405/1012/925 1926/1013/926 77/1014/927
s 14
f 508/1015/928 137/215/179 140/222/186
f 506/1016/929 139/213/178 137/215/179
s 63
f 1926/1013/926 80/1017/930 77/1014/927
s 14
f 79/1018/931 140/222/186 88/224/188
s 21
f 1932/1019/932 1768/879/793 141/211/176
s 14
f 515/1020/933 137/215/179 1931/214/127
f 1930/1021/934 138/877/791 512/1022/935
s 18
f 514/198/165 1389/108/936 131/197/163
s 13
f 95/1023/937 1933/1024/938 74/159/126
s 11
f 1384/746/676 68/1025/82 1381/744/674
s 112
f 523/1026/939 1936/1027/939 1934/1028/939
s 113
f 525/1029/940 526/1030/941 527/1031/942
s 114
f 524/1032/943 1939/1033/944 1937/1034/944
f 1942/1035/945 1941/1036/946 1105/1037/945
s 112
f 1103/1038/947 521/1039/939 520/1040/939
s 114
f 1941/1036/946 1938/1041/948 524/1032/943
s 112
f 520/1040/939 1935/1042/939 523/1026/939
s 113
f 522/1043/949 1115/1044/950 526/1030/941
f 519/1045/951 527/1031/942 518/1046/952
f 517/1047/953 518/1046/952 516/1048/953
s 115
f 1945/1/954 1974/2/954 1959/114/954
f 1944/4/955 1973/3/954 1945/1/954
f 1980/7/956 2070/6/957 1978/8/958
f 1982/10/954 1958/9/954 1957/11/954
s 116
f 2057/13/959 552/12/960 639/14/961
s 115
f 1984/16/954 1956/15/954 1955/17/954
s 117
f 1990/19/962 649/18/963 1952/20/962
f 1951/21/964 2109/22/965 1949/24/966
f 1949/24/966 2110/25/967 1950/178/968
s 115
f 1971/5/969 1946/26/970 1992/27/971
s 117
f 1993/29/972 2106/28/973 1987/30/974
s 115
f 1961/31/954 1998/32/954 1969/45/954
f 1960/34/954 1997/33/954 1961/31/954
f 1999/37/954 1964/36/954 1963/38/954
f 1964/36/954 618/39/954 1962/40/954
s 116
f 1996/42/975 2002/41/976 2003/43/977
s 115
f 1970/44/978 1998/32/954 2005/51/979
f 1966/47/980 2018/46/981 1967/48/982
f 757/49/983 2005/51/979 2231/50/984
s 4
f 2236/52/985 2032/53/986 2029/1049/987
s 5
f 2011/55/988 882/57/989 576/56/990
f 587/58/991 2342/60/992 2341/59/993
f 2009/61/994 1345/62/42 2010/64/995
f 2012/65/996 2010/64/995 2013/74/997
f 588/66/998 2341/59/993 2344/589/999
f 2011/55/988 581/67/1000 2008/68/1001
f 2008/68/1001 1991/69/1002 1989/70/1003
f 1988/71/1004 582/72/1005 1985/73/1006
f 1985/73/1006 2013/74/997 1986/1050/1007
f 581/67/1000 1988/71/1004 1991/69/1002
f 576/56/990 588/66/998 581/67/1000
f 882/57/989 587/58/991 576/56/990
s 117
f 2111/75/1008 1951/21/964 1954/76/1009
s 115
f 2021/77/1010 757/49/983 2229/78/1011
f 570/79/1012 1966/47/980 571/80/1013
f 570/79/1012 2021/77/1010 2019/81/1014
f 2016/82/1015 570/79/1012 2019/81/1014
f 2005/51/979 2247/83/1016 1970/44/978
s 6
f 2240/85/1017 749/84/63 760/86/63
s 7
f 1360/88/66 2024/87/1018 2023/89/1019
s 8
f 597/90/1020 1364/91/69 2025/94/1021
f 2027/93/1022 2025/94/1021 2028/360/1023
s 7
f 2023/89/1019 754/95/1024 2026/96/1025
s 6
f 2240/85/1017 2225/97/1026 2227/1051/1027
s 118
f 569/99/1028 2233/101/1028 2232/100/1028
s 7
f 599/103/1029 2033/102/1030 2031/104/1030
s 8
f 2034/105/1031 2228/106/1032 2017/1052/1033
s 119
f 2048/108/1034 2046/110/1034 2037/109/1034
s 116
f 548/111/1035 1972/113/1036 2051/112/1037
s 115
f 1982/10/954 1959/114/954 1974/2/954
s 116
f 2003/43/977 562/115/1038 1996/42/975
s 115
f 2097/118/1039 2099/117/1040 632/119/1041
s 116
f 566/120/1042 2001/122/1043 2077/121/1044
f 566/120/1042 2068/123/1045 565/124/1046
f 2067/125/1047 565/124/1046 2068/123/1045
s 120
f 2256/127/1048 686/128/1049 858/743/1050
s 115
f 2060/130/1051 2092/131/1052 635/1053/1053
s 116
f 629/133/1054 2055/135/1055 554/134/1056
f 2055/135/1055 553/136/1057 554/134/1056
f 629/133/1054 2052/137/1058 2053/138/1059
f 2055/135/1055 2053/138/1059 2054/199/1060
f 550/139/1061 2051/112/1037 2052/137/1058
f 554/134/1056 550/139/1061 629/133/1054
f 634/140/1062 2094/141/1063 1975/151/1064
s 121
f 2396/144/1065 2258/143/1066 2139/145/1066
s 116
f 2075/146/1067 636/148/1068 2096/147/1069
f 636/148/1068 2077/121/1044 2001/122/1043
f 1977/150/1070 631/149/1071 1975/151/1064
f 2094/141/1063 633/142/1072 552/12/960
s 115
f 1956/15/954 2069/152/1073 1980/7/956
s 116
f 1975/151/1064 631/149/1071 634/140/1062
s 115
f 2059/132/1074 2070/6/957 2092/131/1052
f 1965/154/1075 2097/118/1039 637/156/1076
f 637/156/1076 1963/38/954 1965/154/1075
f 1958/9/954 1984/16/954 1955/17/954
s 116
f 2058/158/1077 639/14/961 553/136/1057
s 122
f 1099/160/1078 609/159/1079 640/161/1080
s 123
f 2500/162/1081 1093/163/1082 674/213/1083
s 124
f 568/165/1084 2151/166/1085 2098/226/1086
s 115
f 2097/118/1039 2073/155/1087 2071/168/1088
s 117
f 1993/29/972 2101/169/1089 2115/1054/1090
f 1990/19/962 557/172/1091 644/171/1092
f 2105/173/1093 556/174/1094 2104/176/1095
f 2104/176/1095 1987/30/974 2106/28/973
f 644/171/1092 557/172/1091 2113/177/1096
f 649/18/963 1954/76/1009 1952/20/962
f 2101/169/1089 1950/178/968 2110/25/967
s 125
f 647/179/1097 723/180/1098 650/314/1099
s 126
f 2197/1055/1100 646/1056/1101 2107/1057/1100
s 117
f 644/171/1092 2111/75/1008 649/18/963
s 122
f 2081/186/1102 610/185/1103 2056/187/1102
s 125
f 648/188/1104 2102/189/1105 2100/313/1105
s 117
f 2111/75/1008 1954/76/1009 649/18/963
f 585/175/1106 2113/177/1096 557/172/1091
s 115
f 1992/27/971 1947/170/1107 1994/29/1108
s 126
f 2194/1058/1109 645/1059/1110 646/1056/1101
s 4
f 763/193/1111 593/194/160 596/357/1112
s 116
f 2062/196/1113 2004/126/1114 2067/125/1047
s 115
f 563/35/954 1962/40/954 618/39/954
s 127
f 666/197/1115 2083/186/1116 626/187/1117
s 116
f 2053/138/1059 2049/200/1118 2054/199/1060
s 128
f 2212/202/169 531/201/168 560/203/169
f 2210/205/171 528/204/170 539/206/171
s 129
f 1979/1060/1119 2144/658/1120 1981/1061/1121
s 130
f 676/211/1122 2036/210/1123 2039/212/1124
s 123
f 2559/214/1078 674/213/1083 672/215/1125
s 130
f 2137/216/1126 2064/218/1127 2553/217/1128
s 22
f 2324/220/1129 868/219/1130 874/221/1131
s 123
f 675/222/1132 1976/223/1133 1101/1020/1134
s 124
f 625/225/1135 2098/226/1086 641/501/1136
f 2151/166/1085 2061/227/1137 2063/218/1137
s 131
f 2156/230/1138 2153/229/1139 2155/228/1140
f 2152/231/1141 2085/232/1142 2153/229/1139
s 132
f 718/235/1143 606/234/1144 549/236/1145
f 717/238/1146 607/237/1147 606/234/1144
f 716/240/1148 608/239/1149 607/237/1147
f 602/242/1150 2117/241/1151 2047/1062/1150
s 133
f 2171/244/1152 2123/245/1153 2172/251/1154
f 2170/247/1155 2169/246/1156 2171/244/1152
f 2168/248/1157 2170/247/1155 2118/249/1158
f 2124/250/1159 2172/251/1154 2123/245/1153
f 2129/253/1160 2173/252/1161 2124/250/1159
s 134
f 2175/254/1162 2178/256/1163 707/255/1164
s 133
f 2177/257/1165 2127/258/1166 2174/1063/1167
s 135
f 698/260/1168 703/261/1169 696/263/1170
f 696/263/1170 702/264/1171 695/265/1172
f 695/265/1172 704/266/1173 697/267/1174
f 697/267/1174 704/266/1173 2120/268/1175
s 134
f 2182/269/1176 2179/270/1177 2183/273/1178
s 135
f 701/262/1179 706/272/1180 2184/278/1181
s 134
f 2183/273/1178 2181/274/1182 2186/275/1183
f 2186/275/1183 2181/274/1182 2119/276/1184
s 133
f 2129/253/1160 2177/257/1165 2173/252/1161
s 134
f 2187/277/1185 707/255/1164 2178/256/1163
s 135
f 706/272/1180 699/279/1186 2184/278/1181
s 136
f 2136/668/1187 2176/1064/1188 2128/1065/1189
s 128
f 2149/281/1190 1953/280/1191 533/282/1192
s 137
f 714/284/1193 2189/283/1194 2188/285/1195
s 128
f 2355/287/250 584/286/249 532/288/250
s 137
f 2191/289/1196 714/284/1193 2134/666/1197
s 132
f 718/235/1143 2125/291/1198 693/292/1199
f 716/240/1148 694/293/1200 2117/241/1151
f 693/292/1199 717/238/1146 718/235/1143
f 692/294/1201 716/240/1148 717/238/1146
f 559/295/1202 718/235/1143 549/236/1145
f 1995/296/1203 2167/297/1204 559/295/1202
f 2130/298/1205 1995/296/1203 2131/299/1206
f 2133/300/1207 2131/299/1206 1995/296/1203
s 138
f 2198/301/1208 724/302/1209 2199/304/1210
f 2199/304/1210 2196/305/1211 2200/308/1212
f 2203/306/1213 2198/301/1208 2201/1066/1214
f 2200/308/1212 2205/307/1215 2103/309/1215
s 126
f 645/1059/1110 2204/319/1216 2114/317/1216
s 139
f 728/189/1217 2116/312/1217 654/313/1217
s 125
f 650/314/1099 719/190/1218 648/188/1104
s 140
f 727/315/1219 643/184/1219 653/316/1220
s 141
f 652/317/1221 2202/318/1221 2112/320/1221
s 125
f 725/318/1222 647/179/1097 651/320/1222
s 142
f 555/322/1223 2135/321/1223 561/323/1224
s 128
f 2211/324/168 532/288/250 531/201/168
f 2356/325/280 560/203/169 530/326/280
s 143
f 2214/328/1225 733/327/1226 734/329/1227
f 734/329/1227 682/330/1228 681/331/1229
f 677/332/1230 664/333/1231 682/330/1228
f 677/332/1230 733/327/1226 2088/334/1232
s 144
f 2312/336/1233 2140/335/1234 2314/337/1235
f 2313/339/1236 2141/338/1237 2312/336/1233
s 36
f 738/341/295 739/340/1238 740/342/1239
f 740/342/1239 735/343/1240 736/344/1241
f 743/345/299 739/340/1238 737/346/300
s 145
f 2318/348/1242 2087/347/1243 838/349/1244
s 143
f 741/351/1245 2084/350/1246 2086/352/1246
s 36
f 1503/353/306 740/342/1239 2163/355/1247
f 2164/354/1248 740/342/1239 736/344/1241
s 4
f 766/356/1249 596/357/1112 752/362/1250
s 146
f 2226/97/1251 767/98/1251 2223/358/1251
s 7
f 2026/96/1025 2035/359/1252 599/103/1029
s 8
f 600/107/1253 2028/360/1023 2228/106/1032
s 147
f 765/361/1254 2222/358/1255 2243/98/1256
s 4
f 764/54/1257 752/362/1250 2032/53/986
s 115
f 757/49/983 2231/50/984 2229/78/1011
s 148
f 2235/101/1258 2230/363/1259 759/100/1260
s 41
f 1582/365/320 2241/366/1261 762/371/1262
f 2246/369/1263 2245/368/1264 2242/370/1265
f 762/371/1262 2246/369/1263 2242/370/1265
s 115
f 757/49/983 1966/47/980 2247/83/1016
s 145
f 2322/373/1266 2160/372/1267 2323/374/1268
s 128
f 2148/376/330 537/375/329 638/377/330
s 120
f 2259/379/1269 611/378/1270 769/380/1271
s 36
f 744/381/1272 735/343/1240 739/340/1238
f 785/382/335 2271/383/1273 784/392/1274
s 145
f 2266/386/1275 2275/385/1276 845/387/1277
f 844/389/1278 2218/388/1279 2318/348/1242
s 36
f 743/345/299 779/390/1280 744/381/1272
f 784/392/1274 2273/393/1281 2272/406/1282
s 143
f 679/395/1283 781/394/1284 680/396/1285
s 145
f 845/387/1277 2277/397/1286 844/389/1278
s 36
f 780/391/335 784/392/1274 779/390/1280
f 744/381/1272 2276/398/1287 2217/1067/1288
s 143
f 680/396/1285 783/399/1289 786/400/1290
f 786/400/1290 681/331/1229 680/396/1285
f 2269/401/1291 786/400/1290 783/399/1289
f 734/329/1227 2260/402/1292 2214/328/1225
s 42
f 2263/404/1293 1625/403/354 1609/405/354
s 36
f 779/390/1280 2272/406/1282 2276/398/1287
s 149
f 2264/407/1294 2261/409/1294 2279/408/1294
s 42
f 2265/407/1295 2282/410/1296 2315/411/1297
s 44
f 777/412/1298 787/413/362 788/423/1299
s 42
f 2315/411/1297 2263/404/1293 2265/407/1295
s 44
f 2267/415/1300 790/416/1301 846/513/1302
s 150
f 2270/418/1303 2281/420/1303 770/419/1303
s 143
f 2088/334/1232 2213/421/1304 2089/422/1305
s 44
f 2274/417/1306 788/423/1299 790/416/1301
s 46
f 2283/425/1307 1560/424/371 2219/426/1308
f 2285/428/1309 732/427/1310 731/429/1311
f 2286/431/1312 2090/430/1313 2287/432/1314
f 732/427/1310 2287/432/1314 2090/430/1313
f 771/433/380 2288/434/1315 772/454/1316
f 2292/436/1317 2283/425/1307 2219/426/1308
f 2289/438/1318 2262/440/1319 2290/439/1320
f 773/441/1321 2290/439/1320 2262/440/1319
f 2289/438/1318 731/429/1311 2262/440/1319
s 47
f 802/444/390 807/443/1322 806/445/391
f 804/446/392 803/447/1323 802/444/390
f 791/449/395 805/448/1324 804/446/392
f 792/452/1325 811/451/1326 2293/453/1327
s 46
f 2291/442/1328 772/454/1316 2288/434/1315
s 47
f 806/445/391 798/455/1329 797/456/402
f 803/447/1323 811/451/1326 810/457/1330
f 794/458/1331 810/457/1330 795/459/1332
f 810/457/1330 796/460/1333 795/459/1332
f 812/461/1334 803/447/1323 810/457/1330
s 46
f 2220/462/1335 809/437/1336 2292/436/1317
s 47
f 2293/453/1327 805/448/1324 793/450/1337
f 800/463/1338 801/464/1339 812/461/1334
f 801/464/1339 799/465/1340 812/461/1334
f 800/463/1338 812/461/1334 794/458/1331
s 48
f 2528/466/1341 1068/467/413 1059/467/413
s 49
f 823/468/1342 748/469/416 813/481/1343
s 47
f 807/443/1322 799/465/1340 798/455/1329
s 49
f 2526/471/1344 2297/473/1345 990/472/1346
f 2297/473/1345 2224/474/1347 2296/475/1348
f 2304/476/1349 826/478/1350 2310/477/1351
f 824/479/1352 2310/477/1351 826/478/1350
f 751/480/1353 2526/471/1344 753/949/1354
f 813/481/1343 1899/482/429 2530/946/1355
f 2296/475/1348 2224/474/1347 2298/483/1356
f 808/484/1357 826/478/1350 746/485/1358
f 746/485/1358 2304/476/1349 2091/486/1359
f 808/484/1357 823/468/1342 824/479/1352
f 747/487/1360 822/470/417 823/468/1342
s 116
f 2006/489/1361 2301/490/1362 2303/511/1363
f 663/492/1364 2299/493/1365 750/1068/1365
f 564/491/1366 2300/495/1367 2301/490/1362
f 2079/496/1368 562/115/1038 2078/116/1369
s 124
f 2305/497/1370 2306/499/1371 628/498/1372
f 628/498/1372 2308/500/1373 641/501/1136
f 2080/502/1374 625/225/1135 2309/503/1375
f 641/501/1136 2309/503/1375 625/225/1135
s 49
f 824/479/1352 813/481/1343 2295/504/1376
s 41
f 2245/368/1264 837/364/1377 2234/101/1377
s 8
f 2020/506/1378 2034/102/1031 2017/507/1033
s 151
f 2030/104/1379 590/506/1380 2022/508/1380
s 147
f 2221/509/1381 836/510/1382 2007/1069/1382
s 152
f 758/363/1383 834/104/1383 589/508/1383
s 116
f 663/492/1364 2303/511/1363 2302/494/1384
s 145
f 2158/512/1385 838/349/1244 2087/347/1243
s 44
f 774/418/1386 846/513/1302 789/420/1386
s 144
f 782/515/1387 2316/514/1388 778/516/1389
f 778/516/1389 842/517/1390 742/518/1391
f 775/520/1392 2317/519/1393 782/515/1387
s 153
f 947/521/1394 2401/522/1395 948/755/1396
s 144
f 742/518/1391 2314/524/1235 2140/335/1234
s 145
f 2157/526/1397 840/525/1398 2158/512/1385
f 839/528/1399 2159/527/1400 859/529/1401
f 2322/373/1266 2162/530/1402 2161/1070/1403
f 2323/374/1268 604/532/1404 2121/533/1404
s 144
f 2122/535/1405 2325/534/1406 848/536/1407
f 2326/538/1408 847/537/1409 953/539/1410
f 2320/541/1411 2329/540/1412 2327/542/1413
s 154
f 2165/543/1414 655/249/1414 700/544/1415
s 155
f 951/546/1416 853/545/1417 952/547/1418
f 854/548/1419 2330/549/1420 857/752/1421
s 144
f 2313/339/1236 2327/542/1413 2215/551/1422
s 145
f 2321/531/1423 2159/527/1400 2162/530/1402
s 155
f 2328/553/1424 2335/552/1425 2333/554/1426
s 55
f 2337/556/1427 687/555/503 689/557/1428
f 860/558/1429 2334/560/1430 2216/559/1431
f 871/561/1432 689/557/1428 870/562/1433
s 56
f 862/564/512 2339/563/1434 1691/565/513
s 22
f 865/566/514 868/219/1130 869/567/515
f 867/565/517 950/568/1435 958/569/518
s 56
f 2338/570/1436 2339/563/1434 863/1071/1437
s 22
f 873/572/1438 950/568/1435 959/573/1439
f 869/567/515 850/574/1440 849/575/524
f 874/221/1131 864/576/1441 873/572/1438
f 2332/577/1442 874/221/1131 873/572/1438
f 2331/579/1443 873/572/1438 959/573/1439
s 56
f 861/580/1444 2340/571/1445 2338/570/1436
s 55
f 2334/560/1430 870/562/1433 2216/559/1431
s 36
f 688/582/1446 2164/354/1248 736/344/1241
s 22
f 874/221/1131 851/583/1447 2324/220/1129
s 57
f 1699/585/534 2348/586/1448 2349/1072/1449
f 2345/584/1450 2350/587/1451 2347/588/1452
s 5
f 2344/589/999 582/72/1005 588/66/998
f 2342/60/992 881/590/1453 2343/593/1454
f 882/57/989 1346/591/540 574/592/541
f 574/592/541 881/590/1453 882/57/989
f 586/594/543 2343/593/1454 881/590/1453
s 58
f 885/595/544 884/596/1455 578/599/1456
f 884/596/1455 877/598/1457 578/599/1456
f 887/601/1458 878/600/1459 876/602/1460
f 888/604/1461 879/603/1462 878/600/1459
f 889/606/1463 883/605/553 879/603/1462
f 877/598/1457 890/607/1464 880/609/1465
f 890/607/1464 876/602/1460 880/609/1465
s 128
f 2351/610/558 530/326/280 529/611/559
f 2147/613/329 538/612/560 537/375/329
f 2150/614/249 533/282/1192 584/286/249
f 2352/615/560 539/206/171 538/612/560
f 2209/616/170 529/611/559 528/204/170
f 535/617/1466 2142/618/1467 536/619/1468
f 2142/618/1467 638/377/330 536/619/1468
s 156
f 545/620/565 2374/621/566 756/638/566
f 2364/623/567 545/620/565 1968/624/567
f 2357/626/569 617/625/568 541/627/569
f 2362/629/1469 2074/628/1470 619/630/1471
f 2359/632/573 542/631/168 617/625/568
f 2367/634/575 547/633/574 546/635/575
f 2361/637/168 543/636/576 542/631/168
f 2374/621/566 546/635/575 756/638/566
f 2358/639/577 541/627/569 540/640/577
f 2366/641/574 540/640/577 547/633/574
s 157
f 2370/643/1472 2072/642/1473 567/628/1474
s 156
f 2360/644/576 619/630/1471 543/636/576
s 158
f 2365/623/954 909/629/954 904/622/954
f 902/644/954 904/622/954 909/629/954
f 899/639/954 906/641/954 900/626/954
f 908/632/954 900/626/954 906/641/954
f 905/634/954 908/632/954 906/641/954
s 159
f 2354/645/954 729/281/954 2145/208/954
f 729/281/954 897/614/954 2145/208/954
f 669/618/954 897/614/954 730/287/954
f 669/618/954 730/287/954 898/376/954
f 668/613/954 730/287/954 892/324/954
f 896/202/954 668/613/954 892/324/954
f 662/205/954 896/202/954 893/325/954
f 893/325/954 894/610/954 662/205/954
f 891/616/954 662/205/954 894/610/954
s 158
f 901/637/954 911/621/954 902/644/954
s 160
f 621/646/1475 2557/647/1476 615/1017/1477
s 64
f 622/649/1478 913/650/1479 616/652/1480
f 616/652/1480 2208/209/1481 551/1060/1482
f 613/653/1483 2369/654/1484 912/656/1485
s 65
f 918/655/593 2373/643/592 903/623/1486
s 64
f 1735/657/596 912/656/1485 2369/654/1484
s 161
f 917/659/597 2146/658/597 895/209/597
s 67
f 1733/661/599 671/660/1487 670/658/599
s 64
f 923/662/600 913/650/1479 914/651/1488
f 922/663/601 2208/209/1481 913/650/1479
s 162
f 919/664/602 910/654/602 907/643/602
s 137
f 2375/665/1489 2134/666/1197 714/284/1193
f 2136/668/1490 714/284/1193 2188/285/1195
s 69
f 712/669/1491 710/671/1492 2190/670/1493
f 712/669/1491 2190/670/1493 708/672/1494
f 708/672/1494 1592/673/611 709/674/611
s 70
f 2015/675/1495 715/676/1496 2192/1073/1497
s 163
f 660/678/1498 583/680/1498 713/679/1498
s 70
f 715/676/1496 579/677/1499 711/681/1500
f 572/682/617 711/681/1500 579/677/1499
s 67
f 671/660/1487 558/684/1501 534/685/1501
f 575/686/619 577/688/1502 916/687/620
f 577/688/1502 671/660/1487 916/687/620
s 164
f 2390/692/1503 2393/1074/1504 2385/691/1504
s 165
f 2377/693/1505 925/694/1506 2376/707/1507
f 928/1075/1508 2378/1076/1509 2379/698/1508
f 929/700/1510 2381/699/1511 2380/701/1512
f 2382/702/1513 926/695/1514 2377/693/1505
f 2378/1076/1509 932/704/1515 2383/706/1516
f 2383/706/1516 929/700/1510 2380/701/1512
f 925/694/1506 2379/698/1508 2376/707/1507
f 2381/699/1511 933/708/1517 2384/710/1518
f 933/708/1517 2382/702/1513 2384/710/1518
s 166
f 657/711/1519 934/712/1520 705/725/1521
f 937/715/1522 656/714/1523 658/716/1522
f 938/718/1524 659/717/1525 691/719/1526
f 661/720/1527 935/713/1528 657/711/1519
f 656/714/1523 941/722/1529 690/724/1529
f 690/724/1529 938/718/1524 691/719/1526
f 934/712/1520 658/716/1522 705/725/1521
f 659/717/1525 942/726/1530 924/728/1531
f 942/726/1530 661/720/1527 924/728/1531
s 65
f 598/729/1532 903/623/1486 755/730/1533
f 598/729/1532 918/655/593 903/623/1486
f 544/624/660 592/732/1534 903/623/1486
f 592/732/1534 591/733/1535 903/623/1486
f 601/734/1536 903/623/1486 591/733/1535
f 755/730/1533 903/623/1486 601/734/1536
s 130
f 1021/736/1537 2319/735/1538 2253/737/1539
s 120
f 2259/738/1269 627/352/1540 678/350/1541
f 2259/738/1269 683/739/1542 627/352/1540
f 2398/740/1543 684/741/1544 683/739/1542
f 2399/742/1545 858/743/1050 684/741/1544
f 2042/744/1546 685/745/1547 2248/753/1548
f 955/747/1549 2257/129/1550 2249/748/1551
s 130
f 676/211/1122 2039/212/1124 2319/735/1538
s 115
f 632/119/1041 2060/130/1051 635/1053/1053
s 144
f 2325/534/1406 953/539/1410 848/536/1407
s 160
f 620/749/1552 2076/751/1553 2556/750/1554
s 155
f 857/752/1421 952/547/1418 854/548/1419
s 22
f 958/569/518 864/576/1441 865/566/514
f 872/571/1555 950/568/1435 866/563/1556
f 856/581/1557 959/573/1439 872/571/1555
s 120
f 2248/753/1548 955/747/1549 2249/748/1551
s 64
f 613/653/1483 914/651/1488 622/649/1478
s 153
f 2402/754/1558 948/755/1396 2401/522/1395
f 2406/758/1559 946/757/1560 944/759/1561
f 946/757/1560 2400/523/1562 947/521/1394
f 2395/761/1563 944/759/1561 943/762/1563
s 167
f 2408/763/1564 2138/764/1564 2252/1077/1564
s 168
f 2409/767/1565 2410/766/1566 2413/768/1567
f 2403/769/1568 2410/766/1566 2251/1078/1568
s 169
f 949/770/1569 2414/772/1570 2044/771/1571
f 2411/773/1572 949/770/1569 954/774/1572
s 170
f 945/776/1573 2487/775/1574 2492/777/1575
s 171
f 966/772/1576 2498/778/1577 973/779/1578
s 170
f 2493/780/1579 945/776/1573 2492/777/1575
s 172
f 2497/778/1580 841/781/1581 2494/780/1582
s 171
f 2490/782/1583 966/772/1576 973/779/1578
s 173
f 964/1079/1584 963/1080/1585 957/784/1584
s 174
f 2416/786/1586 2294/787/1587 2415/816/1588
f 2418/789/1589 977/790/1590 2417/793/1590
f 977/790/1590 2419/792/1591 2417/793/1590
f 2421/794/1592 980/795/1593 2420/811/1594
f 979/798/1595 2422/797/1596 2419/792/1591
f 983/799/1597 2421/794/1592 2423/800/1598
f 985/802/1599 2424/801/1600 2425/803/1601
f 2426/804/1602 985/802/1599 2425/803/1601
f 987/807/1603 2427/806/1604 2428/808/1605
f 2429/809/1606 987/807/1603 2428/808/1605
f 2420/811/1594 988/810/1607 2429/809/1606
f 989/812/1608 2416/786/1586 2430/813/1609
f 2424/801/1600 989/812/1608 2430/813/1609
f 2294/787/1587 2431/815/1610 2415/816/1588
f 2431/815/1610 978/791/1611 2418/789/1589
f 982/818/1612 2423/800/1598 2422/797/1596
s 134
f 2180/271/1613 2185/819/1614 2187/277/1185
s 175
f 1019/821/1615 2489/820/1616 1020/822/1617
s 176
f 2484/822/1618 2496/823/1619 1015/824/1620
s 177
f 2432/826/1621 2437/825/1621 2435/827/1621
s 178
f 2467/828/1622 2474/829/1622 2464/848/1622
s 179
f 2451/831/1623 2456/832/1623 2449/1081/1623
s 180
f 2459/834/1624 2438/825/1624 2461/1082/1624
s 181
f 2443/835/1625 2455/836/1625 2452/1083/1625
s 182
f 2446/838/1626 992/839/1626 2440/1084/1626
s 183
f 2457/841/1627 2445/838/1627 2448/842/1627
s 184
f 991/843/1628 2442/835/1628 2433/844/1629
s 185
f 1001/834/1630 996/845/1630 995/846/1630
s 186
f 2472/847/1622 2465/848/1622 2470/1085/1622
s 187
f 2441/850/1622 2473/849/1631 2471/851/1622
s 188
f 993/849/1632 2444/852/1622 2469/859/1622
s 189
f 2475/854/1622 2447/855/1622 2466/860/1622
s 190
f 2477/857/1622 1007/856/1622 998/854/1622
s 191
f 1005/852/1622 997/857/1622 999/859/1622
s 192
f 1006/855/1622 994/851/1622 1000/860/1622
s 176
f 1015/824/1620 2499/861/1633 1016/862/1634
s 193
f 1017/863/1635 974/861/1636 2495/865/1636
s 194
f 1018/864/1637 971/865/1638 972/866/1639
f 2482/821/1640 972/866/1639 969/1086/1641
f 2483/867/1642 1018/864/1637 2482/821/1640
f 1011/868/1643 2480/863/1644 1018/864/1637
s 193
f 1012/869/1645 2478/862/1646 1017/863/1635
s 176
f 1010/871/1647 1016/862/1634 1009/870/1648
f 2485/872/1649 1015/824/1620 1010/871/1647
s 175
f 1014/867/1650 1020/822/1617 1013/872/1650
s 195
f 2040/873/1651 2491/782/1652 2488/775/1653
s 160
f 620/749/1552 2555/648/1654 621/646/1475
s 64
f 921/874/788 914/651/1488 912/656/1485
s 116
f 2093/875/1655 2075/146/1067 2096/147/1069
s 123
f 2404/876/1656 2500/162/1081 674/213/1083
f 673/877/1657 2404/876/1656 674/213/1083
s 130
f 1021/736/1537 2137/216/1126 2553/217/1128
f 1022/878/1658 676/211/1122 2319/735/1538
s 104
f 1024/880/1659 2504/881/1660 1027/896/1661
s 105
f 2501/883/1662 2505/884/1663 2506/900/1664
s 104
f 2510/887/1665 1878/886/799 1040/888/1666
s 105
f 2507/889/1667 1039/890/413 1871/1087/413
s 104
f 2512/892/1668 1040/888/1666 2514/893/1669
f 2512/892/1668 2515/894/1670 2511/895/1671
f 2511/895/1671 1027/896/1661 2504/881/1660
s 105
f 2508/897/1672 2513/891/1673 2507/889/1667
f 2509/899/1674 1038/898/1675 2508/897/1672
f 1037/901/1676 2506/900/1664 2505/884/1663
s 106
f 1030/902/814 2516/903/1677 1029/911/1678
f 2517/906/1679 1026/905/1680 2518/907/1681
f 2520/909/1682 1031/908/1683 1032/910/1684
f 1029/911/1678 2520/909/1682 1032/910/1684
s 107
f 1033/912/1685 1889/913/825 1034/1088/825
s 108
f 1048/916/828 1053/915/1686 1054/917/828
s 107
f 2522/918/1687 1033/912/1685 1036/919/1688
s 108
f 1055/920/1689 1047/915/1690 1049/930/1691
s 107
f 1025/922/834 2524/921/1692 1028/923/1693
f 1028/923/1693 2525/924/1694 1035/925/1695
f 2525/924/1694 1036/919/1688 1035/925/1695
s 106
f 2519/926/1696 1026/905/1680 1031/908/1683
s 108
f 1057/927/1697 1044/928/1698 1045/931/1699
f 1057/927/1697 1049/930/1691 1052/933/1700
f 1045/931/1699 1055/920/1689 1057/927/1697
f 1052/933/1700 1056/929/1701 1057/927/1697
f 1046/932/1702 1053/915/1686 1055/920/1689
f 1054/917/828 1041/915/1703 1042/917/828
f 1058/935/1704 1051/934/1705 1050/1089/1706
f 1056/929/1701 1043/936/1707 1044/928/1698
s 109
f 1066/939/852 1904/938/851 1071/937/1708
s 49
f 1569/941/854 1063/940/1709 1897/942/855
s 48
f 1065/944/857 1060/943/1710 1061/944/857
f 2527/945/1711 2533/466/1712 2528/466/1341
s 49
f 2295/504/1376 813/481/1343 2530/946/1355
f 975/947/1713 2530/946/1355 1064/948/1714
f 753/949/1354 1062/950/1715 1063/940/1709
f 1062/950/1715 753/949/1354 2526/471/1344
s 109
f 2535/951/1716 2531/953/1717 2534/952/1718
f 1906/954/868 2531/953/1717 2535/951/1716
s 48
f 1060/943/1710 1072/955/1719 2529/955/1720
f 815/956/1721 2532/945/1722 2527/945/1711
f 2529/955/1720 1067/957/1723 815/956/1721
s 49
f 990/472/1346 1064/948/1714 2526/471/1344
s 196
f 2543/959/1724 2546/958/1725 2545/960/1726
f 2545/960/1726 2551/961/1727 2543/959/1724
f 2551/961/1727 2540/962/1728 2543/959/1724
s 174
f 2427/806/1604 1073/805/1729 2426/804/1602
s 196
f 2547/965/1730 2544/964/1731 2542/966/1732
s 124
f 628/498/1372 2306/499/1371 2307/967/1733
s 196
f 2541/968/1734 2547/965/1730 2542/966/1732
f 2541/968/1734 2550/970/1735 2548/969/1736
f 2549/971/1737 2548/969/1736 2550/970/1735
f 2552/972/1738 2539/974/1739 2536/973/1740
f 2536/973/1740 2538/975/1741 2537/976/1742
f 2538/975/1741 2540/962/1728 2537/976/1742
s 197
f 814/977/1743 1075/978/1744 833/1007/1745
f 816/980/1746 1077/981/1747 817/984/1747
f 1077/981/1747 818/983/1748 817/984/1747
f 1081/986/1749 830/985/1750 819/987/1751
f 1079/989/1752 820/988/1753 818/983/1748
f 821/990/1754 1081/986/1749 819/987/1751
f 1085/993/1755 825/992/1756 827/994/1757
f 828/995/1758 1086/996/1759 1074/1010/1759
f 1088/998/1760 828/995/1758 829/999/1761
f 624/1000/1762 1088/998/1760 829/999/1761
f 1080/1002/1763 624/1000/1762 830/985/1750
f 1090/1003/1764 814/977/1743 831/1004/1765
f 825/992/1756 1090/1003/1764 831/1004/1765
f 1075/978/1744 832/1006/1766 833/1007/1745
f 832/1006/1766 1078/982/1767 816/980/1746
f 1082/1009/1768 821/990/1754 820/988/1753
f 1074/1010/1759 1085/993/1755 827/994/1757
s 122
f 640/161/1080 1097/1011/1769 1099/160/1078
s 160
f 2066/1012/1770 612/1014/1771 2554/1013/1772
s 123
f 1094/1015/1773 672/215/1125 1092/1016/1774
f 1092/1016/1774 674/213/1083 1093/163/1082
s 160
f 2554/1013/1772 615/1017/1477 2557/647/1476
s 123
f 614/1018/1775 675/222/1132 1094/1015/1773
s 130
f 2560/1019/1776 2405/879/1777 2082/1090/1778
s 123
f 672/215/1125 1101/1020/1134 2559/214/1078
f 673/877/1657 2558/1021/1779 1098/1022/1780
s 127
f 1100/198/1781 2050/108/1782 1096/109/1783
s 122
f 630/1023/1784 609/159/1079 2561/1024/1785
s 120
f 2045/746/1786 603/1025/1034 2038/1091/1034
s 112
f 1112/1026/1787 2564/1027/1787 2563/1042/1787
s 113
f 1114/1029/1788 1116/1030/1789 1111/1043/1790
s 114
f 1113/1032/1791 2567/1033/1792 2566/1041/1793
f 2568/1036/1794 1942/1035/945 1105/1037/945
s 112
f 1103/1038/947 1110/1039/1787 1940/1092/947
s 114
f 2568/1036/1794 2566/1041/1793 2569/1093/1795
s 112
f 1109/1040/1787 2563/1042/1787 1110/1039/1787
s 113
f 1111/1043/1790 1115/1044/950 1108/1094/950
f 1107/1045/1796 1117/1031/1797 1114/1029/1788
f 1104/1047/1798 1106/1046/1799 1107/1045/1796
s 198
f 1163/1095/1800 1120/1096/1800 1162/1097/1800
s 199
f 1121/1098/1801 1124/1099/1801 1120/1100/1801
s 200
f 1165/1095/1802 1129/1101/1802 1164/1097/1802
s 201
f 1123/1102/825 1118/1103/825 1122/1104/825
s 202
f 1162/1105/857 1129/1105/857 1126/1105/857
s 203
f 1163/1106/413 1128/1107/413 1165/1108/413
s 201
f 1118/1109/825 1127/1110/825 1126/1111/825
f 1122/1112/825 1128/1113/825 1123/1114/825
f 1118/1109/825 1129/1115/825 1122/1112/825
f 1119/1116/825 1128/1113/825 1127/1110/825
s 204
f 1147/1117/1803 1132/1118/1803 1130/1119/1803
s 205
f 1146/1120/1804 1134/1121/1804 1132/1118/1804
s 206
f 1148/1122/1805 1136/1118/1805 1134/1121/1805
s 207
f 1149/1120/1806 1138/1119/1806 1136/1118/1806
s 208
f 1150/1117/1807 1140/1123/1807 1138/1119/1807
s 209
f 1151/1124/1808 1142/1125/1808 1140/1123/1808
s 210
f 1133/1126/1809 1155/1127/1809 1154/1128/1809
s 211
f 1152/1129/1810 1144/1123/1810 1142/1125/1810
s 212
f 1153/1124/1811 1130/1119/1811 1144/1123/1811
s 213
f 1133/1130/413 1147/1131/413 1131/1131/413
f 1135/1132/413 1146/1133/413 1133/1130/413
f 1137/1130/413 1148/1134/413 1135/1132/413
f 1139/1131/413 1149/1133/413 1137/1130/413
f 1139/1131/413 1151/1135/413 1150/1131/413
f 1141/1136/413 1152/1137/413 1151/1135/413
f 1145/1136/413 1152/1137/413 1143/1138/413
f 1131/1131/413 1153/1135/413 1145/1136/413
s 214
f 1155/1139/413 1160/1140/413 1158/1141/413
s 215
f 1131/1142/1812 1161/1143/1812 1155/1127/1813
s 216
f 1141/1144/1814 1160/1145/1814 1143/1146/1814
s 217
f 1137/1126/1815 1158/1127/1815 1139/1142/1816
s 218
f 1133/1126/1817 1156/1147/1817 1135/1148/1817
s 219
f 1145/1144/1818 1160/1145/1819 1161/1143/1818
s 220
f 1139/1142/1820 1159/1143/1820 1141/1144/1820
s 221
f 1137/1126/1821 1156/1147/1821 1157/1128/1821
s 203
f 1125/1149/413 1163/1106/413 1165/1108/413
s 202
f 1124/1105/857 1162/1105/857 1120/1105/857
s 222
f 1125/1150/1822 1164/1097/1822 1124/1096/1822
s 223
f 1127/1151/1823 1162/1097/1823 1126/1101/1823
s 224
f 1175/1152/1824 1168/1153/1824 1174/1154/1824
s 225
f 1182/1155/1801 1173/1156/1801 1172/1157/1801
s 226
f 1176/1154/1 1180/1158/1 1181/1159/1
s 227
f 1187/1160/825 1167/1161/825 1166/1162/825
s 228
f 1175/1163/1825 1185/1164/1825 1186/1165/1825
s 229
f 1169/1166/1826 1186/1165/1827 1183/1167/1826
s 230
f 1172/1153/1828 1177/1152/1828 1176/1154/1828
s 231
f 1179/1158/954 1174/1154/954 1178/1159/954
s 227
f 1167/1168/825 1178/1169/825 1166/1170/825
f 1171/1171/825 1181/1172/825 1180/1173/825
f 1166/1170/825 1184/1174/825 1187/1175/825
f 1171/1171/825 1185/1176/825 1188/1177/825
f 1167/1168/825 1185/1176/825 1179/1178/825
f 1170/1179/825 1184/1174/825 1181/1172/825
s 232
f 1173/1180/1829 1186/1165/1830 1177/1181/1831
s 233
f 1177/1181/1832 1185/1164/1832 1180/1182/1832
s 227
f 1171/1183/825 1187/1160/825 1170/1184/825
s 225
f 1169/1185/1801 1182/1155/1801 1168/1186/1801
s 234
f 1189/1187/1833 1192/1188/1833 1191/1189/1833
s 235
f 1192/1188/1834 1193/1190/1834 1191/1189/1834
s 236
f 1194/1191/1835 1198/1192/1835 1199/1193/1836
s 237
f 1193/1190/1837 1196/1188/1837 1195/1189/1837
s 238
f 1196/1188/1838 1189/1187/1838 1195/1189/1838
s 239
f 1200/1194/1837 1203/1195/1837 1204/1196/1837
s 240
f 1192/1197/1839 1197/1198/1839 1198/1192/1839
s 241
f 1194/1191/1840 1200/1192/1840 1196/1197/1841
s 242
f 1190/1199/1842 1200/1192/1842 1197/1198/1843
s 243
f 1202/1200/1844 1204/1201/1844 1203/1202/1844
s 244
f 1197/1203/1833 1202/1196/1845 1198/1194/1833
s 245
f 1197/1203/1838 1204/1196/1846 1201/1204/1846
s 246
f 1198/1194/1834 1203/1195/1834 1199/1205/1834
s 247
f 1206/1206/1847 1207/1207/1847 1205/1208/1847
s 248
f 1207/1207/1848 1210/1209/1848 1209/1210/1848
s 249
f 1210/1211/1849 1214/1212/1849 1215/1213/1849
s 250
f 1210/1209/1850 1211/1214/1850 1209/1210/1850
s 251
f 1212/1215/1851 1205/1208/1851 1211/1214/1851
s 252
f 1215/1216/1850 1220/1217/1852 1216/1218/1850
s 253
f 1208/1219/1853 1213/1220/1853 1214/1212/1854
s 254
f 1210/1211/1855 1216/1221/1856 1212/1222/1856
s 255
f 1212/1222/1857 1213/1220/1857 1206/1223/1858
s 256
f 1217/1224/1859 1219/1225/1859 1218/1226/1860
s 257
f 1213/1227/1861 1218/1228/1847 1214/1229/1861
s 258
f 1216/1218/1851 1217/1230/1851 1213/1227/1851
s 259
f 1214/1229/1862 1219/1231/1862 1215/1216/1862
s 260
f 1223/1207/1863 1222/1206/1863 1221/1208/1863
s 261
f 1223/1207/1864 1226/1209/1864 1224/1232/1865
s 262
f 1226/1211/1866 1230/1212/1866 1224/1219/1866
s 263
f 1227/1214/1867 1226/1209/1867 1225/1210/1867
s 264
f 1227/1214/1868 1222/1206/1868 1228/1215/1868
s 265
f 1236/1217/1869 1231/1216/1867 1232/1218/1867
s 266
f 1224/1219/1870 1229/1220/1870 1222/1223/1871
s 267
f 1232/1221/1872 1226/1211/1873 1228/1222/1872
s 268
f 1229/1220/1874 1228/1222/1874 1222/1223/1875
s 269
f 1235/1225/1876 1233/1224/1876 1234/1226/1877
s 270
f 1234/1228/1863 1229/1227/1878 1230/1229/1878
s 271
f 1233/1230/1868 1232/1218/1868 1229/1227/1868
s 272
f 1235/1231/1865 1230/1229/1865 1231/1216/1865
s 273
f 1243/1233/1879 1237/1234/1880 1241/1235/1881
s 274
f 1248/1236/1882 1244/1237/1882 1240/1238/1882
s 275
f 1253/1235/1883 1252/1239/1884 1249/1234/1885
s 276
f 1252/1238/1886 1253/1240/1886 1256/1237/1886
s 277
f 1268/1241/1887 1261/1242/1887 1265/1243/1888
s 278
f 1275/1244/1889 1273/1243/1890 1271/1245/1889
s 1
f 1278/1/1 1292/114/1 1307/2/1
f 1277/4/2 1278/1/1 1306/3/1
f 1409/6/4 1408/152/121 1313/7/5
f 1291/9/1 1316/157/1 1315/10/1
s 2
f 25/12/7 1433/141/112 1396/13/8
s 1
f 1289/15/1 1434/153/1 1317/16/1
s 3
f 114/18/10 109/171/138 1323/19/11
f 1284/21/12 1282/24/15 1448/22/13
f 1282/24/15 1283/178/145 1449/25/16
s 1
f 1279/26/17 1277/4/2 1304/5/3
s 3
f 1445/28/19 1454/1054/1891 1326/29/20
s 1
f 1294/31/1 1302/45/1 1331/32/1
f 1293/34/1 1294/31/1 1330/33/1
f 1297/36/1 1333/1246/1 1332/37/1
f 83/39/1 1333/1246/1 1297/36/1
s 2
f 1335/41/22 1337/126/97 1329/42/23
s 1
f 1303/44/25 1338/51/31 1331/32/1
f 1354/46/26 43/79/58 1299/47/27
s 4
f 1578/52/32 1368/1049/1892 1371/53/33
s 5
f 1342/61/41 1344/64/43 1345/62/42
f 1348/65/44 51/72/51 1349/74/53
f 1349/74/53 1344/64/43 1348/65/44
f 56/66/45 1697/589/538 1693/59/39
f 50/67/46 45/56/36 1347/55/35
f 1324/69/48 50/67/46 1341/68/47
f 1321/71/50 1318/73/52 51/72/51
f 1318/73/52 1319/1050/1893 1349/74/53
f 1321/71/50 56/66/45 50/67/46
f 56/66/45 55/58/38 45/56/36
f 55/58/38 318/590/539 319/57/37
s 3
f 1284/21/12 1447/23/14 1450/75/54
s 1
f 214/49/29 44/80/59 1357/77/56
f 1357/77/56 44/80/59 43/79/58
f 1352/82/61 1355/81/60 43/79/58
f 1591/83/62 214/49/29 1338/51/31
s 6
f 749/84/63 1568/1051/1894 1583/85/64
s 7
f 1361/87/65 594/1247/1895 1360/88/66
s 8
f 62/90/68 1363/94/72 1364/91/69
f 1366/93/71 1367/360/313 1363/94/72
s 7
f 211/95/73 1361/87/65 1359/89/67
s 6
f 1583/85/64 1568/1051/1894 1566/97/75
s 7
f 1372/102/77 1374/359/312 64/103/78
s 8
f 1373/105/79 1353/1052/455 1570/106/80
s 1
f 1315/10/1 1307/2/1 1292/114/1
s 2
f 1336/43/24 1329/42/23 35/115/86
s 1
f 1438/117/88 1410/168/135 1436/118/89
s 2
f 1407/123/94 1416/121/92 39/120/91
f 1406/125/96 1407/123/94 38/124/95
s 11
f 1601/127/98 300/743/673 151/128/99
s 1
f 1399/130/101 100/1053/1896 1431/131/102
s 2
f 26/136/107 1397/158/125 1394/135/106
f 1391/137/108 23/139/110 94/133/104
f 1394/135/106 1393/199/166 1392/138/109
f 23/139/110 1391/137/108 1390/112/84
f 99/140/111 1308/151/120 1433/141/112
s 12
f 1603/143/114 1757/1248/114 1759/144/114
s 2
f 1416/121/92 1414/146/115 101/148/117
f 96/149/118 1432/875/789 1310/150/119
s 1
f 1289/15/1 1313/7/5 1408/152/121
f 1398/132/103 1431/131/102 1409/6/4
f 1298/154/122 102/156/124 1436/118/89
f 102/156/124 1298/154/122 1296/38/1
f 1291/9/1 1288/17/1 1317/16/1
s 2
f 104/14/9 1396/13/8 1397/158/125
s 13
f 74/159/126 1933/1024/938 513/160/127
s 14
f 1863/162/129 139/213/178 507/163/130
s 15
f 41/165/132 1437/226/190 1490/166/133
s 3
f 1326/29/20 1454/1054/1891 1440/169/136
f 1444/173/140 1443/176/143 29/174/141
f 1443/176/143 1445/28/19 1320/30/21
f 1283/178/145 1281/170/137 1440/169/136
s 16
f 112/179/146 115/314/274 186/180/147
s 17
f 111/182/149 1534/192/158 1537/183/150
s 3
f 1450/75/54 1452/177/144 109/171/138
s 13
f 75/185/151 511/1011/924 1420/186/152
s 16
f 113/188/153 1439/313/154 1441/189/154
s 3
f 1452/177/144 1444/173/140 54/175/142
s 1
f 1325/27/18 1327/29/1897 1280/170/156
s 17
f 110/191/157 1535/311/272 1534/192/158
s 4
f 218/193/159 61/357/310 593/194/160
s 2
f 1401/196/162 1406/125/96 1337/126/97
s 1
f 1295/40/1 1293/34/1 36/35/1
s 18
f 131/197/163 91/187/1898 1422/186/164
s 19
f 4/201/168 1551/324/168 1552/202/169
f 1/204/170 1549/616/170 1550/205/171
s 20
f 1312/207/172 1314/617/1899 1483/208/173
s 21
f 1375/210/175 1932/1019/932 141/211/176
s 14
f 139/213/178 1930/1021/934 1931/214/127
s 22
f 307/219/183 292/574/523 1674/220/184
s 14
f 140/222/186 515/1020/933 1309/223/187
s 15
f 90/225/189 106/501/448 1437/226/190
f 1490/166/133 1402/218/191 1400/227/191
s 23
f 1493/1249/194 1492/229/193 1494/228/192
f 1492/229/193 1491/231/195 1495/230/194
f 1491/231/195 1492/229/193 1424/232/196
s 24
f 71/234/197 180/238/201 181/235/198
f 72/237/200 179/240/203 180/238/201
f 73/239/202 1456/241/204 179/240/203
f 1456/241/204 73/239/202 67/242/205
s 25
f 1511/244/207 1512/251/214 1462/245/208
f 1509/246/209 1508/248/211 1510/247/210
f 1463/250/213 1462/245/208 1512/251/214
f 1517/257/220 1514/1063/1900 1466/258/221
s 27
f 162/260/223 160/263/226 167/261/224
f 160/263/226 159/265/228 166/264/227
f 159/265/228 161/267/230 168/266/229
s 26
f 1522/269/232 1523/273/236 1519/270/233
s 27
f 165/262/225 1524/278/241 170/272/235
s 26
f 1523/273/236 1526/275/238 1521/274/237
s 25
f 1517/257/220 1465/259/222 1468/253/216
s 26
f 171/255/218 1525/819/748 1527/277/240
s 279
f 1475/668/1901 1467/1250/1902 1516/1251/1903
s 19
f 1286/280/243 1708/645/243 1488/281/244
s 28
f 1529/283/246 1533/290/252 177/284/247
s 19
f 53/286/249 1489/614/249 1710/287/250
s 28
f 1531/289/251 1473/666/604 177/284/247
s 24
f 1464/291/253 1507/297/259 181/235/198
f 180/238/201 156/294/256 157/292/254
f 179/240/203 158/293/255 156/294/256
f 181/235/198 1507/297/259 32/295/257
f 1328/296/258 32/295/257 1507/297/259
s 29
f 1538/301/263 1539/304/266 187/302/264
f 1539/304/266 1540/308/270 1536/305/267
f 1543/306/268 1541/1066/1904 1538/301/263
f 1545/307/269 1536/305/267 1540/308/270
s 30
f 1455/312/273 1546/1252/273 191/189/273
s 16
f 115/314/274 113/188/153 182/190/155
s 31
f 108/184/275 183/183/275 190/315/275
s 32
f 117/317/276 1451/320/276 1542/318/276
s 16
f 112/179/146 184/181/148 188/318/277
s 33
f 1474/321/278 1350/675/278 28/322/278
s 19
f 5/288/250 1710/287/250 1551/324/168
f 33/203/169 1552/202/169 1711/325/280
s 34
f 196/327/281 1553/421/368 1554/328/282
f 147/330/284 196/327/281 197/329/283
f 196/327/281 147/330/284 142/332/286
s 35
f 1479/335/289 1480/338/292 1662/336/290
f 1480/338/292 1555/551/499 1663/339/293
s 36
f 200/340/294 737/346/300 738/341/295
f 198/343/297 200/340/294 201/342/296
f 200/340/294 204/381/334 743/345/299
s 37
f 1426/347/301 1558/388/340 1668/348/302
s 34
f 1423/350/304 144/395/346 202/351/305
s 36
f 1503/353/306 1502/355/308 201/342/296
f 1504/354/307 199/344/298 201/342/296
s 4
f 221/356/309 209/362/317 61/357/310
s 7
f 1374/359/312 211/95/73 1365/96/74
s 8
f 65/107/81 1570/106/80 1367/360/313
s 39
f 1563/358/314 1562/509/457 220/361/315
s 4
f 219/54/34 1371/53/33 209/362/317
s 40
f 1577/101/318 216/100/1905 1572/363/319
s 41
f 1582/365/320 217/371/325 1584/366/321
f 1589/368/322 1581/505/453 1590/369/323
f 217/371/325 1586/370/324 1590/369/323
s 1
f 1299/47/27 44/80/59 214/49/29
s 37
f 1499/372/326 1500/1070/1906 1672/373/327
s 19
f 10/375/329 1486/613/329 1487/376/330
s 11
f 76/378/331 143/1253/667 1604/379/332
s 36
f 198/343/297 1557/1067/1907 204/381/334
f 785/382/335 235/392/343 1617/383/336
s 37
f 1622/385/337 1614/1254/1908 1612/386/338
f 1558/388/340 1624/397/348 287/389/341
s 36
f 743/345/299 204/381/334 231/390/342
f 235/392/343 1619/406/356 1620/393/344
s 34
f 232/394/345 202/351/305 144/395/346
s 37
f 1624/397/348 1622/385/337 288/387/339
s 36
f 780/391/335 231/390/342 235/392/343
f 204/381/334 1557/1067/1907 1623/398/349
s 34
f 145/396/347 236/400/351 234/399/350
f 146/331/285 197/329/283 236/400/351
f 1615/401/352 234/399/350 236/400/351
f 1605/402/353 236/400/351 197/329/283
s 42
f 1625/403/354 1626/1255/1909 1608/404/355
s 36
f 231/390/342 1623/398/349 1619/406/356
s 42
f 1630/410/358 1628/408/1910 1611/407/359
s 44
f 229/412/361 237/423/370 787/413/362
s 42
f 1608/404/355 1626/1255/1909 1665/411/360
s 44
f 1613/415/364 289/513/463 239/416/365
s 34
f 1553/421/368 196/327/281 1427/334/288
s 44
f 1621/417/366 239/416/365 237/423/370
s 46
f 1560/424/371 1632/1256/371 1631/425/372
f 195/427/374 1633/1257/1911 1634/428/375
f 1429/430/377 1561/462/408 1635/431/378
f 1636/432/379 1633/1257/1911 195/427/374
f 771/433/380 225/454/400 1637/434/381
f 1642/436/382 1559/426/373 1631/425/372
f 226/441/387 1607/440/386 1640/439/385
f 194/429/376 1634/428/375 1639/438/384
s 47
f 251/443/389 249/447/393 802/444/390
f 804/446/392 802/444/390 249/447/393
f 791/449/395 804/446/392 250/448/394
f 255/451/397 244/460/406 240/452/398
s 46
f 1641/442/388 1637/434/381 225/454/400
s 47
f 245/455/401 251/443/389 806/445/391
f 255/451/397 250/448/394 249/447/393
f 254/457/403 256/461/407 242/458/404
f 244/460/406 255/451/397 254/457/403
f 249/447/393 251/443/389 256/461/407
s 46
f 1561/462/408 1642/436/382 253/437/383
s 47
f 250/448/394 255/451/397 1643/453/399
s 49
f 266/468/415 257/481/428 748/469/416
s 47
f 246/465/411 256/461/407 251/443/389
s 49
f 1565/474/421 208/480/427 1647/473/420
f 1660/477/424 1645/504/451 267/479/426
f 208/480/427 210/949/863 1894/471/418
f 257/481/428 1900/946/860 1899/482/429
f 269/478/425 267/479/426 252/484/431
f 1654/476/423 269/478/425 205/485/432
f 266/468/415 206/487/434 252/484/431
f 206/487/434 266/468/415 822/470/417
s 2
f 1339/489/436 1653/511/460 1651/490/437
f 128/492/439 207/1068/440 1649/493/440
f 37/491/438 1651/490/437 1650/495/442
f 1418/496/443 1417/116/87 35/115/86
s 15
f 1658/500/447 1657/967/883 93/498/445
f 106/501/448 90/225/189 1659/503/450
s 49
f 257/481/428 266/468/415 267/479/426
s 41
f 1589/368/322 1576/101/452 280/364/452
s 50
f 58/506/456 278/102/456 1369/104/456
s 39
f 1562/509/457 1340/1069/458 279/510/458
s 51
f 215/363/459 57/508/459 277/104/459
s 2
f 128/492/439 1652/494/441 1653/511/460
s 37
f 281/349/303 283/525/474 1497/512/461
s 44
f 227/418/462 238/420/462 289/513/463
s 35
f 1666/514/464 1667/519/469 233/515/465
f 285/517/467 1666/514/464 230/516/466
f 1667/519/469 286/1258/470 228/520/470
s 52
f 373/521/471 374/755/687 1764/522/472
s 35
f 1664/524/291 285/517/467 203/518/468
s 37
f 283/525/474 282/528/477 1496/526/475
f 1498/527/476 1496/526/475 282/528/477
f 1672/373/327 1500/1070/1906 1501/530/479
f 69/532/481 1499/372/326 1673/374/328
s 35
f 1675/534/482 294/1259/483 1461/535/483
f 290/537/485 1679/540/488 1676/538/486
f 1679/540/488 290/537/485 1670/541/489
s 54
f 295/545/493 1685/552/500 377/546/494
f 296/548/496 299/752/682 1680/549/497
s 35
f 1677/542/490 1670/541/489 1663/339/293
s 37
f 1671/531/480 1501/530/479 1498/527/476
s 54
f 1685/552/500 295/545/493 1678/553/501
s 55
f 687/555/503 1688/1260/1912 1687/556/504
f 153/557/505 1687/556/504 309/561/509
s 56
f 1690/563/511 304/1071/1913 862/564/512
s 22
f 307/219/183 305/576/525 865/566/514
f 376/568/516 306/563/1914 867/565/517
s 56
f 1689/570/519 304/1071/1913 1690/563/511
s 22
f 376/568/516 305/576/525 311/572/521
f 292/574/523 307/219/183 869/567/515
f 305/576/525 307/219/183 312/221/185
f 1682/577/526 311/572/521 312/221/185
f 1681/579/528 384/573/522 311/572/521
s 56
f 303/580/529 1689/570/519 1692/571/520
s 55
f 308/562/510 309/561/509 1684/560/508
s 22
f 312/221/185 1674/220/184 293/583/532
s 57
f 1699/585/534 1704/1261/1915 1703/1072/1916
f 1703/1072/1916 1702/586/535 1699/585/534
f 1702/586/535 1701/588/537 1698/584/533
f 1705/587/536 1700/1262/536 1698/584/533
s 5
f 1697/589/538 56/66/45 51/72/51
f 1694/60/40 1695/593/542 318/590/539
f 319/57/37 574/592/541 1346/591/540
f 318/590/539 586/594/543 574/592/541
f 1695/593/542 1696/1263/1917 586/594/543
s 58
f 885/595/544 47/599/547 320/596/545
f 314/598/546 321/608/556 320/596/545
f 315/600/548 323/604/552 322/601/549
f 316/603/551 324/606/554 323/604/552
f 883/605/553 875/1264/1918 324/606/554
f 314/598/546 317/609/557 325/607/555
f 313/602/550 322/601/549 325/607/555
s 19
f 3/326/280 1711/325/280 1706/610/558
f 11/612/560 1707/615/560 1486/613/329
f 6/282/245 1488/281/244 1489/614/249
f 12/206/171 1550/205/171 1707/615/560
f 2/611/559 1706/610/558 1549/616/170
f 8/617/561 9/619/564 1481/618/562
f 103/377/330 1487/376/330 1481/618/562
s 59
f 18/620/565 213/638/566 1729/621/566
f 18/620/565 1718/622/565 1719/623/567
f 82/625/568 1714/632/573 1712/626/569
f 1413/628/570 1726/643/1919 1717/629/571
f 15/631/168 1716/637/168 1714/632/573
f 20/633/574 1721/641/574 1722/634/575
f 16/636/576 1715/644/576 1716/637/168
f 19/635/575 1722/634/575 1729/621/566
f 14/627/569 1712/626/569 1713/639/577
f 13/640/577 1713/639/577 1721/641/574
s 60
f 1411/642/578 1723/654/1920 1725/643/579
s 59
f 84/630/572 1717/629/571 1715/644/576
s 61
f 1720/623/1 339/622/1 344/629/1
f 339/622/1 346/621/1 337/644/1
f 343/632/1 336/637/1 340/634/1
s 62
f 134/618/1 193/287/1 332/614/1
f 133/613/1 327/324/1 193/287/1
f 133/613/1 132/615/1 331/202/1
f 127/205/1 328/325/1 331/202/1
s 61
f 346/621/1 340/634/1 336/637/1
s 63
f 86/646/581 80/1017/930 1929/647/582
s 64
f 87/649/584 81/652/587 348/650/585
f 81/652/587 24/1060/1921 1548/209/588
f 78/653/589 347/656/595 1724/654/590
s 65
f 1728/643/592 1737/664/592 918/655/593
s 64
f 347/656/595 921/874/788 1735/657/596
s 66
f 1485/658/597 1732/661/597 1730/659/597
s 67
f 136/660/598 916/687/620 1733/661/599
s 64
f 348/650/585 922/663/601 923/662/600
f 1548/209/588 1731/659/1922 922/663/601
s 68
f 345/654/602 1734/657/602 1736/664/602
s 28
f 1738/665/603 177/284/247 1473/666/604
f 1475/668/606 1528/285/248 177/284/247
s 69
f 1592/673/611 1530/670/608 172/672/610
s 70
f 1351/675/612 1532/1073/1923 178/676/613
f 572/682/617 48/677/614 174/681/616
s 67
f 31/684/618 49/689/622 136/660/598
f 46/688/621 916/687/620 136/660/598
s 72
f 1748/691/624 1749/1265/624 1756/1074/624
f 1749/1265/624 1754/1266/624 1756/1074/624
f 1756/1074/624 1753/692/625 1748/691/624
f 1753/692/625 1752/1267/1924 1751/690/623
f 1752/1267/1924 1755/1268/623 1750/1269/623
f 1751/690/623 1752/1267/1924 1750/1269/623
s 73
f 1740/693/626 1739/707/627 351/694/627
f 1741/696/629 353/705/637 354/697/630
f 1744/699/631 356/709/640 355/700/632
f 1745/702/634 1740/693/626 352/695/628
f 1741/696/629 1746/706/638 358/704/636
f 1746/706/638 1743/701/633 355/700/632
f 1742/698/630 354/697/630 351/694/627
f 1744/699/631 1747/710/641 359/708/639
f 1745/702/634 357/703/635 359/708/639
s 74
f 122/711/642 169/725/654 360/712/643
f 121/714/645 362/723/653 363/715/646
f 124/717/647 365/727/647 364/718/648
f 126/720/650 122/711/642 361/713/644
f 121/714/645 154/724/652 367/722/652
f 154/724/652 155/719/649 364/718/648
f 123/716/646 363/715/646 360/712/643
f 124/717/647 350/728/656 368/726/655
f 126/720/650 366/721/651 368/726/655
s 65
f 63/729/657 338/623/594 918/655/593
s 21
f 1669/735/664 447/878/792 446/736/665
s 11
f 148/739/669 1761/740/670 1604/738/332
f 1761/740/670 148/739/669 149/741/671
f 1762/742/672 149/741/671 300/743/673
f 1381/744/674 1593/753/685 150/745/675
f 1602/129/100 151/128/99 381/747/677
s 1
f 97/119/90 100/1053/1896 1399/130/101
s 35
f 379/539/487 1676/538/486 1675/534/482
s 54
f 378/547/495 377/546/494 299/752/682
s 22
f 305/576/525 376/568/516 958/569/518
f 310/571/683 306/563/1914 376/568/516
f 298/581/684 310/571/683 384/573/522
s 11
f 1593/753/685 1594/748/678 381/747/677
s 64
f 78/653/589 87/649/584 349/651/586
s 52
f 1765/754/686 1764/522/472 374/755/687
f 372/757/688 1770/760/691 1769/758/689
f 372/757/688 373/521/471 1763/523/473
f 370/759/690 1769/758/689 1758/761/692
s 75
f 1771/763/693 1597/1077/693 1477/764/693
s 76
f 1773/766/694 1599/1270/695 1772/767/695
f 1766/769/697 1596/1078/697 1773/766/694
s 77
f 375/770/698 1777/772/700 1774/773/701
s 78
f 1850/775/702 1380/873/1925 371/776/703
s 79
f 1861/778/705 1775/773/705 391/772/706
s 78
f 1856/780/708 1855/777/704 371/776/703
s 80
f 1860/778/710 1857/780/1926 284/781/711
s 79
f 1853/782/713 398/779/707 391/772/706
s 81
f 383/784/715 382/1271/714 388/1080/1927
f 388/1080/1927 389/1079/715 383/784/715
f 389/1079/715 386/785/714 383/784/715
f 386/785/714 387/1272/714 390/783/714
f 387/1272/714 385/1273/714 393/1274/714
f 390/783/714 387/1272/714 393/1274/714
s 82
f 1779/786/716 1778/816/745 1644/787/717
f 1781/789/719 1780/793/720 402/790/720
f 1782/792/722 404/798/727 402/790/720
f 1784/794/723 1783/811/740 405/795/724
f 1785/797/726 407/818/747 404/798/727
f 1784/794/723 406/796/725 408/799/728
f 1787/801/730 409/814/743 410/802/731
f 1789/804/733 1788/803/732 410/802/731
f 1790/806/735 411/963/879 412/807/736
f 1792/809/738 1791/808/737 412/807/736
f 1783/811/740 1792/809/738 413/810/739
f 1779/786/716 401/788/718 414/812/741
f 1787/801/730 1793/813/742 414/812/741
f 1794/815/744 1661/817/746 1644/787/717
f 1794/815/744 1781/789/719 403/791/721
f 1786/800/729 408/799/728 407/818/747
s 26
f 1525/819/748 1522/269/232 1520/271/234
s 83
f 1852/820/749 1849/1086/749 444/821/750
s 84
f 1859/823/752 395/820/1928 1847/822/753
s 85
f 1800/825/755 1802/1275/755 1795/826/755
s 86
f 1830/828/756 1827/848/756 1837/829/756
s 87
f 1814/831/757 1812/1081/757 1819/832/757
s 88
f 1822/834/758 1824/1082/758 1801/825/758
s 89
f 1806/835/759 1815/1083/759 1818/836/759
s 90
f 1809/838/760 1803/1084/760 417/839/760
s 91
f 1808/838/761 1825/840/761 1820/841/761
s 92
f 1805/835/762 1823/837/762 416/843/762
s 93
f 421/845/764 427/1082/764 426/834/764
s 94
f 1835/847/756 1833/1085/756 1828/848/756
s 95
f 1836/849/765 1797/853/765 1804/850/756
s 96
f 418/849/766 1832/859/756 1807/852/756
s 97
f 1838/854/756 1829/860/756 1810/855/756
s 98
f 1840/857/756 423/854/756 432/856/756
s 99
f 422/857/756 433/858/756 430/852/756
s 100
f 419/851/756 428/850/756 431/855/756
s 84
f 1862/861/767 1859/823/752 440/824/754
s 101
f 442/863/769 1858/865/770 399/861/770
s 102
f 443/864/772 397/866/776 396/865/773
f 1845/821/775 394/1086/1929 397/866/776
f 1846/867/777 1845/821/775 443/864/772
f 436/868/778 443/864/772 1843/863/774
s 101
f 437/869/780 442/863/769 1841/862/771
s 84
f 441/862/768 440/824/754 435/871/782
f 440/824/754 1847/822/753 1848/872/784
s 83
f 445/822/751 444/821/750 439/867/785
s 103
f 1854/782/786 1382/771/1930 1379/873/786
s 63
f 1927/648/583 1928/750/680 85/749/679
s 64
f 349/651/586 923/662/600 921/874/788
s 2
f 1432/875/789 1435/147/116 1414/146/115
s 21
f 446/736/665 1925/217/181 1476/216/180
f 447/878/792 1669/735/664 141/211/176
s 104
f 449/880/794 452/896/808 1867/881/795
s 105
f 1864/883/796 1869/900/812 1868/884/797
s 104
f 1878/886/799 1875/1276/1931 1874/887/800
s 105
f 1870/889/802 1871/1087/413 1039/890/413
s 104
f 462/888/801 1874/887/800 1877/892/804
f 1881/894/806 1880/893/805 1877/892/804
f 452/896/808 1881/894/806 1876/895/807
s 105
f 1879/891/803 461/898/810 1872/897/809
f 461/898/810 460/901/813 1873/899/811
f 1869/900/812 1873/899/811 460/901/813
s 106
f 1030/902/814 454/911/823 1882/903/815
f 451/905/817 448/1277/1932 1884/906/818
f 455/908/820 1886/926/838 1887/909/821
f 1887/909/821 1882/903/815 454/911/823
s 107
f 457/912/824 1034/1088/825 1889/913/825
s 108
f 473/915/827 468/915/832 1048/916/828
s 107
f 457/912/824 1888/914/826 1890/918/829
s 108
f 474/920/831 469/930/842 468/915/832
s 107
f 1892/921/833 1891/1278/834 450/922/834
f 1893/924/836 1892/921/833 453/923/835
f 459/919/830 1890/918/829 1893/924/836
s 106
f 451/905/817 1885/907/819 1886/926/838
s 108
f 476/927/839 466/931/843 465/928/840
f 476/927/839 472/933/845 469/930/842
f 466/931/843 476/927/839 474/920/831
f 472/933/845 476/927/839 475/929/841
f 467/932/844 474/920/831 473/915/827
f 463/915/847 473/915/827 1054/917/828
f 464/936/849 477/935/848 475/929/841
s 109
f 1066/939/852 1901/953/867 485/937/850
f 1901/953/867 484/1279/1933 485/937/850
s 49
f 480/940/853 210/949/863 1569/941/854
s 48
f 478/943/856 483/943/870 1065/944/857
s 49
f 1900/946/860 1645/504/451 400/947/861
s 109
f 1906/954/868 1907/951/865 1901/953/867
s 48
f 478/943/856 1898/955/873 486/955/869
f 259/956/871 1895/945/858 1902/945/859
f 1898/955/873 259/956/871 482/957/872
s 49
f 481/948/862 400/947/861 415/472/419
s 110
f 1918/958/874 1916/964/880 1915/959/875
f 1912/962/878 1909/976/892 1923/961/877
s 82
f 1790/806/735 1789/804/733 487/805/734
s 110
f 1916/964/880 1918/958/874 1919/965/881
f 1913/968/884 1914/966/882 1919/965/881
f 1908/973/889 1909/976/892 1910/975/891
s 111
f 258/977/893 276/1007/922 489/978/894
f 260/980/896 261/984/897 491/981/897
f 262/983/899 493/989/904 491/981/897
f 273/985/900 494/1002/917 495/986/901
f 264/988/903 496/1009/923 493/989/904
f 265/990/905 263/987/902 495/986/901
f 268/992/907 498/1005/920 499/993/908
f 271/995/910 488/1010/911 500/996/911
f 271/995/910 501/997/912 502/998/913
f 89/1000/915 272/999/914 502/998/913
f 89/1000/915 503/1001/916 494/1002/917
f 258/977/893 490/979/895 504/1003/918
f 268/992/907 274/1004/919 504/1003/918
f 275/1006/921 505/1008/921 489/978/894
f 275/1006/921 260/980/896 492/982/898
f 265/990/905 497/991/906 496/1009/923
f 488/1010/911 270/994/909 499/993/908
s 13
f 511/1011/924 75/185/151 105/161/128
s 14
f 508/1015/928 506/1016/929 137/215/179
f 506/1016/929 507/163/130 139/213/178
s 63
f 1926/1013/926 1929/647/582 80/1017/930
s 14
f 79/1018/931 508/1015/928 140/222/186
s 21
f 1932/1019/932 1421/1090/1934 1768/879/793
s 14
f 515/1020/933 140/222/186 137/215/179
f 1930/1021/934 139/213/178 138/877/791
s 18
f 514/198/165 510/109/1935 1389/108/936
s 11
f 1384/746/676 1377/1091/82 68/1025/82
s 112
f 523/1026/939 1935/1042/939 1936/1027/939
s 113
f 525/1029/940 522/1043/949 526/1030/941
s 114
f 524/1032/943 1938/1041/948 1939/1033/944
f 1942/1035/945 1943/1093/1936 1941/1036/946
s 112
f 1103/1038/947 1940/1092/947 521/1039/939
s 114
f 1941/1036/946 1943/1093/1936 1938/1041/948
s 112
f 520/1040/939 521/1039/939 1935/1042/939
s 113
f 522/1043/949 1108/1094/950 1115/1044/950
f 519/1045/951 525/1029/940 527/1031/942
f 517/1047/953 519/1045/951 518/1046/952
s 115
f 1945/1/954 1973/3/954 1974/2/954
f 1944/4/955 1971/5/969 1973/3/954
f 1980/7/956 2069/152/1073 2070/6/957
f 1982/10/954 1983/157/954 1958/9/954
s 116
f 2057/13/959 2094/141/1063 552/12/960
s 115
f 1984/16/954 2095/153/954 1956/15/954
s 117
f 1990/19/962 644/171/1092 649/18/963
f 1951/21/964 2108/23/1937 2109/22/965
f 1949/24/966 2109/22/965 2110/25/967
s 115
f 1971/5/969 1944/4/955 1946/26/970
s 117
f 1993/29/972 2115/1054/1090 2106/28/973
s 115
f 1961/31/954 1997/33/954 1998/32/954
f 1960/34/954 563/35/954 1997/33/954
f 1999/37/954 2000/1246/954 1964/36/954
f 1964/36/954 2000/1246/954 618/39/954
s 116
f 1996/42/975 2004/126/1114 2002/41/976
s 115
f 1970/44/978 1969/45/954 1998/32/954
f 1966/47/980 570/79/1012 2018/46/981
s 4
f 2236/52/985 764/54/1257 2032/53/986
s 5
f 2009/61/994 1343/63/42 1345/62/42
f 2013/74/997 582/72/1005 2012/65/996
f 2012/65/996 2009/61/994 2010/64/995
f 588/66/998 587/58/991 2341/59/993
f 2011/55/988 576/56/990 581/67/1000
f 2008/68/1001 581/67/1000 1991/69/1002
f 1988/71/1004 588/66/998 582/72/1005
f 1985/73/1006 582/72/1005 2013/74/997
f 581/67/1000 588/66/998 1988/71/1004
f 576/56/990 587/58/991 588/66/998
f 882/57/989 881/590/1453 587/58/991
s 117
f 2111/75/1008 2108/23/1937 1951/21/964
s 115
f 2021/77/1010 571/80/1013 757/49/983
f 570/79/1012 571/80/1013 2021/77/1010
f 2016/82/1015 2018/46/981 570/79/1012
f 2005/51/979 757/49/983 2247/83/1016
s 6
f 2240/85/1017 2227/1051/1027 749/84/63
s 7
f 1360/88/66 594/1247/1895 2024/87/1018
s 8
f 597/90/1020 1362/92/70 1364/91/69
f 2027/93/1022 597/90/1020 2025/94/1021
s 7
f 2023/89/1019 2024/87/1018 754/95/1024
s 6
f 2240/85/1017 2244/98/1026 2225/97/1026
s 7
f 599/103/1029 2035/359/1252 2033/102/1030
s 8
f 2034/105/1031 600/107/1253 2228/106/1032
s 115
f 1982/10/954 1957/11/954 1959/114/954
s 116
f 2003/43/977 2078/116/1369 562/115/1038
s 115
f 2097/118/1039 2071/168/1088 2099/117/1040
s 116
f 566/120/1042 2077/121/1044 2068/123/1045
f 2067/125/1047 2004/126/1114 565/124/1046
s 120
f 2256/127/1048 2257/129/1550 686/128/1049
s 115
f 2060/130/1051 2059/132/1074 2092/131/1052
s 116
f 2055/135/1055 2058/158/1077 553/136/1057
f 629/133/1054 550/139/1061 2052/137/1058
f 2055/135/1055 629/133/1054 2053/138/1059
f 550/139/1061 548/111/1035 2051/112/1037
f 634/140/1062 633/142/1072 2094/141/1063
s 121
f 2396/144/1065 2394/1248/1066 2258/143/1066
s 116
f 636/148/1068 2075/146/1067 2077/121/1044
f 1977/150/1070 2093/875/1655 631/149/1071
s 115
f 1956/15/954 2095/153/954 2069/152/1073
f 2059/132/1074 1978/8/958 2070/6/957
f 1965/154/1075 2073/155/1087 2097/118/1039
f 637/156/1076 1999/37/954 1963/38/954
f 1958/9/954 1983/157/954 1984/16/954
s 116
f 2058/158/1077 2057/13/959 639/14/961
s 122
f 1099/160/1078 2561/1024/1785 609/159/1079
s 123
f 2500/162/1081 1095/164/1938 1093/163/1082
s 124
f 568/165/1084 665/167/1939 2151/166/1085
s 117
f 1993/29/972 1948/170/1940 2101/169/1089
f 2105/173/1093 585/175/1106 556/174/1094
f 2104/176/1095 556/174/1094 1987/30/974
f 2101/169/1089 1948/170/1940 1950/178/968
s 125
f 647/179/1097 721/181/1941 723/180/1098
s 126
f 2197/1055/1100 2194/1058/1109 646/1056/1101
s 117
f 644/171/1092 2113/177/1096 2111/75/1008
s 122
f 2081/186/1102 1097/1011/1769 610/185/1103
s 125
f 648/188/1104 719/190/1218 2102/189/1105
s 117
f 585/175/1106 2105/173/1093 2113/177/1096
s 115
f 1992/27/971 1946/26/970 1947/170/1107
s 126
f 2194/1058/1109 2195/1280/1942 645/1059/1110
s 4
f 763/193/1111 761/195/161 593/194/160
s 116
f 2062/196/1113 2002/41/976 2004/126/1114
s 115
f 563/35/954 1960/34/954 1962/40/954
s 127
f 666/197/1115 1100/198/1781 2083/186/1116
s 128
f 2212/202/169 2211/324/168 531/201/168
f 2210/205/171 2209/616/170 528/204/170
s 129
f 1979/1060/1119 2207/209/1120 2144/658/1120
s 130
f 676/211/1122 2560/1019/1776 2036/210/1123
s 123
f 2559/214/1078 2558/1021/1779 674/213/1083
s 22
f 2324/220/1129 850/574/1440 868/219/1130
s 123
f 675/222/1132 623/224/1943 1976/223/1133
s 124
f 625/225/1135 568/165/1084 2098/226/1086
f 2151/166/1085 665/167/1939 2061/227/1137
s 131
f 2152/231/1141 2153/229/1139 2156/230/1138
f 2153/229/1139 2154/1249/1138 2155/228/1140
f 2152/231/1141 2065/233/1944 2085/232/1142
s 132
f 718/235/1143 717/238/1146 606/234/1144
f 717/238/1146 716/240/1148 607/237/1147
f 716/240/1148 2117/241/1151 608/239/1149
f 602/242/1150 608/239/1149 2117/241/1151
s 133
f 2171/244/1152 2169/246/1156 2123/245/1153
f 2170/247/1155 2168/248/1157 2169/246/1156
f 2124/250/1159 2173/252/1161 2172/251/1154
f 2177/257/1165 2126/259/1945 2127/258/1166
s 135
f 698/260/1168 701/262/1179 703/261/1169
f 696/263/1170 703/261/1169 702/264/1171
f 695/265/1172 702/264/1171 704/266/1173
s 134
f 2182/269/1176 2180/271/1613 2179/270/1177
s 135
f 701/262/1179 698/260/1168 706/272/1180
s 134
f 2183/273/1178 2179/270/1177 2181/274/1182
s 133
f 2129/253/1160 2126/259/1945 2177/257/1165
s 134
f 2187/277/1185 2185/819/1614 707/255/1164
s 128
f 2149/281/1190 2353/645/1191 1953/280/1191
s 137
f 714/284/1193 2193/290/1946 2189/283/1194
s 128
f 2355/287/250 2150/614/249 584/286/249
s 137
f 2191/289/1196 2193/290/1946 714/284/1193
s 132
f 718/235/1143 2167/297/1204 2125/291/1198
f 693/292/1199 692/294/1201 717/238/1146
f 692/294/1201 694/293/1200 716/240/1148
f 559/295/1202 2167/297/1204 718/235/1143
f 1995/296/1203 2130/298/1205 2167/297/1204
s 138
f 2198/301/1208 722/303/1947 724/302/1209
f 2199/304/1210 724/302/1209 2196/305/1211
f 2203/306/1213 722/303/1947 2198/301/1208
f 2200/308/1212 2196/305/1211 2205/307/1215
s 126
f 645/1059/1110 2195/1280/1942 2204/319/1216
s 139
f 728/189/1217 2206/1252/1217 2116/312/1217
s 125
f 650/314/1099 723/180/1098 719/190/1218
s 140
f 727/315/1219 720/183/1219 643/184/1219
s 141
f 652/317/1221 726/319/1221 2202/318/1221
s 125
f 725/318/1222 721/181/1941 647/179/1097
s 142
f 555/322/1223 2014/675/1223 2135/321/1223
s 128
f 2211/324/168 2355/287/250 532/288/250
f 2356/325/280 2212/202/169 560/203/169
s 143
f 2214/328/1225 2213/421/1304 733/327/1226
f 734/329/1227 733/327/1226 682/330/1228
f 677/332/1230 682/330/1228 733/327/1226
s 144
f 2312/336/1233 2141/338/1237 2140/335/1234
f 2313/339/1236 2215/551/1422 2141/338/1237
s 36
f 738/341/295 737/346/300 739/340/1238
f 740/342/1239 739/340/1238 735/343/1240
f 743/345/299 744/381/1272 739/340/1238
s 145
f 2318/348/1242 2218/388/1279 2087/347/1243
s 143
f 741/351/1245 679/395/1283 2084/350/1246
s 36
f 1503/353/306 738/341/295 740/342/1239
f 2164/354/1248 2163/355/1247 740/342/1239
s 4
f 766/356/1249 763/193/1111 596/357/1112
s 7
f 2026/96/1025 754/95/1024 2035/359/1252
s 8
f 600/107/1253 2027/93/1022 2028/360/1023
s 147
f 765/361/1254 2221/509/1381 2222/358/1255
s 4
f 764/54/1257 766/356/1249 752/362/1250
s 148
f 2235/101/1258 2237/364/1260 2230/363/1259
s 41
f 1582/365/320 1585/367/320 2241/366/1261
f 2246/369/1263 2239/505/1948 2245/368/1264
f 762/371/1262 2241/366/1261 2246/369/1263
s 115
f 757/49/983 571/80/1013 1966/47/980
s 145
f 2322/373/1266 2161/1070/1403 2160/372/1267
s 128
f 2148/376/330 2147/613/329 537/375/329
s 120
f 2259/379/1269 678/1253/1541 611/378/1270
s 36
f 744/381/1272 2217/1067/1288 735/343/1240
f 785/382/335 1618/384/335 2271/383/1273
s 145
f 2266/386/1275 2268/1254/1949 2275/385/1276
f 844/389/1278 2277/397/1286 2218/388/1279
s 36
f 743/345/299 780/391/335 779/390/1280
f 784/392/1274 2271/383/1273 2273/393/1281
s 143
f 679/395/1283 741/351/1245 781/394/1284
s 145
f 845/387/1277 2275/385/1276 2277/397/1286
s 36
f 780/391/335 785/382/335 784/392/1274
f 744/381/1272 779/390/1280 2276/398/1287
s 143
f 680/396/1285 781/394/1284 783/399/1289
f 786/400/1290 734/329/1227 681/331/1229
f 2269/401/1291 2260/402/1292 786/400/1290
f 734/329/1227 786/400/1290 2260/402/1292
s 42
f 2263/404/1293 2278/1255/1950 1625/403/354
s 36
f 779/390/1280 784/392/1274 2272/406/1282
s 42
f 2265/407/1295 2280/408/1951 2282/410/1296
s 44
f 777/412/1298 776/414/363 787/413/362
s 42
f 2315/411/1297 2278/1255/1950 2263/404/1293
s 44
f 2267/415/1300 2274/417/1306 790/416/1301
s 143
f 2088/334/1232 733/327/1226 2213/421/1304
s 44
f 2274/417/1306 777/412/1298 788/423/1299
s 46
f 2283/425/1307 1632/1256/371 1560/424/371
f 2285/428/1309 2284/1257/1952 732/427/1310
f 2286/431/1312 2220/462/1335 2090/430/1313
f 732/427/1310 2284/1257/1952 2287/432/1314
f 771/433/380 1638/435/380 2288/434/1315
f 2292/436/1317 809/437/1336 2283/425/1307
f 773/441/1321 2291/442/1328 2290/439/1320
f 2289/438/1318 2285/428/1309 731/429/1311
s 47
f 802/444/390 803/447/1323 807/443/1322
f 804/446/392 805/448/1324 803/447/1323
f 791/449/395 793/450/1337 805/448/1324
f 792/452/1325 796/460/1333 811/451/1326
s 46
f 2291/442/1328 773/441/1321 772/454/1316
s 47
f 806/445/391 807/443/1322 798/455/1329
f 803/447/1323 805/448/1324 811/451/1326
f 794/458/1331 812/461/1334 810/457/1330
f 810/457/1330 811/451/1326 796/460/1333
f 812/461/1334 807/443/1322 803/447/1323
s 46
f 2220/462/1335 2286/431/1312 809/437/1336
s 47
f 2293/453/1327 811/451/1326 805/448/1324
s 49
f 823/468/1342 822/470/417 748/469/416
s 47
f 807/443/1322 812/461/1334 799/465/1340
s 49
f 2297/473/1345 751/480/1353 2224/474/1347
f 824/479/1352 2295/504/1376 2310/477/1351
f 751/480/1353 2297/473/1345 2526/471/1344
f 813/481/1343 748/469/416 1899/482/429
f 808/484/1357 824/479/1352 826/478/1350
f 746/485/1358 826/478/1350 2304/476/1349
f 808/484/1357 747/487/1360 823/468/1342
f 747/487/1360 745/488/435 822/470/417
s 116
f 2006/489/1361 564/491/1366 2301/490/1362
f 663/492/1364 2302/494/1384 2299/493/1365
f 564/491/1366 562/115/1038 2300/495/1367
f 2079/496/1368 2300/495/1367 562/115/1038
s 124
f 628/498/1372 2307/967/1733 2308/500/1373
f 641/501/1136 2308/500/1373 2309/503/1375
s 49
f 824/479/1352 823/468/1342 813/481/1343
s 41
f 2245/368/1264 2239/505/1948 837/364/1377
s 151
f 2030/104/1379 835/102/1380 590/506/1380
s 147
f 2221/509/1381 765/361/1254 836/510/1382
s 152
f 758/363/1383 2238/364/1383 834/104/1383
s 116
f 663/492/1364 2006/489/1361 2303/511/1363
s 145
f 2158/512/1385 840/525/1398 838/349/1244
s 44
f 774/418/1386 2267/415/1300 846/513/1302
s 144
f 782/515/1387 2317/519/1393 2316/514/1388
f 778/516/1389 2316/514/1388 842/517/1390
f 775/520/1392 843/1258/1392 2317/519/1393
s 153
f 947/521/1394 2400/523/1562 2401/522/1395
s 144
f 742/518/1391 842/517/1390 2314/524/1235
s 145
f 2157/526/1397 839/528/1399 840/525/1398
f 839/528/1399 2157/526/1397 2159/527/1400
f 2322/373/1266 2321/531/1423 2162/530/1402
f 2323/374/1268 2160/372/1267 604/532/1404
s 144
f 2122/535/1405 852/1259/1405 2325/534/1406
f 2326/538/1408 2329/540/1412 847/537/1409
f 2320/541/1411 847/537/1409 2329/540/1412
s 155
f 951/546/1416 2335/552/1425 853/545/1417
f 854/548/1419 2166/550/1953 2330/549/1420
s 144
f 2313/339/1236 2320/541/1411 2327/542/1413
s 145
f 2321/531/1423 859/529/1401 2159/527/1400
s 155
f 2328/553/1424 853/545/1417 2335/552/1425
s 55
f 2337/556/1427 1688/1260/1912 687/555/503
f 871/561/1432 2337/556/1427 689/557/1428
s 56
f 862/564/512 863/1071/1437 2339/563/1434
s 22
f 865/566/514 864/576/1441 868/219/1130
f 867/565/517 866/563/1556 950/568/1435
s 56
f 2338/570/1436 2340/571/1445 2339/563/1434
s 22
f 873/572/1438 864/576/1441 950/568/1435
f 869/567/515 868/219/1130 850/574/1440
f 874/221/1131 868/219/1130 864/576/1441
f 2332/577/1442 855/578/1954 874/221/1131
f 2331/579/1443 2332/577/1442 873/572/1438
s 56
f 861/580/1444 2336/581/1955 2340/571/1445
s 55
f 2334/560/1430 871/561/1432 870/562/1433
s 22
f 874/221/1131 855/578/1954 851/583/1447
s 57
f 2349/1072/1449 1704/1261/1915 1699/585/534
f 1699/585/534 2345/584/1450 2348/586/1448
f 2345/584/1450 2347/588/1452 2348/586/1448
f 2345/584/1450 2346/1262/1451 2350/587/1451
s 5
f 2344/589/999 2012/65/996 582/72/1005
f 2342/60/992 587/58/991 881/590/1453
f 882/57/989 2011/55/988 1346/591/540
f 574/592/541 586/594/543 881/590/1453
f 586/594/543 1696/1263/1917 2343/593/1454
s 58
f 885/595/544 573/597/544 884/596/1455
f 884/596/1455 886/608/1956 877/598/1457
f 887/601/1458 888/604/1461 878/600/1459
f 888/604/1461 889/606/1463 879/603/1462
f 889/606/1463 875/1264/1918 883/605/553
f 877/598/1457 886/608/1956 890/607/1464
f 890/607/1464 887/601/1458 876/602/1460
s 128
f 2351/610/558 2356/325/280 530/326/280
f 2147/613/329 2352/615/560 538/612/560
f 2150/614/249 2149/281/1190 533/282/1192
f 2352/615/560 2210/205/171 539/206/171
f 2209/616/170 2351/610/558 529/611/559
f 535/617/1466 2143/208/1466 2142/618/1467
f 2142/618/1467 2148/376/330 638/377/330
s 156
f 545/620/565 2363/622/565 2374/621/566
f 2364/623/567 2363/622/565 545/620/565
f 2357/626/569 2359/632/573 617/625/568
f 2362/629/1469 2371/643/1957 2074/628/1470
f 2359/632/573 2361/637/168 542/631/168
f 2367/634/575 2366/641/574 547/633/574
f 2361/637/168 2360/644/576 543/636/576
f 2374/621/566 2367/634/575 546/635/575
f 2358/639/577 2357/626/569 541/627/569
f 2366/641/574 2358/639/577 540/640/577
s 157
f 2370/643/1472 2368/654/1958 2072/642/1473
s 156
f 2360/644/576 2362/629/1469 619/630/1471
s 158
f 2365/623/954 2372/643/954 909/629/954
f 902/644/954 911/621/954 904/622/954
f 905/634/954 901/637/954 908/632/954
s 159
f 669/618/954 2145/208/954 897/614/954
f 668/613/954 898/376/954 730/287/954
f 896/202/954 667/615/954 668/613/954
f 662/205/954 667/615/954 896/202/954
s 158
f 901/637/954 905/634/954 911/621/954
s 160
f 621/646/1475 2555/648/1654 2557/647/1476
s 64
f 622/649/1478 914/651/1488 913/650/1479
f 616/652/1480 913/650/1479 2208/209/1481
f 613/653/1483 642/642/1959 2369/654/1484
s 65
f 918/655/593 1737/664/592 2373/643/592
s 64
f 1735/657/596 921/874/788 912/656/1485
s 161
f 917/659/597 915/661/597 2146/658/597
s 67
f 1733/661/599 916/687/620 671/660/1487
s 64
f 923/662/600 922/663/601 913/650/1479
f 922/663/601 1731/659/1922 2208/209/1481
s 162
f 919/664/602 920/657/602 910/654/602
s 137
f 2375/665/1489 2132/667/1960 2134/666/1197
f 2136/668/1490 2375/665/1489 714/284/1193
s 69
f 708/672/1494 2190/670/1493 1592/673/611
s 70
f 2015/675/1495 579/677/1499 715/676/1496
f 572/682/617 768/683/617 711/681/1500
s 67
f 671/660/1487 580/689/1961 558/684/1501
f 577/688/1502 580/689/1961 671/660/1487
s 164
f 2391/1266/1504 2386/1265/1504 2393/1074/1504
f 2386/1265/1504 2385/691/1504 2393/1074/1504
f 2385/691/1504 2388/690/1962 2390/692/1503
f 2388/690/1962 2387/1269/1962 2389/1267/1963
f 2387/1269/1962 2392/1268/1962 2389/1267/1963
f 2389/1267/1963 2390/692/1503 2388/690/1962
s 165
f 2377/693/1505 926/695/1514 925/694/1506
f 928/1075/1508 927/1281/1964 2378/1076/1509
f 929/700/1510 930/709/1965 2381/699/1511
f 2382/702/1513 931/703/1966 926/695/1514
f 2378/1076/1509 927/1281/1964 932/704/1515
f 2383/706/1516 932/704/1515 929/700/1510
f 925/694/1506 928/1075/1508 2379/698/1508
f 2381/699/1511 930/709/1965 933/708/1517
f 933/708/1517 931/703/1966 2382/702/1513
s 166
f 657/711/1519 935/713/1528 934/712/1520
f 937/715/1522 936/723/1967 656/714/1523
f 938/718/1524 939/727/1525 659/717/1525
f 661/720/1527 940/721/1968 935/713/1528
f 656/714/1523 936/723/1967 941/722/1529
f 690/724/1529 941/722/1529 938/718/1524
f 934/712/1520 937/715/1522 658/716/1522
f 659/717/1525 939/727/1525 942/726/1530
f 942/726/1530 940/721/1968 661/720/1527
s 65
f 598/729/1532 595/731/659 918/655/593
s 130
f 1021/736/1537 1022/878/1658 2319/735/1538
s 120
f 2259/738/1269 2398/740/1543 683/739/1542
f 2398/740/1543 2399/742/1545 684/741/1544
f 2399/742/1545 2256/127/1048 858/743/1050
f 2042/744/1546 2045/746/1786 685/745/1547
f 955/747/1549 686/128/1049 2257/129/1550
s 115
f 632/119/1041 2099/117/1040 2060/130/1051
s 144
f 2325/534/1406 2326/538/1408 953/539/1410
s 155
f 857/752/1421 951/546/1416 952/547/1418
s 22
f 958/569/518 950/568/1435 864/576/1441
f 872/571/1555 959/573/1439 950/568/1435
f 856/581/1557 2331/579/1443 959/573/1439
s 120
f 2248/753/1548 685/745/1547 955/747/1549
s 64
f 613/653/1483 912/656/1485 914/651/1488
s 153
f 2402/754/1558 2250/756/1558 948/755/1396
f 2406/758/1559 2407/760/1969 946/757/1560
f 946/757/1560 2407/760/1969 2400/523/1562
f 2395/761/1563 2406/758/1559 944/759/1561
s 167
f 2408/763/1564 2397/765/1564 2138/764/1564
s 168
f 2409/767/1565 2254/1270/1565 2410/766/1566
f 2403/769/1568 2413/768/1567 2410/766/1566
s 169
f 2411/773/1572 2414/772/1570 949/770/1569
s 170
f 945/776/1573 2041/873/1970 2487/775/1574
s 171
f 966/772/1576 2412/773/1577 2498/778/1577
s 170
f 2493/780/1579 2255/781/1971 945/776/1573
s 172
f 2497/778/1580 967/773/1972 841/781/1581
s 171
f 2490/782/1583 605/771/1583 966/772/1576
s 173
f 963/1080/1585 956/1271/1973 957/784/1584
f 957/784/1584 965/783/1973 961/785/1973
f 965/783/1973 968/1274/1973 962/1272/1973
f 968/1274/1973 960/1273/1973 962/1272/1973
f 962/1272/1973 961/785/1973 965/783/1973
f 961/785/1973 964/1079/1584 957/784/1584
s 174
f 2416/786/1586 976/788/1974 2294/787/1587
f 2418/789/1589 978/791/1611 977/790/1590
f 977/790/1590 979/798/1595 2419/792/1591
f 2421/794/1592 981/796/1975 980/795/1593
f 979/798/1595 982/818/1612 2422/797/1596
f 983/799/1597 981/796/1975 2421/794/1592
f 985/802/1599 984/814/1600 2424/801/1600
f 2426/804/1602 1073/805/1729 985/802/1599
f 987/807/1603 986/963/1976 2427/806/1604
f 2429/809/1606 988/810/1607 987/807/1603
f 2420/811/1594 980/795/1593 988/810/1607
f 989/812/1608 976/788/1974 2416/786/1586
f 2424/801/1600 984/814/1600 989/812/1608
f 2294/787/1587 2311/817/1977 2431/815/1610
f 2431/815/1610 2311/817/1977 978/791/1611
f 982/818/1612 983/799/1597 2423/800/1598
s 134
f 2180/271/1613 2182/269/1176 2185/819/1614
s 175
f 1019/821/1615 2486/1086/1616 2489/820/1616
s 176
f 2484/822/1618 970/820/1978 2496/823/1619
s 177
f 2432/826/1621 2439/1275/1621 2437/825/1621
s 178
f 2467/828/1622 2476/830/1622 2474/829/1622
s 179
f 2451/831/1623 2454/833/1623 2456/832/1623
s 180
f 2459/834/1624 2436/827/1624 2438/825/1624
s 181
f 2443/835/1625 2458/837/1625 2455/836/1625
s 182
f 2446/838/1626 2463/840/1626 992/839/1626
s 183
f 2457/841/1627 2462/840/1627 2445/838/1627
s 184
f 991/843/1628 2460/837/1628 2442/835/1628
s 185
f 1001/834/1630 1002/1082/1630 996/845/1630
s 186
f 2472/847/1622 2468/828/1622 2465/848/1622
s 188
f 993/849/1632 1004/853/1632 2444/852/1622
s 189
f 2475/854/1622 2450/856/1622 2447/855/1622
s 190
f 2477/857/1622 2453/858/1622 1007/856/1622
s 191
f 1005/852/1622 1008/858/1622 997/857/1622
s 192
f 1006/855/1622 1003/850/1622 994/851/1622
s 176
f 1015/824/1620 2496/823/1619 2499/861/1633
s 193
f 1017/863/1635 2478/862/1646 974/861/1636
s 194
f 1018/864/1637 2480/863/1644 971/865/1638
f 2482/821/1640 1018/864/1637 972/866/1639
f 2483/867/1642 1011/868/1643 1018/864/1637
f 1011/868/1643 2481/869/1979 2480/863/1644
s 193
f 1012/869/1645 2479/870/1980 2478/862/1646
s 176
f 1010/871/1647 1015/824/1620 1016/862/1634
f 2485/872/1649 2484/822/1618 1015/824/1620
s 175
f 1014/867/1650 1019/821/1615 1020/822/1617
s 195
f 2040/873/1651 2043/771/1651 2491/782/1652
s 160
f 620/749/1552 2556/750/1554 2555/648/1654
s 64
f 921/874/788 923/662/600 914/651/1488
s 116
f 2093/875/1655 1977/150/1070 2075/146/1067
s 130
f 1021/736/1537 2253/737/1539 2137/216/1126
f 1022/878/1658 2405/879/1777 676/211/1122
s 104
f 1024/880/1659 2503/882/1659 2504/881/1660
s 105
f 2501/883/1662 2502/885/1981 2505/884/1663
s 104
f 2510/887/1665 1875/1276/1931 1878/886/799
s 105
f 2507/889/1667 2513/891/1673 1039/890/413
s 104
f 2512/892/1668 2510/887/1665 1040/888/1666
f 2512/892/1668 2514/893/1669 2515/894/1670
f 2511/895/1671 2515/894/1670 1027/896/1661
s 105
f 2508/897/1672 1038/898/1675 2513/891/1673
f 2509/899/1674 1037/901/1676 1038/898/1675
f 1037/901/1676 2509/899/1674 2506/900/1664
s 106
f 1030/902/814 1883/904/816 2516/903/1677
f 2517/906/1679 1023/1277/1982 1026/905/1680
f 2520/909/1682 2519/926/1696 1031/908/1683
f 1029/911/1678 2516/903/1677 2520/909/1682
s 107
f 1033/912/1685 2521/914/1983 1889/913/825
s 108
f 1048/916/828 1047/915/1690 1053/915/1686
s 107
f 2522/918/1687 2521/914/1983 1033/912/1685
s 108
f 1055/920/1689 1053/915/1686 1047/915/1690
s 107
f 1025/922/834 2523/1278/834 2524/921/1692
f 1028/923/1693 2524/921/1692 2525/924/1694
f 2525/924/1694 2522/918/1687 1036/919/1688
s 106
f 2519/926/1696 2518/907/1681 1026/905/1680
s 108
f 1057/927/1697 1056/929/1701 1044/928/1698
f 1057/927/1697 1055/920/1689 1049/930/1691
f 1045/931/1699 1046/932/1702 1055/920/1689
f 1052/933/1700 1051/934/1705 1056/929/1701
f 1046/932/1702 1041/915/1703 1053/915/1686
f 1054/917/828 1053/915/1686 1041/915/1703
f 1058/935/1704 1056/929/1701 1051/934/1705
f 1056/929/1701 1058/935/1704 1043/936/1707
s 109
f 1070/1279/1984 2531/953/1717 1071/937/1708
f 2531/953/1717 1066/939/852 1071/937/1708
s 49
f 1569/941/854 753/949/1354 1063/940/1709
s 48
f 1065/944/857 1069/943/1985 1060/943/1710
s 49
f 975/947/1713 2295/504/1376 2530/946/1355
s 109
f 1906/954/868 1066/939/852 2531/953/1717
s 48
f 1060/943/1710 1069/943/1985 1072/955/1719
f 815/956/1721 1067/957/1723 2532/945/1722
f 2529/955/1720 1072/955/1719 1067/957/1723
s 49
f 990/472/1346 975/947/1713 1064/948/1714
s 196
f 2543/959/1724 2544/964/1731 2546/958/1725
f 2551/961/1727 2537/976/1742 2540/962/1728
s 174
f 2427/806/1604 986/963/1976 1073/805/1729
s 196
f 2547/965/1730 2546/958/1725 2544/964/1731
f 2541/968/1734 2548/969/1736 2547/965/1730
f 2536/973/1740 2539/974/1739 2538/975/1741
s 197
f 814/977/1743 1076/979/1986 1075/978/1744
f 816/980/1746 1078/982/1767 1077/981/1747
f 1077/981/1747 1079/989/1752 818/983/1748
f 1081/986/1749 1080/1002/1763 830/985/1750
f 1079/989/1752 1082/1009/1768 820/988/1753
f 821/990/1754 1083/991/1987 1081/986/1749
f 1085/993/1755 1084/1005/1988 825/992/1756
f 828/995/1758 1087/997/1989 1086/996/1759
f 1088/998/1760 1087/997/1989 828/995/1758
f 624/1000/1762 1089/1001/1990 1088/998/1760
f 1080/1002/1763 1089/1001/1990 624/1000/1762
f 1090/1003/1764 1076/979/1986 814/977/1743
f 825/992/1756 1084/1005/1988 1090/1003/1764
f 1075/978/1744 1091/1008/1766 832/1006/1766
f 832/1006/1766 1091/1008/1766 1078/982/1767
f 1082/1009/1768 1083/991/1987 821/990/1754
f 1074/1010/1759 1086/996/1759 1085/993/1755
s 122
f 640/161/1080 610/185/1103 1097/1011/1769
s 123
f 1094/1015/1773 675/222/1132 672/215/1125
f 1092/1016/1774 672/215/1125 674/213/1083
s 160
f 2554/1013/1772 612/1014/1771 615/1017/1477
s 123
f 614/1018/1775 623/224/1943 675/222/1132
s 130
f 2560/1019/1776 676/211/1122 2405/879/1777
s 123
f 672/215/1125 675/222/1132 1101/1020/1134
f 673/877/1657 674/213/1083 2558/1021/1779
s 127
f 1100/198/1781 666/197/1115 2050/108/1782
s 120
f 2045/746/1786 2042/744/1546 603/1025/1034
s 112
f 1112/1026/1787 2562/1028/1787 2564/1027/1787
s 114
f 1113/1032/1791 2565/1034/1792 2567/1033/1792
f 2568/1036/1794 2569/1093/1795 1942/1035/945
s 112
f 1103/1038/947 1109/1040/1787 1110/1039/1787
s 114
f 2568/1036/1794 1113/1032/1791 2566/1041/1793
s 112
f 1109/1040/1787 1112/1026/1787 2563/1042/1787
s 113
f 1111/1043/1790 1116/1030/1789 1115/1044/950
f 1107/1045/1796 1106/1046/1799 1117/1031/1797
f 1104/1047/1798 1102/1048/1798 1106/1046/1799
s 198
f 1163/1095/1800 1121/1150/1800 1120/1096/1800
s 199
f 1121/1098/1801 1125/1282/1801 1124/1099/1801
s 200
f 1165/1095/1802 1128/1151/1802 1129/1101/1802
s 201
f 1123/1102/825 1119/1283/825 1118/1103/825
s 203
f 1163/1106/413 1127/1284/413 1128/1107/413
s 201
f 1118/1109/825 1119/1116/825 1127/1110/825
f 1122/1112/825 1129/1115/825 1128/1113/825
f 1119/1116/825 1123/1114/825 1128/1113/825
s 204
f 1147/1117/1803 1146/1120/1803 1132/1118/1803
s 205
f 1146/1120/1804 1148/1122/1804 1134/1121/1804
s 206
f 1148/1122/1805 1149/1120/1805 1136/1118/1805
s 207
f 1149/1120/1806 1150/1117/1806 1138/1119/1806
s 208
f 1150/1117/1807 1151/1124/1807 1140/1123/1807
s 209
f 1151/1124/1808 1152/1129/1808 1142/1125/1808
s 210
f 1133/1126/1809 1131/1142/1991 1155/1127/1809
s 213
f 1133/1130/413 1146/1133/413 1147/1131/413
f 1135/1132/413 1148/1134/413 1146/1133/413
f 1137/1130/413 1149/1133/413 1148/1134/413
f 1139/1131/413 1150/1131/413 1149/1133/413
f 1139/1131/413 1141/1136/413 1151/1135/413
f 1141/1136/413 1143/1138/413 1152/1137/413
f 1131/1131/413 1147/1131/413 1153/1135/413
s 214
f 1156/1285/413 1154/1286/413 1155/1139/413
f 1155/1139/413 1161/1287/413 1160/1140/413
f 1160/1140/413 1159/1288/413 1158/1141/413
f 1158/1141/413 1157/1289/413 1156/1285/413
f 1156/1285/413 1155/1139/413 1158/1141/413
s 216
f 1141/1144/1814 1159/1143/1992 1160/1145/1814
s 217
f 1137/1126/1815 1157/1128/1815 1158/1127/1815
s 218
f 1133/1126/1817 1154/1128/1817 1156/1147/1817
s 220
f 1139/1142/1820 1158/1127/1993 1159/1143/1820
s 221
f 1137/1126/1821 1135/1148/1821 1156/1147/1821
s 203
f 1125/1149/413 1121/1290/413 1163/1106/413
s 222
f 1125/1150/1822 1165/1095/1822 1164/1097/1822
s 223
f 1127/1151/1823 1163/1095/1823 1162/1097/1823
s 225
f 1182/1155/1801 1183/1291/1801 1173/1156/1801
s 280
f 1176/1154/1 1177/1152/1 1180/1158/1
s 227
f 1187/1160/825 1188/1292/825 1167/1161/825
s 228
f 1175/1163/1825 1179/1293/1825 1185/1164/1825
s 229
f 1169/1166/1826 1175/1163/1994 1186/1165/1827
s 281
f 1172/1153/1828 1173/1294/1828 1177/1152/1828
s 231
f 1179/1158/954 1175/1152/954 1174/1154/954
s 227
f 1167/1168/825 1179/1178/825 1178/1169/825
f 1171/1171/825 1170/1179/825 1181/1172/825
f 1171/1171/825 1180/1173/825 1185/1176/825
f 1167/1168/825 1188/1177/825 1185/1176/825
s 232
f 1173/1180/1829 1183/1167/1829 1186/1165/1830
s 233
f 1177/1181/1832 1186/1165/1832 1185/1164/1832
s 227
f 1171/1183/825 1188/1292/825 1187/1160/825
s 225
f 1169/1185/1801 1183/1291/1801 1182/1155/1801
s 282
f 1189/1187/1833 1190/1295/1833 1192/1188/1833
s 235
f 1192/1188/1834 1194/1296/1834 1193/1190/1834
s 236
f 1194/1191/1835 1192/1197/1995 1198/1192/1835
s 283
f 1193/1190/1837 1194/1296/1837 1196/1188/1837
s 239
f 1200/1194/1837 1199/1205/1837 1203/1195/1837
s 240
f 1192/1197/1839 1190/1199/1996 1197/1198/1839
s 241
f 1194/1191/1840 1199/1193/1997 1200/1192/1840
s 243
f 1202/1200/1844 1201/1297/1998 1204/1201/1844
s 244
f 1197/1203/1833 1201/1204/1845 1202/1196/1845
s 245
f 1197/1203/1838 1200/1194/1838 1204/1196/1846
s 246
f 1198/1194/1834 1202/1196/1834 1203/1195/1834
s 247
f 1206/1206/1847 1208/1232/1847 1207/1207/1847
s 284
f 1207/1207/1862 1208/1232/1862 1210/1209/1862
s 249
f 1210/1211/1849 1208/1219/1849 1214/1212/1849
s 250
f 1210/1209/1850 1212/1215/1850 1211/1214/1850
s 252
f 1215/1216/1850 1219/1231/1852 1220/1217/1852
s 253
f 1208/1219/1853 1206/1223/1999 1213/1220/1853
s 254
f 1210/1211/1855 1215/1213/1855 1216/1221/1856
s 256
f 1217/1224/1859 1220/1298/2000 1219/1225/1859
s 257
f 1213/1227/1861 1217/1230/1847 1218/1228/1847
s 258
f 1216/1218/1851 1220/1217/1851 1217/1230/1851
s 259
f 1214/1229/1862 1218/1228/1862 1219/1231/1862
s 285
f 1223/1207/1863 1224/1232/1863 1222/1206/1863
s 261
f 1223/1207/1864 1225/1210/1864 1226/1209/1864
s 262
f 1226/1211/1866 1231/1213/1866 1230/1212/1866
s 286
f 1227/1214/1867 1228/1215/1867 1226/1209/1867
s 264
f 1227/1214/1868 1221/1208/2001 1222/1206/1868
s 265
f 1236/1217/1869 1235/1231/1869 1231/1216/1867
s 266
f 1224/1219/1870 1230/1212/2002 1229/1220/1870
s 267
f 1232/1221/1872 1231/1213/1873 1226/1211/1873
s 268
f 1229/1220/1874 1232/1221/1874 1228/1222/1874
s 269
f 1235/1225/1876 1236/1298/2003 1233/1224/1876
s 270
f 1234/1228/1863 1233/1230/1863 1229/1227/1878
s 271
f 1233/1230/1868 1236/1217/1868 1232/1218/1868
s 272
f 1235/1231/1865 1234/1228/1865 1230/1229/1865
s 273
f 1237/1234/1880 1238/1299/2004 1240/1239/2005
s 287
f 1238/1299/2006 1239/1300/2007 1240/1239/2008
s 273
f 1240/1239/2005 1241/1235/1881 1237/1234/1880
f 1241/1235/1881 1242/1301/2009 1243/1233/1879
s 274
f 1244/1237/1882 1245/1302/2010 1241/1240/1882
s 288
f 1245/1302/2010 1246/1303/2011 1241/1240/1882
s 274
f 1241/1240/1882 1240/1238/1882 1244/1237/1882
f 1240/1238/1882 1247/1304/1882 1248/1236/1882
s 275
f 1251/1300/2012 1250/1299/2013 1252/1239/1884
f 1250/1299/2013 1249/1234/1885 1252/1239/1884
f 1249/1234/1885 1255/1233/2014 1253/1235/1883
s 289
f 1255/1233/2015 1254/1301/2012 1253/1235/2016
s 276
f 1258/1303/2017 1257/1302/2018 1253/1240/1886
f 1257/1302/2018 1256/1237/1886 1253/1240/1886
f 1256/1237/1886 1260/1236/1886 1252/1238/1886
s 290
f 1260/1236/1886 1259/1304/1886 1252/1238/1886
s 277
f 1261/1242/1887 1262/1305/1887 1265/1243/1888
f 1262/1305/1887 1263/1245/1887 1265/1243/1888
f 1263/1245/1887 1264/1306/2019 1265/1243/1888
f 1265/1243/1888 1266/1307/2020 1267/1244/1887
f 1267/1244/1887 1268/1241/1887 1265/1243/1888
s 278
f 1271/1245/1889 1270/1305/1889 1275/1244/1889
f 1270/1305/1889 1269/1242/1889 1275/1244/1889
f 1269/1242/1889 1276/1241/2021 1275/1244/1889
f 1275/1244/1889 1274/1307/2022 1273/1243/1890
f 1273/1243/1890 1272/1306/2023 1271/1245/1889
s 48
f 2527/945/1711 2532/945/1722 2533/466/1712
s 113
f 1114/1029/1788 1117/1031/1797 1116/1030/1789
s 17
f 110/191/157 1453/1308/271 1544/310/271
s 48
f 1896/466/412 1059/467/413 1068/467/413
s 108
f 477/935/848 470/1089/2024 471/934/846
s 48
f 1895/945/858 1896/466/412 1903/466/414
f 2528/466/1341 2533/466/1712 1068/467/413
s 187
f 2441/850/1622 2434/853/1631 2473/849/1631
s 202
f 1162/1105/857 1164/1105/857 1129/1105/857
s 201
f 1118/1109/825 1126/1111/825 1129/1115/825
s 211
f 1152/1129/1810 1153/1124/1810 1144/1123/1810
s 212
f 1153/1124/1811 1147/1117/1811 1130/1119/1811
s 213
f 1145/1136/413 1153/1135/413 1152/1137/413
s 215
f 1131/1142/1812 1145/1144/1812 1161/1143/1812
s 219
f 1145/1144/1818 1143/1146/1819 1160/1145/1819
s 202
f 1124/1105/857 1164/1105/857 1162/1105/857
s 224
f 1175/1152/1824 1169/1294/1824 1168/1153/1824
s 227
f 1166/1170/825 1178/1169/825 1184/1174/825
f 1170/1179/825 1187/1175/825 1184/1174/825
s 238
f 1196/1188/1838 1190/1295/1838 1189/1187/1838
s 242
f 1190/1199/1842 1196/1197/1842 1200/1192/1842
s 251
f 1212/1215/1851 1206/1206/1851 1205/1208/1851
s 255
f 1212/1222/1857 1216/1221/1857 1213/1220/1857
